Date,OpenPositions,CumPortfolio,CumSPY
2012-06-06,0,10000.0,10000.0
2012-06-07,1,10113.550340651023,10006.061983784193
2012-06-08,1,10163.512490537472,10085.625520951731
2012-06-11,1,10019.68205904618,9957.944987497158
2012-06-12,1,10183.194549583652,10071.986057437296
2012-06-13,1,10098.410295230888,10007.57747973024
2012-06-14,1,10099.9242997729,10114.419943926649
2012-06-15,1,10339.137017411056,10164.431310146245
2012-06-18,1,10814.534443603334,10184.132757444875
2012-06-19,1,10831.188493565485,10282.639993938017
2012-06-20,1,10672.218016654051,10265.969538531483
2012-06-21,1,10422.407267221804,10035.614154732135
2012-06-22,1,10249.81074943225,10112.904447980602
2012-06-25,1,10099.9242997729,9950.746381753428
2012-06-26,1,10168.054504163512,10000.757747973024
2012-06-27,1,10089.326267978804,10091.15708115481
2012-06-28,1,10272.520817562454,10062.135333787983
2012-06-29,1,10531.415594246786,10313.328786845495
2012-07-02,1,10384.557153671465,10344.017579752974
2012-07-03,1,10487.509462528391,10412.366446919754
2012-07-05,1,10735.806207418624,10365.23452299765
2012-07-06,1,10581.377744133233,10266.727286504509
2012-07-09,1,10638.90991672975,10253.845570963098
2012-07-10,1,10507.191521574567,10164.431310146245
2012-07-11,1,10395.155185465557,10165.946806092294
2012-07-12,1,10333.080999242999,10116.693187845722
2012-07-13,1,10611.657834973505,10286.428733803137
2012-07-16,1,10423.921271763815,10262.180798666364
2012-07-17,1,10423.921271763815,10332.651360157612
2012-07-18,1,10398.183194549583,10409.183905433052
2012-07-19,1,10879.636638909915,10436.462832461924
2012-07-20,1,10717.638152914456,10340.986587860876
2012-07-23,1,10545.041635124904,10236.41736758354
2012-07-24,1,10535.95760787282,10148.139728726226
2012-07-25,1,10719.152157456469,10150.79184663181
2012-07-26,1,10955.336866010593,10318.254148670152
2012-07-27,2,11317.516196486162,10508.07001591271
2012-07-30,2,11204.032715295818,10508.44888989922
2012-07-31,2,11048.645201650226,10434.947336515876
2012-08-01,2,10831.722322017175,10425.854360839587
2012-08-02,2,10876.95451559254,10353.868303402287
2012-08-03,2,11202.892383005883,10559.142229294535
2012-08-06,1,11378.143463568078,10579.677199363494
2012-08-07,1,11492.781388447107,10632.719557475184
2012-08-08,1,11492.781388447107,10645.601273016597
2012-08-09,1,11648.267309547402,10654.694248692886
2012-08-10,1,11719.421883610248,10672.12245207244
2012-08-13,1,11675.938532794064,10666.818216261274
2012-08-14,1,11578.430412782014,10668.333712207319
2012-08-15,1,11544.170803048053,10680.457679775705
2012-08-16,1,11673.303178199143,10759.26346897022
2012-08-17,1,11860.413354438479,10773.66068045768
2012-08-20,1,11917.073478229264,10774.418428430703
2012-08-21,1,11897.308318767364,10741.835265590664
2012-08-22,1,11690.432983066123,10746.381753428808
2012-08-23,1,11546.80615764297,10658.861862544518
2012-08-24,1,11525.72332088361,10722.89156626506
2012-08-27,1,11415.03842789696,10725.164810184131
2012-08-28,1,11333.342435454435,10714.556338561795
2012-08-29,1,11343.883853834115,10722.89156626506
2012-08-30,1,11130.420131645578,10645.601273016597
2012-08-31,1,11243.740379227147,10696.370387209214
2012-09-04,1,10891.920540805299,10686.898537546413
2012-09-05,1,10903.779636482437,10677.42668788361
2012-09-06,1,11172.585805164303,10894.142608168524
2012-09-07,1,11608.736990623598,10936.576494657877
2012-09-10,1,11476.969260877586,10874.441160869894
2012-09-11,1,11674.620855496603,10904.751079790862
2012-09-12,1,11743.14007496453,10941.122982496021
2012-09-13,1,11948.69773336831,11107.82753656134
2012-09-14,2,12242.447423306547,11157.081154807911
2012-09-17,2,12100.473520212145,11119.193756156703
2012-09-18,2,12122.345044892993,11110.100780480412
2012-09-19,2,12220.387488807006,11116.162764264605
2012-09-20,2,12158.917941461172,11116.920512237632
2012-09-21,2,12096.840093556502,11053.2696825036
2012-09-24,2,11969.55987075852,11036.220353110557
2012-09-25,1,11796.541543713229,10919.14829127832
2012-09-26,1,11808.221398478237,10858.149579449873
2012-09-27,1,11887.726374773381,10960.066681821625
2012-09-28,1,11754.441907718145,10909.297567629006
2012-10-01,1,11775.491725715689,10937.713116617413
2012-10-02,1,11574.400765287835,10949.458210199287
2012-10-03,1,11560.373762675314,10994.165340607713
2012-10-04,1,11632.855923585434,11072.592255815716
2012-10-05,1,11773.144577868174,11073.728877775251
2012-10-08,1,11752.113388028152,11035.993028718647
2012-10-09,1,11574.400765287834,10926.725771008561
2012-10-10,1,11485.544453917673,10857.01295749034
2012-10-11,1,11406.039477622531,10863.074941274534
2012-10-12,1,11385.008287782508,10827.460786542395
2012-10-15,1,11459.818968382628,10917.632795332273
2012-10-16,1,11630.508775737924,11028.263999393801
2012-10-17,1,11656.234261272975,11078.275365613397
2012-10-18,1,11789.518728328212,11049.480942638478
2012-10-19,1,11536.995424987777,10865.317875274684
2012-10-22,1,11635.203071432948,10866.863681139654
2012-10-23,1,10580.644446071095,10716.07183450784
2012-10-24,1,10501.139469775952,10685.761915586878
2012-10-25,1,10561.923147763548,10716.829582480867
2012-10-26,1,10564.270295611062,10710.767598696673
2012-10-31,1,10409.93601055828,10710.767598696673
2012-11-01,1,10522.189287773494,10822.914298704252
2012-11-02,1,10323.426847035635,10726.680306130182
2012-11-05,1,10365.52648303072,10748.548912631659
2012-11-06,1,10416.9588259433,10832.765022353566
2012-11-07,1,10248.597538277996,10587.254679093734
2012-11-08,1,10115.331699380278,10459.953019625671
2012-11-09,1,10134.034369530309,10469.045995301962
2012-11-12,1,10084.930546307722,10477.002349018716
2012-11-13,0,10084.930546307722,10441.009320300067
2012-11-14,0,10084.930546307722,10300.060619837843
2012-11-15,0,10084.930546307722,10282.639993938017
2012-11-16,0,10084.930546307722,10333.409108130636
2012-11-19,0,10084.930546307722,10542.547548685307
2012-11-20,0,10084.930546307722,10547.094036523453
2012-11-21,0,10084.930546307722,10566.79548382208
2012-11-23,0,10084.930546307722,10710.767598696673
2012-11-26,0,10084.930546307722,10688.03515950595
2012-11-27,0,10084.930546307722,10634.227475941503
2012-11-28,0,10084.930546307722,10719.10282639994
2012-11-29,0,10084.930546307722,10769.114192619536
2012-11-30,0,10084.930546307722,10771.76631052512
2012-12-03,0,10084.930546307722,10718.322345987724
2012-12-04,0,10084.930546307722,10703.190118966433
2012-12-05,0,10084.930546307722,10722.133818292037
2012-12-06,0,10084.930546307722,10758.505720997196
2012-12-07,0,10084.930546307722,10791.467757823748
2012-12-10,0,10084.930546307722,10795.862696067288
2012-12-11,0,10084.930546307722,10868.379177085702
2012-12-12,0,10084.930546307722,10874.441160869894
2012-12-13,0,10084.930546307722,10807.759339243768
2012-12-14,0,10084.930546307722,10767.985148139729
2012-12-17,0,10084.930546307722,10894.142608168524
2012-12-18,1,10143.689354722344,11015.38228385239
2012-12-19,1,10134.652307594852,10933.54550276578
2012-12-20,1,10243.114875210695,10996.438584526786
2012-12-21,1,10152.72640184984,10819.883306812155
2012-12-24,1,10132.384044770024,10786.54239599909
2012-12-26,1,10188.87459035982,10741.077517617641
2012-12-27,1,10184.356066796074,10726.801545805863
2012-12-28,1,10103.00464056271,10610.744866257482
2012-12-31,1,10163.68967216985,10791.088883837236
2013-01-02,1,10365.133013517781,11067.66689399106
2013-01-03,2,10256.810879600036,11042.971887550202
2013-01-04,2,10241.965802279954,11091.157081154808
2013-01-07,2,10260.102979295189,11060.80927483519
2013-01-08,2,10176.452480635257,11028.991437447903
2013-01-09,2,10248.22910827953,11057.05842236872
2013-01-10,2,10236.859348769864,11144.957187239526
2013-01-11,2,10208.744040931359,11144.1994392665
2013-01-14,2,10258.204599535691,11136.62195953626
2013-01-15,2,10332.721391232899,11144.1994392665
2013-01-16,3,10383.001467835218,11142.683943320453
2013-01-17,3,10558.58499257542,11214.670000757747
2013-01-18,3,10709.4533081091,11239.675683867546
2013-01-22,3,10722.677993455281,11300.29552170948
2013-01-23,3,10814.32844816762,11318.48147306206
2013-01-24,3,10791.590055229773,11321.512464954156
2013-01-25,3,10826.425187916475,11385.163294688187
2013-01-28,3,10771.962643637133,11371.52383117375
2013-01-29,3,10776.668773143088,11416.230961582176
2013-01-30,3,10756.778296715802,11371.52383117375
2013-01-31,4,10709.026674142468,11343.487156171856
2013-02-01,4,10837.476501035253,11460.18034401758
2013-02-04,4,10718.069204200589,11330.984314616959
2013-02-05,4,10809.975273117474,11445.783132530121
2013-02-06,4,10794.991946338956,11454.118360233386
2013-02-07,4,10783.553522201086,11438.963400772904
2013-02-08,4,10758.100961764125,11502.614230506933
2013-02-11,4,10774.319129741312,11500.340986587862
2013-02-12,4,10793.2625026167,11519.284685913466
2013-02-13,4,10738.633583366573,11529.211184360081
2013-02-14,5,10772.732824252378,11539.743881185119
2013-02-15,5,10801.432176365437,11526.104417670684
2013-02-19,4,10847.271312048892,11612.48768659544
2013-02-20,5,10808.477186134392,11467.757823747821
2013-02-21,5,10713.32854951761,11398.045010229596
2013-02-22,5,10730.482119476372,11509.433962264151
2013-02-25,5,10495.242402668957,11290.444798060167
2013-02-26,5,10468.38459174929,11367.73509130863
2013-02-27,5,10542.24397191092,11510.9494582102
2013-02-28,5,10584.23963607402,11488.217019019476
2013-03-01,5,10689.110545738336,11526.104417670684
2013-03-04,4,10776.033120547489,11587.48200348564
2013-03-05,5,10825.738110641187,11691.293475789953
2013-03-06,6,10809.759125630917,11707.20618322346
2013-03-07,6,10892.062972622667,11728.120027278928
2013-03-08,6,10946.022981350334,11778.434492687733
2013-03-11,6,10975.393275104012,11823.141623096159
2013-03-12,6,10915.308799039216,11796.620444040313
2013-03-13,6,10894.36743958409,11813.669773433357
2013-03-14,7,10934.433920630929,11876.18398120785
2013-03-15,7,10938.040636459054,11807.986663635676
2013-03-18,8,10858.239042016454,11742.820337955594
2013-03-19,8,10835.933889714739,11715.541410926726
2013-03-20,8,10973.164623003093,11797.378192013337
2013-03-21,8,10959.226154783304,11696.521936803822
2013-03-22,8,11040.90856667786,11790.558460256118
2013-03-25,8,11000.853494904479,11741.304842009547
2013-03-26,8,11074.3802214174,11835.265590664545
2013-03-27,8,11029.410709817905,11835.265590664545
2013-03-28,8,11095.929693386091,11871.637493369704
2013-04-01,7,11082.381629302825,11824.657119042207
2013-04-02,7,11100.732466282947,11883.003712965068
2013-04-03,7,10928.988138650959,11762.521785254223
2013-04-04,7,10958.343230143897,11810.259907554748
2013-04-05,7,10923.333443545805,11757.06599984845
2013-04-08,7,11052.342928862789,11836.781086610596
2013-04-09,8,11128.45344836644,11877.699477153898
2013-04-10,8,11189.497360253017,12023.187087974538
2013-04-11,8,11205.608500358956,12062.589982571797
2013-04-12,8,11220.01262150774,12033.037811623855
2013-04-15,7,10978.020283886122,11754.035007956354
2013-04-16,7,11172.852735926981,11927.710843373494
2013-04-17,7,10967.668882941201,11753.428809577936
2013-04-18,7,10976.771638394788,11679.927256194589
2013-04-19,7,11085.510956311718,11781.465484579827
2013-04-22,7,11183.599991327515,11833.750094718496
2013-04-23,8,11356.346211494621,11955.747518375389
2013-04-24,8,11404.49344028861,11963.324998105629
2013-04-25,9,11475.170030634374,12011.820868379176
2013-04-26,9,11492.166055405987,11990.603925134503
2013-04-29,9,11664.29230005748,12070.925210275063
2013-04-30,10,11825.598438893234,12099.71963324998
2013-05-01,10,11647.419166013155,11993.634917026597
2013-05-02,10,11710.878089354695,12105.023869061151
2013-05-03,11,11890.328876382157,12227.62749109646
2013-05-06,10,11950.171093472072,12258.846707585059
2013-05-07,11,12038.63112988726,12320.974463893308
2013-05-08,11,12089.746785252928,12377.055391376827
2013-05-09,11,11999.430057587113,12342.274759415019
2013-05-10,11,12168.239570906511,12382.359627187998
2013-05-13,11,12157.21775083919,12392.210350837311
2013-05-14,11,12233.04209112764,12520.269758278395
2013-05-15,9,12236.741829274686,12587.330453891036
2013-05-16,9,12238.87793690834,12528.604985981663
2013-05-17,9,12380.64946052032,12649.844661665531
2013-05-20,9,12494.896918912955,12649.086913692507
2013-05-21,10,12552.625998448282,12667.272865045084
2013-05-22,10,12254.555838641296,12573.312116390089
2013-05-23,10,12214.762664538128,12536.940213684928
2013-05-24,10,12234.338798118248,12526.180192467984
2013-05-28,11,12329.709309236501,12601.348791391983
2013-05-29,11,12282.016654526373,12519.512010305372
2013-05-30,11,12343.557705364,12565.734636659849
2013-05-31,12,12209.81987643459,12385.011745093581
2013-06-03,12,12216.309801313417,12453.587936652268
2013-06-04,12,12020.257114682323,12393.725846783362
2013-06-05,12,11874.025506402244,12220.353110555428
2013-06-06,12,11979.015409827307,12330.832765022353
2013-06-07,13,12137.826699687712,12487.68659543836
2013-06-10,12,12156.482662681905,12487.68659543836
2013-06-11,12,11970.817921292499,12358.717890429645
2013-06-12,12,11889.928175788638,12256.573463665985
2013-06-13,12,12088.69465187279,12442.97946502993
2013-06-14,13,11990.771567820953,12364.55254982193
2013-06-17,13,12103.12592847934,12460.407668409487
2013-06-18,14,12141.751963105902,12558.536030916119
2013-06-19,13,12007.389217156007,12385.390619080092
2013-06-20,13,11687.208307547313,12078.502690005304
2013-06-21,13,11637.018474420725,12053.497006895506
2013-06-24,11,11405.098309897163,11901.189664317648
2013-06-25,11,11561.368757998725,12015.988482230809
2013-06-26,11,11661.081451844932,12134.576040009093
2013-06-27,11,11747.078900025188,12205.804349473367
2013-06-28,11,11712.859688779397,12155.792983253768
2013-07-01,10,11800.732743050288,12227.021292718044
2013-07-02,11,11707.503849566916,12215.65507312268
2013-07-03,10,11583.702856548849,12220.95930893385
2013-07-05,10,11875.936621408919,12352.807456240056
2013-07-08,9,11889.000429058522,12422.89914374479
2013-07-09,9,12108.586497628334,12512.692278548155
2013-07-10,8,12042.381060346774,12517.390315980905
2013-07-11,8,12274.584531681383,12687.732060316739
2013-07-12,8,12288.006017381347,12693.036296127906
2013-07-15,8,12334.392799190433,12746.836402212624
2013-07-16,8,12175.763972014844,12694.172918087444
2013-07-17,8,12338.470561032167,12726.384784420701
2013-07-18,8,12468.26887523075,12796.090020459196
2013-07-19,8,12459.369995818037,12818.822459649919
2013-07-22,8,12507.887617829436,12843.82814275972
2013-07-23,8,12373.710288978502,12816.549215730847
2013-07-24,7,12269.775283002886,12769.568841403348
2013-07-25,7,12292.043239985713,12800.63650829734
2013-07-26,7,12294.256696079115,12814.275971811778
2013-07-29,9,12352.775682848656,12774.873077214519
2013-07-30,8,12124.487119311852,12774.721527619913
2013-07-31,8,12055.141767725368,12783.96605289081
2013-08-01,8,12188.468523366057,12931.726907630524
2013-08-02,8,12204.725299013031,12953.701598848222
2013-08-05,8,12197.685527235344,12934.757899522618
2013-08-06,7,12099.777424803808,12861.256346139273
2013-08-07,7,12090.366239963252,12819.580207622945
2013-08-08,7,12335.239475278711,12866.560581950444
2013-08-09,7,12334.309219198789,12829.430931272258
2013-08-12,7,12441.984286978153,12814.351746609076
2013-08-13,6,12422.743183606777,12852.163370462986
2013-08-14,6,12375.185539430826,12786.239296809883
2013-08-15,6,12358.786991347977,12607.410775176175
2013-08-16,6,12305.457931762663,12565.734636659849
2013-08-19,6,12222.309173441648,12485.413351519286
2013-08-20,6,12184.027095418254,12546.790937334245
2013-08-21,6,11997.987032768207,12469.500644085778
2013-08-22,6,12182.760179489125,12583.162840039404
2013-08-23,7,12313.327469738033,12625.596726528756
2013-08-26,7,12319.580346563944,12578.616352201258
2013-08-27,7,12054.207410617302,12376.297643403805
2013-08-28,7,12033.147736615887,12420.247025839206
2013-08-29,7,12065.553680159506,12439.948473137834
2013-08-30,7,12026.118663656109,12400.545578540577
2013-09-03,5,12041.928507675324,12456.618928544365
2013-09-04,5,12020.125860292195,12559.672652875654
2013-09-05,5,12054.284913957637,12575.585360309162
2013-09-06,5,11984.805830155658,12581.647344093353
2013-09-09,5,12158.50295705461,12702.432370993407
2013-09-10,6,12372.988093085003,12796.090020459196
2013-09-11,6,12394.783181739882,12836.250663029476
2013-09-12,6,12416.346581387425,12802.152004243388
2013-09-13,6,12435.805353036256,12830.946427218309
2013-09-16,7,12509.76507150703,12905.205728574676
2013-09-17,8,12592.151559958653,12962.794574524512
2013-09-18,7,12778.952012755411,13112.9044479806
2013-09-19,7,12730.232869341604,13090.853981965598
2013-09-20,7,12497.765587521799,12936.273395468666
2013-09-23,7,12392.417838790905,12876.411305599757
2013-09-24,7,12331.42333746049,12846.10138667879
2013-09-25,5,12346.351054374527,12808.971736000605
2013-09-26,5,12383.477473324283,12858.225354247177
2013-09-27,5,12391.600985974756,12799.04523755399
2013-09-30,6,12309.640562468208,12730.923694779114
2013-10-01,6,12405.904039516143,12831.704175191331
2013-10-02,6,12397.373840766359,12819.580207622945
2013-10-03,6,12296.869175608315,12701.371523831176
2013-10-04,6,12429.22271562964,12797.605516405243
2013-10-07,6,12246.98495883176,12686.974312343715
2013-10-08,6,12061.09198905177,12539.213457603999
2013-10-09,6,12120.42809252824,12548.30643328029
2013-10-10,6,12467.90679888794,12818.822459649919
2013-10-11,6,12670.649045675062,12901.416988709556
2013-10-14,6,12786.348498872254,12952.943850875197
2013-10-15,6,12625.330260268365,12858.9831022202
2013-10-16,5,12789.486774184455,13038.569371826929
2013-10-17,5,12931.501385323276,13125.71038872471
2013-10-18,5,12940.771369276004,13214.215351973935
2013-10-21,5,12948.266561855353,13215.124649541563
2013-10-22,4,12827.651263936617,13291.657194817004
2013-10-23,4,12703.809828619505,13228.006365082974
2013-10-24,4,12790.06419667044,13271.955747518376
2013-10-25,4,12982.985270349624,13332.57558536031
2013-10-28,4,13076.056972486023,13353.792528604987
2013-10-29,4,13139.825907811035,13425.020838069257
2013-10-30,4,13041.890028353655,13358.339016443131
2013-10-31,4,12983.31931186997,13320.451617791921
2013-11-01,4,13018.769666375365,13352.27703265894
2013-11-04,4,13015.867816090911,13399.257406986439
2013-11-05,4,13150.328530555835,13356.823520497082
2013-11-06,5,13331.194200902266,13425.020838069257
2013-11-07,5,13141.224320656675,13255.285292111845
2013-11-08,5,13248.873204065942,13434.113813745547
2013-11-11,4,13144.276177370819,13436.38705766462
2013-11-12,4,13211.943991161017,13409.108130635752
2013-11-13,4,13408.815410319736,13516.708342805183
2013-11-14,4,13447.960250555136,13584.147912404336
2013-11-15,3,13592.24256597719,13643.25225430022
2013-11-18,3,13426.00816794077,13595.514131999695
2013-11-19,3,13337.36832897093,13565.961961051753
2013-11-20,3,13329.09420967913,13523.5280745624
2013-11-21,3,13475.903470440211,13632.64378267788
2013-11-22,3,13435.193585582796,13700.841100250056
2013-11-25,3,13470.366220800908,13687.201636735623
2013-11-26,3,13618.300897410694,13690.990376600743
2013-11-27,2,13715.432366043873,13724.331287413806
2013-11-29,2,13696.297263666575,13715.238311737516
2013-12-02,2,13530.299451942938,13679.62415700538
2013-12-03,5,13426.544149349618,13620.519815109496
2013-12-04,6,13328.873424102218,13619.004319163445
2013-12-05,6,13291.790285631429,13559.142229294537
2013-12-06,9,13461.866955458836,13710.69182389937
2013-12-09,11,13460.660715184698,13745.548230658484
2013-12-10,15,13357.82471156621,13696.294612411912
2013-12-11,16,13156.403925508193,13542.471773888004
2013-12-12,18,13200.876320154879,13497.764643479579
2013-12-13,18,13293.04680314947,13496.249147533532
2013-12-16,23,13373.005765935142,13580.056073350004
2013-12-17,27,13096.348448069148,13537.167538076836
2013-12-18,30,13228.222520671005,13768.280669849206
2013-12-19,34,13116.61601592377,13752.367962415701
2013-12-20,36,13253.098617832342,13757.672198226868
2013-12-23,42,13361.660109981705,13831.173751610215
2013-12-24,47,13416.348637391475,13861.483670531183
2013-12-26,50,13495.168499495187,13931.575358035918
2013-12-27,55,13510.951331956649,13930.817610062893
2013-12-30,60,13505.987399104986,13928.923240130332
2013-12-31,83,13546.961896765488,13994.847313783435
2014-01-02,84,13468.225038249924,13860.725922558157
2014-01-03,85,13475.647164966047,13858.073804652571
2014-01-06,95,13424.508343543346,13818.292036068804
2014-01-07,97,13509.570683066411,13903.159809047509
2014-01-08,101,13490.465109238141,13906.190800939608
2014-01-09,320,13491.70751719936,13915.283776615897
2014-01-10,325,13554.498934556948,13953.171175267105
2014-01-13,330,13387.514846323842,13767.144047889673
2014-01-14,334,13541.187946786618,13917.55702053497
2014-01-15,338,13599.06513675107,13992.574069864362
2014-01-16,345,13609.357545187528,13974.388118511783
2014-01-17,349,13574.723959575267,13914.904902629385
2014-01-21,353,13626.8367823288,13956.202167159205
2014-01-22,355,13668.209495344636,13965.295142835494
2014-01-23,358,13539.7097225245,13850.875198908843
2014-01-24,365,13251.184486820272,13555.353489429415
2014-01-27,373,13168.80731973554,13488.671667803286
2014-01-28,382,13269.377674538331,13568.99295294385
2014-01-29,389,13143.713065386875,13438.660301583694
2014-01-30,402,13287.49614452885,13581.116920512237
2014-01-31,409,13202.52568521253,13501.5533833447
2014-02-03,416,12883.92073688919,13197.696446162006
2014-02-04,420,12987.117165579444,13289.762824884443
2014-02-05,426,12946.799418055369,13273.471243464423
2014-02-06,448,13104.068217681648,13448.511025233007
2014-02-07,458,13275.296892898967,13615.215579298325
2014-02-10,460,13296.780988179438,13640.221262408124
2014-02-11,472,13442.28440237254,13789.497613093885
2014-02-12,477,13460.513231295172,13796.3173448511
2014-02-13,482,13556.158437419981,13867.545654315374
2014-02-14,492,13601.581586548898,13944.078199590816
2014-02-18,484,13656.477156220802,13960.748654997347
2014-02-19,482,13567.404123051505,13868.3034022884
2014-02-20,497,13656.592367914267,13950.140183375008
2014-02-21,503,13655.43147074106,13934.227475941501
2014-02-24,511,13737.193523283995,14011.517769189968
2014-02-25,510,13709.127738903835,14006.2135333788
2014-02-26,510,13743.259382592008,14006.971281351822
2014-02-27,521,13802.39176127893,14080.472834735167
2014-02-28,530,13832.35811006039,14116.086989467303
2014-03-03,515,13719.217879709144,14016.822005001135
2014-03-04,643,13935.596448940649,14213.836477987423
2014-03-05,638,13943.49998236862,14226.718193528834
2014-03-06,641,13971.173721525836,14259.301356368873
2014-03-07,646,13974.240892081418,14265.363340153066
2014-03-10,453,13857.882972682059,14257.785860422822
2014-03-11,453,13777.902300973848,14187.315298931575
2014-03-12,454,13782.150923496189,14191.104038796695
2014-03-13,458,13617.12449197636,14031.97696446162
2014-03-14,472,13594.913352204503,13992.574069864362
2014-03-17,464,13706.490512164533,14119.1179813594
2014-03-18,466,13802.87457185078,14219.898461771614
2014-03-19,466,13727.964405850724,14144.123664469196
2014-03-20,472,13760.955372963366,14226.490869136926
2014-03-21,485,13719.652482344123,14109.267257710086
2014-03-24,493,13626.452734384633,14050.920663787225
2014-03-25,489,13660.55306895463,14117.602485413352
2014-03-26,481,13545.875473218357,14016.064257028114
2014-03-27,490,13501.24289598935,13986.512086080173
2014-03-28,498,13552.334442229321,14055.46715162537
2014-03-31,480,13708.802174119824,14170.644843525042
2014-04-01,478,13852.23395340226,14264.605592180042
2014-04-02,471,13907.448901502055,14312.343714480565
2014-04-03,476,13858.641463935724,14293.40001515496
2014-04-04,484,13664.486893767953,14124.42221717057
2014-04-07,450,13482.750092940883,13968.32613472759
2014-04-08,448,13560.266595916819,14025.914980677428
2014-04-09,444,13706.10265647679,14176.706827309237
2014-04-10,448,13412.718611556695,13878.532999924224
2014-04-11,450,13275.440237230818,13753.883458361748
2014-04-14,440,13371.010510856835,13862.248995983937
2014-04-15,431,13424.60572937594,13957.717663105252
2014-04-16,434,13558.149288589493,14103.584147912405
2014-04-17,437,13526.484169229192,14123.664469197543
2014-04-21,422,13533.76449878303,14172.918087444115
2014-04-22,420,13608.91402130295,14237.32666515117
2014-04-23,406,13569.950246064414,14203.985754338106
2014-04-24,414,13567.881806705338,14232.780177313027
2014-04-25,420,13428.906702781449,14116.086989467303
2014-04-28,402,13445.477242016877,14160.415245889217
2014-04-29,420,13510.204106237326,14226.718193528834
2014-04-30,424,13530.870763515242,14269.152080018186
2014-05-01,426,13538.928896641512,14270.288701977723
2014-05-02,434,13548.311229514358,14250.208380692582
2014-05-05,305,13554.141812671985,14277.48730772145
2014-05-06,310,13426.292110469649,14153.216640145487
2014-05-07,285,13478.577538699317,14236.568917178147
2014-05-08,303,13469.809652286176,14221.035083731153
2014-05-09,305,13517.637828908162,14242.63090096234
2014-05-12,294,13712.137968007912,14380.919906039251
2014-05-13,306,13686.47473329087,14394.180495567174
2014-05-14,305,13591.221182182331,14325.983177994998
2014-05-15,310,13478.926332538433,14200.197014472986
2014-05-16,322,13522.86287507932,14249.450632719558
2014-05-19,307,13605.687420165246,14301.735242858227
2014-05-20,297,13479.933580830406,14211.56323406835
2014-05-21,292,13568.151182623309,14331.287413806169
2014-05-22,299,13617.654825192725,14366.14382056528
2014-05-23,304,13714.45007910062,14423.732666515116
2014-05-27,289,13804.875937334227,14512.389179358946
2014-05-28,279,13793.388145631036,14501.780707736607
2014-05-29,280,13863.067862390155,14576.797757066
2014-05-30,294,13840.167777769359,14600.28794422975
2014-06-02,286,13819.340262294065,14616.57952564977
2014-06-03,284,13813.532022647129,14609.380919906042
2014-06-04,286,13866.61692486865,14638.933090853983
2014-06-05,289,13995.84788787024,14734.409335455028
2014-06-06,296,14096.217232363735,14804.501022959765
2014-06-09,280,14085.292589884508,14820.03485640676
2014-06-10,284,14070.30456674175,14821.550352352808
2014-06-11,273,14011.073433467072,14770.023490187163
2014-06-12,277,13941.95851269868,14665.454269909827
2014-06-13,282,13960.350901963286,14710.161400318253
2014-06-16,273,13984.894843425569,14722.285367886641
2014-06-17,273,14049.137866925916,14763.203758429949
2014-06-18,282,14118.318587732563,14871.18284458589
2014-06-19,296,14158.140552064651,14888.232173978935
2014-06-20,310,14201.756340022412,14847.31378343563
2014-06-23,297,14189.595217418313,14842.767295597483
2014-06-24,298,14051.978591722918,14753.353034780632
2014-06-25,300,14104.718190945343,14820.03485640676
2014-06-26,308,14100.075027735798,14809.426384784421
2014-06-27,315,14156.47940594525,14838.220807759339
2014-06-30,278,14195.449926848087,14830.643328029098
2014-07-01,276,14261.127840075396,14929.908312495263
2014-07-02,275,14252.032012128191,14945.063271955747
2014-07-03,279,14346.959957267676,15018.564825339092
2014-07-07,247,14204.311465045499,14966.280215200424
2014-07-08,247,14080.077142642178,14870.046222626357
2014-07-09,249,14117.893320878466,14936.728044252483
2014-07-10,254,14011.106760318718,14877.623702356597
2014-07-11,259,14019.755635296502,14898.08289762825
2014-07-14,222,14113.966841901442,14973.099946957642
2014-07-15,211,14049.217487028454,14945.063271955747
2014-07-16,214,14069.707037925036,15000.378873986512
2014-07-17,215,13925.374307676724,14829.885580056074
2014-07-18,216,14063.050259310243,14981.427597181178
2014-07-21,201,14023.656152096035,14953.398499659013
2014-07-22,201,14117.175354011755,15018.564825339092
2014-07-23,201,14115.411200792989,15051.905736152155
2014-07-24,212,14046.507141376638,15052.663484125182
2014-07-25,216,13975.779520885386,14982.192922633933
2014-07-28,217,13990.079348389861,14988.254906418126
2014-07-29,213,13952.652547152291,14923.84632871107
2014-07-30,212,13947.305817627686,14926.119572630143
2014-07-31,231,13674.94061403537,14631.35561112374
2014-08-01,239,13633.526276954408,14586.648480715314
2014-08-04,234,13708.660009525987,14691.975448965673
2014-08-05,229,13620.821789156238,14549.51883003713
2014-08-06,228,13601.23369175746,14554.065317875273
2014-08-07,230,13554.622856889746,14475.259528680761
2014-08-08,234,13697.329558206768,14642.721830719103
2014-08-11,229,13757.474566792898,14684.776843221944
2014-08-12,227,13711.628011224846,14664.696521936805
2014-08-13,230,13802.705926028993,14763.961506402971
2014-08-14,232,13878.210344299581,14833.674319921192
2014-08-15,235,13878.84127998387,14830.643328029098
2014-08-18,209,14000.98071424254,14954.913995605064
2014-08-19,198,14060.396650850047,15032.962036826551
2014-08-20,212,14075.190168929257,15073.12267939683
2014-08-21,215,14072.802445201325,15117.072061832236
2014-08-22,219,14060.934952209667,15093.581874668485
2014-08-25,202,14123.082142465606,15170.114419943926
2014-08-26,199,14179.734860941826,15179.965143593241
2014-08-27,200,14192.344031624407,15173.903159809048
2014-08-28,204,14179.120491008083,15165.567932105781
2014-08-29,205,14226.66517855323,15208.75956656816
2014-09-02,188,14246.072065320517,15201.182086837918
2014-09-03,201,14265.398799747982,15192.846859134652
2014-09-04,203,14232.362322731957,15170.879745396682
2014-09-05,217,14298.481702072519,15239.069485489128
2014-09-08,207,14272.278672311271,15199.66659089187
2014-09-09,203,14190.210390020135,15103.432598317799
2014-09-10,206,14257.460056879947,15160.26369629461
2014-09-11,209,14246.775021010844,15177.691899674168
2014-09-12,212,14154.005001284395,15089.035386830341
2014-09-15,211,14058.444159725257,15077.744942032281
2014-09-16,214,14140.81178994423,15191.331363188603
2014-09-17,213,14180.703151737152,15211.790558460256
2014-09-18,219,14267.674031515033,15292.86959157384
2014-09-19,235,14221.455698193897,15208.001818595134
2014-09-22,219,14071.346046115748,15090.55088277639
2014-09-23,222,13974.687319775976,15004.167613851634
2014-09-24,219,14087.096322077336,15121.618549670378
2014-09-25,223,13869.9409772875,14877.623702356597
2014-09-26,227,13983.16335716256,14995.832386148366
2014-09-29,200,13941.691794246635,14968.553459119496
2014-09-30,194,13874.52571672229,14929.15056452224
2014-10-01,189,13700.63734057717,14727.58960369781
2014-10-02,196,13737.905946617795,14729.105099643857
2014-10-03,209,13874.72723295362,14891.26316587103
2014-10-06,209,13844.234731002945,14873.834962491475
2014-10-07,210,13630.166774495423,14644.23732666515
2014-10-08,203,13841.438830656407,14900.35614154732
2014-10-09,204,13556.570936108566,14604.834432067895
2014-10-10,210,13359.344089858298,14438.129878002577
2014-10-13,203,13158.134093437868,14200.947184966279
2014-10-14,204,13207.87573717954,14222.92945366371
2014-10-15,211,13173.783009321318,14126.695461089643
2014-10-16,219,13243.567116018578,14114.571493521255
2014-10-17,230,13371.24014260826,14281.276047586573
2014-10-20,226,13501.137533175748,14419.943926649996
2014-10-21,227,13790.030770897434,14705.614912480109
2014-10-22,229,13626.611696181788,14601.045692202773
2014-10-23,238,13804.956018051393,14770.781238160189
2014-10-24,242,13881.911781726676,14884.443434113815
2014-10-27,229,13822.532103026755,14863.98423884216
2014-10-28,232,14063.980278484642,15034.477532772598
2014-10-29,238,14002.50908551585,15011.745093581876
2014-10-30,240,14030.350864231572,15107.979086155945
2014-10-31,241,14196.053081607937,15280.745624005456
2014-11-03,228,14185.050756848063,15289.080851708723
2014-11-04,220,14098.669392525684,15236.038493597029
2014-11-05,220,14127.951163939451,15332.2724861711
2014-11-06,230,14221.073016258964,15393.650071986058
2014-11-07,235,14277.804293090398,15408.047283473516
2014-11-10,233,14311.373323124652,15456.543153747061
2014-11-11,249,14310.00281559575,15471.319239221035
2014-11-12,246,14323.21960707842,15455.027657801016
2014-11-13,256,14258.193410127313,15472.455861180571
2014-11-14,266,14313.48845479044,15476.244601045692
2014-11-17,260,14271.898970427497,15486.095324695007
2014-11-18,249,14377.306362027091,15575.50958551186
2014-11-19,249,14322.977521230125,15550.503902402063
2014-11-20,257,14417.742331995447,15577.782829430933
2014-11-21,258,14513.675191619777,15661.135106463591
2014-11-24,250,14591.681198871125,15705.084488898992
2014-11-25,250,14554.014355060108,15704.32674092597
2014-11-26,249,14566.678401337378,15733.878911873911
2014-11-28,251,14353.283710870379,15700.538001060846
2014-12-01,245,14185.845027066143,15591.422292945364
2014-12-02,238,14271.693383006448,15691.82389937107
2014-12-03,242,14400.257937477452,15752.822611199515
2014-12-04,245,14346.497896985305,15735.394407819958
2014-12-05,249,14347.058423360935,15761.157838902782
2014-12-08,252,14122.224084507876,15655.830870652422
2014-12-09,250,14210.123914823927,15645.222399030083
2014-12-10,260,13890.279234978878,15394.415397438812
2014-12-11,266,13917.233461315313,15472.455861180571
2014-12-12,271,13723.362249591759,15222.399030082594
2014-12-15,256,13610.105889813127,15117.829809805258
2014-12-16,252,13609.749026014302,14996.59013412139
2014-12-17,245,13949.082908263741,15290.59634765477
2014-12-18,256,14188.382725281172,15668.712586193831
2014-12-19,269,14302.128352508014,15649.011138895203
2014-12-22,268,14334.887950462398,15720.9971963325
2014-12-23,271,14370.905027480356,15742.214139577178
2014-12-24,272,14360.793119983391,15743.729635523225
2014-12-26,279,14392.76188534946,15794.498749715844
2014-12-29,265,14439.484141123092,15815.71569296052
2014-12-30,265,14368.576896119892,15730.847919981814
2014-12-31,271,14264.156060486364,15574.751837538834
2015-01-02,284,14309.132536462008,15566.416609835569
2015-01-05,270,13958.630366055713,15285.2921118436
2015-01-06,272,13819.168859577927,15141.319996969007
2015-01-07,270,13913.41806562084,15329.999242252028
2015-01-08,273,14158.5686738082,15602.030764567704
2015-01-09,284,14043.203498041841,15477.002349018716
2015-01-12,273,13851.250426807212,15355.76267333485
2015-01-13,283,13804.646666539886,15312.571038872471
2015-01-14,288,13748.354877294438,15220.125786163522
2015-01-15,297,13570.001277546024,15080.692581647345
2015-01-16,301,13826.53124618854,15278.472380086383
2015-01-20,285,13810.760392446262,15310.67666893991
2015-01-21,285,13954.662432055811,15388.34583617489
2015-01-22,296,14101.525363694716,15617.185724028188
2015-01-23,299,14024.256558611645,15531.560203076458
2015-01-26,289,14136.582963224953,15567.932105781616
2015-01-27,308,14038.114240615127,15362.582405092067
2015-01-28,314,13767.028283689753,15165.567932105781
2015-01-29,328,13872.388963364381,15305.766462074713
2015-01-30,332,13803.54210943666,15113.283321967112
2015-02-02,328,14039.484240502235,15300.447071304085
2015-02-03,334,14365.335923712117,15521.709479427143
2015-02-04,327,14268.055032453885,15462.605137531258
2015-02-05,333,14526.526365939126,15618.701219974238
2015-02-06,350,14485.37720836958,15575.50958551186
2015-02-09,345,14469.046113904644,15505.796771993633
2015-02-10,388,14586.570569225407,15670.985830112904
2015-02-11,392,14561.809065495601,15680.078805789195
2015-02-12,397,14709.821221895529,15830.870652421003
2015-02-13,422,14819.971951528332,15896.036978101085
2015-02-17,386,14847.863477328256,15921.042661210882
2015-02-18,373,14840.942202283539,15922.55815715693
2015-02-19,378,14845.678188760092,15911.191937561567
2015-02-20,381,14921.990419924985,16006.59240736531
2015-02-23,377,14893.219415833488,16004.319163446238
2015-02-24,391,14932.202474988939,16049.859816624992
2015-02-25,395,14968.695074055115,16036.220353110555
2015-02-26,400,14921.756809677323,16017.276653784951
2015-02-27,406,14882.2683802543,15962.718799727212
2015-03-02,385,14939.411629131982,16063.499280139426
2015-03-03,393,14887.866189056043,15997.575206486323
2015-03-04,401,14800.537877123576,15930.1432143669
2015-03-05,404,14828.779445606096,15947.563840266728
2015-03-06,405,14610.019205997538,15723.270440251574
2015-03-09,400,14638.786772260382,15788.436765931652
2015-03-10,391,14408.844668762309,15532.317951049481
2015-03-11,377,14393.985522973238,15495.94604834432
2015-03-12,382,14584.322400911049,15692.960521330606
2015-03-13,388,14494.296660199407,15596.529514283551
2015-03-16,357,14651.762472756654,15805.107221338183
2015-03-17,378,14636.243868870375,15758.126847010684
2015-03-18,377,14856.180540346955,15947.563840266728
2015-03-19,392,14795.96893794444,15874.820034856408
2015-03-20,394,14913.062805153924,15943.775100401606
2015-03-23,393,14905.495733635287,15912.707433507616
2015-03-24,391,14864.049612434863,15823.293172690763
2015-03-25,393,14635.980507399809,15591.422292945364
2015-03-26,404,14600.652300062187,15554.292642267183
2015-03-27,408,14639.735797933998,15589.90679699932
2015-03-30,367,14789.463673110922,15780.101538228386
2015-03-31,368,14685.642724863372,15642.191407137987
2015-04-01,358,14633.39419953129,15586.875805107222
2015-04-02,373,14716.510271205261,15642.5702811245
2015-04-06,362,14834.355328004123,15748.276123361371
2015-04-07,346,14816.83659098263,15706.59998484504
2015-04-08,333,14900.731199948976,15759.263468970219
2015-04-09,335,14964.04748772218,15829.355156474958
2015-04-10,339,15023.98812188854,15915.738425399713
2015-04-13,283,14970.130702022803,15843.752367962416
2015-04-14,262,15010.635377293584,15874.062286883383
2015-04-15,281,15131.597902839796,15945.290596347655
2015-04-16,287,15139.342542680684,15940.74410850951
2015-04-17,291,14965.685221655176,15757.36909903766
2015-04-20,290,15111.773371997127,15901.341213912252
2015-04-21,292,15105.076268829049,15882.397514586648
2015-04-22,281,15155.874305229983,15960.445555808139
2015-04-23,285,15206.56022066456,16000.60619837842
2015-04-24,292,15173.784117936544,16037.728271576874
2015-04-27,274,15074.099597241313,15971.054027430479
2015-04-28,276,15059.759404943663,16021.823141623097
2015-04-29,280,15008.84173967573,15955.899067969993
2015-04-30,286,14833.16672936514,15796.014245661894
2015-05-01,280,14957.548391231121,15967.265287565355
2015-05-04,271,15001.762689367439,16012.730165946805
2015-05-05,288,14774.231119182507,15829.355156474958
2015-05-06,288,14734.243205605326,15764.188830794876
2015-05-07,297,14788.40388273609,15827.081912555885
2015-05-08,302,14983.18311417108,16035.46260513753
2015-05-11,292,14940.24074484859,15958.551185875578
2015-05-12,293,14902.23058709866,15911.191937561567
2015-05-13,289,14899.84676559945,15914.222929453665
2015-05-14,295,15054.337587089234,16080.169735545956
2015-05-15,304,15086.355456430945,16097.597938925514
2015-05-18,266,15174.62020364675,16147.609305145108
2015-05-19,268,15148.708806623254,16142.30506933394
2015-05-20,263,15158.527879286092,16130.938849738577
2015-05-21,271,15207.234167692686,16177.919224066076
2015-05-22,272,15182.604599230854,16139.274077441843
2015-05-26,254,15023.74602932944,15965.749791619306
2015-05-27,263,15160.376809249972,16117.299386224142
2015-05-28,273,15144.09633067603,16099.113434871562
2015-05-29,282,15052.175133526578,15999.09070243237
2015-06-01,263,15072.112815162985,16031.67386527241
2015-06-02,270,15080.886069445038,16015.761157838904
2015-06-03,279,15144.827941109677,16058.195044328257
2015-06-04,284,14992.637730960514,15922.497537319086
2015-06-05,292,15046.445659718334,15895.27923012806
2015-06-08,285,14917.523207477958,15797.529741607941
2015-06-09,282,14902.517484638553,15795.256497688868
2015-06-10,283,15100.291458595077,15984.69349094491
2015-06-11,286,15102.459973380093,16036.220353110555
2015-06-12,288,15040.843230308425,15913.46518148064
2015-06-15,272,14980.63674670887,15845.267863908466
2015-06-16,273,15071.736631766365,15931.65113283322
2015-06-17,266,15115.501226036642,15957.414563916042
2015-06-18,272,15257.256672480626,16123.361370008335
2015-06-19,279,15205.814642366622,15974.085019322572
2015-06-22,269,15313.079591510303,16055.921800409184
2015-06-23,268,15330.85124805693,16067.288020004546
2015-06-24,320,15221.704940514494,15950.594832158824
2015-06-25,325,15169.409515669133,15902.098961885278
2015-06-26,327,15131.128698276769,15899.067969993179
2015-06-29,363,14801.93385768932,15565.658861862543
2015-06-30,367,14847.558855367015,15598.242024702584
2015-07-01,365,14895.872809831077,15723.270440251574
2015-07-02,370,14888.538422259435,15708.873228764112
2015-07-06,342,14807.560500220596,15664.166098355687
2015-07-07,339,14891.580955846415,15762.67333484883
2015-07-08,339,14637.864343726687,15498.219292263393
2015-07-09,344,14683.646506627405,15526.255967265288
2015-07-10,352,14869.339188865279,15721.754944305523
2015-07-13,397,15019.23447668855,15895.27923012806
2015-07-14,393,15096.088714672384,15964.234295673261
2015-07-15,396,15067.706504239464,15958.93005986209
2015-07-16,403,15173.085424288329,16086.989467303176
2015-07-17,411,15167.846021232179,16100.62893081761
2015-07-20,396,15139.849923675665,16108.964158520876
2015-07-21,398,15083.479634537038,16045.313328786846
2015-07-22,405,15034.723865808748,16016.518905811927
2015-07-23,418,14932.327688290608,15926.34689702205
2015-07-24,424,14752.15547245448,15761.157838902782
2015-07-27,407,14657.027221300232,15669.470334166856
2015-07-28,415,14846.87212310365,15861.938319314997
2015-07-29,417,15022.615843335112,15971.054027430479
2015-07-30,435,15024.90576310725,15974.842767295597
2015-07-31,448,14988.612468727484,15950.594832158824
2015-08-03,432,14886.984199409062,15896.794726074108
2015-08-04,440,14832.017438788576,15865.727059180117
2015-08-05,457,14798.698760446121,15918.011669318783
2015-08-06,470,14702.108306657698,15787.679017958626
2015-08-07,476,14609.740123458694,15757.36909903766
2015-08-10,469,14827.2115555546,15955.899067969993
2015-08-11,474,14678.087213835717,15811.926953095399
2015-08-12,461,14751.759606303625,15830.870652421003
2015-08-13,471,14699.5549905137,15811.169205122374
2015-08-14,476,14753.811543909305,15868.758051072211
2015-08-17,466,14855.109857165673,15957.414563916042
2015-08-18,461,14838.903974172064,15911.191937561567
2015-08-19,461,14687.048567912054,15785.405774039553
2015-08-20,471,14370.481655815245,15455.78540577404
2015-08-21,474,13946.099708567603,14990.528150337199
2015-08-24,413,13388.955239624562,14359.324088808064
2015-08-25,433,13252.823162304268,14190.346290823672
2015-08-26,387,13683.166629494872,14735.167083428054
2015-08-27,395,14109.81335734046,15099.64385845268
2015-08-28,410,14213.471155931937,15100.401606425705
2015-08-31,402,14148.100172357888,14978.404182768809
2015-09-01,399,13739.150833740148,14531.33287868455
2015-09-02,407,13960.953061761333,14807.153140865348
2015-09-03,431,13966.424750361446,14817.761612487688
2015-09-04,437,13784.54235526678,14593.468212472531
2015-09-08,426,14045.763515790182,14960.218231416231
2015-09-09,366,13847.249681270683,14760.17276653785
2015-09-10,365,13900.316129607205,14840.494051678412
2015-09-11,371,13836.909974641314,14907.933621277565
2015-09-14,354,13707.705316452537,14852.618019246796
2015-09-15,347,13802.833883968397,15038.266272637722
2015-09-16,379,13968.731353721709,15168.598923997877
2015-09-17,384,13950.899784339514,15134.50026521179
2015-09-18,390,13753.85152979499,14810.184132757444
2015-09-21,389,13786.090567666923,14886.716678032888
2015-09-22,392,13550.210543602003,14693.490944911722
2015-09-23,394,13420.375921265786,14670.000757747972
2015-09-24,400,13366.722039559632,14616.958399636282
2015-09-25,406,13294.982675961386,14613.16965977116
2015-09-28,368,12912.73126837482,14246.419640827462
2015-09-29,355,12859.389347409273,14254.754868530728
2015-09-30,343,13208.841037493052,14520.724407062211
2015-10-01,344,13219.834788326414,14558.611805713419
2015-10-02,352,13513.247688568588,14776.085473971356
2015-10-05,309,13791.20604905062,15039.024020610745
2015-10-06,310,13727.083132596705,14987.4971584451
2015-10-07,312,13884.44433685441,15110.252330075018
2015-10-08,320,14038.36983902636,15246.646965219368
2015-10-09,324,14030.5029296199,15255.739940895659
2015-10-12,305,14003.84166082315,15270.137152383119
2015-10-13,303,13884.468137531396,15173.903159809048
2015-10-14,303,13839.982498657473,15101.159354398726
2015-10-15,315,14037.525304054203,15333.030234144122
2015-10-16,352,14103.596299934656,15402.743047662349
2015-10-19,339,14092.595825011218,15410.320527392589
2015-10-20,337,14073.423995243089,15390.619080093962
2015-10-21,337,13964.575316123644,15295.142835492914
2015-10-22,346,14123.925700219168,15553.534894294156
2015-10-23,350,14228.281703436996,15724.028188224596
2015-10-26,313,14188.960965559323,15685.383041600366
2015-10-27,299,14132.183080749215,15655.073122679398
2015-10-28,293,14338.272631590591,15833.143896340076
2015-10-29,296,14331.002986643693,15824.050920663789
2015-10-30,301,14320.076040438036,15755.853603091611
2015-11-02,268,14472.429759413466,15942.259604455558
2015-11-03,271,14576.616849226204,15988.482230810032
2015-11-04,270,14495.260367858176,15939.986360536486
2015-11-05,282,14469.34993281842,15924.07365310298
2015-11-06,287,14456.203384093724,15915.738425399713
2015-11-09,289,14323.98744139578,15767.219822686975
2015-11-10,290,14342.222580313546,15803.591725392134
2015-11-11,294,14220.375155933252,15741.456391604153
2015-11-12,297,13980.948155486241,15521.709479427143
2015-11-13,339,13819.43117312505,15347.427445631583
2015-11-16,302,14057.120555437454,15580.813821323027
2015-11-17,303,14007.613139102366,15569.447601727667
2015-11-18,286,14246.654061488402,15816.473440933545
2015-11-19,290,14148.894041914193,15802.83397741911
2015-11-20,292,14143.90386462131,15860.48344320679
2015-11-23,273,14118.674509717823,15842.236872016367
2015-11-24,271,14220.463789464904,15863.453815261044
2015-11-25,272,14290.370037564926,15861.18057134197
2015-11-27,279,14266.010093515648,15879.36652269455
2015-11-30,272,14247.392252968111,15813.442449041448
2015-12-01,265,14342.711870030886,15964.234295673261
2015-12-02,268,14119.213158794108,15801.24270667576
2015-12-03,275,13906.47139782519,15580.056073350006
2015-12-04,284,14008.447134699758,15883.913010532697
2015-12-07,268,13771.277864801663,15787.679017958626
2015-12-08,283,13695.87376666272,15681.518526937942
2015-12-09,290,13677.33384531531,15559.596878078351
2015-12-10,299,13719.545906087287,15599.75752064863
2015-12-11,306,13377.603553001067,15297.416079411987
2015-12-14,296,13254.810002020607,15374.766992498297
2015-12-15,260,13415.735385460199,15536.167310752444
2015-12-16,262,13576.328576134147,15763.431082821853
2015-12-17,273,13286.108310799278,15523.22497537319
2015-12-18,280,13110.651900265173,15156.535576267333
2015-12-21,269,13234.309965619252,15281.50337197848
2015-12-22,270,13414.003128172262,15420.171251041904
2015-12-23,274,13698.76081889856,15611.123740243995
2015-12-24,285,13707.695161594482,15585.360309161173
2015-12-28,279,13623.340614504066,15549.746154429038
2015-12-29,280,13706.180531963504,15715.69296052133
2015-12-30,294,13568.2181997584,15604.304008486777
2015-12-31,293,13532.679230060376,15448.207926043797
2016-01-04,270,13384.795975632054,15232.189133894068
2016-01-05,267,13389.339923271913,15258.013184814732
2016-01-06,272,13122.681855175593,15065.54519966659
2016-01-07,283,12739.019706889194,14704.099416534062
2016-01-08,291,12588.433044502384,14542.92642267182
2016-01-11,283,12503.668108989319,14557.096309767372
2016-01-12,245,12530.581382725235,14674.607865423959
2016-01-13,241,12169.509345024067,14308.554974615445
2016-01-14,251,12343.773438301158,14543.456846252939
2016-01-15,261,12065.915076340232,14231.264681366978
2016-01-19,262,11970.103156215195,14250.208380692582
2016-01-20,307,11946.548837796332,14067.591119193756
2016-01-21,327,12077.467889232586,14146.39690838827
2016-01-22,345,12332.385426275148,14436.61438205653
2016-01-25,339,12078.16029564568,14218.382965825564
2016-01-26,351,12323.125589585756,14412.366446919754
2016-01-27,365,12195.524323366928,14255.51261650375
2016-01-28,375,12296.49048113795,14329.771917860122
2016-01-29,392,12675.003160229182,14679.154353262105
2016-02-01,409,12643.563307488177,14673.789497613094
2016-02-02,427,12324.897376339894,14409.335455027658
2016-02-03,434,12426.683454371137,14495.718723952416
2016-02-04,441,12518.292742615633,14518.451163143138
2016-02-05,453,12262.527613913595,14241.873152989316
2016-02-08,428,12040.876373396026,14050.162915814199
2016-02-09,436,11973.6311956809,14050.920663787225
2016-02-10,455,11931.966692926067,14038.796696218838
2016-02-11,473,11736.211914877205,13856.179434720012
2016-02-12,486,12030.895092205516,14141.850420550123
2016-02-16,490,12331.152329319988,14380.54103205274
2016-02-17,492,12584.103487200959,14615.442903690233
2016-02-18,510,12508.24325593765,14555.580813821323
2016-02-19,529,12466.187052194404,14548.761082064106
2016-02-22,566,12673.923038772278,14759.415018564825
2016-02-23,604,12515.335628491006,14573.009017200877
2016-02-24,618,12611.179728504485,14639.690838827006
2016-02-25,631,12739.619944179129,14817.003864514661
2016-02-26,636,12759.393704744522,14782.844585890733
2016-02-29,616,12665.04604465756,14666.969765855878
2016-03-01,618,12950.36820092643,15011.745093581876
2016-03-02,630,13054.505191673157,15079.184663181026
2016-03-03,636,13138.543541390132,15137.910131090399
2016-03-04,655,13191.460098563955,15187.542623323483
2016-03-07,639,13287.864805313577,15199.66659089187
2016-03-08,663,13048.615880408572,15033.719784799576
2016-03-09,679,13120.736141533329,15107.979086155945
2016-03-10,693,13095.267448222694,15120.10305372433
2016-03-11,700,13352.856477630703,15364.097901038114
2016-03-14,691,13328.735936048015,15344.396453739486
2016-03-15,687,13247.021574175134,15319.390770629689
2016-03-16,670,13349.638610606818,15408.047283473516
2016-03-17,676,13494.301014437511,15505.796771993633
2016-03-18,681,13597.843944959755,15486.85307266803
2016-03-21,618,13590.50763942592,15508.82776388573
2016-03-22,608,13560.899657543956,15500.492536182466
2016-03-23,607,13373.320983860176,15398.135939986361
2016-03-24,614,13393.797596018778,15391.376828066985
2016-03-28,594,13405.191995774563,15400.469803743275
2016-03-29,593,13581.237372127089,15542.987042509661
2016-03-30,567,13648.176611447258,15611.123740243995
2016-03-31,577,13631.981011622574,15573.236341592787
2016-04-01,601,13661.379968297237,15679.321057816169
2016-04-04,557,13579.015209944768,15628.551943623552
2016-04-05,567,13438.756634498452,15472.395241342729
2016-04-06,554,13579.455469438613,15641.43365916496
2016-04-07,562,13395.12552831329,15454.269909827992
2016-04-08,565,13470.831668669729,15495.885428506479
2016-04-11,514,13465.97057669097,15459.581723118892
2016-04-12,506,13614.861566733323,15603.546260513753
2016-04-13,484,13821.438541593847,15761.218458740623
2016-04-14,491,13797.965621987589,15761.915586875806
2016-04-15,495,13811.534655043677,15744.48738349625
2016-04-18,476,13895.783059361107,15855.057967719937
2016-04-19,460,14018.944689963115,15905.129953777376
2016-04-20,420,14070.405653165442,15920.284913237856
2016-04-21,426,13981.645548535695,15834.659392286125
2016-04-22,431,14032.352687081697,15834.659392286125
2016-04-25,374,13946.220954187189,15807.380465257256
2016-04-26,373,14040.36054937651,15830.810032583162
2016-04-27,384,14104.86489007404,15863.453815261044
2016-04-28,393,13854.852932153819,15719.292263393194
2016-04-29,403,13766.86872179746,15634.674547245586
2016-05-02,389,13844.691984432338,15758.884594983709
2016-05-03,381,13690.663790398889,15621.671592028491
2016-05-04,379,13636.640028202604,15534.591194968552
2016-05-05,392,13588.765681461076,15531.560203076458
2016-05-06,409,13636.32668217213,15588.39130105327
2016-05-09,359,13649.967378306652,15601.212396756839
2016-05-10,367,13817.829318873693,15795.256497688868
2016-05-11,370,13686.715686371785,15647.495642949156
2016-05-12,378,13646.889034309681,15652.0421307873
2016-05-13,384,13514.307125468671,15515.647495642948
2016-05-16,385,13645.897261357099,15668.712586193831
2016-05-17,388,13567.286395352021,15522.527847238009
2016-05-18,396,13566.606258902608,15527.013715238312
2016-05-19,406,13431.435238722226,15473.213609153596
2016-05-20,416,13519.291875816398,15570.963097673713
2016-05-23,399,13524.302192214875,15549.746154429038
2016-05-24,387,13707.029859802207,15751.307115253469
2016-05-25,397,13843.387386374034,15858.149579449877
2016-05-26,407,13850.797107927678,15862.69606728802
2016-05-27,413,13927.14035201874,15930.893384860196
2016-05-31,358,13937.161143513584,15900.58346593923
2016-06-01,366,13960.598891066873,15933.166628779269
2016-06-02,426,14056.196867130722,15981.662499052816
2016-06-03,456,13978.932981019121,15933.924376752293
2016-06-06,430,14114.641676641984,16015.003409865878
2016-06-07,448,14166.620234906282,16040.009092975677
2016-06-08,455,14212.67054259711,16092.293703114345
2016-06-09,459,14183.58899746863,16070.319011896643
2016-06-10,463,14016.94402540307,15918.011669318783
2016-06-13,453,13945.84591278036,15795.195877851027
2016-06-14,478,13908.934087749343,15764.188830794876
2016-06-15,479,13905.864324735536,15742.214139577178
2016-06-16,484,13930.67561891994,15789.194513904677
2016-06-17,488,13889.878953817413,15649.011138895203
2016-06-20,463,14025.138067672086,15749.791619307418
2016-06-21,467,14058.657547968507,15794.498749715844
2016-06-22,466,14011.001206418203,15768.735318633022
2016-06-23,476,14241.313415162922,15974.085019322572
2016-06-24,480,13706.843364368413,15392.134576040009
2016-06-27,460,13343.326503009202,15124.649541562476
2016-06-28,457,13551.0022349254,15397.416079411987
2016-06-29,462,13791.47630489192,15659.61961051754
2016-06-30,470,13988.702747862197,15872.925664923847
2016-07-01,475,14044.488752224324,15906.706069561265
2016-07-05,433,13902.453146199705,15792.22550579677
2016-07-06,419,13970.64162370349,15886.944002424794
2016-07-07,441,13987.070900108254,15876.79017958627
2016-07-08,449,14241.44112220346,16113.510646359022
2016-07-11,428,14310.506972881556,16170.341744335834
2016-07-12,428,14497.248592956423,16287.79268015458
2016-07-13,422,14475.049840837839,16285.519436235507
2016-07-14,426,14547.182027679832,16376.44919299841
2016-07-15,429,14531.130103609476,16354.474501780709
2016-07-18,400,14568.360544601188,16398.36326437827
2016-07-19,395,14535.313604349692,16381.753428809578
2016-07-20,394,14653.008373232211,16449.57187239524
2016-07-21,401,14569.790634475965,16387.436538607257
2016-07-22,411,14635.711147298034,16461.31696597712
2016-07-25,394,14603.519204255608,16416.609835568688
2016-07-26,396,14663.494290748944,16424.187315298932
2016-07-27,402,14640.76592160292,16406.759111919375
2016-07-28,409,14664.182189111023,16425.70281124498
2016-07-29,414,14659.703187727446,16452.223990300827
2016-08-01,356,14599.759626148048,16438.58452678639
2016-08-02,341,14510.77830187215,16333.196938698191
2016-08-03,340,14663.557947026102,16380.995680836555
2016-08-04,352,14610.058235915823,16398.401151776918
2016-08-05,360,14723.227537965875,16532.54527544139
2016-08-08,327,14684.451804069437,16522.694551792076
2016-08-09,330,14588.361035733493,16532.54527544139
2016-08-10,328,14488.192023225778,16491.626884898084
2016-08-11,337,14588.20234755922,16568.159430173524
2016-08-12,341,14573.085931387668,16553.762218686064
2016-08-15,306,14693.511654180098,16601.50034098659
2016-08-16,310,14609.354703036266,16515.874820034856
2016-08-17,313,14592.201745279866,16546.94248692885
2016-08-18,320,14678.303098840955,16584.072137607032
2016-08-19,328,14716.841023170804,16559.824202470256
2016-08-22,307,14696.406454319298,16559.066454497235
2016-08-23,311,14777.311020850046,16592.407365310297
2016-08-24,308,14624.829330937908,16507.539592331592
2016-08-25,311,14585.085877899684,16496.173372736226
2016-08-26,314,14534.554241685204,16465.105705842234
2016-08-29,291,14572.480564319825,16546.245358793665
2016-08-30,289,14576.408080833306,16518.905811926954
2016-08-31,291,14544.605316086658,16471.925437599453
2016-09-01,304,14601.448487008582,16472.683185572478
2016-09-02,327,14703.383159613433,16546.94248692885
2016-09-06,295,14737.119108518751,16597.014472986284
2016-09-07,291,14744.42188059946,16595.438357202394
2016-09-08,301,14752.520708705073,16557.550958551186
2016-09-09,306,14414.253891796083,16161.248768659543
2016-09-12,293,14571.323914583281,16393.11964840494
2016-09-13,330,14362.682790467205,16157.460028794421
2016-09-14,345,14331.655713698654,16151.39804501023
2016-09-15,354,14473.652556918141,16312.798363264377
2016-09-16,365,14435.85510566496,16168.06850041676
2016-09-19,363,14475.414575459316,16171.099492308858
2016-09-20,365,14406.305654137355,16171.85724028188
2016-09-21,369,14567.017842864798,16353.716753807683
2016-09-22,375,14713.716827004424,16456.770478138973
2016-09-23,382,14666.145175618918,16366.598469349095
2016-09-26,366,14551.339599582403,16233.992574069864
2016-09-27,376,14614.368068493897,16334.773054482079
2016-09-28,374,14700.499401143503,16415.852087595664
2016-09-29,385,14567.843493632156,16267.333484882929
2016-09-30,389,14689.003116230178,16390.088656512846
2016-10-03,374,14620.223828707089,16350.685761915587
2016-10-04,376,14528.145428827627,16267.333484882929
2016-10-05,376,14595.888759070778,16339.319542320223
2016-10-06,381,14614.991553665699,16350.685761915587
2016-10-07,384,14550.578923498198,16294.612411911798
2016-10-10,367,14645.122563086683,16379.480184890504
2016-10-11,364,14450.45532390967,16172.614988254907
2016-10-12,385,14436.124794552203,16193.831931499584
2016-10-13,392,14396.515604415277,16140.78957338789
2016-10-14,407,14394.047337334172,16149.124801091157
2016-10-17,388,14378.748785088741,16093.051451087367
2016-10-18,383,14471.375446322023,16193.831931499584
2016-10-19,390,14505.230419574442,16237.023565961961
2016-10-20,400,14476.20958494456,16206.713647040993
2016-10-21,405,14473.813196908312,16214.291126771233
2016-10-24,389,14537.328441801663,16283.246192316434
2016-10-25,398,14485.734391755814,16228.688338258695
2016-10-26,403,14466.106474934284,16196.105175418656
2016-10-27,418,14399.29803142076,16152.913540956277
2016-10-28,422,14345.081105161828,16105.175418655755
2016-10-31,405,14327.882293341729,16105.933166628782
2016-11-01,398,14238.688290098547,15989.239978783056
2016-11-02,401,14113.280893139941,15893.005986208987
2016-11-03,428,14013.706980052451,15820.262180798667
2016-11-04,432,13996.743716010802,15802.83397741911
2016-11-07,417,14230.904725450233,16151.39804501023
2016-11-08,425,14199.197252807026,16224.14185042055
2016-11-09,436,14506.66190986024,16396.090020459196
2016-11-10,447,14606.049295206964,16437.069030840343
2016-11-11,466,14648.667283992738,16399.18163218913
2016-11-14,406,14726.996319806485,16412.063347730546
2016-11-15,408,14813.117406564346,16540.122755171633
2016-11-16,413,14793.874160858088,16509.05508827764
2016-11-17,419,14823.147283374956,16593.922861256346
2016-11-18,432,14825.312284926451,16556.793210578162
2016-11-21,417,14997.874279494441,16681.821626127152
2016-11-22,420,15050.781298764106,16714.40478896719
2016-11-23,423,15078.169577755174,16723.497764643478
2016-11-25,437,15127.89881363716,16785.633098431463
2016-11-28,410,15047.642075104486,16706.827309236945
2016-11-29,414,15042.464304689245,16739.410472076986
2016-11-30,401,15050.661359513999,16699.249829506705
2016-12-01,409,15002.73110862279,16637.87224369175
2016-12-02,425,15044.267129954424,16646.207471395013
2016-12-05,412,15216.126879053047,16746.230203834206
2016-12-06,414,15327.562147527682,16799.272561945898
2016-12-07,416,15545.65691015555,17019.019474122906
2016-12-08,427,15640.756324796046,17060.695612639236
2016-12-09,432,15719.711887554662,17163.749336970523
2016-12-12,403,15647.08982776707,17144.047889671896
2016-12-13,439,15680.955734858888,17258.467833598545
2016-12-14,446,15540.27168323923,17116.01121467
2016-12-15,454,15580.714483425634,17186.48177616125
2016-12-16,470,15632.529190330055,17052.360384935968
2016-12-19,456,15655.100605566182,17089.490035614155
2016-12-20,458,15736.096959176815,17155.414109267258
2016-12-21,455,15688.869412672484,17107.675986966737
2016-12-22,475,15629.997617289018,17078.12381601879
2016-12-23,476,15672.923665739889,17103.12949912859
2016-12-27,438,15722.193203252402,17145.563385617945
2016-12-28,439,15574.797486931255,17003.864514662422
2016-12-29,442,15602.950823092959,17000.075774797304
2016-12-30,448,15536.794074338786,16937.94044100932
2017-01-03,441,15698.773077909334,17067.515344396455
2017-01-04,444,15842.153132187887,17169.053572781693
2017-01-05,455,15835.038795191678,17155.414109267258
2017-01-06,461,15886.2629701616,17216.79169508222
2017-01-09,424,15817.738997123246,17159.960597105404
2017-01-10,423,15817.713334980472,17159.960597105404
2017-01-11,425,15863.895049049086,17208.45646737895
2017-01-12,430,15795.94455602085,17165.26483291657
2017-01-13,438,15838.488690376971,17204.667727513828
2017-01-17,395,15793.208372475554,17144.047889671896
2017-01-18,392,15804.763735118113,17181.935288323104
2017-01-19,403,15704.273021330151,17118.284458589074
2017-01-20,410,15751.043886558326,17181.17754035008
2017-01-23,394,15708.343920178133,17136.470409941652
2017-01-24,399,15822.04985408979,17246.343866030158
2017-01-25,437,15926.180152015897,17395.62021671592
2017-01-26,443,15867.349213513318,17377.43426536334
2017-01-27,450,15827.210600702865,17350.15533833447
2017-01-30,434,15689.791905590431,17242.555126165036
2017-01-31,424,15778.508218306408,17241.039630218987
2017-02-01,418,15776.132477828809,17247.859361976207
2017-02-02,429,15775.533383029682,17259.225581571573
2017-02-03,432,15904.699123813334,17378.192013336364
2017-02-06,429,15868.833835722287,17347.12434644237
2017-02-07,451,15852.677844100694,17347.882094415396
2017-02-08,456,15868.426614459195,17370.614533606124
2017-02-09,465,15966.967230233922,17473.66825793741
2017-02-10,502,16042.20550402884,17542.62332348261
2017-02-13,443,16108.56873610997,17638.099568083657
2017-02-14,431,16178.461501042193,17708.570129574902
2017-02-15,427,16254.914105178868,17801.01538228385
2017-02-16,438,16214.881780046857,17785.86042282337
2017-02-17,447,16279.806521071947,17813.897097825266
2017-02-21,428,16363.598665814638,17919.98181404865
2017-02-22,442,16311.210172839172,17904.069106615138
2017-02-23,452,16305.569969281309,17916.193074183528
2017-02-24,460,16308.46406316984,17938.92551337425
2017-02-27,456,16361.213958137218,17966.962188376147
2017-02-28,512,16258.27712465715,17918.4663181026
2017-03-01,475,16459.47771332785,18169.2808971736
2017-03-02,484,16349.95379259859,18054.860953246953
2017-03-03,501,16341.136961059588,18066.227172842315
2017-03-06,488,16260.98426611791,18012.4270667576
2017-03-07,496,16178.795017875445,17958.626960672882
2017-03-08,504,16118.818497188335,17925.286049859817
2017-03-09,517,16132.726380577871,17948.018489050544
2017-03-10,525,16198.911239409832,18010.911570811546
2017-03-13,499,16200.966883707271,18020.00454648784
2017-03-14,520,16116.748011108193,17951.04948094264
2017-03-15,520,16312.007991115572,18106.387815412592
2017-03-16,528,16291.663010068289,18070.773660680457
2017-03-17,613,16266.20225534861,17960.90020459195
2017-03-20,598,16238.987186388518,17941.198757293325
2017-03-21,596,16006.300746889232,17710.843373493975
2017-03-22,592,16020.378900518353,17752.519512010305
2017-03-23,604,16044.260944135975,17733.5758126847
2017-03-24,629,16046.975245854203,17720.69409714329
2017-03-27,579,16061.880233802713,17702.50814579071
2017-03-28,576,16144.875911889827,17831.32530120482
2017-03-29,578,16208.399904597742,17847.99575661135
2017-03-30,586,16256.809910437105,17904.826854588162
2017-03-31,593,16260.087850159254,17863.150716071836
2017-04-03,584,16172.18628081957,17832.083049177843
2017-04-04,613,16145.213141499553,17843.449268773205
2017-04-05,651,16059.209274397928,17790.406910661513
2017-04-06,678,16143.107498937217,17840.418276881108
2017-04-07,681,16141.566013819018,17822.23232552853
2017-04-10,643,16167.130890851005,17832.840797150868
2017-04-11,613,16188.790725730076,17811.623853906192
2017-04-12,605,16089.214720586762,17733.5758126847
2017-04-13,609,15970.623776083718,17618.398120785027
2017-04-17,591,16101.228855782127,17774.494203228005
2017-04-18,588,16062.837287370105,17721.451845116313
2017-04-19,581,16049.650889441456,17688.868682276276
2017-04-20,585,16192.119808747599,17832.840797150868
2017-04-21,589,16114.494573911474,17776.009699174057
2017-04-24,570,16266.477493071876,17971.50867621429
2017-04-25,566,16359.457746770058,18076.077896491628
2017-04-26,569,16378.023062965372,18064.711676896266
2017-04-27,573,16372.1846465274,18079.866636356746
2017-04-28,581,16301.562999992037,18040.463741759493
2017-05-01,507,16305.64028608047,18085.92862014094
2017-05-02,510,16280.078528461743,18092.74835189816
2017-05-03,650,16241.559320360955,18070.773660680457
2017-05-04,657,16213.07887587422,18091.990603925133
2017-05-05,664,16320.90580001242,18163.218913389406
2017-05-08,635,16297.958550787389,18160.187921497312
2017-05-09,676,16298.969014054126,18143.517466090776
2017-05-10,673,16362.096759131211,18176.100628930817
2017-05-11,680,16302.989989099962,18138.970978252633
2017-05-12,687,16244.637762773289,18108.661059331665
2017-05-15,654,16342.253800556084,18208.683791770858
2017-05-16,583,16317.257117753923,18192.013336364325
2017-05-17,593,16017.57306902759,17869.212699856027
2017-05-18,609,16057.505521878267,17941.198757293325
2017-05-19,620,16193.85872578456,18057.891945139047
2017-05-22,592,16285.104391963203,18149.579449874975
2017-05-23,583,16289.396673656227,18189.740092445256
2017-05-24,582,16317.581909199964,18232.173978934607
2017-05-25,607,16342.376911671787,18319.314995832385
2017-05-26,615,16348.867947338176,18315.526255967266
2017-05-30,600,16303.732303766956,18299.613548533758
2017-05-31,600,16307.5947230955,18295.067060695612
2017-06-01,607,16439.871019223716,18440.554671516253
2017-06-02,619,16464.36500563368,18501.93225733121
2017-06-05,507,16412.80402037029,18488.292793816778
2017-06-06,513,16351.76324756351,18429.188451920894
2017-06-07,518,16318.246691041562,18463.287110706977
2017-06-08,526,16312.70790035493,18472.38008638327
2017-06-09,533,16396.842210053008,18444.343411381375
2017-06-12,523,16407.64598895026,18440.554671516253
2017-06-13,565,16499.66575671756,18530.726680306132
2017-06-14,585,16454.602566745354,18507.236493142384
2017-06-15,629,16379.768327451402,18471.622338410245
2017-06-16,714,16372.431868447708,18385.996817458512
2017-06-19,710,16448.641412424633,18539.061908009397
2017-06-20,723,16308.327592049987,18414.033492460407
2017-06-21,727,16271.432485696723,18409.487004622264
2017-06-22,731,16305.720643155288,18401.151776919
2017-06-23,739,16369.1797069257,18423.126468136696
2017-06-26,727,16426.037368703874,18435.250435705086
2017-06-27,735,16319.249598456698,18286.731832992347
2017-06-28,734,16473.514856763995,18450.405395165566
2017-06-29,748,16375.458001983163,18288.247328938392
2017-06-30,766,16402.703522126256,18322.345987724486
2017-07-03,611,16492.729189211423,18353.413654618475
2017-07-05,606,16473.393031578893,18395.84754110783
2017-07-06,703,16261.378609857544,18227.627491096464
2017-07-07,707,16386.896557429387,18345.836174888234
2017-07-10,650,16368.47055440539,18365.53762218686
2017-07-11,652,16363.018929559996,18351.898158672426
2017-07-12,660,16474.076872747737,18489.808289762823
2017-07-13,664,16538.62321514117,18520.875956656815
2017-07-14,666,16604.673470038957,18607.259225581573
2017-07-17,620,16619.515245877115,18604.9859816625
2017-07-18,711,16597.31688660141,18614.836705311813
2017-07-19,717,16700.004768373958,18715.61718572403
2017-07-20,725,16705.47346809355,18723.952413427294
2017-07-21,734,16684.290597279247,18707.28195802076
2017-07-24,697,16661.484441001885,18702.735470182615
2017-07-25,694,16760.98480243631,18748.200348564067
2017-07-26,690,16756.575329605294,18748.95809653709
2017-07-27,696,16751.447509786467,18731.529893157534
2017-07-28,702,16711.088584408222,18709.555201939835
2017-07-31,706,16709.45720203304,18698.946730317497
2017-08-01,700,16734.333931013432,18740.622868833823
2017-08-02,704,16686.386041098423,18749.715844510116
2017-08-03,709,16612.06327688406,18713.343941804957
2017-08-04,712,16666.080494025453,18747.442600591043
2017-08-07,694,16639.196890192627,18782.299007350157
2017-08-08,700,16601.626542200014,18736.07638099568
2017-08-09,706,16538.923109009454,18735.318633022656
2017-08-10,715,16275.406941144314,18470.86459043722
2017-08-11,726,16306.698132470214,18498.14351746609
2017-08-14,625,16454.00852406551,18681.51852693794
2017-08-15,551,16399.91071959447,18679.245283018867
2017-08-16,549,16499.052239115867,18711.828445858908
2017-08-17,559,16220.301525042754,18420.0954762446
2017-08-18,603,16195.78700576102,18391.301053269683
2017-08-21,612,16187.258820587966,18405.698264757142
2017-08-22,660,16341.096376403413,18598.16624990528
2017-08-23,659,16320.726869255957,18531.484428279156
2017-08-24,668,16313.20534150867,18488.292793816778
2017-08-25,682,16373.385267375585,18531.484428279156
2017-08-28,656,16347.713215286607,18532.242176252177
2017-08-29,647,16335.767952164615,18553.459119496856
2017-08-30,639,16394.4657509419,18641.35788436766
2017-08-31,641,16484.892351093982,18753.504584375238
2017-09-01,654,16557.477415116424,18780.025763431084
2017-09-05,545,16422.462917676676,18645.14662423278
2017-09-06,558,16485.474239080588,18708.797453966814
2017-09-07,575,16445.414403112405,18706.52421004774
2017-09-08,579,16401.310731968017,18684.549518830037
2017-09-11,573,16585.36962059409,18883.837235735395
2017-09-12,574,16695.090434340807,18947.488065469428
2017-09-13,580,16738.31395157115,18956.581041145713
2017-09-14,584,16726.463157871778,18950.519057361522
2017-09-15,614,16769.079053903293,18882.321739789346
2017-09-18,499,16820.2294949086,18922.482382359627
2017-09-19,491,16852.5810240956,18941.42608168523
2017-09-20,488,16880.99120575004,18948.24581344245
2017-09-21,496,16827.956392446904,18897.47669924983
2017-09-22,500,16861.393301418906,18901.265439114948
2017-09-25,510,16860.81755042296,18862.62029249072
2017-09-26,549,16870.1103969808,18873.98651208608
2017-09-27,547,16942.608440490007,18947.488065469428
2017-09-28,560,16943.215853198493,18970.22050466015
2017-09-29,563,17013.424023577187,19036.902326286276
2017-10-02,551,17090.620532717534,19119.49685534591
2017-10-03,552,17075.838450209492,19160.415245889217
2017-10-04,548,17092.801660168778,19183.14768507994
2017-10-05,554,17176.946727796487,19296.80988103357
2017-10-06,564,17130.123238755954,19274.83518981587
2017-10-09,538,17062.774901871224,19243.009774948852
2017-10-10,531,17100.953990757407,19293.778889141475
2017-10-11,531,17107.574482166336,19324.08880806244
2017-10-12,536,17069.056569614397,19295.294385087516
2017-10-13,549,17055.676138966184,19318.78457225127
2017-10-16,525,17035.463197391175,19344.54800333409
2017-10-17,496,17005.558614949216,19358.187466848525
2017-10-18,462,17002.884599960136,19377.13116617413
2017-10-19,467,16990.01870228867,19382.435401985298
2017-10-20,473,17097.480399738703,19482.45813442449
2017-10-23,414,17028.224613326907,19406.683337122075
2017-10-24,407,17026.492527639904,19440.78199590816
2017-10-25,407,16918.05391166526,19344.54800333409
2017-10-26,418,16892.013001134266,19369.55368644389
2017-10-27,423,16961.153537829367,19527.92301280594
2017-10-30,474,16841.616749878194,19455.17920739562
2017-10-31,467,16900.943060409787,19485.489126316585
2017-11-01,471,16906.89960981307,19511.25255739941
2017-11-02,475,16828.832345465256,19518.83003712965
2017-11-03,479,16872.598336978925,19583.99636280973
2017-11-06,450,16918.450875181326,19614.306281730696
2017-11-07,469,16888.202257635632,19600.666818216265
2017-11-08,454,16952.422437229616,19634.007729029327
2017-11-09,464,16908.259659669333,19562.779419565057
2017-11-10,484,16882.34164434692,19556.717435780858
2017-11-13,475,16859.47715262149,19574.903387133436
2017-11-14,458,16781.736206556627,19529.43850875199
2017-11-15,454,16719.765993335244,19431.689020231872
2017-11-16,467,16859.844395261458,19596.87807835114
2017-11-17,472,16861.484844998817,19539.289232401305
2017-11-20,467,16901.200944573153,19572.63014321437
2017-11-21,467,16975.54709452788,19700.689550655454
2017-11-22,447,17026.688386575614,19683.261347275897
2017-11-24,454,17052.606308771425,19728.72622565735
2017-11-27,384,17007.884335895724,19718.87550200803
2017-11-28,415,17171.84829315528,19918.920966886413
2017-11-29,448,17247.79308264738,19906.796999318027
2017-11-30,452,17320.616751470352,20081.079033113583
2017-12-01,731,17284.88991280894,20039.402894597257
2017-12-04,723,17320.343484142526,20015.15495946048
2017-12-05,725,17199.748800524067,19943.168902023186
2017-12-06,779,17151.82716858086,19946.95764188831
2017-12-07,791,17223.65341727775,20009.850723649313
2017-12-08,799,17329.444589095463,20118.966431764795
2017-12-11,788,17364.121492397167,20179.586269606727
2017-12-12,781,17361.054712766214,20215.200424338866
2017-12-13,785,17359.6745313303,20212.927180419792
2017-12-14,795,17269.473546287936,20130.33265136016
2017-12-15,806,17426.23219596075,20194.74122906721
2017-12-18,797,17555.352174829513,20322.800636508295
2017-12-19,803,17498.16129745678,20244.75259528681
2017-12-20,799,17496.457262215787,20234.144123664464
2017-12-21,806,17543.63230627863,20275.820262180798
2017-12-22,817,17544.249983503534,20270.516026369627
2017-12-26,786,17556.60486002435,20246.268091232858
2017-12-27,732,17554.41854607405,20256.11881488217
2017-12-28,737,17599.111198778566,20297.7949533985
2017-12-29,744,17530.666746984163,20221.262408123057
2018-01-02,732,17698.407029276685,20365.992270970673
2018-01-03,776,17807.15771478344,20494.80942638479
2018-01-04,788,17847.16487750879,20581.19269530954
2018-01-05,795,17955.262546687994,20718.34507842692
2018-01-08,786,17997.73183300791,20756.232477078127
2018-01-09,779,18000.563057863503,20803.212851405624
2018-01-10,772,17970.954296921493,20771.387436538607
2018-01-11,776,18130.021326570113,20922.937031143443
2018-01-12,782,18253.17937552141,21059.331666287795
2018-01-16,782,18152.15737264645,20987.345608850497
2018-01-17,797,18298.762383001602,21187.39107372888
2018-01-18,809,18263.844873153732,21151.77691899674
2018-01-19,820,18358.385000502585,21248.01091157081
2018-01-22,811,18486.001641656436,21420.777449420322
2018-01-23,839,18570.463557942367,21466.242327801774
2018-01-24,842,18538.75111830433,21457.90710009851
2018-01-25,853,18520.404162669183,21467.000075774802
2018-01-26,860,18684.918754736944,21715.541410926726
2018-01-29,791,18543.951117960725,21571.569296052134
2018-01-30,532,18333.985171208526,21350.306887929077
2018-01-31,529,18388.254762008975,21360.91535955141
2018-02-01,541,18332.881888342537,21336.667424414638
2018-02-02,544,17966.4421240755,20872.16791695082
2018-02-05,473,17320.22862900966,19999.242252026976
2018-02-06,488,17549.88967013533,20393.271197999544
2018-02-07,508,17464.54866636486,20282.639993938017
2018-02-08,518,16893.6006967394,19521.861029021748
2018-02-09,533,17080.08882908387,19815.109494582102
2018-02-12,516,17300.671738915342,20106.08471622338
2018-02-13,513,17358.566746843917,20156.09608244298
2018-02-14,512,17578.4232507821,20428.127604758654
2018-02-15,524,17792.948406937314,20688.79290747897
2018-02-16,528,17812.180215272063,20694.854891263167
2018-02-20,496,17690.810540131257,20565.279987876034
2018-02-21,506,17581.30128363232,20462.98401151777
2018-02-22,513,17577.10779500697,20489.505190573615
2018-02-23,524,17842.881529803042,20816.09456694703
2018-02-26,514,17944.684065113055,21057.816170341743
2018-02-27,514,17702.181676931414,20794.877623702356
2018-02-28,742,17492.37114859221,20584.223687201636
2018-03-01,768,17324.659748929436,20284.913237857087
2018-03-02,776,17433.245545627313,20389.482458134426
2018-03-05,722,17630.493579344882,20625.142077744942
2018-03-06,761,17693.59885672511,20677.42668788361
2018-03-07,781,17675.11293028945,20669.849208153366
2018-03-08,817,17744.84833130564,20769.871940592562
2018-03-09,838,18013.005384127093,21131.317723725093
2018-03-12,831,18030.07689465472,21104.79654466924
2018-03-13,832,17944.03387655742,20968.401909524895
2018-03-14,807,17844.914413371596,20860.80169735546
2018-03-15,810,17804.807005342245,20838.069258164734
2018-03-16,819,17892.234446585662,20777.4494203228
2018-03-19,799,17646.619893951975,20496.324922330834
2018-03-20,794,17655.663422861024,20531.181329089944
2018-03-21,792,17652.764440746978,20491.778434492688
2018-03-22,806,17250.284187766774,19979.54080472835
2018-03-23,815,16915.81222762197,19553.686443888764
2018-03-26,771,17273.506419031713,20088.65651284383
2018-03-27,793,17049.41799812691,19746.912177009926
2018-03-28,797,17049.7800907274,19688.565583087064
2018-03-29,808,17231.31060077233,19940.13791013109
2018-04-02,790,16895.315948489322,19509.73706145336
2018-04-03,798,17083.003302850026,19759.793892551337
2018-04-04,957,17266.314194371476,19971.20557702508
2018-04-05,966,17380.23801797178,20128.817155414108
2018-04-06,1019,17035.314540927422,19680.2303553838
2018-04-09,976,17054.9521872629,19777.222095930894
2018-04-10,967,17308.3168924737,20091.687504735924
2018-04-11,967,17252.965869495376,19986.360536485565
2018-04-12,975,17341.992006522738,20150.79184663181
2018-04-13,980,17305.786801986833,20091.687504735924
2018-04-16,950,17464.399154558425,20256.876562855192
2018-04-17,947,17637.733314385925,20473.59248314011
2018-04-18,952,17688.27741351546,20488.74744260059
2018-04-19,956,17582.517884444234,20375.085246646966
2018-04-20,959,17455.728207935437,20202.318708797455
2018-04-23,948,17452.109349235678,20199.287716905357
2018-04-24,951,17270.9662243685,19927.25619458968
2018-04-25,998,17283.52242625819,19976.509812836248
2018-04-26,1009,17416.157022604322,20179.586269606727
2018-04-27,1015,17418.40508601955,20198.529968932336
2018-04-30,750,17286.551027874837,20043.191634462375
2018-05-01,764,17309.48025189409,20078.805789194517
2018-05-02,778,17179.699774285215,19943.92664999621
2018-05-03,787,17129.376387517925,19899.977267560807
2018-05-04,790,17342.384945602647,20157.611578389027
2018-05-07,688,17412.08187946104,20225.808895961203
2018-05-08,684,17363.424249362466,20225.808895961203
2018-05-09,835,17510.26920183248,20421.30787300144
2018-05-10,841,17648.29848160198,20612.260362203528
2018-05-11,856,17690.264856775608,20675.153443964537
2018-05-14,845,17697.154788980526,20685.004167613853
2018-05-15,847,17617.64314829198,20542.54754868531
2018-05-16,921,17710.788522724757,20628.930817610064
2018-05-17,929,17736.46672484444,20611.502614230507
2018-05-18,936,17713.271456409733,20559.97575206486
2018-05-21,918,17832.7732449818,20714.556338561793
2018-05-22,915,17767.411853849946,20656.96749261196
2018-05-23,914,17793.371607258276,20713.798590588773
2018-05-24,923,17764.140384092356,20671.36470409942
2018-05-25,938,17755.863357947394,20622.111085852845
2018-05-29,873,17591.402599944307,20384.93597029628
2018-05-30,886,17805.956340990153,20656.96749261196
2018-05-31,889,17667.18918101218,20530.42358111692
2018-06-01,895,17814.294054827646,20731.984541941354
2018-06-04,713,17894.136457584376,20830.49177843449
2018-06-05,683,17936.032488199715,20845.64673789498
2018-06-06,675,18084.026234574787,21019.928771690535
2018-06-07,693,18098.493863102543,21017.65552777146
2018-06-08,736,18158.790743708374,21079.790861559446
2018-06-11,724,18211.965961044236,21107.827536561337
2018-06-12,734,18270.80598829704,21135.10646359021
2018-06-13,738,18177.155397225288,21067.666893991056
2018-06-14,769,18235.366795523852,21120.70925210275
2018-06-15,775,18272.209596748082,20999.46957641888
2018-06-18,839,18261.144872608464,20956.277941956505
2018-06-19,843,18217.58783519597,20875.956656815943
2018-06-20,839,18254.149147537035,20911.57081154808
2018-06-21,848,18118.6700534172,20780.480412214896
2018-06-22,861,18210.862816064513,20818.367810866104
2018-06-25,791,18013.508300163798,20534.970068955066
2018-06-26,796,18053.96589795478,20580.43494733652
2018-06-27,799,17849.360520517555,20409.94165340608
2018-06-28,814,17915.65502913171,20526.6348412518
2018-06-29,828,17941.82593242926,20556.18701219974
2018-07-02,780,17949.89164748177,20600.13639463515
2018-07-03,786,17926.87110271318,20527.392589224823
2018-07-05,760,18105.403107824026,20694.854891263167
2018-07-06,773,18243.41828599724,20869.89467303175
2018-07-09,594,18378.289046014193,21057.816170341743
2018-07-10,583,18390.168323594997,21133.59096764416
2018-07-11,584,18216.020842887763,20979.010381147233
2018-07-12,590,18283.131763048335,21169.2051223763
2018-07-13,644,18299.500328626265,21185.87557778283
2018-07-16,546,18261.81250043838,21166.931878457224
2018-07-17,548,18277.712131993547,21252.557399408957
2018-07-18,556,18322.016526867916,21297.26452981738
2018-07-19,640,18303.137940362332,21216.943244676822
2018-07-20,645,18248.247976485916,21192.69530954005
2018-07-23,629,18245.287061399413,21232.098204137303
2018-07-24,617,18227.929169928317,21338.940668333715
2018-07-25,694,18301.774751033103,21520.80018185951
2018-07-26,701,18346.374910857747,21470.03106766689
2018-07-27,714,18155.70819347725,21324.543456846255
2018-07-30,711,18100.536416366125,21213.154504811697
2018-07-31,715,18214.536843123973,21317.723725089036
2018-08-01,713,18145.82024929055,21282.1095703569
2018-08-02,726,18222.592859149532,21398.045010229598
2018-08-03,733,18217.65012946051,21489.732514965523
2018-08-06,697,18259.704030615907,21568.538304160033
2018-08-07,724,18288.995167377878,21639.76661362431
2018-08-08,721,18265.55562735178,21630.673637948017
2018-08-09,731,18246.583803788413,21601.121467000074
2018-08-10,760,18141.570799913818,21456.39160415246
2018-08-13,710,18052.690383054447,21376.0703190119
2018-08-14,705,18166.186708360798,21512.464954156247
2018-08-15,634,17979.61910314178,21351.822383875122
2018-08-16,642,18124.10388426179,21524.588921724637
2018-08-17,651,18207.154894055602,21600.363719027053
2018-08-20,640,18263.15136868067,21646.58634538153
2018-08-21,638,18365.44899327438,21697.355459574144
2018-08-22,664,18365.583819922544,21684.473744032737
2018-08-23,669,18328.37414985621,21655.679321057818
2018-08-24,676,18448.59767825785,21786.01197241797
2018-08-27,650,18618.910682123525,21958.020762294458
2018-08-28,647,18609.235247433862,21968.6292339168
2018-08-29,762,18681.991111720192,22086.83791770857
2018-08-30,772,18562.109607146704,21997.42365689172
2018-08-31,776,18548.519319277442,21998.18140486474
2018-09-04,759,18456.676265310085,21960.29400621353
2018-09-05,768,18401.165366624115,21901.189664317644
2018-09-06,784,18297.646583754973,21835.265590664545
2018-09-07,801,18263.435499649902,21792.831704175194
2018-09-10,796,18299.019475950456,21830.719102826402
2018-09-11,759,18327.623491931732,21902.705160263697
2018-09-12,765,18333.703974939755,21908.009396074867
2018-09-13,777,18387.143799937276,22037.584299461996
2018-09-14,789,18452.18084360015,22041.37303932712
2018-09-17,695,18340.86523147113,21924.679851481396
2018-09-18,706,18427.312045202514,22043.646283246195
2018-09-19,713,18432.17394850232,22067.136470409943
2018-09-20,724,18555.561917232502,22245.964992043646
2018-09-21,738,18503.92833638043,22125.483064332806
2018-09-24,649,18374.233130789085,22051.981510949456
2018-09-25,643,18287.385185559055,22031.52231567781
2018-09-26,713,18225.681310559983,21965.598242024706
2018-09-27,728,18238.58554833393,22026.975827839662
2018-09-28,735,18250.51735513361,22029.249071758735
2018-10-01,712,18253.728407500024,22105.781617034176
2018-10-02,728,18205.368798705476,22092.899901492765
2018-10-03,805,18280.20636509347,22105.02386906115
2018-10-04,810,18093.306438711264,21932.257331211636
2018-10-05,817,17937.046965218055,21809.502159581723
2018-10-08,744,17962.659810565216,21809.502159581723
2018-10-09,722,17848.056818892353,21777.676744714703
2018-10-10,732,17350.008275182183,21088.12608926271
2018-10-11,748,17051.231220627542,20623.626581798893
2018-10-12,767,17131.967323437082,20910.05531560203
2018-10-15,760,17142.549476168802,20792.604379783283
2018-10-16,769,17478.42566069493,21247.253163597787
2018-10-17,772,17400.425357511438,21251.041903462905
2018-10-18,870,17096.59606613229,20944.15397438812
2018-10-19,884,16986.829436461,20932.787754792756
2018-10-22,839,16869.642684673505,20838.82700613776
2018-10-23,844,16764.033831428143,20732.742289914375
2018-10-24,852,16180.823590569957,20104.56922027734
2018-10-25,878,16489.964133244568,20465.25725543684
2018-10-26,1031,16244.570356088398,20105.32696825036
2018-10-29,902,16149.60299281356,19993.93801621581
2018-10-30,910,16433.06676801297,20290.217473668254
2018-10-31,906,16621.325704064544,20506.93339395317
2018-11-01,913,16952.668382017975,20725.164810184135
2018-11-02,928,16865.220266399043,20602.409638554214
2018-11-05,916,16937.717541538535,20716.071834507842
2018-11-06,1010,17024.836362185695,20847.162233841027
2018-11-07,1006,17290.747017296104,21293.47578995226
2018-11-08,1012,17206.70176326355,21254.83064332803
2018-11-09,1020,16950.9454439972,21047.207698719405
2018-11-12,982,16602.498309138384,20653.936500719858
2018-11-13,975,16632.562293201667,20615.29135409563
2018-11-14,1026,16538.9908564957,20474.35023111313
2018-11-15,1034,16705.84217278312,20688.035159505947
2018-11-16,1038,16699.492991787498,20741.835265590667
2018-11-19,1001,16438.92716920628,20390.997954080478
2018-11-20,996,16143.173859026396,20013.639463514435
2018-11-21,1004,16321.307628602843,20081.83678108661
2018-11-23,1019,16213.486668598796,19947.715389861332
2018-11-26,923,16483.888328694167,20269.758278396606
2018-11-27,926,16437.870896000688,20337.95559596878
2018-11-28,925,16821.900387848233,20806.243843297718
2018-11-29,939,16753.00057944291,20760.77896491627
2018-11-30,946,16840.1298915296,20887.322876411305
2018-12-03,836,17047.82336877141,21163.900886565127
2018-12-04,835,16398.343371817828,20478.138970978256
2018-12-06,826,16344.741966912325,20447.07130408426
2018-12-07,854,16005.288640311861,19971.963324998105
2018-12-10,835,15953.107248775423,20009.850723649313
2018-12-11,897,15905.754925554631,20014.39721148746
2018-12-12,898,16016.981979642673,20115.177691899673
2018-12-13,904,15915.810983609448,20108.357960142457
2018-12-14,918,15636.611104671925,19737.061453360613
2018-12-17,794,15304.514028362282,19349.85223914526
2018-12-18,862,15257.829525643196,19328.635295900585
2018-12-19,866,15032.510262715163,19039.17557020535
2018-12-20,884,14791.558130107021,18729.25664923846
2018-12-21,924,14466.785018186483,18238.993710691826
2018-12-24,930,14113.691239104717,17757.06599984845
2018-12-26,784,14799.567316184264,18654.23959990907
2018-12-27,792,14866.680554441717,18797.453966810637
2018-12-28,810,14851.38045908657,18773.206031673864
2018-12-31,792,14984.519228007506,18937.63734182011
2019-01-02,768,15105.621975036822,18957.33878911874
2019-01-03,809,14806.00527587736,18504.96324922331
2019-01-04,826,15354.684380252524,19124.80109115708
2019-01-07,762,15557.204462464802,19275.59293778889
2019-01-08,766,15724.322135061797,19456.69470334167
2019-01-09,773,15806.633092760849,19547.624460104573
2019-01-10,788,15864.43109338433,19616.57952564977
2019-01-11,794,15870.372735451981,19624.157005380013
2019-01-14,742,15785.016490421009,19504.43282564219
2019-01-15,766,15903.645214757677,19727.968477684324
2019-01-16,777,15993.917132718254,19775.706599984846
2019-01-17,788,16129.550749050699,19925.74069864363
2019-01-18,795,16379.103136370904,20190.95248920209
2019-01-22,934,16102.687926654951,19918.163218913392
2019-01-23,938,16081.432008354057,19959.83935742972
2019-01-24,972,16184.42917325809,19970.447829052056
2019-01-25,988,16389.690561836273,20139.425627036446
2019-01-28,970,16301.193717229507,19986.360536485565
2019-01-29,973,16292.710269978756,19959.83935742972
2019-01-30,983,16499.49150827112,20275.820262180798
2019-01-31,989,16607.790133265444,20453.89103584148
2019-02-01,1001,16645.822503876665,20463.741759490793
2019-02-04,1005,16769.058145802115,20607.71387436538
2019-02-05,1003,16837.176736971986,20694.097143290146
2019-02-06,1004,16786.21451927317,20666.818216261272
2019-02-07,1023,16606.85728923837,20469.803743274988
2019-02-08,1037,16609.092594356218,20494.80942638479
2019-02-11,952,16671.13993253419,20506.17564598015
2019-02-12,948,16898.211591416795,20769.871940592562
2019-02-13,947,17003.87922301697,20837.31151019171
2019-02-14,954,16998.951724971837,20791.088883837238
2019-02-15,959,17221.26226650848,21017.65552777146
2019-02-19,852,17249.932380497332,21054.027430476628
2019-02-20,793,17322.989957845322,21096.46131696598
2019-02-21,831,17215.08336647005,21021.444267636587
2019-02-22,838,17313.096857007862,21151.77691899674
2019-02-25,813,17316.056277835956,21180.571341971663
2019-02-26,802,17271.576864085746,21165.416382511175
2019-02-27,817,17246.362209617644,21156.323406834887
2019-02-28,862,17148.805878562456,21116.92051223763
2019-03-01,875,17315.989120692713,21248.76865954384
2019-03-04,831,17211.056392725855,21171.47836629537
2019-03-05,831,17152.62040903604,21142.683943320448
2019-03-06,799,16922.11704015154,21014.624535879368
2019-03-07,825,16753.36807877028,20838.82700613776
2019-03-08,838,16680.068876778492,20797.150867621425
2019-03-11,816,16926.817985520913,21098.734560885052
2019-03-12,818,16964.8144009115,21178.29809805259
2019-03-13,800,17068.6763219823,21318.481473062056
2019-03-14,815,17046.239392072883,21304.842009547625
2019-03-15,867,17084.305558126132,21316.208229142987
2019-03-18,831,17210.9094069348,21393.498522391452
2019-03-19,834,17166.943471239403,21398.80275820262
2019-03-20,692,17076.899876588177,21334.39418049557
2019-03-21,716,17276.444571822656,21575.358035917252
2019-03-22,728,16822.193438124796,21160.11214670001
2019-03-25,699,16797.703789098974,21144.1994392665
2019-03-26,733,16943.366816821228,21301.811017655527
2019-03-27,859,16876.37440326511,21190.42206562097
2019-03-28,865,16957.43672594706,21270.743350761535
2019-03-29,876,17052.970545368207,21404.864741986818
2019-04-01,854,17269.98771726097,21658.710312949912
2019-04-02,847,17224.80976827489,21669.318784572257
2019-04-03,837,17279.31285827317,21703.41744335834
2019-04-04,854,17356.476346645544,21761.006289308174
2019-04-05,861,17495.02619055815,21866.333257558534
2019-04-08,811,17499.52735182721,21883.003712965066
2019-04-09,804,17359.329773979913,21770.85701295749
2019-04-10,804,17466.173389004394,21845.11631431386
2019-04-11,813,17464.578984720378,21839.054330529667
2019-04-12,825,17609.075552489234,21986.81518526938
2019-04-15,808,17549.210659313405,21972.417973781925
2019-04-16,813,17572.039493733042,21986.81518526938
2019-04-17,793,17521.21369241443,21933.015079184665
2019-04-18,807,17540.383048903936,21976.20671364704
2019-04-22,784,17485.74644953199,21995.150412972645
2019-04-23,779,17688.128240276645,22192.922633931954
2019-04-24,828,17714.150599499153,22143.669015685384
2019-04-25,841,17633.66327248292,22130.029552170952
2019-04-26,863,17764.947583617988,22233.083276502235
2019-04-29,792,17811.578589933088,22267.939683261346
2019-04-30,889,17811.467307577528,22279.305902856708
2019-05-01,900,17632.5524099338,22111.843600818367
2019-05-02,911,17617.926159386003,22064.105478517842
2019-05-03,924,17815.58393730109,22280.063650829732
2019-05-06,859,17762.219181625922,22188.376146093808
2019-05-07,865,17458.484639307953,21817.83738728499
2019-05-08,860,17426.27125365832,21787.52746836402
2019-05-09,890,17405.69915071643,21721.60339471092
2019-05-10,914,17474.40519844492,21830.719102826402
2019-05-13,892,17018.12423486119,21282.1095703569
2019-05-14,864,17186.14701128039,21474.577555505035
2019-05-15,858,17253.16079383059,21600.363719027053
2019-05-16,876,17365.358322706892,21800.40918390543
2019-05-17,878,17216.098426395532,21659.468060922936
2019-05-20,816,17086.372982886198,21516.25369402137
2019-05-21,818,17280.354479071415,21710.237175115555
2019-05-22,806,17151.205128476096,21643.55535348943
2019-05-23,817,16873.733639103906,21379.101310903992
2019-05-24,832,16928.430869612577,21427.59718117754
2019-05-28,634,16786.01754043927,21228.309464272184
2019-05-29,695,16657.064498274947,21085.852845343637
2019-05-30,704,16667.489858444525,21143.441691293476
2019-05-31,713,16467.02966529192,20858.528453436385
2019-06-03,690,16455.37657134444,20805.486095324697
2019-06-04,881,16871.879444434864,21257.1038872471
2019-06-05,884,16932.299878524478,21441.236644691973
2019-06-06,890,16978.86999884991,21580.662271728426
2019-06-07,900,17128.741477606673,21796.620444040313
2019-06-10,881,17235.791142757884,21896.643176479505
2019-06-11,873,17221.25993224819,21891.33894066833
2019-06-12,873,17188.839864854293,21852.6937940441
2019-06-13,880,17329.033662614143,21942.865802833978
2019-06-14,884,17240.951116194545,21918.617867697205
2019-06-17,844,17272.12329525575,21926.95309540047
2019-06-18,831,17471.292472378613,22156.550731226795
2019-06-19,836,17556.05878138735,22206.56209744639
2019-06-20,841,17699.380347829952,22418.731529893157
2019-06-21,855,17653.38761533066,22277.79040691066
2019-06-24,791,17532.12183423695,22250.511479881792
2019-06-25,771,17404.058457268202,22032.28006365083
2019-06-26,784,17434.26322751592,22010.305372433133
2019-06-27,793,17572.69729699176,22088.35341365462
2019-06-28,803,17750.669650821143,22202.015609608243
2019-07-01,668,17857.39017726721,22403.576570432677
2019-07-02,677,17831.59169734006,22461.923164355536
2019-07-03,675,17975.17268744486,22641.509433962263
2019-07-05,685,17961.342971283724,22615.74600287944
2019-07-08,630,17847.640307028007,22491.475335303476
2019-07-09,644,17857.542753597387,22519.51201030537
2019-07-10,643,17912.78434963103,22627.112222474807
2019-07-11,649,17942.443851021886,22680.1545805865
2019-07-12,652,18078.50144924275,22781.692808971737
2019-07-15,618,18055.427491121864,22789.270288701977
2019-07-16,623,18019.731476417735,22710.46449950746
2019-07-17,619,17891.989124699838,22561.188148821704
2019-07-18,630,17924.755709320878,22643.782677881336
2019-07-19,643,17847.898449737422,22517.996514359325
2019-07-22,616,17862.627643405845,22573.312116390087
2019-07-23,608,18012.49534626149,22734.712434644236
2019-07-24,610,18172.214524458468,22841.554898840644
2019-07-25,621,18053.73933589691,22732.439190725167
2019-07-26,631,18163.597214379977,22884.746533303023
2019-07-29,559,18110.587207255903,22843.070394786693
2019-07-30,556,18120.129472932145,22786.997044782907
2019-07-31,563,17948.65549140792,22537.697961657952
2019-08-01,574,17712.688468768883,22341.44123664469
2019-08-02,586,17570.173138025013,22173.221186633327
2019-08-05,425,17049.64044364828,21506.402970372055
2019-08-06,420,17218.061416199158,21807.98666363568
2019-08-07,416,17212.063986356094,21820.86837917709
2019-08-08,443,17489.687810982072,22248.995983935743
2019-08-09,456,17306.653035241412,22097.44638933091
2019-08-12,448,17063.783408127674,21828.445858907326
2019-08-13,534,17258.58204013794,22167.91695082216
2019-08-14,563,16725.023777829,21512.464954156247
2019-08-15,627,16680.861371132152,21569.29605213306
2019-08-16,646,16992.300811353514,21887.550200803213
2019-08-19,631,17213.294482102545,22151.24649541562
2019-08-20,628,17067.950863823153,21981.510949458207
2019-08-21,632,17196.877008681768,22160.339471091913
2019-08-22,637,17186.585427691643,22153.5197393347
2019-08-23,642,16703.19007175915,21584.451011593545
2019-08-26,616,16848.196913017448,21823.14162309616
2019-08-27,606,16686.338883640346,21737.51610214443
2019-08-28,609,16869.784745656307,21890.58119269531
2019-08-29,612,17123.46758233557,22170.19019474123
2019-08-30,620,17127.491087069295,22160.339471091913
2019-09-03,587,16931.18745687738,22030.76456770478
2019-09-04,585,17131.596609480173,22280.82139880276
2019-09-05,594,17402.227116644633,22567.250132605895
2019-09-06,598,17369.989241449337,22584.678335985453
2019-09-09,558,17530.243626500538,22596.044555580815
2019-09-10,558,17692.309877612497,22590.740319769648
2019-09-11,568,17913.540556450916,22751.38289005077
2019-09-12,616,17936.839117517677,22830.188679245286
2019-09-13,629,17980.981869175765,22815.0337197848
2019-09-16,623,18048.15031496161,22744.563158293553
2019-09-17,662,17971.597781026983,22802.15200424339
2019-09-18,667,17904.91407633898,22815.791467757823
2019-09-19,671,17859.914740592398,22814.275971811774
2019-09-20,682,17820.229585477395,22602.106539365002
2019-09-23,660,17814.067227747953,22596.802303553835
2019-09-24,654,17588.295019469777,22419.48927786618
2019-09-25,653,17671.054725281858,22552.09517314541
2019-09-26,665,17561.02341627175,22505.11479881791
2019-09-27,671,17506.81148132859,22383.875123134047
2019-09-30,648,17594.415143691203,22487.686595438357
2019-10-01,644,17259.234964279673,22220.201560960824
2019-10-02,594,16956.370094797574,21827.688110934305
2019-10-03,606,17053.910257870983,22006.516632568007
2019-10-04,611,17233.379296357387,22304.31158596651
2019-10-07,581,17148.38233185604,22208.077593392438
2019-10-08,575,16832.223889876695,21863.302265666436
2019-10-09,571,16935.35139316466,22070.92521027506
2019-10-10,578,17061.428596600315,22220.201560960824
2019-10-11,593,17352.58161024703,22450.55694476017
2019-10-14,436,17297.39096420162,22425.551261650373
2019-10-15,418,17536.742341368,22647.571417746458
2019-10-16,479,17513.32092645962,22611.199515041295
2019-10-17,487,17584.11872645343,22677.881336667422
2019-10-18,488,17511.26440653873,22578.61635220126
2019-10-21,474,17628.816213559454,22731.681442752142
2019-10-22,546,17650.190595409324,22657.42214139577
2019-10-23,554,17717.395190637086,22723.346215048874
2019-10-24,560,17748.672635373805,22760.47586572706
2019-10-25,564,17882.446366090775,22853.678866409035
2019-10-28,564,17991.362380665458,22982.496021823143
2019-10-29,565,17991.9596303334,22975.67629006592
2019-10-30,567,17984.327515795045,23046.14685155717
2019-10-31,572,17891.647556535394,22984.769265742212
2019-11-01,580,18153.258729410303,23197.696446162005
2019-11-04,576,18367.435816463694,23290.89944684398
2019-11-05,582,18350.71402496115,23265.136015761153
2019-11-06,591,18255.518793313062,23270.44025157233
2019-11-07,598,18332.473390045387,23352.277032658938
2019-11-08,621,18372.54215571866,23409.865878608773
2019-11-11,551,18316.03163381293,23365.15874820035
2019-11-12,544,18327.290628886778,23414.41236644692
2019-11-13,539,18242.072995005863,23421.989846177166
2019-11-14,547,18247.379760614655,23456.08850496325
2019-11-15,561,18413.996567212882,23625.824050920666
2019-11-18,513,18388.75335392704,23643.252254300216
2019-11-19,520,18373.346289502373,23636.432522543004
2019-11-20,547,18308.518544947758,23548.533757672198
2019-11-21,553,18272.6072925832,23510.64635902099
2019-11-22,564,18347.783028889997,23562.930969159654
2019-11-25,574,18576.345629687177,23745.54823065848
2019-11-26,581,18598.707374801885,23799.348336743198
2019-11-27,592,18690.706616660962,23905.433052966586
2019-11-29,599,18596.87635933233,23816.77654012276
2019-12-02,577,18425.767937916367,23614.4578313253
2019-12-03,575,18263.64047458578,23456.08850496325
2019-12-04,576,18384.988382285614,23600.81836781086
2019-12-05,579,18401.236386707566,23643.252254300216
2019-12-06,585,18591.685228634058,23859.210426612106
2019-12-09,585,18536.570123506943,23784.193377282718
2019-12-10,599,18530.832878414643,23757.67219822687
2019-12-11,588,18565.685555854307,23825.111767826023
2019-12-12,595,18764.332031546284,24030.461468515572
2019-12-13,600,18710.028619745513,24044.858680003028
2019-12-16,533,18831.97593305522,24210.047738122303
2019-12-17,552,18898.952290712972,24215.35197393347
2019-12-18,556,18964.21128633619,24216.86746987952
2019-12-19,565,19060.581026913256,24316.132454345683
2019-12-20,577,19137.901980440645,24303.250738804272
2019-12-23,486,19215.416393243526,24340.38038948246
2019-12-24,511,19207.314759677905,24341.138137455484
2019-12-26,515,19320.781977989267,24470.713040842616
2019-12-27,521,19266.228961307093,24464.65105705842
2019-12-30,532,19159.56271919537,24329.77191786012
2019-12-31,530,19229.193567147977,24388.876259756005
2020-01-02,573,19314.716207026573,24616.95839963628
2020-01-03,580,19225.416997190154,24430.55239827234
2020-01-06,554,19316.434228758684,24523.755398954305
2020-01-07,542,19291.1504279949,24454.800333409108
2020-01-08,544,19332.445023198023,24585.132984769265
2020-01-09,707,19415.252705502964,24751.83753883458
2020-01-10,736,19325.012369353186,24680.60922937031
2020-01-13,744,19485.63355782584,24850.344775327725
2020-01-14,752,19503.806432679357,24812.457376676517
2020-01-15,762,19512.1889322704,24868.530726680307
2020-01-16,778,19715.89199844018,25075.395923315908
2020-01-17,785,19752.758231397962,25153.443964537393
2020-01-21,732,19631.678494712756,25104.190346290823
2020-01-22,717,19631.116357276238,25107.22133818292
2020-01-23,720,19633.182369578048,25136.01576115784
2020-01-24,722,19406.894192486496,24912.48010911571
2020-01-27,700,19093.26463763959,24513.14692733197
2020-01-28,728,19303.49818753187,24770.023490187163
2020-01-29,737,19256.01384821517,24749.564294915515
2020-01-30,763,19272.239542099047,24829.885580056074
2020-01-31,767,18912.828249716975,24379.025536106692
2020-02-03,760,19074.897076176207,24560.127301659468
2020-02-04,763,19392.135198038377,24934.45480033341
2020-02-05,750,19628.97720746214,25222.399030082597
2020-02-06,755,19620.66299740931,25307.266803061302
2020-02-07,760,19437.851880819733,25172.387663863
2020-02-10,727,19566.187856810408,25360.309161172994
2020-02-11,744,19697.421514478898,25404.258543608394
2020-02-12,931,19853.382106374458,25567.93210578162
2020-02-13,943,19828.613630843476,25540.653178752746
2020-02-14,955,19852.386662253397,25581.571569296055
2020-02-18,934,19766.594907288574,25515.647495642952
2020-02-19,945,19854.344004875285,25637.644919299837
2020-02-20,959,19838.0584348488,25532.317951049477
2020-02-21,972,19635.004463997422,25269.379404410094
2020-02-24,951,18994.37662896744,24431.31014624536
2020-02-25,970,18367.879299983306,23690.99037660074
2020-02-26,952,18182.53707243356,23603.849359702963
2020-02-27,975,17460.95430685683,22543.759945442147
2020-02-28,996,17292.103406297843,22449.04144881412
2020-03-02,980,17846.077111821338,23421.232098204135
2020-03-03,1017,17367.898319272466,22750.625142077748
2020-03-04,1035,17943.26488147618,23706.903084034253
2020-03-05,1056,17300.376727183266,22918.84519208911
2020-03-06,1073,16945.91906821113,22539.971205577025
2020-03-09,907,15414.765199797013,20779.722664241875
2020-03-10,903,16070.323725389037,21854.96703796317
2020-03-11,897,15180.123542994428,20789.57338789119
2020-03-12,907,13482.065397777631,18800.48495870274
2020-03-13,942,14642.327328258985,20407.668409487007
2020-03-16,894,12813.119272933345,18174.58513298477
2020-03-17,916,13411.724251221984,19155.868758051074
2020-03-18,935,12293.47363054589,18185.95135258013
2020-03-19,1064,12710.873157836206,18224.596499204363
2020-03-20,1084,12347.578378202183,17337.273622793058
2020-03-23,1098,12008.74065924862,16893.99105857392
2020-03-24,1127,13372.833007151301,18424.641964082748
2020-03-25,1135,13768.667035523722,18700.462226263542
2020-03-26,1150,14551.465458857188,19792.37705539138
2020-03-27,1193,13943.013558031178,19202.84913237857
2020-03-30,1193,14236.174226697609,19826.475714177464
2020-03-31,1229,14104.489475263366,19530.954004698036
2020-04-01,1243,13301.883795087688,18651.966355989996
2020-04-02,1249,13468.114000467564,19082.36720466773
2020-04-03,1385,13183.252145126578,18806.54694248693
2020-04-06,1388,14209.86329640095,20069.712813518225
2020-04-07,1428,14367.621507473265,20090.172008789876
2020-04-08,1516,14960.348810435775,20764.567704781388
2020-04-09,1532,15400.023703351862,21080.54860953247
2020-04-13,1331,15091.558136645432,20888.080624384333
2020-04-14,1328,15436.359144455097,21504.129726452982
2020-04-15,1366,14904.188408276807,21047.207698719405
2020-04-16,1382,14788.541251606372,21148.745927104646
2020-04-17,1398,15416.507907339856,21720.08789876487
2020-04-20,1388,15111.263782372778,21337.425172387662
2020-04-21,1380,14689.249881841211,20689.550655452
2020-04-22,1371,14965.433354114264,21148.745927104646
2020-04-23,1382,15059.095434823988,21147.230431158594
2020-04-24,1388,15249.191712078362,21441.994392665
2020-04-27,1336,15700.418556507097,21751.15556565886
2020-04-28,1328,15865.79560571,21651.13283321967
2020-04-29,1292,16532.890585802175,22217.92831704175
2020-04-30,1330,16167.413698130124,22011.063120406154
2020-05-01,1362,15599.84431584764,21428.354929150566
2020-05-04,1279,15593.97744572822,21487.45927104645
2020-05-05,1269,15637.58688173992,21685.989239978786
2020-05-06,1264,15470.409572429184,21538.986133212093
2020-05-07,1264,15745.110819730891,21798.893687959386
2020-05-08,1276,16171.602657372543,22159.58172311889
2020-05-11,1223,15998.039843907956,22164.128210957035
2020-05-12,1198,15576.836244649176,21722.361142683945
2020-05-13,1186,15147.510416809058,21338.18292036069
2020-05-14,1251,15384.531225998273,21593.543987269833
2020-05-15,1257,15421.964829725037,21692.808971735998
2020-05-18,1086,16231.675651505986,22353.56520421308
2020-05-19,1073,16016.580684826547,22123.967568386757
2020-05-20,1090,16346.083564700928,22499.810563006744
2020-05-21,1212,16275.36278911074,22344.47222853679
2020-05-22,1220,16279.939458402936,22386.906115026144
2020-05-26,1110,16764.846713179166,22662.72637720694
2020-05-27,1051,17182.172632547565,22999.924225202696
2020-05-28,1065,17015.63894096722,22957.490338713345
2020-05-29,1074,16991.105163080396,23059.786315071608
2020-06-01,1018,17180.419861339415,23152.98931575358
2020-06-02,891,17383.03792942433,23344.699552928698
2020-06-03,882,17823.93547518396,23655.37622186861
2020-06-04,895,17921.63374867839,23593.240888080625
2020-06-05,908,18524.234190696523,24197.92377055391
2020-06-08,757,18908.66681040606,24490.414488141243
2020-06-09,735,18531.43663713759,24307.79722664242
2020-06-10,749,18152.263565185152,24172.160339471095
2020-06-11,778,16843.89188371684,22778.661817079643
2020-06-12,792,17236.247104901435,23051.451087368343
2020-06-15,702,17458.489602134272,23266.651511707205
2020-06-16,695,17800.14697541777,23714.48056376449
2020-06-17,678,17602.84609890668,23615.973327271353
2020-06-18,687,17612.22337489355,23625.066302947638
2020-06-19,692,17423.009756007013,23387.133439418052
2020-06-22,669,17482.155718086393,23537.16753807684
2020-06-23,667,17523.894339684728,23645.525498219296
2020-06-24,670,16901.469528160473,23042.35811169205
2020-06-25,689,17080.057220210798,23289.383950897933
2020-06-26,697,16624.38033530909,22736.22793059029
2020-06-29,650,16922.44422964013,23070.394786693945
2020-06-30,630,17140.63088157458,23365.916496173377
2020-07-01,634,17160.505615128033,23529.590058346592
2020-07-02,650,17220.123326079585,23659.164961733728
2020-07-06,662,17414.773195241738,24024.39948473138
2020-07-07,659,17111.483135899805,23776.61589755247
2020-07-08,670,17258.087916538374,23958.475411078278
2020-07-09,683,16973.881151897713,23822.080775933926
2020-07-10,701,17267.40314372307,24065.317875274683
2020-07-13,628,17080.10066262864,23856.937182693033
2020-07-14,634,17301.868315224732,24166.0983556869
2020-07-15,620,17802.910635191314,24388.118511782985
2020-07-16,627,17716.425713727327,24307.79722664242
2020-07-17,633,17704.786867085062,24378.26778813367
2020-07-20,460,17803.462073786235,24575.28226111995
2020-07-21,458,18055.034632152663,24627.566871258616
2020-07-22,470,18116.35643530586,24767.750246268093
2020-07-23,479,17935.414676529756,24472.22853678866
2020-07-24,495,17766.685891247103,24314.616958399634
2020-07-27,476,17857.321202614177,24491.929984087295
2020-07-28,521,17738.451346821428,24336.59164961734
2020-07-29,579,18003.590738746396,24635.902098961884
2020-07-30,585,17857.65435097565,24548.00333409108
2020-07-31,598,17845.872635171752,24741.986815185268
2020-08-03,570,17985.31265996747,24913.995605061755
2020-08-04,566,18194.194767527257,25010.229597635825
2020-08-05,571,18454.35616109469,25165.56793210578
2020-08-06,583,18543.50546044611,25333.78798211715
2020-08-07,597,18612.710361435224,25351.97393346973
2020-08-10,557,18801.322317739832,25427.748730772146
2020-08-11,578,18656.199626123293,25217.85254224445
2020-08-12,597,18858.57588798757,25569.447601727665
2020-08-13,612,18809.26260129153,25523.224975373192
2020-08-14,618,18804.285867008144,25523.982723346213
2020-08-17,604,18758.930116930595,25605.061756459803
2020-08-18,605,18657.943920440506,25660.377358490565
2020-08-19,611,18603.32388804447,25553.53489429416
2020-08-20,618,18543.660986100636,25633.098431461694
2020-08-21,625,18491.15964935199,25724.028188224598
2020-08-24,605,18720.667776595266,25984.693490944912
2020-08-25,604,18719.89154344821,26075.623247707812
2020-08-26,597,18708.559968456022,26337.04629840115
2020-08-27,601,18791.84169279228,26394.635144350985
2020-08-28,618,18965.16356596882,26565.128438281426
2020-08-31,593,18807.33954706806,26468.894445707356
2020-09-01,571,18868.710064337927,26718.19352883231
2020-09-02,585,19065.176069782858,27104.64499507464
2020-09-03,603,18566.30389667986,26171.857240281883
2020-09-04,615,18460.92661813042,25958.172311889066
2020-09-08,560,18005.9566988756,25248.92020913844
2020-09-09,562,18250.634692163083,25747.518375388347
2020-09-10,569,17971.148989022153,25300.447071304083
2020-09-11,572,17977.699858805045,25313.328786845494
2020-09-14,564,18309.559402337327,25646.73789497613
2020-09-15,562,18306.35086329245,25776.31279836327
2020-09-16,557,18456.73532794738,25674.016822005
2020-09-17,583,18321.917931592678,25448.207926043797
2020-09-18,592,18167.63888606705,25054.93672804425
2020-09-21,571,17868.425663742895,24776.08547397136
2020-09-22,562,17937.170072885565,25028.415548988407
2020-09-23,561,17454.112071827563,24447.98060165189
2020-09-24,607,17493.464648805755,24513.14692733197
2020-09-25,612,17725.466166968734,24909.449117223616
2020-09-28,495,18070.780859831128,25323.17951049481
2020-09-29,490,18062.875127770538,25185.26937940441
2020-09-30,491,18093.312684382454,25376.2218686065
2020-10-01,495,18245.480259911987,25539.137682806697
2020-10-02,500,18220.49446918779,25296.65833143896
2020-10-05,461,18587.523131910686,25745.245131469273
2020-10-06,487,18382.89822389126,25379.252860498596
2020-10-07,480,18675.497807615484,25821.01992877169
2020-10-08,486,18976.345771504835,26049.85981662499
2020-10-09,487,19038.243847302445,26282.488444343413
2020-10-12,429,19234.76225515842,26705.3118132909
2020-10-13,424,19149.466104926098,26531.02977949534
2020-10-14,423,19087.49353576945,26364.325225430024
2020-10-15,424,19119.965086516873,26331.742062589983
2020-10-16,433,19075.041391130584,26315.829355156475
2020-10-19,458,18858.223481537156,25915.73842539971
2020-10-20,465,18932.17892969783,26019.549897704022
2020-10-21,456,18855.87003439229,25970.296279457452
2020-10-22,460,19132.27673942472,26112.752898386
2020-10-23,486,19185.34567576116,26201.409411229823
2020-10-26,474,18792.036567164127,25717.20845646738
2020-10-27,470,18645.31134600219,25628.551943623555
2020-10-28,457,18034.21017916648,24752.59528680761
2020-10-29,469,18205.329385076362,25004.167613851634
2020-10-30,491,17969.094045409154,24743.50231113132
2020-11-02,461,18180.320102164336,25020.838069258163
2020-11-03,462,18536.277874657364,25462.605137531256
2020-11-04,501,18738.988049697997,26031.673865272413
2020-11-05,517,19145.586101799436,26539.365007198605
2020-11-06,546,19083.540675020573,26533.303023414417
2020-11-09,539,19717.12393244997,26866.712131545046
2020-11-10,553,19722.52908592569,26827.309236947793
2020-11-11,543,19810.84084577681,27026.59695385315
2020-11-12,551,19588.119818045863,26764.416155186784
2020-11-13,560,19917.352830846954,27134.954913995607
2020-11-16,563,20227.557431886933,27473.66825793741
2020-11-17,577,20320.245994244462,27325.907403197696
2020-11-18,598,20167.879115687185,26997.044782905203
2020-11-19,619,20325.57194852252,27110.70697885883
2020-11-20,631,20270.227404538015,26925.05872546791
2020-11-23,624,20643.968064994224,27086.459043722058
2020-11-24,622,21027.33647494779,27522.921876183984
2020-11-25,629,20996.41504044887,27480.48798969463
2020-11-27,634,21073.242653788613,27557.02053497007
2020-11-30,619,20894.41835942019,27435.023111313178
2020-12-01,623,21037.344791406565,27735.09130863075
2020-12-02,622,21153.998648205972,27793.43790255361
2020-12-03,614,21334.58113012936,27785.86042282337
2020-12-04,625,21713.06532321483,28025.30878229901
2020-12-07,593,21676.65471229935,27967.719936349167
2020-12-08,600,21851.802639631143,28049.556717435782
2020-12-09,594,21621.88414980965,27797.984390391757
2020-12-10,600,21860.282292607415,27788.89141471547
2020-12-11,625,21716.837611702165,27756.308251875427
2020-12-14,631,21644.522029191037,27632.03758429946
2020-12-15,632,21978.662344467302,28005.607335000375
2020-12-16,596,21960.937070065585,28049.556717435782
2020-12-17,616,22158.416502935637,28206.410547851785
2020-12-18,624,22164.497753381173,27974.53966810639
2020-12-21,619,22052.12141015487,27874.5169356672
2020-12-22,603,22127.203672767613,27827.536561339697
2020-12-23,625,22235.221619808937,27852.542244449494
2020-12-24,640,22203.688489272077,27960.90020459195
2020-12-28,616,22146.51715658415,28201.106312040614
2020-12-29,601,21986.51195659237,28147.3062059559
2020-12-30,598,22126.42996197895,28187.466848526183
2020-12-31,606,22190.402650296935,28330.68121542775
2021-01-04,541,21957.457383778834,27944.98749715845
2021-01-05,520,22309.46992102856,28137.455482306585
2021-01-06,527,22684.53679947259,28305.675532317953
2021-01-07,532,23111.01973835231,28726.225657346367
2021-01-08,531,23202.182522540934,28889.89921951959
2021-01-11,509,23095.498937489338,28695.157990452375
2021-01-12,520,23410.89242664193,28701.219974236566
2021-01-13,495,23382.402086654558,28778.510267485035
2021-01-14,513,23548.677481704457,28677.729787072818
2021-01-15,520,23298.179354855292,28468.591346518147
2021-01-19,472,23517.26338460405,28692.126998560278
2021-01-20,441,23646.79036530056,29089.186936424943
2021-01-21,450,23657.023040607382,29115.708115480793
2021-01-22,475,23617.88931598856,29012.654391149503
2021-01-25,469,23589.199015402093,29127.07433507615
2021-01-26,477,23488.05286853504,29081.609456694703
2021-01-27,476,22935.35590296726,28370.84185799803
2021-01-28,484,23135.28817791877,28614.836705311816
2021-01-29,493,22783.915958171263,28041.979237705542
2021-02-01,469,23085.426405510138,28508.75198908843
2021-02-02,466,23430.469870979006,28911.87391073729
2021-02-03,476,23527.590784614775,28934.606349928017
2021-02-04,477,23848.466079621543,29263.468970220507
2021-02-05,480,24030.84207583165,29378.64666212018
2021-02-08,470,24337.230756523702,29590.816094566948
2021-02-09,460,24344.303481346178,29571.11464726832
2021-02-10,456,24352.148398283312,29558.232931726907
2021-02-11,464,24395.77988601142,29605.97105402743
2021-02-12,493,24604.32103058098,29752.216412821097
2021-02-16,471,24654.98230234593,29726.452981738275
2021-02-17,467,24565.154009436243,29733.272713495488
2021-02-18,476,24226.721027326257,29606.728802000456
2021-02-19,488,24505.16321873033,29554.444191861785
2021-02-22,458,24350.60342450824,29327.119799954537
2021-02-23,474,24277.568388288117,29362.73395468667
2021-02-24,499,24676.757956061996,29686.29233916799
2021-02-25,514,23982.24143280952,28970.978252633173
2021-02-26,538,23851.87110200273,28821.70190194741
2021-03-01,529,24580.11340485799,29520.3455330757
2021-03-02,541,24348.193754657284,29289.990149276353
2021-03-03,549,24032.445905843535,28902.023187087976
2021-03-04,555,23534.89756526297,28544.366143820564
2021-03-05,593,23905.95149088715,29069.485489126317
2021-03-08,579,23754.028027707984,28924.7556262787
2021-03-09,588,24197.06721562924,29337.728271576874
2021-03-10,593,24509.10135255783,29520.3455330757
2021-03-11,607,24977.077058319228,29819.655982420245
2021-03-12,623,25038.145463779743,29859.816624990526
2021-03-15,583,25244.15250736632,30037.88739865121
2021-03-16,595,24948.787920663486,30000.0
2021-03-17,570,25079.341839291672,30102.295976358266
2021-03-18,618,24462.651418366095,29664.31764795029
2021-03-19,627,24610.111904228594,29512.76805334546
2021-03-22,602,24669.178254383216,29748.427672955975
2021-03-23,587,24199.558217666534,29514.283549291504
2021-03-24,576,23882.099455822983,29364.249450632717
2021-03-25,586,24137.425520961875,29529.43850875199
2021-03-26,595,24553.871901536528,30005.30423581117
2021-03-29,590,24285.442347071352,29990.149276350687
2021-03-30,621,24413.360724225542,29910.58573918315
2021-03-31,623,24641.927725486996,30031.825414867017
2021-04-01,635,24960.76991583833,30356.141547321364
2021-04-05,621,25152.76352425693,30791.846631810262
2021-04-06,637,25213.68022203441,30773.66068045768
2021-04-07,628,25092.371835991973,30809.27483518981
2021-04-08,632,25281.263435699177,30955.52019398348
2021-04-09,637,25317.362507305595,31180.571341971663
2021-04-12,613,25265.94953164744,31191.93756156702
2021-04-13,591,25316.72581211941,31284.382814275974
2021-04-14,571,25292.997819773827,31177.540350079562
2021-04-15,585,25512.824165353526,31512.46495415625
2021-04-16,589,25537.49781160452,31617.79192240661
2021-04-19,578,25320.595442594906,31462.45358793665
2021-04-20,576,25023.41593777496,31232.098204137303
2021-04-21,578,25395.164106828768,31527.61991361673
2021-04-22,589,25230.433024565056,31239.675683867546
2021-04-23,588,25616.208588823258,31578.389027809353
2021-04-26,545,25823.463887225982,31644.313101462456
2021-04-27,526,25811.532691928634,31637.493369705237
2021-04-28,520,25784.98119098434,31628.400394028944
2021-04-29,522,25860.99265043581,31829.961354853378
2021-04-30,526,25593.000374648684,31620.822914298707
2021-05-03,504,25579.16809353505,31689.02023187088
2021-05-04,476,25358.960025263445,31493.521254830644
2021-05-05,476,25338.1720796037,31503.371978479958
2021-05-06,495,25397.549344521976,31754.944305523983
2021-05-07,504,25736.72261276776,31986.057437296357
2021-05-10,474,25361.790057752118,31669.31878457225
2021-05-11,463,25235.8588427323,31386.678790634232
2021-05-12,466,24607.42856812626,30719.860574372964
2021-05-13,483,24816.452857564345,31088.88383723573
2021-05-14,493,25312.629138920052,31566.26506024096
2021-05-17,444,25364.998744897966,31485.9437751004
2021-05-18,438,25274.309401002614,31214.67000075775
2021-05-19,446,25142.37363283545,31132.833219671138
2021-05-20,459,25452.55393080376,31467.757823747823
2021-05-21,474,25461.401832832897,31441.994392665
2021-05-24,452,25682.281453746964,31762.521785254226
2021-05-25,445,25586.39542582954,31692.051223762977
2021-05-26,434,25771.28954090558,31754.944305523983
2021-05-27,467,25924.429570358952,31771.614760930515
2021-05-28,481,25906.62158002984,31828.44585890733
2021-06-01,433,26080.23907220238,31800.409183905434
2021-06-02,436,26155.962318058213,31850.420550125025
2021-06-03,443,26004.578931608066,31732.211866333255
2021-06-04,463,26114.342817204462,32022.42934000152
2021-06-07,448,26176.127620268082,31991.361673107527
2021-06-08,448,26238.528346423333,31998.18140486474
2021-06-09,447,26159.95605449059,31950.443282564218
2021-06-10,456,26245.10595788474,32098.961885276956
2021-06-11,470,26360.532419647654,32152.00424338865
2021-06-14,449,26321.894156135393,32223.990300825943
2021-06-15,457,26230.992896965665,32164.88595893006
2021-06-16,456,26170.217921050935,31985.299689323332
2021-06-17,466,26040.4914388573,31974.691217700998
2021-06-18,477,25664.729618369813,31440.478896718952
2021-06-21,438,26089.803781250062,31890.58119269531
2021-06-22,448,26235.209772929415,32061.07448662575
2021-06-23,454,26241.29522407975,32022.42934000152
2021-06-24,465,26402.399781806747,32211.866333257563
2021-06-25,474,26503.319225701107,32326.28627718421
2021-06-28,474,26446.833947395844,32391.45260286429
2021-06-29,483,26456.73162851381,32408.880806243844
2021-06-30,475,26488.183197590715,32436.159733272714
2021-07-01,485,26645.860351538395,32615.74600287944
2021-07-02,505,26702.338467912356,32865.0450860044
2021-07-06,463,26535.656391432753,32805.18299613548
2021-07-07,509,26496.695001161726,32921.11843600818
2021-07-08,525,26209.015067065084,32652.87565355763
2021-07-09,532,26631.2023768373,33001.439721148745
2021-07-12,508,26673.166268084835,33119.64840494051
2021-07-13,501,26417.92432516752,33006.743956959916
2021-07-14,478,26245.60128007611,33055.997575206486
2021-07-15,482,26120.546584043168,32943.09312722588
2021-07-16,486,25856.325267570857,32684.701068424638
2021-07-19,471,25429.886313851744,32202.015609608246
2021-07-20,472,25944.336298330083,32663.484125179966
2021-07-21,468,26276.10597488671,32927.9381677654
2021-07-22,479,26176.464832417558,32996.8932333106
2021-07-23,479,26290.762933255333,33336.364325225426
2021-07-26,449,26397.01425580859,33418.20110631204
2021-07-27,440,26263.461764205487,33265.89376373418
2021-07-28,437,26356.24764071058,33252.25430021975
2021-07-29,446,26479.548445641092,33390.16443131014
2021-07-30,449,26344.449721193054,33228.00636508297
2021-08-02,452,26295.93614685056,33158.29355156475
2021-08-03,439,26431.59523981876,33428.051829961354
2021-08-04,432,26280.84870699924,33263.620519815115
2021-08-05,440,26500.40553586063,33474.27445631583
2021-08-06,445,26581.959753308103,33529.5900583466
2021-08-09,427,26511.6515455344,33502.31113131772
2021-08-10,451,26518.02426408667,33543.987269834055
2021-08-11,451,26626.98529287029,33627.33954686671
2021-08-12,468,26632.623585239595,33728.12002727893
2021-08-13,472,26579.435098047663,33789.49761309389
2021-08-16,451,26482.38518148804,33869.06115026143
2021-08-17,447,26300.031545801907,33647.04099416534
2021-08-18,444,26050.64551906199,33278.775479275595
2021-08-19,452,25927.261472853956,33330.30234144124
2021-08-20,456,26155.217053199103,33595.5141319997
2021-08-23,421,26453.13598824742,33891.03584147912
2021-08-24,413,26656.516406446888,33944.83594756384
2021-08-25,398,26768.13953963,34016.06425702811
2021-08-26,407,26526.333351560093,33815.2610441767
2021-08-27,409,26911.777770178393,34117.60248541335
2021-08-30,385,27067.64620689805,34267.63658407214
2021-08-31,374,27031.98915250658,34216.867469879515
2021-09-01,369,27119.575542170245,34235.0534212321
2021-09-02,379,27360.674590240822,34340.38038948246
2021-09-03,427,27371.7623170075,34332.04516177919
2021-09-07,360,27258.571798143144,34209.28999014928
2021-09-08,359,27157.633101391013,34167.613851632945
2021-09-09,364,27089.018571724217,34021.36849283928
2021-09-10,366,26949.352055287927,33753.125710388726
2021-09-13,356,27030.77110979021,33839.50897931348
2021-09-14,364,26836.844984920408,33656.89171781466
2021-09-15,359,27025.54351217907,33938.01621580662
2021-09-16,363,27061.786409959735,33884.21610972191
2021-09-17,367,26898.935353761713,33446.995529286956
2021-09-20,343,26392.516909550926,32889.293021141166
2021-09-21,346,26343.007201683165,32858.22535424718
2021-09-22,343,26646.64722487632,33178.7527468364
2021-09-23,347,27007.07583356681,33581.87466848526
2021-09-24,367,26908.759746952644,33637.19027051603
2021-09-27,355,27008.062880451125,33540.95627794196
2021-09-28,358,26504.97846274274,32865.0450860044
2021-09-29,360,26538.76111365948,32920.36068803516
2021-09-30,362,26254.561290178382,32517.996514359325
2021-10-01,419,26560.329914730984,32904.44798060165
2021-10-04,407,26347.92764466331,32480.109115708117
2021-10-05,410,26497.45902466861,32818.064711676896
2021-10-06,411,26509.576887480856,32954.45934682125
2021-10-07,417,26797.78955071449,33239.372584678335
2021-10-08,465,26726.82333410435,33178.7527468364
2021-10-11,407,26633.995662447436,32938.546639387736
2021-10-12,403,26696.680486125435,32857.46760627416
2021-10-13,394,26890.464227222103,32975.67629006592
2021-10-14,401,27302.335046546985,33530.347806319616
2021-10-15,402,27445.66214548532,33785.70887322877
2021-10-18,389,27531.078409705195,33885.731605667956
2021-10-19,396,27761.39116589811,34147.154656361294
2021-10-20,399,27881.82929824798,34281.27604758657
2021-10-21,411,27975.47529516663,34370.69030840343
2021-10-22,412,27950.035881283,34335.07615367129
2021-10-25,411,28129.686166335177,34519.20891111616
2021-10-26,412,28028.517018078594,34550.276578010154
2021-10-27,411,27738.392340687256,34397.21148745927
2021-10-28,408,28091.1858851186,34729.10509964386
2021-10-29,412,28108.637184542295,34799.5756611351
2021-11-01,399,28294.5250642508,34859.43775100402
2021-11-02,355,28314.32352881309,35000.378873986505
2021-11-03,422,28432.960942252394,35214.06380237933
2021-11-04,433,28478.62498333513,35380.010608471624
2021-11-05,445,28550.91070227248,35502.76578010154
2021-11-08,444,28631.616694391483,35533.075699022505
2021-11-09,460,28628.650810285566,35415.624763203756
2021-11-10,471,28330.185409069156,35130.71152534667
2021-11-11,475,28436.56000102578,35142.077744942035
2021-11-12,478,28628.03605322478,35407.289535500495
2021-11-15,460,28633.599306513363,35419.41350306888
2021-11-16,481,28742.691254627232,35559.596878078344
2021-11-17,481,28500.369652702382,35473.213609153594
2021-11-18,488,28323.540302950136,35593.69553686444
2021-11-19,492,28180.0033322564,35530.04470713041
2021-11-22,490,27991.10281924717,35430.02197469122
2021-11-23,474,28012.615630670844,35477.002349018716
2021-11-24,466,28147.072427544408,35571.72084564674
2021-11-26,476,27526.251014455538,34778.358717890434
2021-11-29,476,27707.431287186864,35204.970826703044
2021-11-30,426,27089.603043133822,34519.96665908919
2021-12-01,426,26656.324826060976,34136.54618473895
2021-12-02,429,27181.891148783427,34659.39228612563
2021-12-03,435,26873.075911169617,34357.80859286201
2021-12-06,424,27209.555280609013,34764.719254375996
2021-12-07,380,27842.849775199982,35483.82208077593
2021-12-08,383,28072.07430390259,35577.78282943093
2021-12-09,384,27702.63774049589,35337.57672198227
2021-12-10,386,27740.44529867459,35670.22808213988
2021-12-13,384,27444.105351399296,35354.2471773888
2021-12-14,388,27254.0855742515,35111.01007804804
2021-12-15,398,27556.7545218741,35659.61961051754
2021-12-16,404,27340.87898837268,35345.15420171251
2021-12-17,420,27246.24746973597,34846.55603546261
2021-12-20,392,26792.263573859622,34476.01727665379
2021-12-21,408,27426.415500036084,35088.27763885732
2021-12-22,410,27633.867651208715,35439.114950367504
2021-12-23,417,27856.74629527834,35659.61961051754
2021-12-27,412,28164.045994034725,36164.27976055164
2021-12-28,413,28068.26987836577,36134.7275896037
2021-12-29,406,28046.296596212702,36180.950215958175
2021-12-30,413,28133.259068464788,36080.927483518986
2021-12-31,419,28099.675887804795,35989.99772675608
2022-01-03,335,28353.663310891385,36198.37841933773
2022-01-04,330,28388.26312912492,36186.25445176934
2022-01-05,326,27847.92860662214,35491.39956050618
2022-01-06,331,27912.988287346994,35458.058649693114
2022-01-07,346,27851.62234278954,35317.87527468364
2022-01-10,320,27723.62283789319,35273.92589224824
2022-01-11,340,28149.981484882173,35595.21103281049
2022-01-12,369,28108.12222994295,35691.44502538456
2022-01-13,385,27729.521205475277,35199.666590891866
2022-01-14,396,27724.089083109375,35214.06380237933
2022-01-18,377,27199.046469330024,34590.43722058043
2022-01-19,397,26986.499620875293,34231.26468136698
2022-01-20,405,26720.651530321225,33852.39069485489
2022-01-21,438,26128.737670133843,33187.84572251269
2022-01-24,487,26277.59076985425,33328.78684549519
2022-01-25,495,26017.56577024557,32921.87618398121
2022-01-26,477,25793.04451357951,32839.28165492157
2022-01-27,489,25590.76867069277,32677.123588694405
2022-01-28,497,26135.41259451028,33488.67166780329
2022-01-31,492,26782.82787130927,34091.83905433053
2022-02-01,504,27067.595636835616,34322.194438129874
2022-02-02,497,26984.45285978802,34655.603546260514
2022-02-03,511,26426.235069913015,33841.02447525953
2022-02-04,516,26607.34541869844,34000.15154959461
2022-02-07,511,26517.666668180256,33891.03584147912
2022-02-08,517,26734.481690566325,34169.88709555202
2022-02-09,512,27292.321197810288,34670.00075774798
2022-02-10,528,26844.12058871258,34047.131923922105
2022-02-11,545,26456.310584151586,33375.76721982269
2022-02-14,534,26327.512333367285,33266.651511707205
2022-02-15,553,26801.35332850888,33803.13707660832
2022-02-16,588,26805.458960225365,33841.02447525953
2022-02-17,593,26218.85486931608,33118.13290899447
2022-02-18,672,25977.997445539106,32903.69023262863
2022-02-22,651,25669.556169521944,32550.579677199366
2022-02-23,667,25228.64779638996,31973.175721754946
2022-02-24,676,25669.019245793064,32454.345684625296
2022-02-25,714,26284.655026459368,33170.41751913314
2022-02-28,707,26299.74088674292,33085.54974615443
2022-03-01,711,25927.02903570122,32581.647344093355
2022-03-02,712,26339.29983166235,33181.02599075547
2022-03-03,716,26106.937389228842,33015.8369326362
2022-03-04,723,25778.76433981416,32747.594150185647
2022-03-07,726,24960.84279566682,31782.223232552857
2022-03-08,720,24901.010039630328,31541.259377131166
2022-03-09,743,25570.83345635369,32386.906115026144
2022-03-10,766,25445.017782474122,32240.66075623248
2022-03-11,777,25064.883564427997,31830.7191028264
2022-03-14,705,24833.920116251113,31598.09047510798
2022-03-15,701,25295.312937118702,32292.945366371147
2022-03-16,693,25972.114123485324,33009.01720087899
2022-03-17,696,26335.57164513626,33421.98984617716
2022-03-18,701,26639.06118820893,33683.4128968705
2022-03-21,667,26537.63181748012,33673.56217322119
2022-03-22,643,26844.79941265086,34067.591119193756
2022-03-23,579,26472.84084953437,33628.855042812764
2022-03-24,581,26793.33186204257,34135.788436765935
2022-03-25,585,26880.228063103816,34302.49299083125
2022-03-28,561,27015.706139096055,34546.48783814504
2022-03-29,557,27454.548112107695,34973.857694930666
2022-03-30,556,27198.757661943226,34757.899522618776
2022-03-31,584,26787.688663063465,34222.92945366371
2022-04-01,592,26923.50727389545,34319.92119421081
2022-04-04,562,27053.800476464028,34613.92740774419
2022-04-05,563,26670.527499821368,34176.70682730924
2022-04-06,566,26415.906494013518,33834.96249147534
2022-04-07,577,26475.771626657057,34005.45578540577
2022-04-08,582,26421.521527474444,33914.526028642875
2022-04-11,558,26116.761085177768,33334.848829279385
2022-04-12,583,26024.535315503414,33211.33590967644
2022-04-13,574,26345.162316010406,33591.72539213458
2022-04-14,596,26085.21054042154,33173.448511025235
2022-04-18,526,25999.325555177416,33187.08797453967
2022-04-19,452,26431.3801122208,33722.81579146776
2022-04-20,454,26402.58168752863,33697.81010835796
2022-04-21,461,25916.358970059926,33193.907706296886
2022-04-22,518,25213.713688075382,32283.094642721833
2022-04-25,508,25302.13359997144,32470.2583920588
2022-04-26,488,24638.966969696165,31529.893157535804
2022-04-27,485,24694.89104229813,31618.54967037963
2022-04-28,492,25264.543775600596,32417.216033947112
2022-04-29,501,24445.833954807084,31219.216488595892
2022-05-02,486,24596.33421912997,31407.13798590589
2022-05-03,493,24754.44900546889,31551.11010078048
2022-05-04,487,25493.37226198326,32511.93453057513
2022-05-05,491,24577.667020797846,31356.368871713268
2022-05-06,619,24245.53035922797,31169.205122376297
2022-05-09,590,23325.03928335582,30171.251041903466
2022-05-10,585,23224.764794582163,30240.963855421684
2022-05-11,740,22751.970964630298,29760.55164052436
2022-05-12,751,22965.93620125676,29729.48397363037
2022-05-13,754,23735.592070989846,30440.251572327044
2022-05-16,744,23530.962959234752,30316.738652724103
2022-05-17,752,24099.48651788716,30940.365234522997
2022-05-18,759,23173.16399705615,29693.11207092521
2022-05-19,766,23284.690735944332,29511.252557399406
2022-05-20,778,23261.01556695656,29524.134272940817
2022-05-23,772,23577.015220906575,30076.532545275444
2022-05-24,881,23195.864486194612,29846.934909449115
2022-05-25,892,23562.711149217797,30110.63120406153
2022-05-26,895,24138.469007391388,30712.28309464272
2022-05-27,904,24782.03747961725,31466.242327801774
2022-05-31,859,24559.93824652391,31289.68705008714
2022-06-01,866,24295.56131360899,31036.599227097067
2022-06-02,874,24943.73717676553,31627.642646055923
2022-06-03,910,24536.059890492535,31108.585284534365
2022-06-06,892,24629.776792704935,31203.303781162387
2022-06-07,891,24898.62186890855,31502.614230506937
2022-06-08,891,24599.93807018964,31160.112146700012
2022-06-09,904,23967.244746754415,30419.034629082365
2022-06-10,910,23187.461065626387,29537.01598848223
2022-06-13,864,22149.429907736783,28415.54898840646
2022-06-14,863,22068.985549518282,28329.923467454726
2022-06-15,866,22450.047389264837,28733.803137076608
2022-06-16,881,21538.765592332726,27782.82943093127
2022-06-17,971,21741.78942314599,27722.967341062365
2022-06-21,952,22159.54124628432,28420.853224217626
2022-06-22,965,22165.613469892523,28369.32636205198
2022-06-23,965,22457.287101120255,28647.41986815185
2022-06-24,969,23232.372143969147,29558.232931726907
2022-06-27,947,23140.323410791072,29445.328483746303
2022-06-28,992,22660.044604731786,28843.676593165113
2022-06-29,1003,22513.997746455145,28820.18640600136
2022-06-30,1012,22248.384236493635,28586.042282336894
2022-07-01,1026,22514.884168220935,28888.38372357354
2022-07-05,867,22668.544680545525,28942.941577631278
2022-07-06,846,22591.474656959173,29040.691066151398
2022-07-07,848,23024.673578946535,29475.638402667275
2022-07-08,848,22948.742099031697,29451.390467530502
2022-07-11,675,22617.928145599704,29114.95036750777
2022-07-12,675,22517.930649899077,28857.31605667955
2022-07-13,662,22421.822039978175,28705.766462074713
2022-07-14,662,22239.281886031702,28636.053648556495
2022-07-15,667,22726.135959453546,29183.14768507994
2022-07-18,707,22664.681179132836,28942.183829658257
2022-07-19,711,23382.68067915492,29724.179737819202
2022-07-20,754,23665.894489233433,29913.616731075243
2022-07-21,812,23881.397815609747,30218.231416230963
2022-07-22,816,23610.49042442642,29937.86466621202
2022-07-25,697,23645.434084385157,29974.23656891718
2022-07-26,690,23335.60238375767,29619.610517541863
2022-07-27,687,23925.928845797083,30388.724710161405
2022-07-28,728,24221.33543674041,30769.87194059256
2022-07-29,725,24410.16474429513,31218.45874062287
2022-08-01,725,24408.414696611544,31126.01348791392
2022-08-02,752,24260.050161841747,30920.66378722437
2022-08-03,748,24610.73354171061,31404.864741986814
2022-08-04,760,24597.731198418056,31383.64779874214
2022-08-05,763,24611.62931533479,31330.605440630447
2022-08-08,773,24663.760746718555,31294.233537925287
2022-08-09,779,24442.96600585317,31169.962870349325
2022-08-10,758,25039.055817308075,31824.657119042207
2022-08-11,776,25110.220379561,31824.657119042207
2022-08-12,779,25517.252246305135,32363.415927862396
2022-08-15,764,25544.812885563802,32496.77957111465
2022-08-16,676,25676.17113393844,32560.43040084868
2022-08-17,616,25423.852953186808,32329.317269076302
2022-08-18,618,25519.621975979207,32423.2780177313
2022-08-19,626,25140.716480207073,31987.5729332424
2022-08-22,601,24636.67444350401,31321.51246495416
2022-08-23,602,24632.726088491603,31245.73766765174
2022-08-24,648,24738.126277426312,31345.76040009093
2022-08-25,652,25105.71673486377,31788.285216337044
2022-08-26,664,24293.15254530058,30712.28309464272
2022-08-29,595,24136.89625545292,30509.206637872245
2022-08-30,590,23833.46288709983,30174.282033795556
2022-08-31,594,23638.94855500388,29944.68439796924
2022-09-01,600,23625.57217367716,30038.645146624236
2022-09-02,609,23451.193375652383,29721.90649390013
2022-09-06,591,23317.5227341184,29609.75979389255
2022-09-07,682,23703.16072199988,30141.69887095552
2022-09-08,689,23943.97309037627,30338.713343941803
2022-09-09,735,24372.32241562854,30810.032583162843
2022-09-12,745,24574.34239120918,31141.168447374406
2022-09-13,753,23596.710101791366,29787.072819580208
2022-09-14,692,23616.925365981282,29900.735015533835
2022-09-15,701,23404.08158115339,29561.263923619004
2022-09-16,719,23145.97461666357,29215.730847919982
2022-09-19,595,23299.38986632995,29442.297491854213
2022-09-20,598,22955.483880750046,29104.341895885427
2022-09-21,591,22547.111063466153,28596.650753959235
2022-09-22,601,22213.65151608521,28356.444646510576
2022-09-23,606,21766.939775049566,27881.336667424413
2022-09-26,563,21420.10916037013,27605.516405243616
2022-09-27,571,21426.445626806686,27535.045843752367
2022-09-28,569,21951.99493965318,28076.83564446465
2022-09-29,577,21507.796889092362,27490.338713343943
2022-09-30,686,21262.091990011504,27065.242100477382
2022-10-03,612,21884.824368306014,27779.798439039176
2022-10-04,608,22637.07300700081,28640.600136394634
2022-10-05,576,22592.871338342273,28573.918314768507
2022-10-06,580,22348.456020089903,28279.154353262107
2022-10-07,602,21728.652995652636,27490.338713343943
2022-10-10,577,21543.741537979884,27280.442524816248
2022-10-11,576,21395.43554958231,27107.675986966737
2022-10-12,564,21349.002066320263,27018.26172614988
2022-10-13,605,21872.40798650309,27731.302568765634
2022-10-14,611,21339.007495636528,27099.340759263472
2022-10-17,597,21877.364192071353,27795.711146472684
2022-10-18,609,22147.715615013225,28122.3005228461
2022-10-19,604,21897.90546651645,27923.012805940743
2022-10-20,612,21754.616222995865,27688.86868227628
2022-10-21,612,22203.539724673847,28361.748882321743
2022-10-24,563,22413.412903574277,28708.797453966814
2022-10-25,555,22920.11304253609,29167.234977646436
2022-10-26,555,22850.16803235258,28947.488065469424
2022-10-27,560,22776.70776498102,28792.907478972495
2022-10-28,564,23244.199261223403,29477.911646586344
2022-10-31,549,23112.69103508055,29264.984466166552
2022-11-01,547,23120.08332965995,29136.92505872547
2022-11-02,554,22469.887778021108,28405.698264757146
2022-11-03,612,22236.65587549442,28113.20754716981
2022-11-04,723,22535.530224149185,28517.84496476472
2022-11-07,636,22715.521803838987,28790.63423505342
2022-11-08,595,22921.125992419966,28945.972569523376
2022-11-09,607,22389.562997230307,28349.62491475335
2022-11-10,611,23825.760897468568,29907.55474729105
2022-11-11,618,24219.037103354774,30197.014472986284
2022-11-14,591,23964.99716189337,29940.137910131092
2022-11-15,581,24257.8132856508,30195.498977040235
2022-11-16,595,23867.9697068199,29965.143593240886
2022-11-17,601,23669.45756283588,29873.456088504965
2022-11-18,606,23742.12141752556,30009.09297567629
2022-11-21,589,23607.418772634355,29899.977267560807
2022-11-22,590,23942.88590214764,30302.341441236644
2022-11-23,593,24131.90969565507,30493.293930438736
2022-11-25,598,24132.866099610244,30486.474198681517
2022-11-28,575,23724.906274585,30000.0
2022-11-29,468,23769.09220599236,29948.473137834357
2022-11-30,469,24542.12526664145,30891.869364249455
2022-12-01,479,24535.500025683978,30869.136925058727
2022-12-02,485,24530.666668775,30833.522770326592
2022-12-05,511,23923.989327365995,30278.851254072895
2022-12-06,495,23539.528175538788,29842.388421610973
2022-12-07,542,23500.15295285453,29791.619307418354
2022-12-08,553,23719.188856068875,30025.0056831098
2022-12-09,557,23558.055114443163,29800.71228309464
2022-12-12,521,23915.751843314338,30230.35538379935
2022-12-13,535,24174.0562640208,30459.195271652654
2022-12-14,538,24010.915964256503,30264.454042585432
2022-12-15,545,23369.29071885331,29524.134272940817
2022-12-16,553,23110.868213124544,29042.206562097443
2022-12-19,530,22745.617623810052,28795.938470864592
2022-12-20,533,22834.094774508,28835.34136546185
2022-12-21,527,23159.37647633623,29266.499962112604
2022-12-22,534,22838.17105510582,28848.980828976284
2022-12-23,538,22955.50822000842,29014.92763506858
2022-12-27,516,22849.44850632804,28900.507691141924
2022-12-28,514,22542.795134602053,28541.33515192847
2022-12-29,516,23089.16316254216,29055.088277638857
2022-12-30,516,23029.961858920287,28978.555732363417
2023-01-03,337,22983.250362268653,28856.558308706524
2023-01-04,337,23359.498988405863,29079.33621277563
2023-01-05,341,23085.74949884295,28747.442600591043
2023-01-06,352,23557.495528728618,29406.68333712207
2023-01-09,316,23635.330709737642,29390.012881715546
2023-01-10,352,23842.923687189515,29596.120330378115
2023-01-11,353,24233.698670321563,29970.447829052056
2023-01-12,421,24428.605699226657,30079.563537167538
2023-01-13,431,24506.989164299463,30196.256725013263
2023-01-17,414,24496.253713648977,30140.941122982495
2023-01-18,418,24166.1961738757,29665.07539592332
2023-01-19,426,24017.25321930134,29449.11722361143
2023-01-20,426,24512.186287282217,29997.726756080927
2023-01-23,417,24883.710902714563,30357.65704326741
2023-01-24,422,24785.0818998298,30325.073880427368
2023-01-25,421,24878.375083923722,30336.440100022734
2023-01-26,425,25180.39778285775,30669.84920815337
2023-01-27,427,25278.46140765313,30740.319769644615
2023-01-30,417,24925.275319055807,30354.62605137531
2023-01-31,411,25385.250402112626,30800.93960748655
2023-02-01,443,25718.64974690824,31128.28673183299
2023-02-02,449,26126.44170136297,31581.420019701447
2023-02-03,470,25733.560816584086,31245.73766765174
2023-02-06,412,25506.27943980283,31054.78517844965
2023-02-07,410,25757.03911546834,31460.938091990603
2023-02-08,404,25495.9492519266,31116.920512237626
2023-02-09,408,25234.863938622857,30847.16223384102
2023-02-10,410,25169.354913756066,30919.14829127832
2023-02-13,434,25427.02830745843,31282.1095703569
2023-02-14,437,25498.61112636203,31267.71235886944
2023-02-15,453,25712.485647411944,31369.250587254683
2023-02-16,470,25340.862894993665,30937.3342426309
2023-02-17,479,25242.28121242535,30860.043949382434
2023-02-21,467,24705.216048832805,30240.963855421684
2023-02-22,487,24703.801669152577,30199.28771690536
2023-02-23,488,24778.236890511263,30359.930287186482
2023-02-24,495,24457.039915259327,30035.614154732135
2023-02-27,507,24521.637847508187,30137.9101310904
2023-02-28,574,24489.586941012214,30026.521179055846
2023-03-01,568,24394.27356225153,29911.343487156173
2023-03-02,601,24561.763048993922,30143.972114874592
2023-03-03,605,24927.62570259914,30627.415321664015
2023-03-06,596,24828.394927943136,30648.632264908694
2023-03-07,654,24442.52499742231,30178.828521633703
2023-03-08,662,24529.669057445088,30228.082139880276
2023-03-09,665,24020.666800820654,29670.379631734486
2023-03-10,668,23554.59846587938,29242.25202697583
2023-03-13,562,23382.852309852322,29200.5758884595
2023-03-14,562,23728.266431166416,29683.261347275897
2023-03-15,611,23460.548694608933,29497.61309388497
2023-03-16,641,23795.056656527428,30015.154959460488
2023-03-17,646,23388.8284586744,29551.41319996969
2023-03-20,637,23601.74862131296,29835.568689853757
2023-03-21,638,23972.675696874194,30227.324391907256
2023-03-22,630,23487.581365864153,29712.055770250812
2023-03-23,636,23416.199371016897,29792.37705539138
2023-03-24,639,23576.15666797591,29987.876032431614
2023-03-27,678,23739.202632659842,30043.949382435403
2023-03-28,684,23690.840825711683,29976.50981283625
2023-03-29,679,24085.551569100717,30412.214897325153
2023-03-30,680,24179.652695087017,30590.285670985828
2023-03-31,682,24507.019484062286,31021.444267636583
2023-04-03,660,24542.778794205806,31139.652951428354
2023-04-04,684,24377.25740167889,30966.886413578846
2023-04-05,673,24301.11600903403,30885.80738046526
2023-04-06,684,24378.543142324568,31006.2893081761
2023-04-10,678,24442.953034805625,31038.114723043116
2023-04-11,749,24575.08700795959,31046.44995074638
2023-04-12,694,24461.149086973946,30919.90603925135
2023-04-13,697,24727.637220870893,31330.605440630447
2023-04-14,705,24588.78419543673,31254.072895355006
2023-04-17,664,24764.87094241755,31366.219595362585
2023-04-18,670,24760.78557478479,31386.678790634232
2023-04-19,667,24793.349850602663,31381.374554823065
2023-04-20,676,24588.470588349115,31210.123512919603
2023-04-21,686,24567.82632810087,31234.371448056376
2023-04-24,670,24594.460913424664,31266.954610896413
2023-04-25,673,24149.491313963295,30770.629688565583
2023-04-26,701,23989.524432277194,30640.29703720543
2023-04-27,721,24375.54314269701,31250.284155489884
2023-04-28,731,24582.005830082413,31517.011441994393
2023-05-01,655,24518.571096626994,31485.186027127376
2023-05-02,666,24037.75177349267,31131.317723725086
2023-05-03,664,23903.167387390895,30917.63279533227
2023-05-04,669,23667.46368526904,30698.643631128285
2023-05-05,680,24224.979384922517,31266.954610896413
2023-05-08,604,24168.64978186662,31275.289838599685
2023-05-09,614,24034.317742105246,31138.137455482305
2023-05-10,606,23991.339244853447,31283.62506630295
2023-05-11,618,23841.568942278045,31229.067212245205
2023-05-12,622,23793.769473424072,31188.148821701903
2023-05-15,516,24056.873919245234,31295.749033871332
2023-05-16,517,23685.18935446478,31086.610593316662
2023-05-17,521,24163.67944856564,31463.9690838827
2023-05-18,529,24304.71077052895,31767.06827309237
2023-05-19,529,24217.487570872403,31720.845646737893
2023-05-22,574,24428.522526112854,31733.727362279307
2023-05-23,578,24264.210242059566,31377.585814957944
2023-05-24,594,23908.995071387315,31150.261423050695
2023-05-25,601,23930.82885175348,31420.019701447298
2023-05-26,604,24194.79937214481,31826.93036296128
2023-05-30,598,24184.645917634545,31839.054330529667
2023-05-31,552,23927.008258092617,31662.499052815037
2023-06-01,556,24148.905932949205,31963.324998105632
2023-06-02,563,24748.5070068555,32425.551261650377
2023-06-05,514,24607.201455816936,32363.415927862396
2023-06-06,517,24918.8812713525,32433.88648935364
2023-06-07,531,25122.887392110464,32321.739789346066
2023-06-08,542,25140.825481659427,32517.238766386297
2023-06-09,552,25058.948797020403,32575.58536030916
2023-06-12,488,25175.68799708551,32871.10706978859
2023-06-13,496,25487.3644486378,33087.8229900735
2023-06-14,498,25325.4346478467,33127.225884670755
2023-06-15,504,25631.434627966246,33537.92528604986
2023-06-16,511,25524.478419681196,33299.99242252027
2023-06-20,483,25310.183871000103,33127.225884670755
2023-06-21,482,25203.11627428346,32957.490338713345
2023-06-22,496,25038.68473100639,33076.45677047814
2023-06-23,500,24785.27773824017,32826.39993938016
2023-06-26,434,24909.992692630232,32692.278548154885
2023-06-27,469,25152.52651212432,33050.69333939532
2023-06-28,448,25099.25471459808,33067.36379480185
2023-06-29,454,25297.409189647242,33197.69644616201
2023-06-30,532,25515.644113944974,33589.4521482155
2023-07-03,512,25657.336393068723,33628.09729483974
2023-07-05,499,25546.04941888992,33578.08592862014
2023-07-06,513,25287.86284340478,33315.14738198075
2023-07-07,536,25341.143236973654,33231.03735697507
2023-07-10,511,25443.893094141724,33315.14738198075
2023-07-11,508,25718.23261090293,33527.31681442752
2023-07-12,511,25846.65350291353,33797.075092824125
2023-07-13,512,26051.01669835083,34065.31787527468
2023-07-14,519,25883.364149827685,34044.10093203001
2023-07-17,541,25948.040623029654,34162.309615821774
2023-07-18,547,26198.484240323145,34416.155186784876
2023-07-19,493,26367.62448961632,34492.687732060316
2023-07-20,496,26358.406211414742,34263.84784420702
2023-07-21,510,26406.998541102235,34263.84784420702
2023-07-24,437,26521.80787707688,34416.9129347579
2023-07-25,435,26503.307073419594,34510.873683412894
2023-07-26,439,26601.201046601516,34516.177919224065
2023-07-27,439,26389.367207319145,34287.33803137077
2023-07-28,443,26538.21772900476,34623.02038342047
2023-07-31,481,26599.041982474508,34688.94445707358
2023-08-01,477,26482.079364333145,34589.679472607415
2023-08-02,475,26237.6624971783,34108.50950973706
2023-08-03,479,26119.588131768523,34010.76002121694
2023-08-04,536,25917.29294167545,33856.93718269304
2023-08-07,509,26094.544493170226,34152.458892172464
2023-08-08,528,25964.45975567577,34003.94028945973
2023-08-09,522,25900.22622497132,33776.615897552474
2023-08-10,531,25914.919258081718,33788.739865120864
2023-08-11,536,25920.65589113349,33769.03841782223
2023-08-14,502,25946.020522326966,33955.44441918618
2023-08-15,500,25622.86847799122,33559.89997726756
2023-08-16,503,25458.694750282324,33313.6318860347
2023-08-17,505,25264.809096683308,33059.78631507161
2023-08-18,509,25268.3715745022,33075.69902250512
2023-08-21,494,25292.396686273703,33290.89944684398
2023-08-22,498,25203.844354134464,33200.727438054106
2023-08-23,493,25413.430133247253,33570.508448889894
2023-08-24,497,25167.403678436684,33105.251193453056
2023-08-25,500,25304.383453738978,33338.63756914451
2023-08-28,446,25467.94788519787,33550.04925361824
2023-08-29,370,25814.916221226533,34035.00795635372
2023-08-30,448,25899.615272332598,34175.19133136319
2023-08-31,450,25764.46836944029,34125.179965143594
2023-09-01,453,25840.392006973292,34188.83079487762
2023-09-05,424,25585.590370201277,34041.06994013791
2023-09-06,424,25456.98138681056,33812.23005228461
2023-09-07,472,25365.181227840396,33708.4185799803
2023-09-08,483,25354.930164642825,33759.18769417291
2023-09-11,485,25468.50735202599,33981.207850269
2023-09-12,484,25423.47751210772,33794.80184890506
2023-09-13,443,25364.86215647245,33834.20474350231
2023-09-14,516,25618.795520425858,34125.93771311662
2023-09-15,521,25377.735204199806,33596.27187997272
2023-09-18,520,25288.63573890038,33615.97332727135
2023-09-19,515,25250.320611565625,33546.26051375313
2023-09-20,516,25105.77231607834,33237.857088732286
2023-09-21,528,24656.33804819755,32688.48980828976
2023-09-22,534,24564.735475221685,32614.98825490642
2023-09-25,526,24634.726129931543,32752.140638023793
2023-09-26,528,24297.40589048194,32270.970675153447
2023-09-27,573,24289.239135578864,32283.852390694858
2023-09-28,578,24428.160963817816,32471.016140031825
2023-09-29,582,24381.36634655653,32392.21035083731
2023-10-02,577,24175.617663542955,32379.328635295904
2023-10-03,639,23864.832389326937,31945.89679472607
2023-10-04,689,24028.950733815796,32178.525422444494
2023-10-05,691,23956.792170978657,32166.401454876108
2023-10-06,695,24185.16984995496,32548.306433280293
2023-10-09,660,24313.236825784945,32756.68712586194
2023-10-10,657,24488.956903354912,32927.18041979238
2023-10-11,747,24488.24655485631,33062.05955899068
2023-10-12,753,24219.46887250834,32860.498598166254
2023-10-13,760,24168.569402271056,32696.825035993028
2023-10-16,749,24439.222640000535,33040.842615746005
2023-10-17,781,24522.413638833317,33039.32711979996
2023-10-18,803,24160.51344315707,32599.07554747291
2023-10-19,807,23901.5309728712,32312.646813669773
2023-10-20,808,23638.807427516138,31915.586875805107
2023-10-23,805,23535.563715286222,31860.271273774342
2023-10-24,808,23726.680763622102,32100.477381223005
2023-10-25,807,23431.111730342167,31639.76661362431
2023-10-26,813,23325.679694585295,31260.892627112225
2023-10-27,813,23101.34796997521,31119.193756156703
2023-10-30,736,23281.821123979946,31491.24801091157
2023-10-31,734,23467.336796488413,31689.02023187088
2023-11-01,810,23598.133229389987,32026.975827839662
2023-11-02,842,24103.48962900009,32640.75168598924
2023-11-03,847,24421.84665238098,32938.546639387736
2023-11-06,899,24325.827739381806,33014.32143669015
2023-11-07,889,24322.65880929018,33108.28218534516
2023-11-08,887,24303.64753831531,33132.530120481926
2023-11-09,894,24047.85270200205,32874.138061680685
2023-11-10,894,24356.925555329475,33387.13343941805
2023-11-13,914,24356.710183643856,33355.308024551035
2023-11-14,917,24995.703492960645,34002.42479351368
2023-11-15,914,25122.34766456684,34074.410850950975
2023-11-16,919,25042.768779680933,34116.0869894673
2023-11-17,928,25160.355504841093,34158.52087595666
2023-11-20,908,25311.153364727114,34421.459422596046
2023-11-21,906,25283.159147948223,34346.44237326665
2023-11-22,900,25415.33073653341,34479.048268545885
2023-11-24,913,25461.636592649753,34500.26521179056
2023-11-27,810,25368.09596535437,34438.12987800258
2023-11-28,808,25416.621148208975,34472.228536788665
2023-11-29,804,25535.92404005187,34447.98060165189
2023-11-30,807,25669.117528412426,34583.61748882321
2023-12-01,808,26010.73727316219,34788.20944153975
2023-12-04,638,25985.769305365677,34605.59218004092
2023-12-05,673,25811.803775916316,34598.7724482837
2023-12-06,703,25808.20945126663,34459.34682124725
2023-12-07,706,25954.332435762844,34722.28536788664
2023-12-08,715,26039.845546828594,34871.561718572404
2023-12-11,618,26366.767580549284,35007.19860574373
2023-12-12,624,26387.20269242214,35167.08342805183
2023-12-13,623,26887.73470839889,35652.042130787304
2023-12-14,625,27306.4133841356,35766.46207471395
2023-12-15,635,27168.073502787815,35563.38561794347
2023-12-18,573,27196.617331632424,35763.43108282185
2023-12-19,577,27458.182503135355,35980.90475107979
2023-12-20,563,27039.634703107095,35482.30658482989
2023-12-21,570,27365.25466131462,35818.74668485262
2023-12-22,572,27458.71370063509,35890.73274228992
2023-12-26,561,27611.192285791087,36042.28233689475
2023-12-27,559,27674.520323294666,36107.448662574825
2023-12-28,560,27694.913373991832,36121.088126089264
2023-12-29,573,27585.55332585686,36016.51890581193
2024-01-02,449,27610.811258061964,35814.957944987495
2024-01-03,356,27332.601846254584,35522.46722740017
2024-01-04,364,27274.93774953249,35408.04728347351
2024-01-05,374,27311.285977468317,35456.543153747065
2024-01-08,361,27639.556224454216,35962.71879972721
2024-01-09,363,27537.856037438756,35908.16094566947
2024-01-10,262,27628.009837848775,36111.237402439954
2024-01-11,408,27572.31616813856,36095.32469500644
2024-01-12,426,27561.092654873424,36120.33037811624
2024-01-16,402,27383.955146848668,35987.72448283701
2024-01-17,402,27174.817328292538,35787.67901795863
2024-01-18,410,27359.669783725818,36105.933166628776
2024-01-19,415,27585.7330312278,36556.03546260514
2024-01-22,403,27679.166375210516,36633.325755853606
2024-01-23,406,27732.211590376824,36740.168220050014
2024-01-24,426,27586.75184405345,36780.32886262029
2024-01-25,433,27795.698885113925,36980.37432749867
2024-01-26,436,27793.262887686218,36933.39395317117
2024-01-29,430,27988.783642123886,37225.8846707585
2024-01-30,433,27991.90404271984,37197.09024778359
2024-01-31,427,27638.805016191174,36590.134121391224
2024-02-01,431,27975.04606196514,37069.0308403425
2024-02-02,442,27995.21110366417,37459.271046449954
2024-02-05,371,27839.554212143248,37322.8764113056
2024-02-06,365,27929.478808986107,37431.23437144806
2024-02-07,362,28061.225306171866,37743.42653633402
2024-02-08,364,28134.67772895117,37760.096991740545
2024-02-09,368,28267.125657622673,37978.32840797151
2024-02-12,355,28381.500660631445,37961.65795256498
2024-02-13,356,27848.877651684426,37438.811851178296
2024-02-14,418,28158.424444592223,37779.04069106615
2024-02-15,420,28435.725018730584,38039.70599378647
2024-02-16,427,28330.857012308294,37850.269000530425
2024-02-20,416,28208.256729533914,37641.88830794878
2024-02-21,422,28194.331486901963,37675.98696673486
2024-02-22,427,28617.16291662965,38455.70963097674
2024-02-23,434,28642.123058322417,38482.23081003259
2024-02-26,433,28617.90227124278,38341.28968705009
2024-02-27,426,28693.682637252015,38412.51799651436
2024-02-28,431,28677.059037167324,38361.748882321735
2024-02-29,433,28808.24875069901,38499.659013412136
2024-03-01,436,28979.312370600142,38861.10479654467
2024-03-04,426,28948.48057125168,38819.42865802834
2024-03-05,417,28748.30717193414,38431.461695839964
2024-03-06,423,28932.12163855348,38626.20292490718
2024-03-07,426,29148.628445402257,39009.623399257405
2024-03-08,433,29025.247112944176,38775.479275592945
2024-03-11,285,29061.836686789757,38742.13836477987
2024-03-12,276,29225.8468501676,39158.899749943164
2024-03-13,276,29237.935404969634,39097.52216412822
2024-03-14,280,29004.816908094937,39020.231870879754
2024-03-15,282,28925.07408734119,38632.264908691366
2024-03-18,275,28977.40028796461,38861.862544517695
2024-03-19,277,29112.233556522035,39077.820716829585
2024-03-20,274,29355.003588480078,39439.26649996211
2024-03-21,338,29533.973000481616,39569.59915132227
2024-03-22,347,29321.53089406389,39494.582101992884
2024-03-25,319,29221.270979924975,39385.466393877396
2024-03-26,345,29191.563129900056,39312.72258846707
2024-03-27,346,29534.192419910505,39643.10070470561
2024-03-28,349,29575.147509323786,39635.523224975375
2024-04-01,348,29445.726853159922,39566.56815943017
2024-04-02,342,29120.191746995737,39314.99583238615
2024-04-03,336,29210.885464977415,39358.187466848525
2024-04-04,339,28800.623080677324,38877.77525195121
2024-04-05,346,29012.837385911214,39283.92816549216
2024-04-08,367,29062.000266768668,39305.90285670986
2024-04-09,364,29217.048992927168,39351.36773509131
2024-04-10,360,28755.277211190307,38957.33878911874
2024-04-11,382,28871.38224920399,39251.34500265212
2024-04-12,385,28293.788482486747,38709.55520193984
2024-04-15,307,28000.028828406426,38224.59649920437
2024-04-16,312,27956.06890515489,38154.88368568614
2024-04-17,315,27869.52830142761,37929.07478972494
2024-04-18,315,27913.067211090824,37851.02674850345
2024-04-19,318,27877.17699549814,37520.64863226491
2024-04-22,309,28095.733048938175,37866.18170796393
2024-04-23,312,28427.34822062474,38315.52625596726
2024-04-24,350,28492.424573700013,38297.340304614685
2024-04-25,361,28381.373262483008,38151.85269379405
2024-04-26,365,28535.03245142866,38513.298476926575
2024-04-29,402,28721.4317593078,38649.69311207093
2024-04-30,413,28265.276176314823,38037.432749867396
2024-05-01,411,28116.82744832703,37913.91983026446
2024-05-02,419,28428.03193863699,38268.545881639766
2024-05-03,426,28668.08311319422,38742.896112752904
2024-05-06,420,28891.149968696893,39142.98704250967
2024-05-07,421,28925.948847044714,39186.178676972035
2024-05-08,424,28878.8655725984,39189.967416837164
2024-05-09,427,29113.181199324383,39415.77631279836
2024-05-10,434,29144.822743199547,39466.54542699099
2024-05-13,426,29236.837815655064,39471.84966280215
2024-05-14,428,29365.11111874266,39652.95142835493
2024-05-15,427,29590.86900134269,40143.972114874596
2024-05-16,437,29607.928828397984,40061.37758581496
2024-05-17,446,29648.270821116217,40118.9664317648
2024-05-20,379,29612.404101349995,40165.189058119264
2024-05-21,379,29619.067476595075,40263.69629461241
2024-05-22,389,29589.839329897728,40147.76085473971
2024-05-23,395,29146.085927419146,39854.51238917936
2024-05-24,398,29366.146707641707,40118.208683791774
2024-05-28,360,29234.12083893148,40146.24535879366
2024-05-29,457,28899.416161591926,39865.1208608017
2024-05-30,560,28998.037371088478,39600.66681821626
2024-05-31,561,29352.429770074155,39961.35485337577
2024-06-03,558,29230.21716992059,39993.938016215805
2024-06-04,558,29135.96636924318,40038.64514662423
2024-06-05,541,29344.910708993484,40514.51087368341
2024-06-06,546,29321.645304210615,40513.753125710384
2024-06-07,555,29200.171829111023,40464.49950746382
2024-06-10,533,29253.12393846935,40589.5279230128
2024-06-11,537,29192.38801464875,40687.27741153292
2024-06-12,538,29406.365756362295,41021.44426763658
2024-06-13,543,29302.02838753121,41104.03879669622
2024-06-14,551,29088.75583210609,41129.04447980601
2024-06-17,545,29283.811478796295,41456.391604152464
2024-06-18,544,29310.13249624646,41561.71857240282
2024-06-20,541,29359.37398794479,41448.81412442221
2024-06-21,583,29441.66845006489,41260.134879139194
2024-06-24,545,29516.012989592095,41126.01348791392
2024-06-25,570,29398.627930710743,41284.382814275974
2024-06-26,523,29372.93548571552,41335.90967644161
2024-06-27,529,29464.936103942302,41401.07600212169
2024-06-28,534,29525.119708601807,41238.160187921494
2024-07-01,512,29394.935304828276,41323.02796090021
2024-07-02,555,29567.048182535185,41601.12146700008
2024-07-03,629,29663.44242598174,41786.769720391
2024-07-05,631,29716.415715453324,42027.73357581268
2024-07-08,632,29757.43646549818,42076.22944608623
2024-07-09,628,29617.018854034464,42117.14783662954
2024-07-10,625,29907.77822981533,42533.909221792834
2024-07-11,626,30160.13358492048,42167.159202849136
2024-07-12,629,30423.245034881376,42433.12874138062
2024-07-15,615,30517.80162748224,42549.82192922633
2024-07-16,609,31019.994015299813,42802.152004243384
2024-07-17,608,30737.805451391097,42202.01560960825
2024-07-18,612,30413.103638185545,41877.6994771539
2024-07-19,619,30167.114225071426,41599.605971054036
2024-07-22,609,30426.858815943342,42028.49132378571
2024-07-23,609,30357.810465291113,41962.567250132604
2024-07-24,621,29784.75702208089,41011.59354398727
2024-07-25,622,29817.841798300946,40797.90861559445
2024-07-26,624,30260.955060557764,41254.83064332803
2024-07-29,429,30225.222602500544,41279.0785784648
2024-07-30,430,30148.762456900415,41069.94013791013
2024-07-31,426,30568.245325956872,41737.51610214443
2024-08-01,433,30027.895665035623,41146.47268318557
2024-08-02,438,29327.835691192864,40380.38948245814
2024-08-05,577,28548.986039264088,39204.36462832462
2024-08-06,631,28765.609901014195,39565.81041145715
2024-08-07,631,28526.325656367622,39301.35636887171
2024-08-08,662,29135.19151223288,40209.896188527695
2024-08-09,665,29154.879270797286,40387.20921421535
2024-08-12,659,29065.6478587887,40408.42615746003
2024-08-13,654,29593.384679915584,41072.97112980222
2024-08-14,643,29655.501192416436,41202.54603318936
2024-08-15,648,30180.48321849197,41908.767144047895
2024-08-16,652,30253.388100852826,42002.72789270288
2024-08-19,648,30525.922894621985,42404.3343184057
2024-08-20,617,30407.483622403015,42335.379252860504
2024-08-21,600,30613.320797209093,42480.86686368114
2024-08-22,608,30404.452325039063,42147.45775555051
2024-08-23,608,30836.791018786644,42595.28680760779
2024-08-26,572,30799.60157511477,42493.74857922255
2024-08-27,568,30789.339973102764,42552.09517314541
2024-08-28,563,30594.395738967774,42305.06933393952
2024-08-29,567,30696.67297459904,42308.85807380465
2024-08-30,566,30906.18632987096,42712.73774342653
2024-09-03,438,30347.376539041783,41833.750094718496
2024-09-04,434,30279.19986817223,41748.12457376677
2024-09-05,433,30153.218460453067,41646.586345381525
2024-09-06,434,29760.559459261294,40945.66947033416
2024-09-09,441,30022.811123527743,41404.10699401379
2024-09-10,447,30067.90548518107,41584.45101159354
2024-09-11,450,30269.836745061722,42011.06312040615
2024-09-12,450,30434.260019271434,42364.93142380844
2024-09-13,453,30748.961432700384,42586.193831931494
2024-09-16,445,30894.39886503728,42649.08691369251
2024-09-17,442,30942.987240279737,42666.51511707207
2024-09-18,426,30850.726518422125,42539.97120557703
2024-09-19,426,31251.342566537638,43265.89376373418
2024-09-20,428,31125.495283006432,43059.02856709858
2024-09-23,421,31232.430106582335,43166.628779268016
2024-09-24,424,31304.24552271965,43290.14169887095
2024-09-25,421,31125.66440172084,43194.66545426991
2024-09-26,423,31483.323009630185,43365.91649617337
2024-09-27,481,31589.41334146724,43303.02341441237
2024-09-30,470,31586.476461546416,43476.5477002349
2024-10-01,467,31373.18819790583,43087.06524210048
2024-10-02,315,31396.230960275978,43105.25119345306
2024-10-03,318,31291.465070381815,43026.44540425855
2024-10-04,322,31504.834960763827,43417.44335833901
2024-10-07,238,31240.714591020416,43024.92990831249
2024-10-08,231,31442.970513060805,43431.84056982647
2024-10-09,234,31658.77845561616,43732.66651511707
2024-10-10,238,31616.133699047754,43656.133969841634
2024-10-11,242,31896.912297033825,43917.55702053497
2024-10-14,263,32130.580007061682,44276.72955974843
2024-10-15,324,31904.5616995936,43932.71197999545
2024-10-16,325,32079.5695641327,44123.66446919754
2024-10-17,326,32086.221105637935,44127.45320906267
2024-10-18,336,32192.568682973342,44297.18875502008
2024-10-21,310,31989.70332795597,44224.44494960976
2024-10-22,319,31911.530396493534,44200.95476244602
2024-10-23,320,31733.804885085457,43797.075092824125
2024-10-24,385,31865.456959476815,43891.79358945215
2024-10-25,391,31798.720892652116,43876.63862999166
2024-10-28,388,31945.728038562283,44012.275517163
2024-10-29,393,31949.91811346601,44083.50382662726
2024-10-30,519,31906.27136853298,43950.14018337501
2024-10-31,522,31507.20636909621,43088.58073804653
2024-11-01,528,31603.042412375562,43270.44025157233
2024-11-04,534,31611.686980000093,43177.23725089035
2024-11-05,536,32004.742998877926,43699.32560430401
2024-11-06,522,32764.537053366697,44785.936197620664
2024-11-07,521,32919.32163789145,45132.22702129272
2024-11-08,539,32964.23934211528,45327.72599833296
2024-11-11,559,33135.59715296188,45370.91763279533
2024-11-12,559,32874.17133865467,45229.976509812834
2024-11-13,625,32891.118867973826,45251.95120103054
2024-11-14,632,32658.815389012234,44960.97597938926
2024-11-15,635,32311.004349647526,44385.08751989088
2024-11-18,696,32448.64790439808,44566.94703341668
2024-11-19,697,32459.753004702838,44729.862847616874
2024-11-20,695,32524.696513930652,44745.01780707737
2024-11-21,707,32946.849093113466,44985.223914526025
2024-11-22,710,33215.066685350124,45124.64954156248
2024-11-25,703,33463.632865040454,45277.714632113355
2024-11-26,662,33424.25773035719,45514.131999696896
2024-11-27,666,33387.458943677295,45376.2218686065
2024-11-29,673,33553.86272538525,45658.10411457149
2024-12-02,660,33572.16856007861,45739.94089565811
2024-12-03,659,33501.19129288167,45761.15783890278
2024-12-04,646,33629.66984964234,46045.31332878684
2024-12-05,647,33441.49642371734,45969.538531484424
2024-12-06,636,33512.56365206397,46056.679548382206
2024-12-09,646,33414.140631613256,45819.50443282563
2024-12-10,643,33214.010285337245,45677.047813897094
2024-12-11,613,33326.105222155245,46030.15836932636
2024-12-12,654,33155.67214797839,45792.9832537698
2024-12-13,660,33122.73274647039,45783.89027809351
2024-12-16,594,33129.37715089004,45979.389255133734
2024-12-17,590,32989.696994836966,45789.9522618777
2024-12-18,590,32004.683439383065,44425.24816246117
2024-12-19,595,31838.020582527617,44411.60869894674
2024-12-20,598,32155.938762974973,44794.27142532393
2024-12-23,524,32294.22432562375,45062.5142077745
2024-12-24,518,32614.05882448416,45563.38561794347
2024-12-26,526,32630.045070000975,45566.41660983556
2024-12-27,528,32344.837844613212,45086.76214291126
2024-12-30,399,31967.47565913927,44572.251269227854
2024-12-31,392,31916.930253610768,44410.09320300069
2025-01-02,373,31848.097664146997,44300.9774948852
2025-01-03,406,32258.188497380797,44854.891263165875
2025-01-06,404,32423.4197767642,45113.283321967116
2025-01-07,390,32176.294881418493,44603.31893612185
2025-01-08,365,32170.762493470495,44668.48526180192
2025-01-10,383,31667.52440012188,43986.51208608017
2025-01-13,309,31751.9767428224,44054.70940365235
2025-01-14,316,31876.745045861826,44115.329241494284
2025-01-15,262,32444.318693625868,44917.78434492687
2025-01-16,295,32615.342898154886,44831.40107600212
2025-01-17,314,32843.50146261368,45281.503371978484
2025-01-21,405,33291.998098498116,45695.991513222696
2025-01-22,428,33332.34250339075,45952.8680760779
2025-01-23,505,33528.79188245973,46203.6826551489
2025-01-24,511,33490.35210236581,46068.8035159506
2025-01-27,503,33371.609220329134,45417.14025914981
2025-01-28,510,33325.98899328331,45807.38046525726
2025-01-29,523,33223.02172039256,45602.0307645677
2025-01-30,534,33535.41471666841,45846.78335985451
2025-01-31,545,33340.43603012515,45602.788512540734
2025-02-03,558,33100.887495718496,45295.90058346594
2025-02-04,578,33254.65285132362,45599.757520648636
2025-02-05,577,33443.76148478266,45784.648026066534
2025-02-06,594,33471.0197524583,45943.77510040161
2025-02-07,600,33244.77856401125,45523.22497537319
2025-02-10,579,33403.20523183119,45832.386148367055
2025-02-11,585,33380.18798314899,45867.242555126155
2025-02-12,584,33275.427925500044,45719.48170038645
2025-02-13,613,33575.015410780084,46202.16715920285
2025-02-14,631,33538.96646909899,46199.89391528378
2025-02-18,627,33817.94639663144,46335.530802455105
2025-02-19,631,33843.37356349909,46444.64651057058
2025-02-20,695,33733.57896138219,46251.42077744942
2025-02-21,699,33200.427776644065,45460.33189361219
2025-02-24,692,33024.16093570132,45253.46669697659
2025-02-25,738,32934.62798491111,45028.41554898841
2025-02-26,836,32953.65858340613,45051.14798817913
2025-02-27,863,32506.503477785733,44332.04516177919
2025-02-28,869,32864.94519312597,45023.86906115026
2025-03-03,878,32356.057552436185,44235.05342123209
2025-03-04,949,31953.890332750732,43711.4495718724
2025-03-05,968,32397.33131939852,44181.25331514738
2025-03-06,1000,31902.538276702784,43396.98416306737
2025-03-07,1076,32175.665685498505,43640.22126240812
2025-03-10,1056,31416.261517849347,42477.835871789044
2025-03-11,1087,31141.948839634806,42124.72531635978
2025-03-12,1095,31194.446411924462,42348.26096840191
2025-03-13,1176,30807.04144109841,41783.7387284989
2025-03-14,1210,31472.38754818297,42646.81366977343
2025-03-17,1159,31892.731635391872,42975.67629006592
2025-03-18,1163,31645.89609608955,42511.1767826021
2025-03-19,1051,31951.970910582106,42974.160794119874
2025-03-20,1063,31799.497801392405,42849.89012654392
2025-03-21,1087,31725.519492580162,42735.47018261726
2025-03-24,997,32316.020439427575,43500.79563537168
2025-03-25,1007,32283.742596437172,43605.364855649015
2025-03-26,990,31962.682652649804,43084.79199818141
2025-03-27,995,31805.81429296717,42970.37205425476
2025-03-28,1003,31149.079675628676,42105.02386906115
2025-03-31,979,31199.4686073861,42387.663862999165
2025-04-01,1001,31271.673268271494,42507.38804273699
2025-04-02,1002,31608.461856247115,42776.38857316057
2025-04-03,1009,29877.0290408364,40668.33371220732
2025-04-04,1026,28204.225480341905,38287.48958096537
2025-04-07,1041,28069.605938472454,38219.292263393196
2025-04-08,1122,27450.109702726648,37620.6713647041
2025-04-09,1204,30165.96875363412,41571.56929605214
2025-04-10,1271,28916.010787702467,39749.94316890203
2025-04-11,1283,29380.087723877652,40459.19527165266
2025-04-14,1265,29692.540052674973,40851.70872167917
2025-04-15,1267,29643.159471095463,40737.288777752525
2025-04-16,1305,29120.139690225355,39831.77994998863
2025-04-17,1317,29226.692438021873,39888.611047965445
2025-04-21,1269,28612.96035391376,38939.15283776616
2025-04-22,1276,29369.986748370302,39952.26187769948
2025-04-23,1276,29892.46955351097,40571.34197166023
2025-04-24,1383,30614.107140727818,41425.32393725848
2025-04-25,1392,30698.00936121903,41724.634386603015
2025-04-28,1216,30758.18967342946,41740.54709403652
2025-04-29,1216,30893.525209088293,42003.48564067591
2025-04-30,1223,30897.5580411273,42020.15609608244
2025-05-01,1233,30972.612076283767,42317.951049480944
2025-05-02,1237,31604.455830863055,42946.12411911798
2025-05-05,1082,31477.662300569926,42699.85602788513
2025-05-06,1064,31193.5859515668,42342.95673259074
2025-05-07,1056,31425.59678058207,42521.02750625143
2025-05-08,1059,31827.886024575364,42817.306963703864
2025-05-09,1090,31845.71747140936,42762.74910964614
2025-05-12,985,33049.077598114294,44175.94907933621
2025-05-13,957,33221.63815022171,44467.682048950526
2025-05-14,973,33122.754810666556,44524.51314692733
2025-05-15,995,33167.43825746312,44741.98681518527
2025-05-16,1043,33457.16354203946,45025.38455709631
2025-05-19,1014,33475.977515479244,45074.63817534289
2025-05-20,1051,33403.728842221804,44923.08858073805
2025-05-21,1046,32639.239987506775,44166.0983556869
2025-05-22,1052,32604.89224568491,44183.52655906646
2025-05-23,1060,32382.736155218237,43881.942865802834
2025-05-27,1032,33081.214466758414,44794.27142532393
2025-05-28,1033,32799.6126651772,44535.121618549674
2025-05-29,1092,32908.64729680944,44710.91914829127
2025-05-30,1096,32826.451470370754,44660.907782071685
2025-06-02,1050,32855.77049480291,44912.480109115706
2025-06-03,1037,33186.27500866402,45168.59892399788
2025-06-04,983,33218.96705300179,45156.47495642948
2025-06-05,979,33096.85735597354,44938.24354019853
2025-06-06,988,33458.801237275016,45399.71205577025
2025-06-09,768,33579.23057070168,45440.63044631355
2025-06-10,806,33842.9821597803,45698.264757141784
2025-06-11,789,33719.68388066138,45567.93210578162
2025-06-12,864,33789.82295897866,45749.03387133439
2025-06-13,866,33334.61690648397,45237.553989543085
2025-06-16,791,33915.470709362016,45667.9548382208
2025-06-17,778,33543.15807317593,45277.714632113355
2025-06-18,909,33609.07913220639,45270.89490035615
2025-06-20,914,33581.58339586031,45031.446540880504
2025-06-23,808,33850.3912677386,45476.24460104569
2025-06-24,852,34253.61164008576,45978.63150716072
2025-06-25,900,34112.38391354212,46004.394938243546
2025-06-26,911,34407.27067930919,46364.32522543002
2025-06-27,919,34504.11789834318,46594.68060922936
2025-06-30,896,34630.331506236886,46817.45851329848
2025-07-01,906,34909.2213022484,46802.303553838
2025-07-02,954,35074.26597582081,47014.47298628477
2025-07-03,965,35265.85027672814,47385.01174509359
2025-07-07,903,34908.0613600084,47031.90118966431
2025-07-08,880,35015.092585686274,47006.1377585815
2025-07-09,866,35161.221814546974,47288.02000454649
2025-07-10,875,35297.16970642999,47421.38364779874
2025-07-11,902,35052.189943363126,47254.67909373343
2025-07-14,852,35076.93633517047,47344.851102523295
2025-07-15,813,34676.642938226185,47142.53239372584
2025-07-16,804,34847.33638787273,47300.14397211487
2025-07-17,837,35083.65447179146,47589.603697810104
2025-07-18,848,34987.65958422995,47554.747291051004
2025-07-21,784,34901.94056073067,47644.919299840876
2025-07-22,806,35210.70834127313,47651.73903159809
2025-07-23,846,35555.83364727336,48057.13419716603
2025-07-24,851,35391.6365484759,48073.04690459953
2025-07-25,856,35562.17895690739,48276.12336137001
2025-07-28,833,35419.723386671176,48263.99939380163
2025-07-29,834,35329.907373506896,48136.69773433357
2025-07-30,841,35123.3462208725,48076.07789649163
2025-07-31,850,34773.2373424943,47895.73387891187
2025-08-01,858,34245.594575315416,47110.706978858834
2025-08-04,877,34699.62963551366,47826.778813366676
2025-08-05,997,34681.80401295523,47584.29946199894
2025-08-06,981,34709.622992553595,47948.77623702356
2025-08-07,987,34767.39299296904,47908.61559445329
2025-08-08,1008,34866.785222286606,48282.1853451542
2025-08-11,892,34752.89228325585,48186.709100553155
2025-08-12,897,35284.76029237587,48699.70447829052
2025-08-13,898,35695.99667440091,48866.40903235584
2025-08-14,942,35515.93258226442,48870.95552019399
2025-08-15,951,35529.76261648327,48756.53557626734
2025-08-18,816,35537.085567456495,48745.927104644994
2025-08-19,829,35556.49229232957,48481.47306205956
2025-08-20,822,35471.98482407783,48352.65590664546
2025-08-21,831,35377.58286787116,48158.67242555126
2025-08-22,834,36088.6359676841,48898.23444722284
2025-08-25,727,35753.68524106158,48683.03402288399
2025-08-26,724,35802.05260260917,48886.86822762749
2025-08-27,766,35910.71486605781,48998.25717966205
2025-08-28,770,35965.64660137754,49171.78146548458
2025-08-29,782,35925.271256497945,48878.53299992422
2025-09-02,704,35662.84109481335,48516.329468818665
2025-09-03,711,35672.624763502754,48779.26801545806
2025-09-04,716,35868.23734605456,49186.93642494507
2025-09-05,720,35985.039162352856,49044.47980601652
2025-09-08,751,36012.42732314018,49164.96173372736
2025-09-09,727,36023.63781779057,49278.623929680994
2025-09-10,730,35907.58996558344,49421.080548609534
2025-09-11,743,36445.59390991636,49831.77994998863
2025-09-12,781,36187.408407590076,49815.1094945821
2025-09-15,747,36201.54173558249,50080.32128514056
2025-09-16,740,36216.271292132595,50011.36621959536
2025-09-17,739,36241.643839135344,49949.230885807374
2025-09-18,752,36532.83733417545,50182.617261498825
2025-09-19,757,36415.60325051828,50291.732969614306
2025-09-22,685,36455.50684343625,50529.6658331439
2025-09-23,702,36362.94078172088,50254.603318936126
2025-09-24,661,36249.709402866894,50094.718496628026
2025-09-25,668,35931.73275199627,49863.60536485565
2025-09-26,695,36200.82591795086,50149.27635068577
2025-09-29,666,36254.479617136894,50290.21747366826
2025-09-30,708,36358.21035827387,50479.6544669243
2025-10-01,688,36517.28346399679,50651.66325680079
2025-10-02,695,36642.82815880981,50710.00985072365
2025-10-03,698,36819.91805907415,50709.25210275063
2025-10-06,554,36836.612215761284,50891.11161627643
2025-10-07,542,36628.442820226,50702.4323709934
2025-10-08,595,36847.634485704795,51004.77381223006
2025-10-09,599,36634.39632084434,50857.01295749033
2025-10-10,620,35776.48132764259,49482.45813442449
2025-10-13,583,36268.17188895901,50241.721603394704
2025-10-14,575,36452.81015116469,50180.34401757975
2025-10-15,571,36492.97644237807,50403.12192164886
2025-10-16,583,36133.63283979512,50059.86208986891
2025-10-17,588,36273.5953423213,50344.017579752974
2025-10-20,603,36677.991519153285,50867.62142911267
2025-10-21,601,36793.950368380596,50866.86368113965
2025-10-22,614,36533.26340270299,50602.409638554214
2025-10-23,623,36756.43829946448,50902.47783587179
2025-10-24,630,36862.66779411584,51318.481473062064
2025-10-27,595,37151.122986485025,51923.92210350837
2025-10-28,593,36903.347035871986,52061.83223459877
2025-10-29,595,36454.86150473144,52086.837917708566
2025-10-30,604,36085.40861836597,51513.980450102295
2025-10-31,770,36265.15330710457,51682.95824808668
2025-11-03,766,36166.79240892958,51779.94998863379
2025-11-04,839,35789.76407284433,51166.1741304842
2025-11-05,793,35958.36509640598,51343.48715617186
2025-11-06,825,35549.34287535514,50792.60437978328
2025-11-07,834,35803.897963056435,50842.61574600288
2025-11-10,829,36062.25348529374,51635.97787375919
2025-11-11,834,36224.69587453427,51754.18655755096
2025-11-12,829,36301.44872999356,51782.980980525885
2025-11-13,848,35768.99304647654,50923.69477911646
2025-11-14,863,35625.45264296159,50915.359551413196
2025-11-17,842,35113.00589470211,50441.009320300065
2025-11-18,843,34985.80210011515,50017.42820337956
2025-11-19,929,34898.13566275286,50210.65393650072
2025-11-20,946,34435.996368559776,49445.32848374631
2025-11-21,960,35045.47185039545,49937.864666212015
2025-11-24,945,35244.01635119992,50672.88020004547
2025-11-25,924,35742.63266703449,51149.50367507767
2025-11-26,924,35981.12614984715,51502.61423050693
2025-11-28,933,36207.690339854904,51783.7387284989
2025-12-01,863,36009.4020495998,51547.32136091535
2025-12-02,863,36042.56867943517,51642.797605516396
2025-12-03,862,36380.399468033414,51821.62612715011
2025-12-04,866,36459.99927575201,51859.51352580132
2025-12-05,866,36520.80845541903,51958.020762294465
2025-12-08,787,36300.23697694714,51801.92467985148
2025-12-09,771,36296.91825326154,51757.217549443056
2025-12-10,757,36711.708923792154,52100.47738122301
2025-12-11,771,36952.63540540818,52221.71705690687
2025-12-12,786,36673.267087438326,51660.22580889596
2025-12-15,770,36537.41133839221,51582.177767674475
2025-12-16,769,36371.47066988439,51441.23664469198
2025-12-17,721,36164.11131940521,50875.19890884292
2025-12-18,729,36225.10894349543,51259.37713116618
2025-12-19,733,36390.8366298617,51571.56929605214
2025-12-22,733,36655.927352680985,51892.85443661438
2025-12-23,730,36590.77000404763,52130.02955217095
2025-12-24,703,36733.09619355692,52313.4045616428
2025-12-26,705,36752.99941061932,52308.10032583163
2025-12-29,682,36633.59082443821,52121.69432446769
2025-12-30,549,36561.260883049945,52058.043494733654
2025-12-31,542,36283.424625107735,51672.34977646435
2026-01-02,549,36388.32267089097,51767.068273092365
2026-01-05,441,36752.98038270523,52111.84360081836
2026-01-06,444,37103.525747845866,52421.76252178525
2026-01-07,455,36799.063749048415,52252.78472380086
2026-01-08,458,37087.476909077945,52247.48048798969
2026-01-09,465,37290.4941279492,52593.01356368872
2026-01-12,436,37383.08190533202,52675.60809274835
2026-01-13,426,37394.576515151726,52570.28112449799
2026-01-14,463,37505.48734545411,52311.88906569675
2026-01-15,468,37589.50343687321,52454.345684625296
2026-01-16,480,37499.073593839596,52410.39630218989
2026-01-20,366,36854.479887844274,51343.48715617186
2026-01-21,361,37289.46524039774,51936.04607107676
2026-01-22,364,37425.65699105213,52207.31984541941
2026-01-23,365,37295.090557997806,52226.26354474502
2026-01-26,446,37377.80503723988,52491.475335303476
2026-01-27,450,37291.04067493175,52700.61377585815
2026-01-28,452,37196.34396394871,52695.30954004698
2026-01-29,459,37108.15950977105,52590.74031976964
2026-01-30,602,37015.8941457921,52433.886489353645
2026-02-02,620,37287.6462532487,52694.55179207395
2026-02-03,631,36922.421437021985,52248.99598393575
2026-02-04,652,36931.42155859728,51995.90816094568
2026-02-05,676,36440.502685799074,51346.51814806396
2026-02-06,748,37278.39957724986,52331.590512995375
2026-02-09,745,37445.32241809991,52583.92058801243
2026-02-10,744,37420.479202537485,52445.252708949
2026-02-11,775,37323.389784947874,52433.12874138062
2026-02-12,781,36641.91903845466,51623.09615821777
2026-02-13,792,36931.88353157004,51659.46806092294
2026-02-17,789,36828.39494331761,51742.8203379556
2026-02-18,823,37130.57374167359,52003.485640675906
2026-02-19,831,37008.91230265186,51866.33325755854
2026-02-20,841,37140.1248888064,52241.418504205496
2026-02-23,842,36475.841122534126,51707.96393119648
2026-02-24,847,36843.691761304806,52083.80692581647
2026-02-25,934,37086.59681726557,52523.30075017049
2026-02-26,937,37357.76433246928,52231.567780556186
2026-02-27,950,37222.701825484255,51980.75320148519
2026-03-02,917,37238.942562811935,52010.30537243313
2026-03-03,921,36928.745410751326,51551.86784875351
2026-03-04,958,37192.72282653177,51915.58687580511
2026-03-05,963,37002.5958831751,51626.12715010987
2026-03-06,966,36500.25097672287,50949.458210199286
2026-03-09,929,36621.357765464825,51395.77176631052
2026-03-10,928,36276.65967102261,51313.177237250886
2026-03-11,932,36123.48112807611,51248.76865954384
2026-03-12,936,35473.67014107664,50470.56149124801
2026-03-13,949,35475.10817361249,50184.89050541789
2026-03-16,938,35790.18378279259,50695.61263923619
2026-03-17,936,35957.744644432125,50828.97628248844
2026-03-18,922,35418.2289394911,50119.724179737816
2026-03-19,934,35362.0714045835,49996.21126013488
2026-03-20,963,34893.160736674196,49145.26028642874
2026-03-23,958,35364.03695545171,49661.2866560582
2026-03-24,1033,35106.36595700767,49494.58210199287
2026-03-25,940,35265.4054051041,49770.40236417368
2026-03-26,946,34880.145179134626,48881.56399181632
2026-03-27,947,34183.35033328997,48048.04122148974
2026-03-30,942,34234.004043783076,47887.398651208605
2026-03-31,850,35105.59834364219,49279.38167765402
2026-04-01,835,35223.82544802775,49650.67818443586
2026-04-02,838,35356.02369695933,49695.38531484429
2026-04-06,789,35573.24693512414,49930.28718648177
2026-04-07,726,35443.6160000545,49952.26187769948
2026-04-08,709,36207.74176657101,51224.520724407055
2026-04-09,710,36098.11148621245,51520.04243388648
2026-04-10,713,35759.83035881649,51485.9437751004
2026-04-13,659,36463.39478649181,51989.08842918845
2026-04-14,794,36694.69524246808,52622.565734636664
2026-04-15,810,37061.27631424986,53037.811623853915
2026-04-16,819,37168.45231280641,53168.14427521406
2026-04-17,822,37708.48987064232,53810.714556338564
2026-04-20,757,37868.97208915748,53703.11434416913
2026-04-21,755,37611.13253228451,53351.51928468591
2026-04-22,752,37700.99527135061,53891.79358945215
2026-04-23,755,37264.368252034175,53682.65514889748
2026-04-24,761,37389.64980255296,54098.65878608775
2026-04-27,742,37315.30383406729,54191.86178676972
2026-04-28,737,37112.73482453064,53928.16549215731
2026-04-29,729,36970.572672099406,53919.830264454045
2026-04-30,736,37429.97185072344,54456.31582935515
2026-05-01,738,37436.901518959115,54607.10767598696
2026-05-04,783,37145.828301978356,54407.06221110858
2026-05-05,781,37398.35184223051,54843.52504357051
2026-05-06,775,37797.361302732876,55605.81950443283
2026-05-07,775,37718.631013437334,55435.32621050239
2026-05-08,775,37714.203752047484,55893.005986208984
2026-05-11,720,37455.60378020478,56020.30764567704
2026-05-12,707,37382.39268255662,55935.439872698335
2026-05-13,667,37140.280311749404,56248.38978555732
2026-05-14,667,37354.617556580175,56692.430097749486
2026-05-15,667,37015.1382946239,56010.45692202773
2026-05-18,644,37328.10470962102,55971.05402743048
2026-05-19,615,36975.81392042563,55598.24202470258
2026-05-20,605,37537.577060088195,56168.06850041677
2026-05-21,605,37666.743136451616,56279.457452451315
2026-05-22,605,38013.53981722833,56500.71986057437
2026-05-26,516,38147.20625138271,56875.80510722134
2026-05-27,507,38222.34656490462,56865.954383572025
2026-05-28,506,38440.236135280335,57179.66204440403
2026-05-29,506,38744.373703059195,57322.11866333258
2026-06-01,436,38930.39075920017,57478.21474577555
2026-06-02,427,38853.54305128844,57556.262786997046
2026-06-03,427,38478.51847115312,57152.38311737516
2026-06-04,427,38911.28227716973,57368.34128968705
2026-06-05,427,38345.334397486185,55887.70175039781
2026-06-08,412,38299.22496750078,56014.245661892855
2026-06-09,408,38639.88956577326,55849.81435174661
2026-06-10,407,37951.14141826213,54969.31120709251
2026-06-11,407,38550.468168231186,55903.614457831325
2026-06-12,407,38882.410232915594,56205.95589906797
2026-06-15,220,39239.270124051334,57197.09024778359
2026-06-16,217,39155.36597788022,56856.103659922715
2026-06-17,212,38431.8945998726,56146.09380919906
2026-06-18,212,38728.44456012462,56584.07213760703
2026-06-22,198,38720.10556324982,56406.00136394635
2026-06-23,192,38456.171324472074,55586.87580510722
2026-06-24,114,39059.851249176434,55561.11237402441
2026-06-25,114,39465.374177751095,55641.433659164955
2026-06-26,114,39424.68532796702,55239.069485489126
2026-06-29,94,39406.82640605856,56149.12480109115
2026-06-30,90,39378.49009653836,56586.34538152611
