Date,OpenPositions,CumPortfolio,CumSPY
2012-06-06,0,10000.0,10000.0
2012-06-07,1,10113.550340651023,10006.061983784193
2012-06-08,1,10163.512490537472,10085.625520951731
2012-06-11,1,10019.68205904618,9957.944987497158
2012-06-12,1,10183.194549583652,10071.986057437296
2012-06-13,1,10098.410295230888,10007.57747973024
2012-06-14,1,10099.9242997729,10114.419943926649
2012-06-15,1,10339.137017411056,10164.431310146245
2012-06-18,1,10814.534443603334,10184.132757444875
2012-06-19,1,10831.188493565485,10282.639993938017
2012-06-20,1,10672.218016654051,10265.969538531483
2012-06-21,1,10422.407267221804,10035.614154732135
2012-06-22,1,10249.81074943225,10112.904447980602
2012-06-25,1,10099.9242997729,9950.746381753428
2012-06-26,1,10168.054504163512,10000.757747973024
2012-06-27,1,10089.326267978804,10091.15708115481
2012-06-28,1,10272.520817562454,10062.135333787983
2012-06-29,1,10531.415594246786,10313.328786845495
2012-07-02,1,10384.557153671465,10344.017579752974
2012-07-03,1,10487.509462528391,10412.366446919754
2012-07-05,1,10735.806207418624,10365.23452299765
2012-07-06,1,10581.377744133233,10266.727286504509
2012-07-09,1,10638.90991672975,10253.845570963098
2012-07-10,1,10507.191521574567,10164.431310146245
2012-07-11,1,10395.155185465557,10165.946806092294
2012-07-12,1,10333.080999242999,10116.693187845722
2012-07-13,1,10611.657834973505,10286.428733803137
2012-07-16,1,10423.921271763815,10262.180798666364
2012-07-17,1,10423.921271763815,10332.651360157612
2012-07-18,1,10398.183194549583,10409.183905433052
2012-07-19,1,10879.636638909915,10436.462832461924
2012-07-20,1,10717.638152914456,10340.986587860876
2012-07-23,1,10545.041635124904,10236.41736758354
2012-07-24,1,10535.95760787282,10148.139728726226
2012-07-25,1,10719.152157456469,10150.79184663181
2012-07-26,1,10955.336866010593,10318.254148670152
2012-07-27,2,11317.516196486162,10508.07001591271
2012-07-30,2,11204.032715295818,10508.44888989922
2012-07-31,2,11048.645201650226,10434.947336515876
2012-08-01,2,10831.722322017175,10425.854360839587
2012-08-02,2,10876.95451559254,10353.868303402287
2012-08-03,2,11202.892383005883,10559.142229294535
2012-08-06,1,11378.143463568078,10579.677199363494
2012-08-07,1,11492.781388447107,10632.719557475184
2012-08-08,1,11492.781388447107,10645.601273016597
2012-08-09,1,11648.267309547402,10654.694248692886
2012-08-10,1,11719.421883610248,10672.12245207244
2012-08-13,1,11675.938532794064,10666.818216261274
2012-08-14,1,11578.430412782014,10668.333712207319
2012-08-15,1,11544.170803048053,10680.457679775705
2012-08-16,1,11673.303178199143,10759.26346897022
2012-08-17,1,11860.413354438479,10773.66068045768
2012-08-20,1,11917.073478229264,10774.418428430703
2012-08-21,1,11897.308318767364,10741.835265590664
2012-08-22,1,11690.432983066123,10746.381753428808
2012-08-23,1,11546.80615764297,10658.861862544518
2012-08-24,1,11525.72332088361,10722.89156626506
2012-08-27,1,11415.03842789696,10725.164810184131
2012-08-28,1,11333.342435454435,10714.556338561795
2012-08-29,1,11343.883853834115,10722.89156626506
2012-08-30,1,11130.420131645578,10645.601273016597
2012-08-31,1,11243.740379227147,10696.370387209214
2012-09-04,1,10891.920540805299,10686.898537546413
2012-09-05,1,10903.779636482437,10677.42668788361
2012-09-06,1,11172.585805164303,10894.142608168524
2012-09-07,1,11608.736990623598,10936.576494657877
2012-09-10,1,11476.969260877586,10874.441160869894
2012-09-11,1,11674.620855496603,10904.751079790862
2012-09-12,1,11743.14007496453,10941.122982496021
2012-09-13,1,11948.69773336831,11107.82753656134
2012-09-14,2,12242.447423306547,11157.081154807911
2012-09-17,2,12100.473520212145,11119.193756156703
2012-09-18,2,12122.345044892993,11110.100780480412
2012-09-19,2,12220.387488807006,11116.162764264605
2012-09-20,2,12158.917941461172,11116.920512237632
2012-09-21,2,12096.840093556502,11053.2696825036
2012-09-24,2,11969.55987075852,11036.220353110557
2012-09-25,1,11796.541543713229,10919.14829127832
2012-09-26,1,11808.221398478237,10858.149579449873
2012-09-27,1,11887.726374773381,10960.066681821625
2012-09-28,1,11754.441907718145,10909.297567629006
2012-10-01,1,11775.491725715689,10937.713116617413
2012-10-02,1,11574.400765287835,10949.458210199287
2012-10-03,1,11560.373762675314,10994.165340607713
2012-10-04,1,11632.855923585434,11072.592255815716
2012-10-05,1,11773.144577868174,11073.728877775251
2012-10-08,1,11752.113388028152,11035.993028718647
2012-10-09,1,11574.400765287834,10926.725771008561
2012-10-10,1,11485.544453917673,10857.01295749034
2012-10-11,1,11406.039477622531,10863.074941274534
2012-10-12,1,11385.008287782508,10827.460786542395
2012-10-15,1,11459.818968382628,10917.632795332273
2012-10-16,1,11630.508775737924,11028.263999393801
2012-10-17,1,11656.234261272975,11078.275365613397
2012-10-18,1,11789.518728328212,11049.480942638478
2012-10-19,1,11536.995424987777,10865.317875274684
2012-10-22,1,11635.203071432948,10866.863681139654
2012-10-23,1,10580.644446071095,10716.07183450784
2012-10-24,1,10501.139469775952,10685.761915586878
2012-10-25,1,10561.923147763548,10716.829582480867
2012-10-26,1,10564.270295611062,10710.767598696673
2012-10-31,1,10409.93601055828,10710.767598696673
2012-11-01,1,10522.189287773494,10822.914298704252
2012-11-02,1,10323.426847035635,10726.680306130182
2012-11-05,1,10365.52648303072,10748.548912631659
2012-11-06,1,10416.9588259433,10832.765022353566
2012-11-07,1,10248.597538277996,10587.254679093734
2012-11-08,1,10115.331699380278,10459.953019625671
2012-11-09,1,10134.034369530309,10469.045995301962
2012-11-12,1,10084.930546307722,10477.002349018716
2012-11-13,0,10084.930546307722,10441.009320300067
2012-11-14,0,10084.930546307722,10300.060619837843
2012-11-15,0,10084.930546307722,10282.639993938017
2012-11-16,0,10084.930546307722,10333.409108130636
2012-11-19,0,10084.930546307722,10542.547548685307
2012-11-20,0,10084.930546307722,10547.094036523453
2012-11-21,0,10084.930546307722,10566.79548382208
2012-11-23,0,10084.930546307722,10710.767598696673
2012-11-26,0,10084.930546307722,10688.03515950595
2012-11-27,0,10084.930546307722,10634.227475941503
2012-11-28,0,10084.930546307722,10719.10282639994
2012-11-29,0,10084.930546307722,10769.114192619536
2012-11-30,0,10084.930546307722,10771.76631052512
2012-12-03,0,10084.930546307722,10718.322345987724
2012-12-04,0,10084.930546307722,10703.190118966433
2012-12-05,0,10084.930546307722,10722.133818292037
2012-12-06,0,10084.930546307722,10758.505720997196
2012-12-07,0,10084.930546307722,10791.467757823748
2012-12-10,0,10084.930546307722,10795.862696067288
2012-12-11,0,10084.930546307722,10868.379177085702
2012-12-12,0,10084.930546307722,10874.441160869894
2012-12-13,0,10084.930546307722,10807.759339243768
2012-12-14,0,10084.930546307722,10767.985148139729
2012-12-17,0,10084.930546307722,10894.142608168524
2012-12-18,1,10143.689354722344,11015.38228385239
2012-12-19,1,10134.652307594852,10933.54550276578
2012-12-20,1,10243.114875210695,10996.438584526786
2012-12-21,1,10152.72640184984,10819.883306812155
2012-12-24,1,10132.384044770024,10786.54239599909
2012-12-26,1,10188.87459035982,10741.077517617641
2012-12-27,1,10184.356066796074,10726.801545805863
2012-12-28,1,10103.00464056271,10610.744866257482
2012-12-31,1,10163.68967216985,10791.088883837236
2013-01-02,1,10365.133013517781,11067.66689399106
2013-01-03,2,10256.810879600036,11042.971887550202
2013-01-04,2,10241.965802279954,11091.157081154808
2013-01-07,2,10260.102979295189,11060.80927483519
2013-01-08,2,10176.452480635257,11028.991437447903
2013-01-09,2,10248.22910827953,11057.05842236872
2013-01-10,2,10236.859348769864,11144.957187239526
2013-01-11,2,10208.744040931359,11144.1994392665
2013-01-14,2,10258.204599535691,11136.62195953626
2013-01-15,2,10332.721391232899,11144.1994392665
2013-01-16,3,10383.001467835218,11142.683943320453
2013-01-17,3,10558.58499257542,11214.670000757747
2013-01-18,3,10709.4533081091,11239.675683867546
2013-01-22,3,10722.677993455281,11300.29552170948
2013-01-23,3,10814.32844816762,11318.48147306206
2013-01-24,3,10791.590055229773,11321.512464954156
2013-01-25,3,10826.425187916475,11385.163294688187
2013-01-28,3,10771.962643637133,11371.52383117375
2013-01-29,3,10776.668773143088,11416.230961582176
2013-01-30,3,10756.778296715802,11371.52383117375
2013-01-31,4,10709.026674142468,11343.487156171856
2013-02-01,4,10837.476501035253,11460.18034401758
2013-02-04,4,10718.069204200589,11330.984314616959
2013-02-05,4,10809.975273117474,11445.783132530121
2013-02-06,4,10794.991946338956,11454.118360233386
2013-02-07,4,10783.553522201086,11438.963400772904
2013-02-08,4,10758.100961764125,11502.614230506933
2013-02-11,4,10774.319129741312,11500.340986587862
2013-02-12,4,10793.2625026167,11519.284685913466
2013-02-13,4,10738.633583366573,11529.211184360081
2013-02-14,5,10772.732824252378,11539.743881185119
2013-02-15,5,10801.432176365437,11526.104417670684
2013-02-19,4,10847.271312048892,11612.48768659544
2013-02-20,5,10808.477186134392,11467.757823747821
2013-02-21,5,10713.32854951761,11398.045010229596
2013-02-22,5,10730.482119476372,11509.433962264151
2013-02-25,5,10495.242402668957,11290.444798060167
2013-02-26,5,10468.38459174929,11367.73509130863
2013-02-27,5,10542.24397191092,11510.9494582102
2013-02-28,5,10584.23963607402,11488.217019019476
2013-03-01,5,10689.110545738336,11526.104417670684
2013-03-04,4,10776.033120547489,11587.48200348564
2013-03-05,5,10825.738110641187,11691.293475789953
2013-03-06,6,10809.759125630917,11707.20618322346
2013-03-07,6,10892.062972622667,11728.120027278928
2013-03-08,6,10946.022981350334,11778.434492687733
2013-03-11,6,10975.393275104012,11823.141623096159
2013-03-12,6,10915.308799039216,11796.620444040313
2013-03-13,6,10894.36743958409,11813.669773433357
2013-03-14,7,10934.433920630929,11876.18398120785
2013-03-15,7,10938.040636459054,11807.986663635676
2013-03-18,8,10858.239042016454,11742.820337955594
2013-03-19,8,10835.933889714739,11715.541410926726
2013-03-20,8,10973.164623003093,11797.378192013337
2013-03-21,8,10959.226154783304,11696.521936803822
2013-03-22,8,11040.90856667786,11790.558460256118
2013-03-25,8,11000.853494904479,11741.304842009547
2013-03-26,8,11074.3802214174,11835.265590664545
2013-03-27,8,11029.410709817905,11835.265590664545
2013-03-28,8,11095.929693386091,11871.637493369704
2013-04-01,7,11082.381629302825,11824.657119042207
2013-04-02,7,11100.732466282947,11883.003712965068
2013-04-03,7,10928.988138650959,11762.521785254223
2013-04-04,7,10958.343230143897,11810.259907554748
2013-04-05,7,10923.333443545805,11757.06599984845
2013-04-08,7,11052.342928862789,11836.781086610596
2013-04-09,8,11128.45344836644,11877.699477153898
2013-04-10,8,11189.497360253017,12023.187087974538
2013-04-11,8,11205.608500358956,12062.589982571797
2013-04-12,8,11220.01262150774,12033.037811623855
2013-04-15,7,10978.020283886122,11754.035007956354
2013-04-16,7,11172.852735926981,11927.710843373494
2013-04-17,7,10967.668882941201,11753.428809577936
2013-04-18,7,10976.771638394788,11679.927256194589
2013-04-19,7,11085.510956311718,11781.465484579827
2013-04-22,7,11183.599991327515,11833.750094718496
2013-04-23,8,11356.346211494621,11955.747518375389
2013-04-24,8,11404.49344028861,11963.324998105629
2013-04-25,9,11475.170030634374,12011.820868379176
2013-04-26,9,11492.166055405987,11990.603925134503
2013-04-29,9,11664.29230005748,12070.925210275063
2013-04-30,10,11825.598438893234,12099.71963324998
2013-05-01,10,11647.419166013155,11993.634917026597
2013-05-02,10,11710.878089354695,12105.023869061151
2013-05-03,11,11890.328876382157,12227.62749109646
2013-05-06,10,11950.171093472072,12258.846707585059
2013-05-07,11,12038.63112988726,12320.974463893308
2013-05-08,11,12089.746785252928,12377.055391376827
2013-05-09,11,11999.430057587113,12342.274759415019
2013-05-10,11,12168.239570906511,12382.359627187998
2013-05-13,11,12157.21775083919,12392.210350837311
2013-05-14,11,12233.04209112764,12520.269758278395
2013-05-15,9,12236.741829274686,12587.330453891036
2013-05-16,9,12238.87793690834,12528.604985981663
2013-05-17,9,12380.64946052032,12649.844661665531
2013-05-20,9,12494.896918912955,12649.086913692507
2013-05-21,10,12552.625998448282,12667.272865045084
2013-05-22,10,12254.555838641296,12573.312116390089
2013-05-23,10,12214.762664538128,12536.940213684928
2013-05-24,10,12234.338798118248,12526.180192467984
2013-05-28,11,12329.709309236501,12601.348791391983
2013-05-29,11,12282.016654526373,12519.512010305372
2013-05-30,11,12343.557705364,12565.734636659849
2013-05-31,12,12209.81987643459,12385.011745093581
2013-06-03,12,12216.309801313417,12453.587936652268
2013-06-04,12,12020.257114682323,12393.725846783362
2013-06-05,12,11874.025506402244,12220.353110555428
2013-06-06,12,11979.015409827307,12330.832765022353
2013-06-07,13,12137.826699687712,12487.68659543836
2013-06-10,12,12156.482662681905,12487.68659543836
2013-06-11,12,11970.817921292499,12358.717890429645
2013-06-12,12,11889.928175788638,12256.573463665985
2013-06-13,12,12088.69465187279,12442.97946502993
2013-06-14,13,11990.771567820953,12364.55254982193
2013-06-17,13,12103.12592847934,12460.407668409487
2013-06-18,14,12141.751963105902,12558.536030916119
2013-06-19,13,12007.389217156007,12385.390619080092
2013-06-20,13,11687.208307547313,12078.502690005304
2013-06-21,13,11637.018474420725,12053.497006895506
2013-06-24,11,11405.098309897163,11901.189664317648
2013-06-25,11,11561.368757998725,12015.988482230809
2013-06-26,11,11661.081451844932,12134.576040009093
2013-06-27,11,11747.078900025188,12205.804349473367
2013-06-28,11,11712.859688779397,12155.792983253768
2013-07-01,10,11800.732743050288,12227.021292718044
2013-07-02,11,11707.503849566916,12215.65507312268
2013-07-03,10,11583.702856548849,12220.95930893385
2013-07-05,10,11875.936621408919,12352.807456240056
2013-07-08,9,11889.000429058522,12422.89914374479
2013-07-09,9,12108.586497628334,12512.692278548155
2013-07-10,8,12042.381060346774,12517.390315980905
2013-07-11,8,12274.584531681383,12687.732060316739
2013-07-12,8,12288.006017381347,12693.036296127906
2013-07-15,8,12334.392799190433,12746.836402212624
2013-07-16,8,12175.763972014844,12694.172918087444
2013-07-17,8,12338.470561032167,12726.384784420701
2013-07-18,8,12468.26887523075,12796.090020459196
2013-07-19,8,12459.369995818037,12818.822459649919
2013-07-22,8,12507.887617829436,12843.82814275972
2013-07-23,8,12373.710288978502,12816.549215730847
2013-07-24,7,12269.775283002886,12769.568841403348
2013-07-25,7,12292.043239985713,12800.63650829734
2013-07-26,7,12294.256696079115,12814.275971811778
2013-07-29,9,12352.775682848656,12774.873077214519
2013-07-30,8,12124.487119311852,12774.721527619913
2013-07-31,8,12055.141767725368,12783.96605289081
2013-08-01,8,12188.468523366057,12931.726907630524
2013-08-02,8,12204.725299013031,12953.701598848222
2013-08-05,8,12197.685527235344,12934.757899522618
2013-08-06,7,12099.777424803808,12861.256346139273
2013-08-07,7,12090.366239963252,12819.580207622945
2013-08-08,7,12335.239475278711,12866.560581950444
2013-08-09,7,12334.309219198789,12829.430931272258
2013-08-12,7,12441.984286978153,12814.351746609076
2013-08-13,6,12422.743183606777,12852.163370462986
2013-08-14,6,12375.185539430826,12786.239296809883
2013-08-15,6,12358.786991347977,12607.410775176175
2013-08-16,6,12305.457931762663,12565.734636659849
2013-08-19,6,12222.309173441648,12485.413351519286
2013-08-20,6,12184.027095418254,12546.790937334245
2013-08-21,6,11997.987032768207,12469.500644085778
2013-08-22,6,12182.760179489125,12583.162840039404
2013-08-23,7,12313.327469738033,12625.596726528756
2013-08-26,7,12319.580346563944,12578.616352201258
2013-08-27,7,12054.207410617302,12376.297643403805
2013-08-28,7,12033.147736615887,12420.247025839206
2013-08-29,7,12065.553680159506,12439.948473137834
2013-08-30,7,12026.118663656109,12400.545578540577
2013-09-03,5,12041.928507675324,12456.618928544365
2013-09-04,5,12020.125860292195,12559.672652875654
2013-09-05,5,12054.284913957637,12575.585360309162
2013-09-06,5,11984.805830155658,12581.647344093353
2013-09-09,5,12158.50295705461,12702.432370993407
2013-09-10,6,12372.988093085003,12796.090020459196
2013-09-11,6,12394.783181739882,12836.250663029476
2013-09-12,6,12416.346581387425,12802.152004243388
2013-09-13,6,12435.805353036256,12830.946427218309
2013-09-16,7,12509.76507150703,12905.205728574676
2013-09-17,8,12592.151559958653,12962.794574524512
2013-09-18,7,12778.952012755411,13112.9044479806
2013-09-19,7,12730.232869341604,13090.853981965598
2013-09-20,7,12497.765587521799,12936.273395468666
2013-09-23,7,12392.417838790905,12876.411305599757
2013-09-24,7,12331.42333746049,12846.10138667879
2013-09-25,5,12346.351054374527,12808.971736000605
2013-09-26,5,12383.477473324283,12858.225354247177
2013-09-27,5,12391.600985974756,12799.04523755399
2013-09-30,6,12309.640562468208,12730.923694779114
2013-10-01,6,12405.904039516143,12831.704175191331
2013-10-02,6,12397.373840766359,12819.580207622945
2013-10-03,6,12296.869175608315,12701.371523831176
2013-10-04,6,12429.22271562964,12797.605516405243
2013-10-07,6,12246.98495883176,12686.974312343715
2013-10-08,6,12061.09198905177,12539.213457603999
2013-10-09,6,12120.42809252824,12548.30643328029
2013-10-10,6,12467.90679888794,12818.822459649919
2013-10-11,6,12670.649045675062,12901.416988709556
2013-10-14,6,12786.348498872254,12952.943850875197
2013-10-15,6,12625.330260268365,12858.9831022202
2013-10-16,5,12789.486774184455,13038.569371826929
2013-10-17,5,12931.501385323276,13125.71038872471
2013-10-18,5,12940.771369276004,13214.215351973935
2013-10-21,5,12948.266561855353,13215.124649541563
2013-10-22,4,12827.651263936617,13291.657194817004
2013-10-23,4,12703.809828619505,13228.006365082974
2013-10-24,4,12790.06419667044,13271.955747518376
2013-10-25,4,12982.985270349624,13332.57558536031
2013-10-28,4,13076.056972486023,13353.792528604987
2013-10-29,4,13139.825907811035,13425.020838069257
2013-10-30,4,13041.890028353655,13358.339016443131
2013-10-31,4,12983.31931186997,13320.451617791921
2013-11-01,4,13018.769666375365,13352.27703265894
2013-11-04,4,13015.867816090911,13399.257406986439
2013-11-05,4,13150.328530555835,13356.823520497082
2013-11-06,5,13331.194200902266,13425.020838069257
2013-11-07,5,13141.224320656675,13255.285292111845
2013-11-08,5,13248.873204065942,13434.113813745547
2013-11-11,4,13144.276177370819,13436.38705766462
2013-11-12,4,13211.943991161017,13409.108130635752
2013-11-13,4,13408.815410319736,13516.708342805183
2013-11-14,4,13447.960250555136,13584.147912404336
2013-11-15,3,13592.24256597719,13643.25225430022
2013-11-18,3,13426.00816794077,13595.514131999695
2013-11-19,3,13337.36832897093,13565.961961051753
2013-11-20,3,13329.09420967913,13523.5280745624
2013-11-21,3,13475.903470440211,13632.64378267788
2013-11-22,3,13435.193585582796,13700.841100250056
2013-11-25,3,13470.366220800908,13687.201636735623
2013-11-26,3,13618.300897410694,13690.990376600743
2013-11-27,2,13715.432366043873,13724.331287413806
2013-11-29,2,13696.297263666575,13715.238311737516
2013-12-02,2,13530.299451942938,13679.62415700538
2013-12-03,5,13426.544149349618,13620.519815109496
2013-12-04,6,13328.873424102218,13619.004319163445
2013-12-05,6,13291.790285631429,13559.142229294537
2013-12-06,9,13461.866955458836,13710.69182389937
2013-12-09,11,13460.660715184698,13745.548230658484
2013-12-10,15,13357.82471156621,13696.294612411912
2013-12-11,16,13156.403925508193,13542.471773888004
2013-12-12,18,13200.876320154879,13497.764643479579
2013-12-13,18,13293.04680314947,13496.249147533532
2013-12-16,23,13373.005765935142,13580.056073350004
2013-12-17,27,13096.348448069148,13537.167538076836
2013-12-18,30,13228.222520671005,13768.280669849206
2013-12-19,34,13116.61601592377,13752.367962415701
2013-12-20,36,13253.098617832342,13757.672198226868
2013-12-23,42,13361.660109981705,13831.173751610215
2013-12-24,47,13416.348637391475,13861.483670531183
2013-12-26,50,13495.168499495187,13931.575358035918
2013-12-27,55,13510.951331956649,13930.817610062893
2013-12-30,60,13505.987399104986,13928.923240130332
2013-12-31,83,13546.961896765488,13994.847313783435
2014-01-02,84,13468.225038249924,13860.725922558157
2014-01-03,85,13475.647164966047,13858.073804652571
2014-01-06,95,13424.508343543346,13818.292036068804
2014-01-07,97,13509.570683066411,13903.159809047509
2014-01-08,101,13490.465109238141,13906.190800939608
2014-01-09,320,13491.70751719936,13915.283776615897
2014-01-10,325,13554.498934556948,13953.171175267105
2014-01-13,330,13387.514846323842,13767.144047889673
2014-01-14,334,13541.187946786617,13917.55702053497
2014-01-15,338,13599.065136751069,13992.574069864362
2014-01-16,345,13609.357545187526,13974.388118511783
2014-01-17,349,13574.723959575265,13914.904902629385
2014-01-21,353,13626.836782328799,13956.202167159205
2014-01-22,355,13668.209495344634,13965.295142835494
2014-01-23,358,13539.709722524498,13850.875198908843
2014-01-24,365,13251.18448682027,13555.353489429415
2014-01-27,373,13168.807319735539,13488.671667803286
2014-01-28,382,13269.37767453833,13568.99295294385
2014-01-29,389,13143.713065386873,13438.660301583694
2014-01-30,402,13287.496144528848,13581.116920512237
2014-01-31,409,13202.525685212528,13501.5533833447
2014-02-03,416,12883.920736889188,13197.696446162006
2014-02-04,420,12987.117165579442,13289.762824884443
2014-02-05,426,12946.799418055365,13273.471243464423
2014-02-06,448,13104.068217681646,13448.511025233007
2014-02-07,458,13275.296892898963,13615.215579298325
2014-02-10,460,13296.780988179433,13640.221262408124
2014-02-11,472,13442.284402372536,13789.497613093885
2014-02-12,477,13460.513231295168,13796.3173448511
2014-02-13,482,13556.158437419976,13867.545654315374
2014-02-14,492,13601.581586548895,13944.078199590816
2014-02-18,484,13656.477156220799,13960.748654997347
2014-02-19,482,13567.404123051501,13868.3034022884
2014-02-20,497,13656.592367914262,13950.140183375008
2014-02-21,503,13655.431470741056,13934.227475941501
2014-02-24,511,13737.19352328399,14011.517769189968
2014-02-25,510,13709.12773890383,14006.2135333788
2014-02-26,510,13743.259382592003,14006.971281351822
2014-02-27,521,13802.391761278925,14080.472834735167
2014-02-28,530,13832.358110060386,14116.086989467303
2014-03-03,515,13719.21787970914,14016.822005001135
2014-03-04,643,13935.596448940643,14213.836477987423
2014-03-05,638,13943.499982368614,14226.718193528834
2014-03-06,641,13971.17372152583,14259.301356368873
2014-03-07,646,13974.240892081412,14265.363340153066
2014-03-10,453,13857.882972682053,14257.785860422822
2014-03-11,453,13777.902300973843,14187.315298931575
2014-03-12,454,13782.150923496183,14191.104038796695
2014-03-13,458,13617.124491976356,14031.97696446162
2014-03-14,472,13594.913352204498,13992.574069864362
2014-03-17,464,13706.490512164528,14119.1179813594
2014-03-18,466,13802.874571850776,14219.898461771614
2014-03-19,466,13727.964405850718,14144.123664469196
2014-03-20,472,13760.95537296336,14226.490869136926
2014-03-21,485,13719.652482344118,14109.267257710086
2014-03-24,493,13626.45273438463,14050.920663787225
2014-03-25,489,13660.553068954627,14117.602485413352
2014-03-26,481,13545.875473218352,14016.064257028114
2014-03-27,490,13501.242895989344,13986.512086080173
2014-03-28,498,13552.334442229318,14055.46715162537
2014-03-31,480,13708.80217411982,14170.644843525042
2014-04-01,478,13852.233953402256,14264.605592180042
2014-04-02,471,13907.44890150205,14312.343714480565
2014-04-03,476,13858.641463935719,14293.40001515496
2014-04-04,484,13664.48689376795,14124.42221717057
2014-04-07,450,13482.750092940878,13968.32613472759
2014-04-08,448,13560.266595916815,14025.914980677428
2014-04-09,444,13706.102656476787,14176.706827309237
2014-04-10,448,13412.718611556691,13878.532999924224
2014-04-11,450,13275.440237230814,13753.883458361748
2014-04-14,440,13371.010510856831,13862.248995983937
2014-04-15,431,13424.605729375935,13957.717663105252
2014-04-16,434,13558.14928858949,14103.584147912405
2014-04-17,437,13526.484169229187,14123.664469197543
2014-04-21,422,13533.764498783024,14172.918087444115
2014-04-22,420,13608.914021302944,14237.32666515117
2014-04-23,406,13569.95024606441,14203.985754338106
2014-04-24,414,13567.881806705333,14232.780177313027
2014-04-25,420,13428.906702781445,14116.086989467303
2014-04-28,402,13445.477242016872,14160.415245889217
2014-04-29,420,13510.204106237323,14226.718193528834
2014-04-30,424,13530.870763515237,14269.152080018186
2014-05-01,426,13538.928896641506,14270.288701977723
2014-05-02,434,13548.311229514355,14250.208380692582
2014-05-05,305,13554.14181267198,14277.48730772145
2014-05-06,310,13426.292110469643,14153.216640145487
2014-05-07,285,13478.577538699312,14236.568917178147
2014-05-08,303,13469.80965228617,14221.035083731153
2014-05-09,305,13517.637828908159,14242.63090096234
2014-05-12,294,13712.137968007906,14380.919906039251
2014-05-13,306,13686.474733290865,14394.180495567174
2014-05-14,305,13591.221182182328,14325.983177994998
2014-05-15,310,13478.926332538427,14200.197014472986
2014-05-16,322,13522.862875079316,14249.450632719558
2014-05-19,307,13605.687420165243,14301.735242858227
2014-05-20,297,13479.9335808304,14211.56323406835
2014-05-21,292,13568.151182623305,14331.287413806169
2014-05-22,299,13617.65482519272,14366.14382056528
2014-05-23,304,13714.450079100616,14423.732666515116
2014-05-27,289,13804.875937334222,14512.389179358946
2014-05-28,279,13793.388145631032,14501.780707736607
2014-05-29,280,13863.067862390151,14576.797757066
2014-05-30,294,13840.167777769355,14600.28794422975
2014-06-02,286,13819.34026229406,14616.57952564977
2014-06-03,284,13813.532022647123,14609.380919906042
2014-06-04,286,13866.616924868644,14638.933090853983
2014-06-05,289,13995.847887870237,14734.409335455028
2014-06-06,296,14096.21723236373,14804.501022959765
2014-06-09,280,14085.292589884504,14820.03485640676
2014-06-10,284,14070.304566741745,14821.550352352808
2014-06-11,273,14011.073433467067,14770.023490187163
2014-06-12,277,13941.958512698675,14665.454269909827
2014-06-13,282,13960.35090196328,14710.161400318253
2014-06-16,273,13984.894843425564,14722.285367886641
2014-06-17,273,14049.137866925912,14763.203758429949
2014-06-18,282,14118.31858773256,14871.18284458589
2014-06-19,296,14158.140552064646,14888.232173978935
2014-06-20,310,14201.756340022406,14847.31378343563
2014-06-23,297,14189.59521741831,14842.767295597483
2014-06-24,298,14051.978591722913,14753.353034780632
2014-06-25,300,14104.718190945337,14820.03485640676
2014-06-26,308,14100.075027735795,14809.426384784421
2014-06-27,315,14156.479405945245,14838.220807759339
2014-06-30,277,14195.011150972816,14830.643328029098
2014-07-01,275,14261.493213421332,14929.908312495263
2014-07-02,274,14252.641612810741,14945.063271955747
2014-07-03,278,14347.640140801146,15018.564825339092
2014-07-07,246,14205.66246632753,14966.280215200424
2014-07-08,246,14080.89814387487,14870.046222626357
2014-07-09,248,14118.946392171792,14936.728044252483
2014-07-10,253,14011.996282596692,14877.623702356597
2014-07-11,258,14021.883088082332,14898.08289762825
2014-07-14,221,14116.698054621475,14973.099946957642
2014-07-15,210,14052.068789085868,14945.063271955747
2014-07-16,213,14071.118325397209,15000.378873986512
2014-07-17,214,13929.354692240931,14829.885580056074
2014-07-18,215,14066.846487613702,14981.427597181178
2014-07-21,200,14027.850616832382,14953.398499659013
2014-07-22,200,14122.79665307817,15018.564825339092
2014-07-23,200,14119.917470441755,15051.905736152155
2014-07-24,211,14050.600280786544,15052.663484125182
2014-07-25,215,13980.639438667447,14982.192922633933
2014-07-28,216,13994.915397112469,14988.254906418126
2014-07-29,212,13956.60519328711,14923.84632871107
2014-07-30,211,13951.64760855204,14926.119572630143
2014-07-31,230,13678.751360017139,14631.35561112374
2014-08-01,238,13637.363869919514,14586.648480715314
2014-08-04,233,13712.479385934419,14691.975448965673
2014-08-05,228,13625.04446565939,14549.51883003713
2014-08-06,227,13605.75285828504,14554.065317875273
2014-08-07,229,13559.504101088116,14475.259528680761
2014-08-08,233,13702.12312617771,14642.721830719103
2014-08-11,228,13763.574974556055,14684.776843221944
2014-08-12,226,13719.209306853974,14664.696521936805
2014-08-13,229,13810.43761983278,14763.961506402971
2014-08-14,231,13885.392796100467,14833.674319921192
2014-08-15,234,13885.509306490565,14830.643328029098
2014-08-18,208,14007.582020894051,14954.913995605064
2014-08-19,197,14066.934183182837,15032.962036826551
2014-08-20,211,14082.688736868438,15073.12267939683
2014-08-21,216,14079.805861901308,15117.072061832236
2014-08-22,220,14068.322672682061,15093.581874668485
2014-08-25,203,14129.216822358709,15170.114419943926
2014-08-26,200,14187.210135161815,15179.965143593241
2014-08-27,202,14198.667081731854,15173.903159809048
2014-08-28,206,14185.948160816679,15165.567932105781
2014-08-29,207,14233.150648864637,15208.75956656816
2014-09-02,190,14253.960206544285,15201.182086837918
2014-09-03,203,14272.132580457293,15192.846859134652
2014-09-04,205,14239.893054804656,15170.879745396682
2014-09-05,219,14305.758746522335,15239.069485489128
2014-09-08,209,14280.912990171271,15199.66659089187
2014-09-09,205,14198.955546737641,15103.432598317799
2014-09-10,208,14264.83452707492,15160.26369629461
2014-09-11,211,14254.565573350257,15177.691899674168
2014-09-12,214,14160.785483193948,15089.035386830341
2014-09-15,213,14065.307013455666,15077.744942032281
2014-09-16,216,14147.123711509525,15191.331363188603
2014-09-17,215,14188.085782483591,15211.790558460256
2014-09-18,221,14274.035569640937,15292.86959157384
2014-09-19,237,14227.1342086133,15208.001818595134
2014-09-22,221,14076.229261945848,15090.55088277639
2014-09-23,224,13980.192023147567,15004.167613851634
2014-09-24,221,14092.980199958773,15121.618549670378
2014-09-25,225,13875.979447637881,14877.623702356597
2014-09-26,229,13989.127816083217,14995.832386148366
2014-09-29,202,13946.842974361538,14968.553459119496
2014-09-30,196,13878.808343347566,14929.15056452224
2014-10-01,191,13704.565535915672,14727.58960369781
2014-10-02,198,13741.740548509157,14729.105099643857
2014-10-03,211,13878.061109068645,14891.26316587103
2014-10-06,211,13847.029360645003,14873.834962491475
2014-10-07,212,13632.356712843539,14644.23732666515
2014-10-08,205,13843.341483978425,14900.35614154732
2014-10-09,206,13557.338731170652,14604.834432067895
2014-10-10,212,13360.22027504098,14438.129878002577
2014-10-13,205,13158.034492825123,14200.947184966279
2014-10-14,206,13209.546733686182,14222.92945366371
2014-10-15,213,13177.358690088167,14126.695461089643
2014-10-16,221,13249.309936119647,14114.571493521255
2014-10-17,232,13376.493318400131,14281.276047586573
2014-10-20,226,13506.441741917462,14419.943926649996
2014-10-21,227,13795.44847748577,14705.614912480109
2014-10-22,229,13631.965200114417,14601.045692202773
2014-10-23,238,13810.379588340189,14770.781238160189
2014-10-24,242,13887.36558572233,14884.443434113815
2014-10-27,229,13827.962578453973,14863.98423884216
2014-10-28,232,14069.505611957695,15034.477532772598
2014-10-29,238,14008.010268724653,15011.745093581876
2014-10-30,240,14035.862985674703,15107.979086155945
2014-10-31,241,14201.63030268788,15280.745624005456
2014-11-03,228,14190.623655430956,15289.080851708723
2014-11-04,220,14104.20835435424,15236.038493597029
2014-11-05,220,14133.501629734063,15332.2724861711
2014-11-06,230,14226.660066951841,15393.650071986058
2014-11-07,235,14283.413631870759,15408.047283473516
2014-11-10,233,14316.995850211712,15456.543153747061
2014-11-11,249,14315.624804249808,15471.319239221035
2014-11-12,246,14328.846788229832,15455.027657801016
2014-11-13,256,14263.795044355627,15472.455861180571
2014-11-14,266,14319.111812851917,15476.244601045692
2014-11-17,260,14277.50598917638,15486.095324695007
2014-11-18,249,14382.95479230938,15575.50958551186
2014-11-19,249,14328.604607272968,15550.503902402063
2014-11-20,257,14423.406648407688,15577.782829430933
2014-11-21,258,14519.37719729423,15661.135106463591
2014-11-24,250,14597.413850862938,15705.084488898992
2014-11-25,250,14559.732208832014,15704.32674092597
2014-11-26,249,14572.40123044894,15733.878911873911
2014-11-28,251,14358.922703343746,15700.538001060846
2014-12-01,245,14191.418237694968,15591.422292945364
2014-12-02,238,14277.300320985942,15691.82389937107
2014-12-03,242,14405.91538477381,15752.822611199515
2014-12-04,245,14352.134223507506,15735.394407819958
2014-12-05,249,14352.69497009783,15761.157838902782
2014-12-08,252,14127.772300297645,15655.830870652422
2014-12-09,250,14215.706663929665,15645.222399030083
2014-12-10,260,13895.736326306323,15394.415397438812
2014-12-11,266,13922.701142183278,15472.455861180571
2014-12-12,271,13728.753764034973,15222.399030082594
2014-12-15,256,13615.452909089016,15117.829809805258
2014-12-16,252,13615.095905088665,14996.59013412139
2014-12-17,245,13954.56310186365,15290.59634765477
2014-12-18,256,14193.956932898654,15668.712586193831
2014-12-19,269,14307.747247511932,15649.011138895203
2014-12-22,268,14340.519715770424,15720.9971963325
2014-12-23,271,14376.550942862352,15742.214139577178
2014-12-24,272,14366.435062687675,15743.729635523225
2014-12-26,279,14398.416387662468,15794.498749715844
2014-12-29,265,14445.156999266997,15815.71569296052
2014-12-30,265,14374.221896846015,15730.847919981814
2014-12-31,271,14269.760037268556,15574.751837538834
2015-01-02,284,14314.754183208413,15566.416609835569
2015-01-05,270,13964.114310577273,15285.2921118436
2015-01-06,272,13824.598013683495,15141.319996969007
2015-01-07,270,13918.884247529539,15329.999242252028
2015-01-08,273,14164.131168342103,15602.030764567704
2015-01-09,284,14048.720668915254,15477.002349018716
2015-01-12,273,13856.692184838117,15355.76267333485
2015-01-13,283,13810.07011529337,15312.571038872471
2015-01-14,288,13753.756210622472,15220.125786163522
2015-01-15,297,13575.332540872876,15080.692581647345
2015-01-16,301,13831.963292764125,15278.472380086383
2015-01-20,285,13816.186243106868,15310.67666893991
2015-01-21,285,13960.144817690196,15388.34583617489
2015-01-22,296,14107.065447552228,15617.185724028188
2015-01-23,299,14029.766285777332,15531.560203076458
2015-01-26,289,14142.136820205316,15567.932105781616
2015-01-27,308,14043.629412065626,15362.582405092067
2015-01-28,314,13772.436953262248,15165.567932105781
2015-01-29,328,13877.83902611851,15305.766462074713
2015-01-30,332,13808.965124241418,15113.283321967112
2015-02-02,328,14044.999950186304,15300.447071304085
2015-02-03,334,14370.979651153379,15521.709479427143
2015-02-04,327,14273.660541030069,15462.605137531258
2015-02-05,333,14532.233420470468,15618.701219974238
2015-02-06,350,14491.068096580066,15575.50958551186
2015-02-09,345,14474.73058609768,15505.796771993633
2015-02-10,388,14592.301213397785,15670.985830112904
2015-02-11,392,14567.529981585123,15680.078805789195
2015-02-12,397,14715.600287705543,15830.870652421003
2015-02-13,422,14825.794292392882,15896.036978101085
2015-02-17,386,14853.696775971335,15921.042661210882
2015-02-18,373,14846.77278175666,15922.55815715693
2015-02-19,378,14851.510628866125,15911.191937561567
2015-02-20,381,14927.852840912454,16006.59240736531
2015-02-23,377,14899.070533520695,16004.319163446238
2015-02-24,391,14938.068907999217,16049.859816624992
2015-02-25,395,14974.575843958304,16036.220353110555
2015-02-26,400,14927.619138886044,16017.276653784951
2015-02-27,406,14888.115195594502,15962.718799727212
2015-03-02,385,14945.280894411644,16063.499280139426
2015-03-03,393,14893.71520361437,15997.575206486323
2015-03-04,401,14806.352582899077,15930.1432143669
2015-03-05,404,14834.605246681831,15947.563840266728
2015-03-06,405,14615.759062465093,15723.270440251574
2015-03-09,400,14644.537930677572,15788.436765931652
2015-03-10,391,14414.505489538507,15532.317951049481
2015-03-11,377,14399.640506018299,15495.94604834432
2015-03-12,382,14590.05216184274,15692.960521330606
2015-03-13,388,14499.991052606058,15596.529514283551
2015-03-16,357,14657.518728953482,15805.107221338183
2015-03-17,378,14641.994028253937,15758.126847010684
2015-03-18,377,14862.017106524952,15947.563840266728
2015-03-19,392,14801.781848715105,15874.820034856408
2015-03-20,394,14918.921718738242,15943.775100401606
2015-03-23,393,14911.351674334781,15912.707433507616
2015-03-24,391,14869.889270145028,15823.293172690763
2015-03-25,393,14641.730563316221,15591.422292945364
2015-03-26,404,14606.38847654172,15554.292642267183
2015-03-27,408,14645.487329196087,15589.90679699932
2015-03-30,367,14795.27402815008,15780.101538228386
2015-03-31,368,14691.4122916371,15642.191407137987
2015-04-01,358,14639.143239361705,15586.875805107222
2015-04-02,373,14722.291964950418,15642.5702811245
2015-04-06,362,14840.183319683723,15748.276123361371
2015-04-07,346,14822.657700054166,15706.59998484504
2015-04-08,333,14906.585268800172,15759.263468970219
2015-04-09,335,14969.926431722324,15829.355156474958
2015-04-10,339,15029.89061484039,15915.738425399713
2015-04-13,283,14976.012035942938,15843.752367962416
2015-04-14,262,15016.53262433601,15874.062286883383
2015-04-15,281,15137.5426725805,15945.290596347655
2015-04-16,287,15145.290355067702,15940.74410850951
2015-04-17,291,14971.564809073892,15757.36909903766
2015-04-20,290,15117.710353249673,15901.341213912252
2015-04-21,292,15111.010618982322,15882.397514586648
2015-04-22,281,15161.828612471174,15960.445555808139
2015-04-23,285,15212.534440944562,16000.60619837842
2015-04-24,292,15179.745461428189,16037.728271576874
2015-04-27,274,15080.021777550983,15971.054027430479
2015-04-28,276,15065.6759514041,16021.823141623097
2015-04-29,280,15014.73828204951,15955.899067969993
2015-04-30,286,14838.99425407851,15796.014245661894
2015-05-01,280,14963.42478192312,15967.265287565355
2015-05-04,271,15007.656450585893,16012.730165946805
2015-05-05,288,14780.035489789196,15829.355156474958
2015-05-06,288,14740.031866110538,15764.188830794876
2015-05-07,297,14794.213821414078,15827.081912555885
2015-05-08,302,14989.069576008656,16035.46260513753
2015-05-11,292,14946.110335863968,15958.551185875578
2015-05-12,293,14908.085245015956,15911.191937561567
2015-05-13,289,14905.70048698182,15914.222929453665
2015-05-14,295,15060.25200347333,16080.169735545956
2015-05-15,304,15092.282451715302,16097.597938925514
2015-05-18,266,15180.581875612432,16147.609305145108
2015-05-19,268,15154.66029874607,16142.30506933394
2015-05-20,263,15164.48322904023,16130.938849738577
2015-05-21,271,15213.208652747102,16177.919224066076
2015-05-22,272,15188.569408035986,16139.274077441843
2015-05-26,254,15029.648427170083,15965.749791619306
2015-05-27,263,15166.332885395532,16117.299386224142
2015-05-28,273,15150.046010689666,16099.113434871562
2015-05-29,282,15058.088700344842,15999.09070243237
2015-06-01,263,15078.034214923104,16031.67386527241
2015-06-02,270,15086.81091596451,16015.761157838904
2015-06-03,279,15150.77790855202,16058.195044328257
2015-06-04,284,14998.527907245178,15922.497537319086
2015-06-05,292,15052.356975591081,15895.27923012806
2015-06-08,285,14923.383873426097,15797.529741607941
2015-06-09,282,14908.372255269644,15795.256497688868
2015-06-10,283,15106.223928933983,15984.69349094491
2015-06-11,286,15108.39329566611,16036.220353110555
2015-06-12,288,15046.752345147741,15913.46518148064
2015-06-15,272,14986.52220815188,15845.267863908466
2015-06-16,273,15077.657883734842,15931.65113283322
2015-06-17,266,15121.439671855855,15957.414563916042
2015-06-18,272,15263.250809938882,16123.361370008335
2015-06-19,279,15211.788569730346,15974.085019322572
2015-06-22,269,15319.095660188383,16055.921800409184
2015-06-23,268,15336.87429870788,16067.288020004546
2015-06-24,320,15227.685110719469,15950.594832158824
2015-06-25,325,15175.369140505323,15902.098961885278
2015-06-26,327,15137.073283680484,15899.067969993179
2015-06-29,363,14807.749111905432,15565.658861862543
2015-06-30,367,14853.392034332874,15598.242024702584
2015-07-01,365,14901.724969960484,15723.270440251574
2015-07-02,370,14894.387700918847,15708.873228764112
2015-07-06,342,14813.37796498278,15664.166098355687
2015-07-07,339,14897.431429829792,15762.67333484883
2015-07-08,339,14643.615139748219,15498.219292263393
2015-07-09,344,14689.415289144375,15526.255967265288
2015-07-10,352,14875.180924697921,15721.754944305523
2015-07-13,388,15025.436212222325,15895.27923012806
2015-07-14,384,15102.550050632475,15964.234295673261
2015-07-15,387,15072.32288648734,15958.93005986209
2015-07-16,394,15178.811397044721,16086.989467303176
2015-07-17,402,15173.852691914433,16100.62893081761
2015-07-20,387,15144.463525091967,16108.964158520876
2015-07-21,389,15089.786735642296,16045.313328786846
2015-07-22,396,15042.304147422808,16016.518905811927
2015-07-23,409,14942.384802127144,15926.34689702205
2015-07-24,415,14757.948544739587,15761.157838902782
2015-07-27,398,14662.113243859718,15669.470334166856
2015-07-28,406,14851.400072408098,15861.938319314997
2015-07-29,408,15027.98507171732,15971.054027430479
2015-07-30,426,15029.343195118121,15974.842767295597
2015-07-31,439,14991.374968166789,15950.594832158824
2015-08-03,423,14888.632525820623,15896.794726074108
2015-08-04,431,14833.405425330648,15865.727059180117
2015-08-05,448,14797.759164101895,15918.011669318783
2015-08-06,461,14702.280718850618,15787.679017958626
2015-08-07,467,14608.895888386167,15757.36909903766
2015-08-10,461,14827.006220542731,15955.899067969993
2015-08-11,466,14677.587532590847,15811.926953095399
2015-08-12,453,14752.361950749786,15830.870652421003
2015-08-13,463,14699.662053699261,15811.169205122374
2015-08-14,468,14753.98777477731,15868.758051072211
2015-08-17,458,14855.180163511583,15957.414563916042
2015-08-18,453,14836.327973663612,15911.191937561567
2015-08-19,453,14684.364260341552,15785.405774039553
2015-08-20,463,14367.837046413619,15455.78540577404
2015-08-21,466,13944.960167265597,14990.528150337199
2015-08-24,405,13387.664780253952,14359.324088808064
2015-08-25,425,13253.02873553213,14190.346290823672
2015-08-26,379,13680.995270987696,14735.167083428054
2015-08-27,387,14109.434605228456,15099.64385845268
2015-08-28,402,14216.663426468778,15100.401606425705
2015-08-31,394,14153.622581628995,14978.404182768809
2015-09-01,391,13744.788154078842,14531.33287868455
2015-09-02,399,13966.357321726678,14807.153140865348
2015-09-03,423,13970.90381517009,14817.761612487688
2015-09-04,429,13789.849315076517,14593.468212472531
2015-09-08,418,14049.111448736605,14960.218231416231
2015-09-09,367,13850.698275272907,14760.17276653785
2015-09-10,366,13903.86385358638,14840.494051678412
2015-09-11,372,13840.710244387185,14907.933621277565
2015-09-14,355,13711.959950066317,14852.618019246796
2015-09-15,348,13807.810845545251,15038.266272637722
2015-09-16,380,13973.858947680968,15168.598923997877
2015-09-17,385,13955.653038939568,15134.50026521179
2015-09-18,391,13758.476233367744,14810.184132757444
2015-09-21,390,13791.34463490144,14886.716678032888
2015-09-22,393,13555.33225132949,14693.490944911722
2015-09-23,395,13425.702430126174,14670.000757747972
2015-09-24,401,13371.907970747432,14616.958399636282
2015-09-25,407,13300.633271349248,14613.16965977116
2015-09-28,369,12919.112602691022,14246.419640827462
2015-09-29,356,12865.46014499197,14254.754868530728
2015-09-30,344,13214.068026771924,14520.724407062211
2015-10-01,345,13225.420588466666,14558.611805713419
2015-10-02,353,13517.849056580153,14776.085473971356
2015-10-05,310,13796.022883873742,15039.024020610745
2015-10-06,311,13732.947306469852,14987.4971584451
2015-10-07,312,13890.375735020856,15110.252330075018
2015-10-08,320,14044.366993763193,15246.646965219368
2015-10-09,324,14036.496723633694,15255.739940895659
2015-10-12,305,14009.82406521291,15270.137152383119
2015-10-13,303,13890.399545865428,15173.903159809048
2015-10-14,303,13845.894902843376,15101.159354398726
2015-10-15,315,14043.522098007914,15333.030234144122
2015-10-16,352,14109.621319244334,15402.743047662349
2015-10-19,339,14098.616144946891,15410.320527392589
2015-10-20,337,14079.436125023421,15390.619080093962
2015-10-21,337,13970.540946034045,15295.142835492914
2015-10-22,346,14129.959404195273,15553.534894294156
2015-10-23,350,14234.359988023683,15724.028188224596
2015-10-26,313,14195.022452430028,15685.383041600366
2015-10-27,299,14138.220312256602,15655.073122679398
2015-10-28,293,14344.397904013,15833.143896340076
2015-10-29,296,14337.125153492867,15824.050920663789
2015-10-30,301,14326.19353932448,15755.853603091611
2015-11-02,268,14478.612343408646,15942.259604455558
2015-11-03,271,14582.843941672605,15988.482230810032
2015-11-04,270,14501.45270502934,15939.986360536486
2015-11-05,282,14475.531201119764,15924.07365310298
2015-11-06,287,14462.379036223969,15915.738425399713
2015-11-09,289,14330.106611222443,15767.219822686975
2015-11-10,290,14348.349540143678,15803.591725392134
2015-11-11,294,14226.450062863603,15741.456391604153
2015-11-12,297,13986.920779830627,15521.709479427143
2015-11-13,339,13825.334797838643,15347.427445631583
2015-11-16,302,14063.125720431106,15580.813821323027
2015-11-17,303,14013.597154657744,15569.447601727667
2015-11-18,286,14252.74019469821,15816.473440933545
2015-11-19,290,14154.938412300313,15802.83397741911
2015-11-20,292,14149.946103216793,15860.48344320679
2015-11-23,273,14124.705970399133,15842.236872016367
2015-11-24,271,14226.538734259266,15863.453815261044
2015-11-25,272,14296.474846124936,15861.18057134197
2015-11-27,279,14272.10449557152,15879.36652269455
2015-11-30,272,14253.478701531383,15813.442449041448
2015-12-01,265,14348.8390388843,15964.234295673261
2015-12-02,268,14125.244849584888,15801.24270667576
2015-12-03,275,13912.412205894245,15580.056073350006
2015-12-04,284,14014.431506535864,15883.913010532697
2015-12-07,268,13777.160918548368,15787.679017958626
2015-12-08,283,13701.724607976677,15681.518526937942
2015-12-09,290,13683.176766423543,15559.596878078351
2015-12-10,299,13725.406860077053,15599.75752064863
2015-12-11,306,13383.318430115381,15297.416079411987
2015-12-14,296,13260.47242205234,15374.766992498297
2015-12-15,260,13421.466552393222,15536.167310752444
2015-12-16,262,13582.12834805658,15763.431082821853
2015-12-17,273,13291.784101386345,15523.22497537319
2015-12-18,280,13116.25273633433,15156.535576267333
2015-12-21,269,13239.963628089257,15281.50337197848
2015-12-22,270,13419.733555089519,15420.171251041904
2015-12-23,274,13704.612893553649,15611.123740243995
2015-12-24,285,13713.551052977315,15585.360309161173
2015-12-28,279,13629.16046984586,15549.746154429038
2015-12-29,280,13712.035776300536,15715.69296052133
2015-12-30,294,13574.01450694934,15604.304008486777
2015-12-31,293,13538.460355096771,15448.207926043797
2016-01-04,270,13390.513925330431,15232.189133894068
2016-01-05,267,13395.059814132792,15258.013184814732
2016-01-06,272,13128.287830409907,15065.54519966659
2016-01-07,283,12744.461782661083,14704.099416534062
2016-01-08,291,12593.810790047475,14542.92642267182
2016-01-11,283,12509.009643176512,14557.096309767372
2016-01-12,245,12535.934414192307,14674.607865423959
2016-01-13,241,12174.708127464646,14308.554974615445
2016-01-14,251,12349.046665904845,14543.456846252939
2016-01-15,261,12071.069603581222,14231.264681366978
2016-01-19,262,11975.216752855464,14250.208380692582
2016-01-20,307,11951.652372093615,14067.591119193756
2016-01-21,327,12082.62735180491,14146.39690838827
2016-01-22,345,12337.653788949996,14436.61438205653
2016-01-25,339,12083.320054012205,14218.382965825564
2016-01-26,351,12328.389996482683,14412.366446919754
2016-01-27,365,12200.73421933795,14255.51261650375
2016-01-28,375,12301.74350958648,14329.771917860122
2016-01-29,392,12680.417888300417,14679.154353262105
2016-02-01,409,12648.96460453687,14673.789497613094
2016-02-02,427,12330.16254013947,14409.335455027658
2016-02-03,434,12431.992100916004,14495.718723952416
2016-02-04,441,12523.640524407916,14518.451163143138
2016-02-05,453,12267.766133514417,14241.873152989316
2016-02-08,428,12046.020204168855,14050.162915814199
2016-02-09,436,11978.746299490365,14050.920663787225
2016-02-10,455,11937.063997769348,14038.796696218838
2016-02-11,473,11741.225593793268,13856.179434720012
2016-02-12,486,12036.034659001227,14141.850420550123
2016-02-16,490,12336.420165219055,14380.54103205274
2016-02-17,492,12589.47938317054,14615.442903690233
2016-02-18,510,12513.58674461561,14555.580813821323
2016-02-19,529,12471.512574572545,14548.761082064106
2016-02-22,566,12679.337305418465,14759.415018564825
2016-02-23,604,12520.6821470119,14573.009017200877
2016-02-24,618,12616.56719137326,14639.690838827006
2016-02-25,631,12745.062276370812,14817.003864514661
2016-02-26,636,12764.844484234804,14782.844585890733
2016-02-29,616,12670.456519075165,14666.969765855878
2016-03-01,618,12955.900564220065,15011.745093581876
2016-03-02,630,13060.082042015823,15079.184663181026
2016-03-03,636,13144.156292695152,15137.910131090399
2016-03-04,655,13197.095455683266,15187.542623323483
2016-03-07,639,13293.541346270495,15199.66659089187
2016-03-08,663,13054.190214852928,15033.719784799576
2016-03-09,679,13126.341285563884,15107.979086155945
2016-03-10,693,13100.861712094335,15120.10305372433
2016-03-11,700,13358.560782859395,15364.097901038114
2016-03-14,691,13334.429937044672,15344.396453739486
2016-03-15,687,13252.680667010944,15319.390770629689
2016-03-16,670,13355.341541171165,15408.047283473516
2016-03-17,676,13500.065744400956,15505.796771993633
2016-03-18,681,13603.652908191261,15486.85307266803
2016-03-21,618,13596.313468606962,15508.82776388573
2016-03-22,608,13566.692838272877,15500.492536182466
2016-03-23,607,13379.034031472193,15398.135939986361
2016-03-24,614,13399.519391185746,15391.376828066985
2016-03-28,594,13410.918658599192,15400.469803743275
2016-03-29,593,13587.039241074279,15542.987042509661
2016-03-30,567,13654.007076661734,15611.123740243995
2016-03-31,577,13637.804558119326,15573.236341592787
2016-04-01,601,13667.216073951091,15679.321057816169
2016-04-04,557,13584.816129590106,15628.551943623552
2016-04-05,567,13444.497636048618,15472.395241342729
2016-04-06,554,13585.256577161656,15641.43365916496
2016-04-07,562,13400.84789076945,15454.269909827992
2016-04-08,565,13476.58637259028,15495.885428506479
2016-04-11,514,13471.723203965794,15459.581723118892
2016-04-12,506,13620.67779984817,15603.546260513753
2016-04-13,484,13827.343023849979,15761.218458740623
2016-04-14,491,13803.860076674093,15761.915586875806
2016-04-15,495,13817.434906385475,15744.48738349625
2016-04-18,476,13901.719301400031,15855.057967719937
2016-04-19,460,14024.933546327267,15905.129953777376
2016-04-20,420,14076.41649351796,15920.284913237856
2016-04-21,426,13987.618470804558,15834.659392286125
2016-04-22,431,14038.347271307015,15834.659392286125
2016-04-25,374,13952.178743162358,15807.380465257256
2016-04-26,373,14046.358554539574,15830.810032583162
2016-04-27,384,14110.890451322093,15863.453815261044
2016-04-28,393,13860.771688949866,15719.292263393194
2016-04-29,403,13772.749891969852,15634.674547245586
2016-05-02,389,13850.606400498198,15758.884594983709
2016-05-03,381,13696.512406024665,15621.671592028491
2016-05-04,379,13642.465565019013,15534.591194968552
2016-05-05,392,13594.570766482253,15531.560203076458
2016-05-06,409,13642.152085127937,15588.39130105327
2016-05-09,359,13655.79860853203,15601.212396756839
2016-05-10,367,13823.732259279353,15795.256497688868
2016-05-11,370,13692.562615377885,15647.495642949156
2016-05-12,378,13652.718949474589,15652.0421307873
2016-05-13,384,13520.080401990223,15515.647495642948
2016-05-16,385,13651.726752839204,15668.712586193831
2016-05-17,388,13573.082304478565,15522.527847238009
2016-05-18,396,13572.401877476648,15527.013715238312
2016-05-19,406,13437.173112591345,15473.213609153596
2016-05-20,416,13525.06728181021,15570.963097673713
2016-05-23,399,13530.079738602695,15549.746154429038
2016-05-24,387,13712.885466969861,15751.307115253469
2016-05-25,397,13849.301245119028,15858.149579449877
2016-05-26,407,13856.714132086265,15862.69606728802
2016-05-27,413,13933.08998981076,15930.893384860196
2016-05-31,358,13943.115062161422,15900.58346593923
2016-06-01,366,13966.56282225893,15933.166628779269
2016-06-02,426,14062.201637527156,15981.662499052816
2016-06-03,456,13984.904744486268,15933.924376752293
2016-06-06,430,14120.671414507591,16015.003409865878
2016-06-07,448,14172.672177875507,16040.009092975677
2016-06-08,455,14218.742158136874,16092.293703114345
2016-06-09,459,14189.64818944867,16070.319011896643
2016-06-10,463,14022.932027088576,15918.011669318783
2016-06-13,453,13951.803541538826,15795.195877851027
2016-06-14,478,13914.875947873072,15764.188830794876
2016-06-15,479,13911.804873464564,15742.214139577178
2016-06-16,484,13936.626766968702,15789.194513904677
2016-06-17,488,13895.812673637958,15649.011138895203
2016-06-20,463,14031.129569830939,15749.791619307418
2016-06-21,467,14064.663369561336,15794.498749715844
2016-06-22,466,14016.986669347045,15768.735318633022
2016-06-23,476,14247.397266862643,15974.085019322572
2016-06-24,480,13712.698891865713,15392.134576040009
2016-06-27,460,13349.02673705776,15124.649541562476
2016-06-28,457,13556.791187501369,15397.416079411987
2016-06-29,462,13797.367987359201,15659.61961051754
2016-06-30,470,13994.678684948087,15872.925664923847
2016-07-01,475,14050.488520944811,15906.706069561265
2016-07-05,433,13908.39223768222,15792.22550579677
2016-07-06,419,13976.609845124562,15886.944002424794
2016-07-07,441,13993.04614007307,15876.79017958627
2016-07-08,449,14247.525028459291,16113.510646359022
2016-07-11,428,14316.620383887463,16170.341744335834
2016-07-12,428,14503.441779492126,16287.79268015458
2016-07-13,422,14481.233544124923,16285.519436235507
2016-07-14,426,14553.396545647749,16376.44919299841
2016-07-15,429,14537.337764237574,16354.474501780709
2016-07-18,400,14574.58410997593,16398.36326437827
2016-07-19,395,14541.523052158327,16381.753428809578
2016-07-20,394,14659.268099937099,16449.57187239524
2016-07-21,401,14576.014810781347,16387.436538607257
2016-07-22,411,14641.963484673417,16461.31696597712
2016-07-25,394,14609.757789317446,16416.609835568688
2016-07-26,396,14669.758497010265,16424.187315298932
2016-07-27,402,14647.020418364618,16406.759111919375
2016-07-28,409,14670.446689240722,16425.70281124498
2016-07-29,414,14665.965774439514,16452.223990300827
2016-08-01,356,14605.996605127993,16438.58452678639
2016-08-02,341,14516.977268263989,16333.196938698191
2016-08-03,340,14669.822180481222,16380.995680836555
2016-08-04,352,14616.299614434825,16398.401151776918
2016-08-05,360,14729.517262113579,16532.54527544139
2016-08-08,327,14690.724963325425,16522.694551792076
2016-08-09,330,14594.59314526554,16532.54527544139
2016-08-10,328,14494.38134081868,16491.626884898084
2016-08-11,337,14594.434389300095,16568.159430173524
2016-08-12,341,14579.311515435245,16553.762218686064
2016-08-15,306,14699.788683780269,16601.50034098659
2016-08-16,310,14615.595781007867,16515.874820034856
2016-08-17,313,14598.43549555295,16546.94248692885
2016-08-18,320,14684.573631386218,16584.072137607032
2016-08-19,328,14723.128019016156,16559.824202470256
2016-08-22,307,14702.684720570489,16559.066454497235
2016-08-23,311,14783.623849319643,16592.407365310297
2016-08-24,308,14631.077019629922,16507.539592331592
2016-08-25,311,14591.316588292908,16496.173372736226
2016-08-26,314,14540.763365096112,16465.105705842234
2016-08-29,291,14578.705889756186,16546.245358793665
2016-08-30,289,14582.635084094407,16518.905811926954
2016-08-31,291,14550.81873329016,16471.925437599453
2016-09-01,304,14607.686187465457,16472.683185572478
2016-09-02,327,14709.664406294809,16546.94248692885
2016-09-06,295,14743.414767108925,16597.014472986284
2016-09-07,291,14750.720658914695,16595.438357202394
2016-09-08,301,14758.82294681841,16557.550958551186
2016-09-09,306,14420.411623213375,16161.248768659543
2016-09-12,293,14577.548745901911,16393.11964840494
2016-09-13,330,14368.81849084541,16157.460028794421
2016-09-14,345,14337.778159391126,16151.39804501023
2016-09-15,354,14479.835663289216,16312.798363264377
2016-09-16,365,14442.022065064097,16168.06850041676
2016-09-19,363,14481.598434560083,16171.099492308858
2016-09-20,365,14412.459990088382,16171.85724028188
2016-09-21,369,14573.240834640892,16353.716753807683
2016-09-22,375,14720.002488201379,16456.770478138973
2016-09-23,382,14672.410514331303,16366.598469349095
2016-09-26,366,14557.555893654131,16233.992574069864
2016-09-27,376,14620.61128816206,16334.773054482079
2016-09-28,374,14706.779415890831,16415.852087595664
2016-09-29,385,14574.066838124088,16267.333484882929
2016-09-30,389,14695.278219794776,16390.088656512846
2016-10-03,374,14626.469549940637,16350.685761915587
2016-10-04,376,14534.351814410504,16267.333484882929
2016-10-05,376,14602.12408442647,16339.319542320223
2016-10-06,381,14621.235039685087,16350.685761915587
2016-10-07,384,14556.794892611098,16294.612411911798
2016-10-10,367,14651.378920994186,16379.480184890504
2016-10-11,364,14456.628520483702,16172.614988254907
2016-10-12,385,14442.291869161721,16193.831931499584
2016-10-13,392,14402.665758082765,16140.78957338789
2016-10-14,407,14400.196436564445,16149.124801091157
2016-10-17,388,14384.89134881766,16093.051451087367
2016-10-18,383,14477.557579917426,16193.831931499584
2016-10-19,390,14511.42701592553,16237.023565961961
2016-10-20,400,14482.39378367129,16206.713647040993
2016-10-21,405,14479.996371904364,16214.291126771233
2016-10-24,389,14543.538750343572,16283.246192316434
2016-10-25,398,14491.922659455005,16228.688338258695
2016-10-26,403,14472.286357638945,16196.105175418656
2016-10-27,418,14405.449373733762,16152.913540956277
2016-10-28,422,14351.20928614628,16105.175418655755
2016-10-31,405,14334.003127038928,16105.933166628782
2016-11-01,398,14244.771020351744,15989.239978783056
2016-11-02,401,14119.31004968242,15893.005986208987
2016-11-03,428,14019.693598880698,15820.262180798667
2016-11-04,432,14002.723088177187,15802.83397741911
2016-11-07,417,14236.984130585051,16151.39804501023
2016-11-08,425,14205.263112592778,16224.14185042055
2016-11-09,436,14512.859117740227,16396.090020459196
2016-11-10,447,14612.288961117023,16437.069030840343
2016-11-11,466,14654.92515619571,16399.18163218913
2016-11-14,406,14733.287653967902,16412.063347730546
2016-11-15,408,14819.445531427908,16540.122755171633
2016-11-16,413,14800.194065057605,16509.05508827764
2016-11-17,419,14829.479692975556,16593.922861256346
2016-11-18,432,14831.64561941003,16556.793210578162
2016-11-21,417,15004.28133200903,16681.821626127152
2016-11-22,420,15057.210953018419,16714.40478896719
2016-11-23,423,15084.61093221036,16723.497764643478
2016-11-25,437,15134.361412291351,16785.633098431463
2016-11-28,410,15054.070388290693,16706.827309236945
2016-11-29,414,15048.890405945525,16739.410472076986
2016-11-30,401,15057.09096253058,16699.249829506705
2016-12-01,409,15009.140235962033,16637.87224369175
2016-12-02,425,15050.694001372925,16646.207471395013
2016-12-05,412,15222.627168505138,16746.230203834206
2016-12-06,414,15334.110041833888,16799.272561945898
2016-12-07,416,15552.297973971734,17019.019474122906
2016-12-08,427,15647.438014832476,17060.695612639236
2016-12-09,432,15726.427307200202,17163.749336970523
2016-12-12,403,15653.77422345934,17144.047889671896
2016-12-13,439,15687.654597977753,17258.467833598545
2016-12-14,446,15546.910446500617,17116.01121467
2016-12-15,454,15587.370523745076,17186.48177616125
2016-12-16,470,15639.207365756245,17052.360384935968
2016-12-19,456,15661.788423441698,17089.490035614155
2016-12-20,458,15742.819378481936,17155.414109267258
2016-12-21,455,15695.571656493736,17107.675986966737
2016-12-22,475,15636.67471123385,17078.12381601879
2016-12-23,476,15679.619097579916,17103.12949912859
2016-12-27,438,15728.909682909492,17145.563385617945
2016-12-28,439,15581.450999525328,17003.864514662422
2016-12-29,442,15609.616362718321,17000.075774797304
2016-12-30,448,15543.431351974781,16937.94044100932
2017-01-03,441,15705.47955255037,17067.515344396455
2017-01-04,444,15848.920858411659,17169.053572781693
2017-01-05,455,15841.803482189365,17155.414109267258
2017-01-06,460,15892.68453567565,17216.79169508222
2017-01-09,423,15824.27926360292,17159.960597105404
2017-01-10,422,15824.765049213143,17159.960597105404
2017-01-11,424,15870.608684401841,17208.45646737895
2017-01-12,429,15802.613493586752,17165.26483291657
2017-01-13,437,15845.489116307703,17204.667727513828
2017-01-17,394,15799.310436155123,17144.047889671896
2017-01-18,391,15810.408936015863,17181.935288323104
2017-01-19,402,15709.75814518968,17118.284458589074
2017-01-20,409,15756.972483817164,17181.17754035008
2017-01-23,393,15715.17687626474,17136.470409941652
2017-01-24,398,15829.072835646453,17246.343866030158
2017-01-25,436,15933.08909694431,17395.62021671592
2017-01-26,444,15874.653322880335,17377.43426536334
2017-01-27,451,15833.806773437096,17350.15533833447
2017-01-30,435,15696.543263445266,17242.555126165036
2017-01-31,425,15785.51575740232,17241.039630218987
2017-02-01,419,15783.88941597317,17247.859361976207
2017-02-02,430,15784.109428301665,17259.225581571573
2017-02-03,433,15913.038070943376,17378.192013336364
2017-02-06,430,15877.029555355975,17347.12434644237
2017-02-07,452,15860.982309063871,17347.882094415396
2017-02-08,457,15876.746954658325,17370.614533606124
2017-02-09,466,15977.061935124344,17473.66825793741
2017-02-10,503,16051.883448742286,17542.62332348261
2017-02-13,444,16118.444859435065,17638.099568083657
2017-02-14,432,16188.597706826526,17708.570129574902
2017-02-15,428,16265.891205140373,17801.01538228385
2017-02-16,439,16225.637626280733,17785.86042282337
2017-02-17,448,16290.887847871374,17813.897097825266
2017-02-21,429,16374.858519442603,17919.98181404865
2017-02-22,443,16322.933069427949,17904.069106615138
2017-02-23,453,16316.352218846363,17916.193074183528
2017-02-24,461,16320.42406778148,17938.92551337425
2017-02-27,457,16372.20522210187,17966.962188376147
2017-02-28,513,16268.522930541913,17918.4663181026
2017-03-01,476,16469.86548083214,18169.2808971736
2017-03-02,485,16360.650604407676,18054.860953246953
2017-03-03,502,16352.067191995096,18066.227172842315
2017-03-06,489,16271.97451229043,18012.4270667576
2017-03-07,498,16190.654395101541,17958.626960672882
2017-03-08,506,16132.423690647787,17925.286049859817
2017-03-09,519,16146.1885501927,17948.018489050544
2017-03-10,527,16212.386337381991,18010.911570811546
2017-03-13,501,16214.292094166278,18020.00454648784
2017-03-14,522,16130.710383456932,17951.04948094264
2017-03-15,522,16325.46536585919,18106.387815412592
2017-03-16,530,16305.288579133401,18070.773660680457
2017-03-17,615,16279.48887136709,17960.90020459195
2017-03-20,600,16251.715791469616,17941.198757293325
2017-03-21,598,16018.439093314171,17710.843373493975
2017-03-22,594,16032.522060102117,17752.519512010305
2017-03-23,606,16056.553635282196,17733.5758126847
2017-03-24,631,16059.455092093229,17720.69409714329
2017-03-27,579,16074.371671756371,17702.50814579071
2017-03-28,576,16157.43189616983,17831.32530120482
2017-03-29,578,16221.005291936535,17847.99575661135
2017-03-30,586,16269.452946580117,17904.826854588162
2017-03-31,593,16272.733435579192,17863.150716071836
2017-04-03,584,16184.76350456681,17832.083049177843
2017-04-04,613,16157.769388045414,17843.449268773205
2017-04-05,651,16071.698635127555,17790.406910661513
2017-04-06,678,16155.662107909953,17840.418276881108
2017-04-07,681,16154.119423967868,17822.23232552853
2017-04-10,643,16179.704182985688,17832.840797150868
2017-04-11,613,16201.380862871665,17811.623853906192
2017-04-12,605,16101.727416764292,17733.5758126847
2017-04-13,609,15983.044243244247,17618.398120785027
2017-04-17,591,16113.750895437643,17774.494203228005
2017-04-18,588,16075.329469631108,17721.451845116313
2017-04-19,581,16062.13281654745,17688.868682276276
2017-04-20,585,16204.712534940618,17832.840797150868
2017-04-21,589,16127.026930409882,17776.009699174057
2017-04-24,570,16279.128047762346,17971.50867621429
2017-04-25,566,16372.180612862,18076.077896491628
2017-04-26,569,16390.760367435134,18064.711676896266
2017-04-27,573,16384.91741041937,18079.866636356746
2017-04-28,581,16314.240840929595,18040.463741759493
2017-05-01,507,16318.321297952281,18085.92862014094
2017-05-02,510,16292.739660773714,18092.74835189816
2017-05-03,650,16254.190496012123,18070.773660680457
2017-05-04,657,16225.687902082109,18091.990603925133
2017-05-05,664,16333.598683982475,18163.218913389406
2017-05-08,635,16310.633588519288,18160.187921497312
2017-05-09,676,16311.644837630462,18143.517466090776
2017-05-10,673,16374.821677601749,18176.100628930817
2017-05-11,680,16315.668939817055,18138.970978252633
2017-05-12,687,16257.27133255091,18108.661059331665
2017-05-15,654,16354.963287017275,18208.683791770858
2017-05-16,583,16329.947164117957,18192.013336364325
2017-05-17,593,16030.030048985584,17869.212699856027
2017-05-18,609,16069.99355758751,17941.198757293325
2017-05-19,620,16206.45280434567,18057.891945139047
2017-05-22,592,16297.769432924793,18149.579449874975
2017-05-23,583,16302.065052755672,18189.740092445256
2017-05-24,582,16330.272208156604,18232.173978934607
2017-05-25,607,16355.086493877367,18319.314995832385
2017-05-26,615,16361.582577668141,18315.526255967266
2017-05-30,600,16316.411831787416,18299.613548533758
2017-05-31,600,16320.277254946814,18295.067060695612
2017-06-01,607,16452.656423286866,18440.554671516253
2017-06-02,619,16477.16945884344,18501.93225733121
2017-06-05,507,16425.568374236835,18488.292793816778
2017-06-06,513,16364.480129588954,18429.188451920894
2017-06-07,518,16330.93750700375,18463.287110706977
2017-06-08,526,16325.394408760392,18472.38008638327
2017-06-09,533,16409.594150306675,18444.343411381375
2017-06-12,523,16420.40633137925,18440.554671516253
2017-06-13,565,16512.49766357132,18530.726680306132
2017-06-14,585,16467.399427637287,18507.236493142384
2017-06-15,629,16392.506989225712,18471.622338410245
2017-06-16,714,16385.16482460592,18385.996817458512
2017-06-19,710,16461.433637284652,18539.061908009397
2017-06-20,723,16321.010693858672,18414.033492460407
2017-06-21,727,16284.086893920034,18409.487004622264
2017-06-22,731,16318.401717521367,18401.151776919
2017-06-23,739,16381.910133854875,18423.126468136696
2017-06-26,727,16438.812014239087,18435.250435705086
2017-06-27,735,16331.94119438708,18286.731832992347
2017-06-28,734,16486.326425877745,18450.405395165566
2017-06-29,748,16388.193311586845,18288.247328938392
2017-06-30,766,16415.460020763814,18322.345987724486
2017-07-03,611,16505.55570144753,18353.413654618475
2017-07-05,606,16486.20450594834,18395.84754110783
2017-07-06,703,16274.025199110447,18227.627491096464
2017-07-07,707,16399.640762878607,18345.836174888234
2017-07-10,650,16381.200429821629,18365.53762218686
2017-07-11,652,16375.744565209003,18351.898158672426
2017-07-12,660,16486.888878945298,18489.808289762823
2017-07-13,664,16551.485419486107,18520.875956656815
2017-07-14,666,16617.58704213467,18607.259225581573
2017-07-17,620,16632.440360526954,18604.9859816625
2017-07-18,711,16610.224737430108,18614.836705311813
2017-07-19,717,16712.992480295197,18715.61718572403
2017-07-20,725,16718.465433061272,18723.952413427294
2017-07-21,734,16697.266088178392,18707.28195802076
2017-07-24,697,16674.442195391857,18702.735470182615
2017-07-25,694,16774.019938961694,18748.200348564067
2017-07-26,688,16769.56494345404,18748.95809653709
2017-07-27,694,16764.62677574023,18731.529893157534
2017-07-28,700,16724.167666448488,18709.555201939835
2017-07-31,704,16722.529163972587,18698.946730317497
2017-08-01,698,16747.178294960966,18740.622868833823
2017-08-02,702,16699.27996534268,18749.715844510116
2017-08-03,707,16625.124926365785,18713.343941804957
2017-08-04,710,16678.891954582457,18747.442600591043
2017-08-07,692,16652.106376784755,18782.299007350157
2017-08-08,698,16614.51890213064,18736.07638099568
2017-08-09,704,16551.56766888995,18735.318633022656
2017-08-10,713,16287.892114626902,18470.86459043722
2017-08-11,724,16319.363177492301,18498.14351746609
2017-08-14,623,16466.548323451083,18681.51852693794
2017-08-15,549,16412.38947023019,18679.245283018867
2017-08-16,549,16511.97441198483,18711.828445858908
2017-08-17,559,16233.829450136194,18420.0954762446
2017-08-18,603,16209.47677474087,18391.301053269683
2017-08-21,612,16201.876856934658,18405.698264757142
2017-08-22,660,16355.076415209573,18598.16624990528
2017-08-23,659,16334.644210361615,18531.484428279156
2017-08-24,668,16326.85380912441,18488.292793816778
2017-08-25,682,16386.993185723197,18531.484428279156
2017-08-28,656,16361.419564249789,18532.242176252177
2017-08-29,647,16349.823708683056,18553.459119496856
2017-08-30,639,16408.13326478374,18641.35788436766
2017-08-31,641,16498.11151281525,18753.504584375238
2017-09-01,654,16570.48305259408,18780.025763431084
2017-09-05,545,16435.67128057509,18645.14662423278
2017-09-06,558,16498.79152525706,18708.797453966814
2017-09-07,575,16459.419605042916,18706.52421004774
2017-09-08,579,16414.954047938016,18684.549518830037
2017-09-11,573,16598.524512303728,18883.837235735395
2017-09-12,574,16707.563111382657,18947.488065469428
2017-09-13,580,16750.413254024832,18956.581041145713
2017-09-14,584,16738.43150252947,18950.519057361522
2017-09-15,614,16781.211347540386,18882.321739789346
2017-09-18,499,16831.552085979172,18922.482382359627
2017-09-19,491,16863.545011921644,18941.42608168523
2017-09-20,488,16891.575918851857,18948.24581344245
2017-09-21,496,16838.09375357362,18897.47669924983
2017-09-22,500,16871.75294991434,18901.265439114948
2017-09-25,512,16871.358178852515,18862.62029249072
2017-09-26,551,16880.376809809146,18873.98651208608
2017-09-27,549,16952.628169684653,18947.488065469428
2017-09-28,562,16953.29759318563,18970.22050466015
2017-09-29,565,17023.332537078844,19036.902326286276
2017-10-02,553,17100.421404250472,19119.49685534591
2017-10-03,554,17085.773198374216,19160.415245889217
2017-10-04,550,17102.73246601643,19183.14768507994
2017-10-05,556,17186.732475407152,19296.80988103357
2017-10-06,566,17139.919882570954,19274.83518981587
2017-10-09,540,17072.70058301798,19243.009774948852
2017-10-10,533,17110.917569093603,19293.778889141475
2017-10-11,533,17117.522812539428,19324.08880806244
2017-10-12,538,17079.055270789366,19295.294385087516
2017-10-13,551,17065.753023505327,19318.78457225127
2017-10-16,525,17045.528139660964,19344.54800333409
2017-10-17,496,17015.605888906008,19358.187466848525
2017-10-18,462,17012.93029404756,19377.13116617413
2017-10-19,467,17000.05679490874,19382.435401985298
2017-10-20,473,17107.581983193657,19482.45813442449
2017-10-23,414,17038.285278875257,19406.683337122075
2017-10-24,407,17036.552169832314,19440.78199590816
2017-10-25,407,16928.049485836924,19344.54800333409
2017-10-26,418,16901.99318973888,19369.55368644389
2017-10-27,423,16971.174576248417,19527.92301280594
2017-10-30,474,16851.567163222015,19455.17920739562
2017-10-31,467,16910.928525098185,19485.489126316585
2017-11-01,471,16916.888593767435,19511.25255739941
2017-11-02,475,16838.775205489812,19518.83003712965
2017-11-03,479,16882.567054954794,19583.99636280973
2017-11-06,450,16928.446683888138,19614.306281730696
2017-11-07,469,16898.18019476561,19600.666818216265
2017-11-08,454,16962.43831711423,19634.007729029327
2017-11-09,464,16918.249447172337,19562.779419565057
2017-11-10,484,16892.31611889219,19556.717435780858
2017-11-13,475,16869.438118300775,19574.903387133436
2017-11-14,458,16791.651241102427,19529.43850875199
2017-11-15,454,16729.644414458136,19431.689020231872
2017-11-16,467,16869.80557791612,19596.87807835114
2017-11-17,472,16871.446996868795,19539.289232401305
2017-11-20,467,16911.18656162543,19572.63014321437
2017-11-21,467,16985.57663699026,19700.689550655454
2017-11-22,447,17036.748144485973,19683.261347275897
2017-11-24,454,17062.681379584505,19728.72622565735
2017-11-27,384,17017.932983941777,19718.87550200803
2017-11-28,415,17181.993814866877,19918.920966886413
2017-11-29,448,17257.983474281977,19906.796999318027
2017-11-30,452,17330.85016899829,20081.079033113583
2017-12-01,731,17295.1022221014,20039.402894597257
2017-12-04,723,17330.576740217857,20015.15495946048
2017-12-05,725,17209.910806495158,19943.168902023186
2017-12-06,779,17161.960861352985,19946.95764188831
2017-12-07,791,17233.829546644538,20009.850723649313
2017-12-08,799,17339.683222312284,20118.966431764795
2017-12-11,788,17374.38061352358,20179.586269606727
2017-12-12,781,17371.3120219689,20215.200424338866
2017-12-13,785,17369.93102509015,20212.927180419792
2017-12-14,795,17279.676747237572,20130.33265136016
2017-12-15,806,17436.52801351499,20194.74122906721
2017-12-18,797,17565.724279427915,20322.800636508295
2017-12-19,803,17508.499612373475,20244.75259528681
2017-12-20,799,17506.79457034939,20234.144123664464
2017-12-21,806,17553.997486509958,20275.820262180798
2017-12-22,817,17554.615528672733,20270.516026369627
2017-12-26,786,17566.97770473789,20246.268091232858
2017-12-27,732,17564.79009906317,20256.11881488217
2017-12-28,737,17609.50915721168,20297.7949533985
2017-12-29,744,17541.024266865767,20221.262408123057
2018-01-02,732,17708.86365396325,20365.992270970673
2018-01-03,776,17817.67859186859,20494.80942638479
2018-01-04,788,17857.709391743017,20581.19269530954
2018-01-05,795,17965.870927503787,20718.34507842692
2018-01-08,786,18008.365305651856,20756.232477078127
2018-01-09,779,18011.19820326001,20803.212851405624
2018-01-10,772,17981.571948783123,20771.387436538607
2018-01-11,776,18140.73295888017,20922.937031143443
2018-01-12,782,18263.963772430725,21059.331666287795
2018-01-16,782,18162.882083440094,20987.345608850497
2018-01-17,797,18309.57371139693,21187.39107372888
2018-01-18,809,18274.635571483603,21151.77691899674
2018-01-19,820,18369.23155530744,21248.01091157081
2018-01-22,811,18496.923595299057,21420.777449420322
2018-01-23,839,18581.435413621788,21466.242327801774
2018-01-24,842,18549.70423754727,21457.90710009851
2018-01-25,853,18531.34644211005,21467.000075774802
2018-01-26,860,18695.958233171026,21715.541410926726
2018-01-29,791,18554.907309482696,21571.569296052134
2018-01-30,532,18344.817310034763,21350.306887929077
2018-01-31,529,18399.11896455383,21360.91535955141
2018-02-01,541,18343.71337532396,21336.667424414638
2018-02-02,544,17977.057110041955,20872.16791695082
2018-02-05,473,17330.461817225947,19999.242252026976
2018-02-06,488,17560.2585473607,20393.271197999544
2018-02-07,508,17474.867122168387,20282.639993938017
2018-02-08,518,16903.581823390985,19521.861029021748
2018-02-09,533,17090.180137200103,19815.109494582102
2018-02-12,516,17310.893372472532,20106.08471622338
2018-02-13,513,17368.82258609929,20156.09608244298
2018-02-14,512,17588.808986301177,20428.127604758654
2018-02-15,524,17803.46088883758,20688.79290747897
2018-02-16,528,17822.704059765667,20694.854891263167
2018-02-20,496,17701.262676637856,20565.279987876034
2018-02-21,506,17591.6887195592,20462.98401151777
2018-02-22,513,17587.492753324615,20489.505190573615
2018-02-23,524,17853.42351333723,20816.09456694703
2018-02-26,512,17955.679570545642,21057.816170341743
2018-02-27,512,17712.542475990365,20794.877623702356
2018-02-28,740,17502.630849229266,20584.223687201636
2018-03-01,766,17335.106373886483,20284.913237857087
2018-03-02,774,17443.453794839905,20389.482458134426
2018-03-05,720,17639.864315214934,20625.142077744942
2018-03-06,774,17703.188835339177,20677.42668788361
2018-03-07,794,17684.802474043474,20669.849208153366
2018-03-08,830,17754.99610466628,20769.871940592562
2018-03-09,851,18024.400524405068,21131.317723725093
2018-03-12,844,18039.608251478934,21104.79654466924
2018-03-13,845,17953.658919758756,20968.401909524895
2018-03-14,820,17852.72713912166,20860.80169735546
2018-03-15,823,17811.177577695642,20838.069258164734
2018-03-16,832,17897.58571343165,20777.4494203228
2018-03-19,812,17653.205462371385,20496.324922330834
2018-03-20,807,17662.26211052808,20531.181329089944
2018-03-21,805,17660.77158020272,20491.778434492688
2018-03-22,819,17258.747057285036,19979.54080472835
2018-03-23,828,16924.73656116101,19553.686443888764
2018-03-26,784,17284.563751907408,20088.65651284383
2018-03-27,806,17059.60781985565,19746.912177009926
2018-03-28,810,17058.56955570581,19688.565583087064
2018-03-29,821,17240.170098316587,19940.13791013109
2018-04-02,803,16901.63350235691,19509.73706145336
2018-04-03,811,17091.776721681184,19759.793892551337
2018-04-04,970,17275.699816552562,19971.20557702508
2018-04-05,979,17388.55268248638,20128.817155414108
2018-04-06,1032,17042.982658316232,19680.2303553838
2018-04-09,989,17063.497759142647,19777.222095930894
2018-04-10,980,17317.076240526832,20091.687504735924
2018-04-11,980,17261.707234230806,19986.360536485565
2018-04-12,988,17350.46635401338,20150.79184663181
2018-04-13,993,17312.677670779995,20091.687504735924
2018-04-16,963,17472.440633541864,20256.876562855192
2018-04-17,960,17644.576729791992,20473.59248314011
2018-04-18,965,17694.54960617507,20488.74744260059
2018-04-19,969,17587.758332814763,20375.085246646966
2018-04-20,972,17462.09271477256,20202.318708797455
2018-04-23,961,17457.920970495048,20199.287716905357
2018-04-24,964,17276.72138668124,19927.25619458968
2018-04-25,1013,17291.314614898678,19976.509812836248
2018-04-26,1024,17423.611501750613,20179.586269606727
2018-04-27,1030,17424.349252965247,20198.529968932336
2018-04-30,765,17291.53822996982,20043.191634462375
2018-05-01,779,17314.739694040796,20078.805789194517
2018-05-02,793,17182.80949025013,19943.92664999621
2018-05-03,802,17130.957347680935,19899.977267560807
2018-05-04,805,17344.16199287263,20157.611578389027
2018-05-07,688,17413.86606846766,20225.808895961203
2018-05-08,684,17365.203452497248,20225.808895961203
2018-05-09,835,17512.06345194164,20421.30787300144
2018-05-10,841,17650.106875357218,20612.260362203528
2018-05-11,856,17692.077550760176,20675.153443964537
2018-05-14,845,17698.968188965755,20685.004167613853
2018-05-15,847,17619.448400842786,20542.54754868531
2018-05-16,921,17712.60331973752,20628.930817610064
2018-05-17,929,17738.28415306272,20611.502614230507
2018-05-18,936,17715.08650784486,20559.97575206486
2018-05-21,918,17834.600541579734,20714.556338561793
2018-05-22,915,17769.23245296757,20656.96749261196
2018-05-23,914,17795.194866431542,20713.798590588773
2018-05-24,923,17765.960647987547,20671.36470409942
2018-05-25,938,17757.682773708566,20622.111085852845
2018-05-29,873,17593.205163666848,20384.93597029628
2018-05-30,886,17807.780889701553,20656.96749261196
2018-05-31,889,17668.999510468064,20530.42358111692
2018-06-01,895,17816.11945789164,20731.984541941354
2018-06-04,713,17895.97004197547,20830.49177843449
2018-06-05,683,17937.87036561204,20845.64673789498
2018-06-06,675,18085.879276676616,21019.928771690535
2018-06-07,693,18100.348387679813,21017.65552777146
2018-06-08,736,18160.65144681342,21079.790861559446
2018-06-11,724,18213.832112931275,21107.827536561337
2018-06-12,734,18272.678169430354,21135.10646359021
2018-06-13,738,18179.017982127876,21067.666893991056
2018-06-14,769,18237.23534525808,21120.70925210275
2018-06-15,775,18274.081921706973,20999.46957641888
2018-06-18,839,18263.016063782245,20956.277941956505
2018-06-19,843,18219.454563147727,20875.956656815943
2018-06-20,839,18256.019621869724,20911.57081154808
2018-06-21,848,18120.52664541738,20780.480412214896
2018-06-22,861,18212.728854913996,20818.367810866104
2018-06-25,791,18015.35411640233,20534.970068955066
2018-06-26,796,18055.815859820566,20580.43494733652
2018-06-27,799,17851.189516787865,20409.94165340608
2018-06-28,814,17917.49081849743,20526.6348412518
2018-06-29,828,17943.664403486822,20556.18701219974
2018-07-02,780,17951.730945020638,20600.13639463515
2018-07-03,786,17928.70804137255,20527.392589224823
2018-07-05,760,18107.25834038088,20694.854891263167
2018-07-06,773,18245.2876607552,20869.89467303175
2018-07-09,594,18380.172240769614,21057.816170341743
2018-07-10,583,18392.052735601552,21133.59096764416
2018-07-11,584,18217.887410272248,20979.010381147233
2018-07-12,590,18285.00520718465,21169.2051223763
2018-07-13,644,18301.375450024094,21185.87557778283
2018-07-16,546,18263.683760022945,21166.931878457224
2018-07-17,548,18279.585020788683,21252.557399408957
2018-07-18,556,18323.893955465635,21297.26452981738
2018-07-19,640,18305.01343450059,21216.943244676822
2018-07-20,645,18250.117846134766,21192.69530954005
2018-07-23,629,18247.156627647888,21232.098204137303
2018-07-24,617,18229.79695754059,21338.940668333715
2018-07-25,694,18303.650105487464,21520.80018185951
2018-07-26,701,18348.25483542127,21470.03106766689
2018-07-27,714,18157.568580718158,21324.543456846255
2018-07-30,711,18102.39115024066,21213.154504811697
2018-07-31,715,18216.403258445305,21317.723725089036
2018-08-01,713,18147.679623329164,21282.1095703569
2018-08-02,726,18224.460099958327,21398.045010229598
2018-08-03,733,18219.516863795463,21489.732514965523
2018-08-06,694,18260.690331855138,21568.538304160033
2018-08-07,721,18289.85168809227,21639.76661362431
2018-08-08,718,18266.262117771494,21630.673637948017
2018-08-09,728,18246.932389740963,21601.121467000074
2018-08-10,757,18141.813007517943,21456.39160415246
2018-08-13,707,18053.04646682292,21376.0703190119
2018-08-14,702,18166.762496290863,21512.464954156247
2018-08-15,631,17980.664347494214,21351.822383875122
2018-08-16,639,18124.65639954777,21524.588921724637
2018-08-17,648,18207.55165960297,21600.363719027053
2018-08-20,637,18263.71179775887,21646.58634538153
2018-08-21,635,18366.30034500587,21697.355459574144
2018-08-22,661,18365.718055359685,21684.473744032737
2018-08-23,666,18328.12691930934,21655.679321057818
2018-08-24,673,18446.9650509878,21786.01197241797
2018-08-27,647,18617.62550451555,21958.020762294458
2018-08-28,644,18607.378913749577,21968.6292339168
2018-08-29,759,18679.77840322847,22086.83791770857
2018-08-30,769,18559.804320064122,21997.42365689172
2018-08-31,773,18545.892361993327,21998.18140486474
2018-09-04,756,18453.956189123295,21960.29400621353
2018-09-05,765,18399.54389689043,21901.189664317644
2018-09-06,781,18295.848491312616,21835.265590664545
2018-09-07,798,18260.76477358912,21792.831704175194
2018-09-10,793,18295.41338420064,21830.719102826402
2018-09-11,756,18324.14424032163,21902.705160263697
2018-09-12,762,18330.013135399724,21908.009396074867
2018-09-13,774,18383.497016918827,22037.584299461996
2018-09-14,786,18448.74630651364,22041.37303932712
2018-09-17,692,18338.154338921377,21924.679851481396
2018-09-18,703,18424.451652569234,22043.646283246195
2018-09-19,710,18430.172250667492,22067.136470409943
2018-09-20,721,18553.6700126736,22245.964992043646
2018-09-21,735,18501.945273828685,22125.483064332806
2018-09-24,646,18371.436337899402,22051.981510949456
2018-09-25,640,18284.01764049623,22031.52231567781
2018-09-26,710,18222.59601784801,21965.598242024706
2018-09-27,725,18235.39649713252,22026.975827839662
2018-09-28,732,18247.37634174412,22029.249071758735
2018-10-01,709,18250.916010325185,22105.781617034176
2018-10-02,725,18203.12516725945,22092.899901492765
2018-10-03,805,18277.95351065838,22105.02386906115
2018-10-04,810,18091.076617841532,21932.257331211636
2018-10-05,817,17934.836401781246,21809.502159581723
2018-10-08,744,17960.44609059882,21809.502159581723
2018-10-09,722,17845.857222609957,21777.676744714703
2018-10-10,732,17347.870058451426,21088.12608926271
2018-10-11,748,17049.129825210453,20623.626581798893
2018-10-12,767,17129.855978094718,20910.05531560203
2018-10-15,760,17140.436826680896,20792.604379783283
2018-10-16,769,17476.27161779292,21247.253163597787
2018-10-17,772,17398.280927374486,21251.041903462905
2018-10-18,870,17094.489079947165,20944.15397438812
2018-10-19,884,16984.735977926146,20932.787754792756
2018-10-22,839,16867.563668245497,20838.82700613776
2018-10-23,844,16761.96783024562,20732.742289914375
2018-10-24,852,16178.829464275032,20104.56922027734
2018-10-25,878,16487.931908438677,20465.25725543684
2018-10-26,1031,16242.568373635804,20105.32696825036
2018-10-29,902,16147.612714148181,19993.93801621581
2018-10-30,910,16431.041555243984,20290.217473668254
2018-10-31,906,16619.277290245715,20506.93339395317
2018-11-01,913,16950.57913349484,20725.164810184135
2018-11-02,928,16863.1417949903,20602.409638554214
2018-11-05,916,16935.63013555846,20716.071834507842
2018-11-06,1010,17022.738219673567,20847.162233841027
2018-11-07,1006,17288.616103928623,21293.47578995226
2018-11-08,1012,17204.581207641466,21254.83064332803
2018-11-09,1020,16948.85640780912,21047.207698719405
2018-11-12,982,16600.452215609566,20653.936500719858
2018-11-13,975,16630.512494584487,20615.29135409563
2018-11-14,1026,16536.952589631604,20474.35023111313
2018-11-15,1034,16703.783343146355,20688.035159505947
2018-11-16,1038,16697.434944624427,20741.835265590667
2018-11-19,1001,16436.901234200875,20390.997954080478
2018-11-20,996,16141.184372688105,20013.639463514435
2018-11-21,1004,16319.296189041224,20081.83678108661
2018-11-23,1019,16211.488516902918,19947.715389861332
2018-11-26,923,16481.856852671037,20269.758278396606
2018-11-27,926,16435.8450911705,20337.95559596878
2018-11-28,925,16819.827255185603,20806.243843297718
2018-11-29,939,16750.935937999457,20760.77896491627
2018-11-30,946,16838.054512261137,20887.322876411305
2018-12-03,836,17045.72239333833,21163.900886565127
2018-12-04,835,16396.32243836362,20478.138970978256
2018-12-06,826,16342.727639300541,20447.07130408426
2018-12-07,854,16003.316146961524,19971.963324998105
2018-12-10,835,15951.141186264924,20009.850723649313
2018-12-11,897,15903.794698749116,20014.39721148746
2018-12-12,898,16015.008045204044,20115.177691899673
2018-12-13,904,15913.849517494347,20108.357960142457
2018-12-14,918,15634.684047177436,19737.061453360613
2018-12-17,794,15302.627898544226,19349.85223914526
2018-12-18,862,15255.94914922786,19328.635295900585
2018-12-19,866,15030.657654668006,19039.17557020535
2018-12-20,884,14789.735217024449,18729.25664923846
2018-12-21,924,14465.002130174249,18238.993710691826
2018-12-24,912,14109.849595693835,17757.06599984845
2018-12-26,766,14800.448474720875,18654.23959990907
2018-12-27,774,14869.531386792436,18797.453966810637
2018-12-28,792,14850.541009153698,18773.206031673864
2018-12-31,774,14986.320647357476,18937.63734182011
2019-01-02,750,15099.46797020564,18957.33878911874
2019-01-03,791,14795.347313110138,18504.96324922331
2019-01-04,808,15345.694380181856,19124.80109115708
2019-01-07,744,15550.260468804861,19275.59293778889
2019-01-08,752,15720.934362218975,19456.69470334167
2019-01-09,759,15799.98327205029,19547.624460104573
2019-01-10,774,15856.836672790754,19616.57952564977
2019-01-11,780,15863.665132435131,19624.157005380013
2019-01-14,728,15778.516486320901,19504.43282564219
2019-01-15,752,15899.260454283803,19727.968477684324
2019-01-16,763,15990.34626846032,19775.706599984846
2019-01-17,774,16128.462160082885,19925.74069864363
2019-01-18,781,16377.540323072579,20190.95248920209
2019-01-22,920,16101.10771875041,19918.163218913392
2019-01-23,924,16079.019505426684,19959.83935742972
2019-01-24,958,16183.390198969819,19970.447829052056
2019-01-25,974,16390.904143864554,20139.425627036446
2019-01-28,956,16303.784055288517,19986.360536485565
2019-01-29,959,16295.133214601385,19959.83935742972
2019-01-30,969,16501.921540391144,20275.820262180798
2019-01-31,975,16612.6897186188,20453.89103584148
2019-02-01,987,16650.422844785204,20463.741759490793
2019-02-04,991,16775.36343174194,20607.71387436538
2019-02-05,989,16843.069256679184,20694.097143290146
2019-02-06,990,16792.633442632567,20666.818216261272
2019-02-07,1009,16614.639892741427,20469.803743274988
2019-02-08,1023,16617.619620729558,20494.80942638479
2019-02-11,938,16679.529769761535,20506.17564598015
2019-02-12,934,16907.58273412417,20769.871940592562
2019-02-13,933,17014.780050955498,20837.31151019171
2019-02-14,940,17010.59820838111,20791.088883837238
2019-02-15,945,17234.616573394687,21017.65552777146
2019-02-19,838,17261.757208192026,21054.027430476628
2019-02-20,797,17335.337240722456,21096.46131696598
2019-02-21,835,17227.70092966262,21021.444267636587
2019-02-22,842,17326.630508334336,21151.77691899674
2019-02-25,817,17329.39453973815,21180.571341971663
2019-02-26,806,17284.48750116445,21165.416382511175
2019-02-27,821,17259.507714680083,21156.323406834887
2019-02-28,866,17161.318834553265,21116.92051223763
2019-03-01,879,17327.789670369468,21248.76865954384
2019-03-04,835,17221.938471036756,21171.47836629537
2019-03-05,835,17163.532995404512,21142.683943320448
2019-03-06,803,16931.757642476616,21014.624535879368
2019-03-07,829,16762.798182054506,20838.82700613776
2019-03-08,842,16689.17211611745,20797.150867621425
2019-03-11,816,16936.05588954322,21098.734560885052
2019-03-12,818,16974.073041686504,21178.29809805259
2019-03-13,800,17077.991645972023,21318.481473062056
2019-03-14,815,17055.542470984696,21304.842009547625
2019-03-15,867,17093.62941185745,21316.208229142987
2019-03-18,831,17220.302355412994,21393.498522391452
2019-03-19,834,17176.312425066357,21398.80275820262
2019-03-20,692,17086.219688628058,21334.39418049557
2019-03-21,716,17285.873286477567,21575.358035917252
2019-03-22,728,16831.374242724865,21160.11214670001
2019-03-25,699,16806.87122833838,21144.1994392665
2019-03-26,733,16952.613752459234,21301.811017655527
2019-03-27,859,16885.584777424923,21190.42206562097
2019-03-28,865,16966.691340315363,21270.743350761535
2019-03-29,876,17062.27729784395,21404.864741986818
2019-04-01,854,17279.41290805198,21658.710312949912
2019-04-02,847,17234.210302951735,21669.318784572257
2019-04-03,837,17288.743138311176,21703.41744335834
2019-04-04,854,17365.948739081774,21761.006289308174
2019-04-05,861,17504.574197333794,21866.333257558534
2019-04-08,811,17509.077815136377,21883.003712965066
2019-04-09,804,17368.803723689805,21770.85701295749
2019-04-10,804,17475.705649204887,21845.11631431386
2019-04-11,813,17474.11037476596,21839.054330529667
2019-04-12,825,17618.68580233149,21986.81518526938
2019-04-15,808,17558.78823756092,21972.417973781925
2019-04-16,813,17581.62953094251,21986.81518526938
2019-04-17,793,17530.77599116326,21933.015079184665
2019-04-18,807,17549.95580943451,21976.20671364704
2019-04-22,784,17495.289391837923,21995.150412972645
2019-04-23,779,17697.78163355809,22192.922633931954
2019-04-24,828,17723.818194626278,22143.669015685384
2019-04-25,841,17643.286941208604,22130.029552170952
2019-04-26,863,17774.642901478608,22233.083276502235
2019-04-29,792,17821.2993569219,22267.939683261346
2019-04-30,889,17821.18801383338,22279.305902856708
2019-05-01,900,17642.175472400133,22111.843600818367
2019-05-02,911,17627.541239495647,22064.105478517842
2019-05-03,924,17825.30689023026,22280.063650829732
2019-05-06,859,17771.913010446147,22188.376146093808
2019-05-07,865,17468.012703331005,21817.83738728499
2019-05-08,860,17435.78173704896,21787.52746836402
2019-05-09,890,17415.19840676873,21721.60339471092
2019-05-10,914,17483.94195120069,21830.719102826402
2019-05-13,892,17027.411969771292,21282.1095703569
2019-05-14,856,17194.72778451315,21474.577555505035
2019-05-15,850,17261.30471891887,21600.363719027053
2019-05-16,868,17373.49107058017,21800.40918390543
2019-05-17,870,17225.57909758259,21659.468060922936
2019-05-20,808,17096.841204876036,21516.25369402137
2019-05-21,810,17290.0761544129,21710.237175115555
2019-05-22,798,17160.182457972976,21643.55535348943
2019-05-23,809,16881.99821533921,21379.101310903992
2019-05-24,824,16935.741863457835,21427.59718117754
2019-05-28,626,16790.994447797897,21228.309464272184
2019-05-29,705,16663.14775671366,21085.852845343637
2019-05-30,714,16674.894871254386,21143.441691293476
2019-05-31,723,16475.104121370303,20858.528453436385
2019-06-03,700,16463.784201445298,20805.486095324697
2019-06-04,891,16880.581193435326,21257.1038872471
2019-06-05,894,16939.429723966874,21441.236644691973
2019-06-06,900,16986.387283605003,21580.662271728426
2019-06-07,910,17135.93887498812,21796.620444040313
2019-06-10,891,17243.282382700865,21896.643176479505
2019-06-11,883,17228.69933813646,21891.33894066833
2019-06-12,883,17197.058277329765,21852.6937940441
2019-06-13,890,17334.559399337188,21942.865802833978
2019-06-14,894,17246.6356349279,21918.617867697205
2019-06-17,854,17275.77300693171,21926.95309540047
2019-06-18,841,17475.847624378595,22156.550731226795
2019-06-19,846,17562.420775237115,22206.56209744639
2019-06-20,851,17705.427147751885,22418.731529893157
2019-06-21,865,17658.447562872647,22277.79040691066
2019-06-24,801,17537.676681699813,22250.511479881792
2019-06-25,781,17414.324841659618,22032.28006365083
2019-06-26,794,17443.383227972132,22010.305372433133
2019-06-27,803,17582.12878763957,22088.35341365462
2019-06-28,813,17756.873641522398,22202.015609608243
2019-07-01,678,17866.79203870504,22403.576570432677
2019-07-02,687,17842.18657616904,22461.923164355536
2019-07-03,685,17984.252226922064,22641.509433962263
2019-07-05,695,17970.051149754097,22615.74600287944
2019-07-08,640,17858.18450859013,22491.475335303476
2019-07-09,654,17868.869849692706,22519.51201030537
2019-07-10,653,17925.22136274395,22627.112222474807
2019-07-11,659,17954.036820273028,22680.1545805865
2019-07-12,662,18088.499613360833,22781.692808971737
2019-07-15,636,18067.2537750617,22789.270288701977
2019-07-16,641,18029.610995308132,22710.46449950746
2019-07-17,637,17901.90308238129,22561.188148821704
2019-07-18,648,17934.62323997596,22643.782677881336
2019-07-19,661,17857.323288922547,22517.996514359325
2019-07-22,634,17870.99809266869,22573.312116390087
2019-07-23,626,18022.263015022017,22734.712434644236
2019-07-24,628,18182.835594676282,22841.554898840644
2019-07-25,639,18063.829556127966,22732.439190725167
2019-07-26,649,18170.77110094421,22884.746533303023
2019-07-29,559,18117.740157010463,22843.070394786693
2019-07-30,556,18127.286191495863,22786.997044782907
2019-07-31,563,17955.744484681454,22537.697961657952
2019-08-01,574,17719.68426460838,22341.44123664469
2019-08-02,586,17577.11264607061,22173.221186633327
2019-08-05,425,17056.374362324197,21506.402970372055
2019-08-06,420,17224.861854350147,21807.98666363568
2019-08-07,416,17218.862055764766,21820.86837917709
2019-08-08,443,17496.595530577426,22248.995983935743
2019-08-09,456,17313.488463500256,22097.44638933091
2019-08-12,448,17070.522912702778,21828.445858907326
2019-08-13,534,17265.398482297176,22167.91695082216
2019-08-14,563,16731.629486045833,21512.464954156247
2019-08-15,627,16687.449636983783,21569.29605213306
2019-08-16,646,16999.012083192854,21887.550200803213
2019-08-19,631,17220.093037507286,22151.24649541562
2019-08-20,628,17074.692014374763,21981.510949458207
2019-08-21,632,17203.66907984825,22160.339471091913
2019-08-22,637,17193.373434099714,22153.5197393347
2019-08-23,642,16709.787156544797,21584.451011593545
2019-08-26,616,16854.851269642913,21823.14162309616
2019-08-27,606,16692.92931288796,21737.51610214443
2019-08-28,609,16876.447628602888,21890.58119269531
2019-08-29,612,17130.230659746503,22170.19019474123
2019-08-30,620,17134.255753601934,22160.339471091913
2019-09-03,587,16937.874591412445,22030.76456770478
2019-09-04,585,17138.362897528183,22280.82139880276
2019-09-05,594,17409.100292801664,22567.250132605895
2019-09-06,598,17376.849684949004,22584.678335985453
2019-09-09,558,17537.167364003377,22596.044555580815
2019-09-10,558,17699.297624732353,22590.740319769648
2019-09-11,568,17920.615680744788,22751.38289005077
2019-09-12,616,17943.923443801235,22830.188679245286
2019-09-13,629,17988.08363006158,22815.0337197848
2019-09-16,623,18055.278604667965,22744.563158293553
2019-09-17,662,17978.69583557737,22802.15200424339
2019-09-18,667,17911.98579352197,22815.791467757823
2019-09-19,671,17866.96868485704,22814.275971811774
2019-09-20,682,17827.2678557102,22602.106539365002
2019-09-23,660,17821.103064098592,22596.802303553835
2019-09-24,654,17595.24168492588,22419.48927786618
2019-09-25,653,17678.03407747587,22552.09517314541
2019-09-26,665,17567.959310547154,22505.11479881791
2019-09-27,671,17513.725964081423,22383.875123134047
2019-09-30,648,17601.364226348942,22487.686595438357
2019-10-01,644,17266.051664317536,22220.201560960824
2019-10-02,594,16963.067175456505,21827.688110934305
2019-10-03,606,17060.645862950878,22006.516632568007
2019-10-04,611,17240.18578445174,22304.31158596651
2019-10-07,581,17155.15524958575,22208.077593392438
2019-10-08,575,16838.871937803782,21863.302265666436
2019-10-09,571,16942.040172286204,22070.92521027506
2019-10-10,578,17068.167171120047,22220.201560960824
2019-10-11,593,17359.43517843614,22450.55694476017
2019-10-14,436,17304.22273431684,22425.551261650373
2019-10-15,418,17543.668645600475,22647.571417746458
2019-10-16,479,17520.237980180107,22611.199515041295
2019-10-17,487,17591.063742442635,22677.881336667422
2019-10-18,488,17518.180648016994,22578.61635220126
2019-10-21,474,17635.778883248997,22731.681442752142
2019-10-22,546,17657.161707115552,22657.42214139577
2019-10-23,554,17724.392845441416,22723.346215048874
2019-10-24,560,17755.682643504293,22760.47586572706
2019-10-25,564,17889.509209436565,22853.678866409035
2019-10-28,564,17998.468241433642,22982.496021823143
2019-10-29,565,17999.065726991055,22975.67629006592
2019-10-30,567,17991.43059807602,23046.14685155717
2019-10-31,572,17898.714033979413,22984.769265742212
2019-11-01,580,18160.42853269094,23197.696446162005
2019-11-04,576,18374.69021103476,23290.89944684398
2019-11-05,582,18357.961815100614,23265.136015761153
2019-11-06,591,18262.72898518467,23270.44025157233
2019-11-07,598,18339.71397587151,23352.277032658938
2019-11-08,621,18379.798567087284,23409.865878608773
2019-11-11,551,18323.265725810066,23365.15874820035
2019-11-12,544,18334.52916773178,23414.41236644692
2019-11-13,533,18250.21345017893,23421.989846177166
2019-11-14,541,18249.33498494124,23456.08850496325
2019-11-15,555,18416.188692883632,23625.824050920666
2019-11-18,507,18392.051581813328,23643.252254300216
2019-11-19,514,18374.58939349749,23636.432522543004
2019-11-20,541,18309.682594848928,23548.533757672198
2019-11-21,547,18274.41125793589,23510.64635902099
2019-11-22,558,18348.66754714538,23562.930969159654
2019-11-25,568,18576.527628279942,23745.54823065848
2019-11-26,575,18599.435565516163,23799.348336743198
2019-11-27,586,18690.81185453087,23905.433052966586
2019-11-29,593,18595.982676387615,23816.77654012276
2019-12-02,571,18423.958826918777,23614.4578313253
2019-12-03,570,18261.444969736443,23456.08850496325
2019-12-04,571,18383.691065620435,23600.81836781086
2019-12-05,574,18400.601676215836,23643.252254300216
2019-12-06,580,18589.993532275927,23859.210426612106
2019-12-09,580,18534.004590970893,23784.193377282718
2019-12-10,594,18526.7558198924,23757.67219822687
2019-12-11,583,18562.57266058879,23825.111767826023
2019-12-12,590,18760.19328150292,24030.461468515572
2019-12-13,595,18704.88569369748,24044.858680003028
2019-12-16,528,18828.273514231285,24210.047738122303
2019-12-17,547,18893.279651016914,24215.35197393347
2019-12-18,551,18959.98727545752,24216.86746987952
2019-12-19,560,19058.187502294848,24316.132454345683
2019-12-20,572,19135.88014387537,24303.250738804272
2019-12-23,481,19214.187106113666,24340.38038948246
2019-12-24,506,19202.693336040295,24341.138137455484
2019-12-26,510,19317.60880591783,24470.713040842616
2019-12-27,516,19265.70581598474,24464.65105705842
2019-12-30,527,19159.312302680115,24329.77191786012
2019-12-31,525,19228.599230386662,24388.876259756005
2020-01-02,568,19315.523865379473,24616.95839963628
2020-01-03,575,19226.989183619808,24430.55239827234
2020-01-06,549,19318.094992421917,24523.755398954305
2020-01-07,537,19291.924128469585,24454.800333409108
2020-01-08,539,19333.627854803763,24585.132984769265
2020-01-09,702,19414.97006104405,24751.83753883458
2020-01-10,731,19322.872552544577,24680.60922937031
2020-01-13,745,19483.227611643873,24850.344775327725
2020-01-14,753,19501.166813042444,24812.457376676517
2020-01-15,763,19509.48287132073,24868.530726680307
2020-01-16,779,19713.14160516133,25075.395923315908
2020-01-17,786,19750.183272185594,25153.443964537393
2020-01-21,733,19628.957815640963,25104.190346290823
2020-01-22,718,19629.160116225776,25107.22133818292
2020-01-23,721,19631.430410617195,25136.01576115784
2020-01-24,723,19405.181390473936,24912.48010911571
2020-01-27,701,19091.397999624915,24513.14692733197
2020-01-28,729,19301.77368650604,24770.023490187163
2020-01-29,738,19254.520930513296,24749.564294915515
2020-01-30,764,19270.817789903696,24829.885580056074
2020-01-31,768,18911.188685918354,24379.025536106692
2020-02-03,760,19073.24346253918,24560.127301659468
2020-02-04,763,19390.45408284879,24934.45480033341
2020-02-05,750,19627.27556030454,25222.399030082597
2020-02-06,755,19618.962071015292,25307.266803061302
2020-02-07,760,19436.16680242501,25172.387663863
2020-02-10,727,19564.4916528972,25360.309161172994
2020-02-11,744,19695.713933845534,25404.258543608394
2020-02-12,931,19851.661005429003,25567.93210578162
2020-02-13,943,19826.894677091197,25540.653178752746
2020-02-14,955,19850.665647603557,25581.571569296055
2020-02-18,934,19764.88132997459,25515.647495642952
2020-02-19,945,19852.622820542307,25637.644919299837
2020-02-20,959,19836.338662321115,25532.317951049477
2020-02-21,972,19633.302294333538,25269.379404410094
2020-02-24,951,18992.729995693608,24431.31014624536
2020-02-25,970,18366.286978117958,23690.99037660074
2020-02-26,952,18180.96081799095,23603.849359702963
2020-02-27,975,17459.44060683308,22543.759945442147
2020-02-28,996,17290.604344054347,22449.04144881412
2020-03-02,980,17844.53002528338,23421.232098204135
2020-03-03,1017,17366.392686325013,22750.625142077748
2020-03-04,1035,17941.709369675395,23706.903084034253
2020-03-05,1056,17298.87694772089,22918.84519208911
2020-03-06,1073,16944.45001688408,22539.971205577025
2020-03-09,907,15413.428885066505,20779.722664241875
2020-03-10,903,16068.93057991845,21854.96703796317
2020-03-11,897,15178.807569482118,20789.57338789119
2020-03-12,907,13480.896629888197,18800.48495870274
2020-03-13,942,14641.057976605294,20407.668409487007
2020-03-16,894,12812.008496362558,18174.58513298477
2020-03-17,916,13410.561581246408,19155.868758051074
2020-03-18,935,12292.407902350318,18185.95135258013
2020-03-19,1046,12709.841326501319,18224.596499204363
2020-03-20,1066,12344.537537682425,17337.273622793058
2020-03-23,1080,12008.986232214613,16893.99105857392
2020-03-24,1109,13374.452625697364,18424.641964082748
2020-03-25,1123,13769.103898282989,18700.462226263542
2020-03-26,1138,14555.173557053799,19792.37705539138
2020-03-27,1181,13947.204716371461,19202.84913237857
2020-03-30,1181,14240.196331862571,19826.475714177464
2020-03-31,1217,14109.272549915473,19530.954004698036
2020-04-01,1231,13302.513107026705,18651.966355989996
2020-04-02,1237,13468.64087858391,19082.36720466773
2020-04-03,1373,13185.495899596393,18806.54694248693
2020-04-06,1376,14215.718976641854,20069.712813518225
2020-04-07,1416,14372.563744596911,20090.172008789876
2020-04-08,1504,14966.222847806901,20764.567704781388
2020-04-09,1520,15408.057238338726,21080.54860953247
2020-04-13,1319,15097.264015497853,20888.080624384333
2020-04-14,1316,15443.302157484577,21504.129726452982
2020-04-15,1354,14914.663904130412,21047.207698719405
2020-04-16,1370,14799.082628745033,21148.745927104646
2020-04-17,1386,15429.187031943284,21720.08789876487
2020-04-20,1376,15122.824367846273,21337.425172387662
2020-04-21,1368,14700.380736248819,20689.550655452
2020-04-22,1359,14978.740494658961,21148.745927104646
2020-04-23,1370,15072.686723699533,21147.230431158594
2020-04-24,1376,15263.74650583984,21441.994392665
2020-04-27,1324,15714.499538601123,21751.15556565886
2020-04-28,1316,15875.14915990563,21651.13283321967
2020-04-29,1280,16540.808163595444,22217.92831704175
2020-04-30,1318,16176.028059857226,22011.063120406154
2020-05-01,1350,15606.898118284576,21428.354929150566
2020-05-04,1267,15602.72232725094,21487.45927104645
2020-05-05,1257,15646.576055779064,21685.989239978786
2020-05-06,1252,15478.600512701116,21538.986133212093
2020-05-07,1252,15754.419410406776,21798.893687959386
2020-05-08,1264,16182.53319963469,22159.58172311889
2020-05-11,1211,16010.09012530465,22164.128210957035
2020-05-12,1186,15586.654139895421,21722.361142683945
2020-05-13,1174,15156.356962511218,21338.18292036069
2020-05-14,1239,15397.322566365461,21593.543987269833
2020-05-15,1245,15436.067639895617,21692.808971735998
2020-05-18,1092,16245.770051900441,22353.56520421308
2020-05-19,1079,16030.125927838146,22123.967568386757
2020-05-20,1096,16360.814329425566,22499.810563006744
2020-05-21,1218,16289.992518490553,22344.47222853679
2020-05-22,1226,16294.884244103814,22386.906115026144
2020-05-26,1110,16780.236637820883,22662.72637720694
2020-05-27,1051,17197.94565728915,22999.924225202696
2020-05-28,1065,17031.259089812735,22957.490338713345
2020-05-29,1074,17006.702790217285,23059.786315071608
2020-06-01,1018,17196.191277058424,23152.98931575358
2020-06-02,891,17398.995346056578,23344.699552928698
2020-06-03,882,17840.29763038137,23655.37622186861
2020-06-04,895,17938.08558969831,23593.240888080625
2020-06-05,908,18541.239211566543,24197.92377055391
2020-06-08,757,18926.024735728377,24490.414488141243
2020-06-09,735,18548.448269765526,24307.79722664242
2020-06-10,749,18168.92712156143,24172.160339471095
2020-06-11,778,16859.35437086024,22778.661817079643
2020-06-12,792,17252.069769348585,23051.451087368343
2020-06-15,702,17474.51628248106,23266.651511707205
2020-06-16,695,17816.48729306278,23714.48056376449
2020-06-17,678,17619.00529675542,23615.973327271353
2020-06-18,687,17628.391180967177,23625.066302947638
2020-06-19,692,17439.00386628815,23387.133439418052
2020-06-22,669,17498.204123638752,23537.16753807684
2020-06-23,667,17539.98106078223,23645.525498219296
2020-06-24,670,16916.984870878656,23042.35811169205
2020-06-25,689,17095.736504250344,23289.383950897933
2020-06-26,697,16639.64131353054,22736.22793059029
2020-06-29,650,16937.978826878243,23070.394786693945
2020-06-30,630,17156.365771495864,23365.916496173377
2020-07-01,634,17176.258749812114,23529.590058346592
2020-07-02,650,17235.931189094594,23659.164961733728
2020-07-06,662,17430.759744460633,24024.39948473138
2020-07-07,659,17127.19126854635,23776.61589755247
2020-07-08,670,17273.930630584007,23958.475411078278
2020-07-09,683,16989.462967602587,23822.080775933926
2020-07-10,701,17283.254409033547,24065.317875274683
2020-07-13,628,17095.779986547794,23856.937182693033
2020-07-14,634,17317.751219141952,24166.0983556869
2020-07-15,620,17819.25348984226,24388.118511782985
2020-07-16,627,17732.689176276053,24307.79722664242
2020-07-17,633,17721.03964531464,24378.26778813367
2020-07-20,460,17819.80543465108,24575.28226111995
2020-07-21,458,18071.608933555257,24627.566871258616
2020-07-22,470,18132.98702937522,24767.750246268093
2020-07-23,479,17951.879168273234,24472.22853678866
2020-07-24,495,17782.995492025286,24314.616958399634
2020-07-27,476,17873.71400550185,24491.929984087295
2020-07-28,521,17754.735028632476,24336.59164961734
2020-07-29,575,18022.419215878326,24635.902098961884
2020-07-30,581,17878.137982219476,24548.00333409108
2020-07-31,594,17867.786143869278,24741.986815185268
2020-08-03,566,18006.88278650897,24913.995605061755
2020-08-04,562,18218.41513146812,25010.229597635825
2020-08-05,567,18478.79853448351,25165.56793210578
2020-08-06,579,18568.48650969764,25333.78798211715
2020-08-07,593,18637.531017858335,25351.97393346973
2020-08-10,553,18826.19820826626,25427.748730772146
2020-08-11,574,18680.161852591453,25217.85254224445
2020-08-12,593,18884.05102845531,25569.447601727665
2020-08-13,608,18835.449434091457,25523.224975373192
2020-08-14,614,18830.31630404716,25523.982723346213
2020-08-17,604,18781.994132967364,25605.061756459803
2020-08-18,605,18680.800180470647,25660.377358490565
2020-08-19,611,18627.166345433438,25553.53489429416
2020-08-20,618,18568.47295542536,25633.098431461694
2020-08-21,625,18516.70816129985,25724.028188224598
2020-08-24,605,18746.01554260299,25984.693490944912
2020-08-25,604,18742.996767573004,26075.623247707812
2020-08-26,597,18731.255428249115,26337.04629840115
2020-08-27,601,18811.995818065992,26394.635144350985
2020-08-28,618,18986.818504795127,26565.128438281426
2020-08-31,593,18829.424952521495,26468.894445707356
2020-09-01,571,18891.640565875445,26718.19352883231
2020-09-02,585,19086.11371596078,27104.64499507464
2020-09-03,603,18588.73799561247,26171.857240281883
2020-09-04,615,18483.318691313605,25958.172311889066
2020-09-08,560,18024.594958567268,25248.92020913844
2020-09-09,562,18270.458812592806,25747.518375388347
2020-09-10,569,17993.206398648694,25300.447071304083
2020-09-11,572,18000.291176356943,25313.328786845494
2020-09-14,564,18332.154040610447,25646.73789497613
2020-09-15,562,18327.893367512257,25776.31279836327
2020-09-16,557,18480.54104875676,25674.016822005
2020-09-17,583,18343.615243783108,25448.207926043797
2020-09-18,592,18188.508507243252,25054.93672804425
2020-09-21,571,17891.511401041935,24776.08547397136
2020-09-22,562,17962.0091617412,25028.415548988407
2020-09-23,561,17477.38114801644,24447.98060165189
2020-09-24,607,17518.0686543709,24513.14692733197
2020-09-25,612,17751.54955338217,24909.449117223616
2020-09-28,499,18095.930906791134,25323.17951049481
2020-09-29,494,18087.61132969645,25185.26937940441
2020-09-30,495,18118.874546640527,25376.2218686065
2020-10-01,499,18270.7085912056,25539.137682806697
2020-10-02,504,18247.16608236075,25296.65833143896
2020-10-05,465,18612.815701454296,25745.245131469273
2020-10-06,491,18409.98852091916,25379.252860498596
2020-10-07,484,18703.327528293197,25821.01992877169
2020-10-08,490,19003.207449747824,26049.85981662499
2020-10-09,491,19065.21323026884,26282.488444343413
2020-10-12,433,19261.241545055218,26705.3118132909
2020-10-13,428,19176.319127775023,26531.02977949534
2020-10-14,423,19114.259655369664,26364.325225430024
2020-10-15,424,19146.776740508983,26331.742062589983
2020-10-16,433,19101.790049266197,26315.829355156475
2020-10-19,458,18884.668099014485,25915.73842539971
2020-10-20,465,18958.727253843976,26019.549897704022
2020-10-21,456,18882.3113516643,25970.296279457452
2020-10-22,460,19159.105657871885,26112.752898386
2020-10-23,486,19212.249012019878,26201.409411229823
2020-10-26,474,18818.388371676636,25717.20845646738
2020-10-27,470,18671.45739983242,25628.551943623555
2020-10-28,457,18059.49929455748,24752.59528680761
2020-10-29,469,18230.858458486087,25004.167613851634
2020-10-30,491,17994.2918493757,24743.50231113132
2020-11-02,461,18205.81410541379,25020.838069258163
2020-11-03,462,18562.271032407814,25462.605137531256
2020-11-04,501,18765.26546503204,26031.673865272413
2020-11-05,517,19172.43368377539,26539.365007198605
2020-11-06,546,19110.30125158061,26533.303023414417
2020-11-09,539,19744.77297376382,26866.712131545046
2020-11-10,553,19750.18570680907,26827.309236947793
2020-11-11,543,19838.62130497986,27026.59695385315
2020-11-12,551,19615.58795873237,26764.416155186784
2020-11-13,560,19945.282650285586,27134.954913995607
2020-11-16,563,20255.92224680763,27473.66825793741
2020-11-17,577,20348.740785012484,27325.907403197696
2020-11-18,598,20196.16024455733,26997.044782905203
2020-11-19,619,20354.074207800168,27110.70697885883
2020-11-20,631,20298.652054952003,26925.05872546791
2020-11-23,624,20672.91680659905,27086.459043722058
2020-11-24,622,21056.82280859908,27522.921876183984
2020-11-25,629,21025.85801341414,27480.48798969463
2020-11-27,634,21102.79336101891,27557.02053497007
2020-11-30,619,20923.718303896254,27435.023111313178
2020-12-01,623,21066.845159577104,27735.09130863075
2020-12-02,622,21183.662598413986,27793.43790255361
2020-12-03,614,21364.498308572907,27785.86042282337
2020-12-04,625,21743.513244637277,28025.30878229901
2020-12-07,593,21707.051575642083,27967.719936349167
2020-12-08,600,21882.445110411118,28049.556717435782
2020-12-09,594,21652.204209174775,27797.984390391757
2020-12-10,600,21890.936654283665,27788.89141471547
2020-12-11,625,21747.290822950887,27756.308251875427
2020-12-14,631,21674.873833331127,27632.03758429946
2020-12-15,632,22009.48270879971,28005.607335000375
2020-12-16,596,21991.73257849883,28049.556717435782
2020-12-17,616,22189.48893395743,28206.410547851785
2020-12-18,624,22195.578712053615,27974.53966810639
2020-12-21,619,22083.04478508603,27874.5169356672
2020-12-22,603,22158.232334483404,27827.536561339697
2020-12-23,625,22266.401753549275,27852.542244449494
2020-12-24,640,22234.824404553783,27960.90020459195
2020-12-28,616,22177.572901322477,28201.106312040614
2020-12-29,601,22017.34332832376,28147.3062059559
2020-12-30,598,22157.457538731152,28187.466848526183
2020-12-31,606,22221.519935036384,28330.68121542775
2021-01-04,541,21988.248012697688,27944.98749715845
2021-01-05,520,22340.754172101377,28137.455482306585
2021-01-06,527,22716.347001472786,28305.675532317953
2021-01-07,532,23143.42799128717,28726.225657346367
2021-01-08,531,23234.718611746182,28889.89921951959
2021-01-11,509,23127.8854258268,28695.157990452375
2021-01-12,520,23443.721186765157,28701.219974236566
2021-01-13,495,23415.190895180887,28778.510267485035
2021-01-14,513,23581.699455842714,28677.729787072818
2021-01-15,520,23330.850059047585,28468.591346518147
2021-01-19,472,23550.241307202567,28692.126998560278
2021-01-20,441,23679.949921734355,29089.186936424943
2021-01-21,450,23690.196946175627,29115.708115480793
2021-01-22,475,23651.00834489364,29012.654391149503
2021-01-25,469,23622.277812308377,29127.07433507615
2021-01-26,477,23520.989829644022,29081.609456694703
2021-01-27,476,22967.51782501439,28370.84185799803
2021-01-28,484,23167.73046213987,28614.836705311816
2021-01-29,493,22815.86551814649,28041.979237705542
2021-02-01,469,23117.79876927985,28508.75198908843
2021-02-02,466,23463.32608427284,28911.87391073729
2021-02-03,476,23560.583189178837,28934.606349928017
2021-02-04,477,23881.908443029428,29263.468970220507
2021-02-05,480,24064.54018249454,29378.64666212018
2021-02-08,470,24371.358507658046,29590.816094566948
2021-02-09,460,24378.441150461535,29571.11464726832
2021-02-10,456,24386.297068213655,29558.232931726907
2021-02-11,464,24429.989739753913,29605.97105402743
2021-02-12,493,24638.823318592364,29752.216412821097
2021-02-16,471,24689.555631935225,29726.452981738275
2021-02-17,467,24599.601374093214,29733.272713495488
2021-02-18,476,24260.69381224552,29606.728802000456
2021-02-19,488,24539.52645915822,29554.444191861785
2021-02-22,458,24384.749927943933,29327.119799954537
2021-02-23,474,24311.612475735517,29362.73395468667
2021-02-24,499,24711.36182133953,29686.29233916799
2021-02-25,514,24015.871387484764,28970.978252633173
2021-02-26,538,23885.31824022488,28821.70190194741
2021-03-01,529,24614.58174686154,29520.3455330757
2021-03-02,541,24382.336879047358,29289.990149276353
2021-03-03,549,24066.14626153435,28902.023187087976
2021-03-04,555,23567.900216021186,28544.366143820564
2021-03-05,590,23937.70321783949,29069.485489126317
2021-03-08,576,23782.819679467884,28924.7556262787
2021-03-09,585,24228.15085959644,29337.728271576874
2021-03-10,590,24542.112440458084,29520.3455330757
2021-03-11,604,25010.886515946888,29819.655982420245
2021-03-12,620,25072.12381741112,29859.816624990526
2021-03-15,580,25279.966246273285,30037.88739865121
2021-03-16,592,24982.247870025374,30000.0
2021-03-17,567,25111.648059366773,30102.295976358266
2021-03-18,615,24493.491767541276,29664.31764795029
2021-03-19,624,24641.926297766793,29512.76805334546
2021-03-22,599,24700.13094418975,29748.427672955975
2021-03-23,584,24230.236201036176,29514.283549291504
2021-03-24,573,23911.16816211435,29364.249450632717
2021-03-25,583,24165.505362365748,29529.43850875199
2021-03-26,592,24580.740009591078,30005.30423581117
2021-03-29,587,24311.6926186147,29990.149276350687
2021-03-30,618,24440.507415707834,29910.58573918315
2021-03-31,620,24670.368613289516,30031.825414867017
2021-04-01,632,24989.539706711457,30356.141547321364
2021-04-05,618,25181.45137057719,30791.846631810262
2021-04-06,634,25242.555027515773,30773.66068045768
2021-04-07,625,25120.771555855466,30809.27483518981
2021-04-08,629,25311.124886565693,30955.52019398348
2021-04-09,634,25347.50315405465,31180.571341971663
2021-04-12,610,25294.615919595235,31191.93756156702
2021-04-13,588,25345.927503075603,31284.382814275974
2021-04-14,568,25321.75460484321,31177.540350079562
2021-04-15,582,25540.451595057468,31512.46495415625
2021-04-16,586,25564.36010735268,31617.79192240661
2021-04-19,575,25346.140129985302,31462.45358793665
2021-04-20,573,25047.052594728648,31232.098204137303
2021-04-21,575,25420.030128813934,31527.61991361673
2021-04-22,586,25254.49583841557,31239.675683867546
2021-04-23,585,25639.03972858928,31578.389027809353
2021-04-26,542,25845.278893335784,31644.313101462456
2021-04-27,523,25832.94591534877,31637.493369705237
2021-04-28,517,25804.679478976494,31628.400394028944
2021-04-29,519,25879.92462399871,31829.961354853378
2021-04-30,523,25612.049744078504,31620.822914298707
2021-05-03,501,25598.159349774473,31689.02023187088
2021-05-04,476,25377.78778799772,31493.521254830644
2021-05-05,476,25356.98440832537,31503.371978479958
2021-05-06,495,25416.405757900688,31754.944305523983
2021-05-07,504,25755.830845377775,31986.057437296357
2021-05-10,474,25380.619921644324,31669.31878457225
2021-05-11,463,25254.595208979692,31386.678790634232
2021-05-12,466,24625.69835624531,30719.860574372964
2021-05-13,483,24834.87783579069,31088.88383723573
2021-05-14,493,25331.422503282516,31566.26506024096
2021-05-17,444,25383.830991080307,31485.9437751004
2021-05-18,438,25293.074314871337,31214.67000075775
2021-05-19,446,25161.040590978202,31132.833219671138
2021-05-20,459,25471.451182343764,31467.757823747823
2021-05-21,474,25480.305653498766,31441.994392665
2021-05-24,452,25701.349266512316,31762.521785254226
2021-05-25,445,25605.39204800264,31692.051223762977
2021-05-26,434,25790.423437735295,31754.944305523983
2021-05-27,467,25943.677166020825,31771.614760930515
2021-05-28,481,25925.855954147286,31828.44585890733
2021-06-01,433,26099.6023486465,31800.409183905434
2021-06-02,436,26175.381815234767,31850.420550125025
2021-06-03,443,26023.886034172257,31732.211866333255
2021-06-04,463,26133.73141397791,32022.42934000152
2021-06-07,448,26195.562089175542,31991.361673107527
2021-06-08,448,26258.009144756972,31998.18140486474
2021-06-09,447,26179.378516817214,31950.443282564218
2021-06-10,456,26264.591639766753,32098.961885276956
2021-06-11,470,26380.103799919238,32152.00424338865
2021-06-14,449,26341.436849423866,32223.990300825943
2021-06-15,457,26250.468100604005,32164.88595893006
2021-06-16,456,26189.648002301543,31985.299689323332
2021-06-17,466,26059.82520466656,31974.691217700998
2021-06-18,477,25683.784399773016,31440.478896718952
2021-06-21,438,26109.1741590135,31890.58119269531
2021-06-22,448,26254.68810738779,32061.07448662575
2021-06-23,454,26260.77807668202,32022.42934000152
2021-06-24,465,26422.002246506094,32211.866333257563
2021-06-25,474,26522.99661805297,32326.28627718421
2021-06-28,474,26466.46940224645,32391.45260286429
2021-06-29,483,26476.374431898883,32408.880806243844
2021-06-30,475,26507.8493521968,32436.159733272714
2021-07-01,485,26665.64357356523,32615.74600287944
2021-07-02,505,26722.163622123073,32865.0450860044
2021-07-06,463,26555.35779251697,32805.18299613548
2021-07-07,509,26516.36747535734,32921.11843600818
2021-07-08,525,26228.47395326114,32652.87565355763
2021-07-09,532,26650.974716049168,33001.439721148745
2021-07-12,508,26692.969763392495,33119.64840494051
2021-07-13,501,26437.538316065842,33006.743956959916
2021-07-14,478,26265.08732971014,33055.997575206486
2021-07-15,482,26139.93978680401,32943.09312722588
2021-07-16,486,25875.522299185453,32684.701068424638
2021-07-19,471,25448.766735816997,32202.015609608246
2021-07-20,472,25963.5986737444,32663.484125179966
2021-07-21,468,26295.614672734846,32927.9381677654
2021-07-22,479,26195.899551688217,32996.8932333106
2021-07-23,479,26310.282513163864,33336.364325225426
2021-07-26,449,26416.612722023554,33418.20110631204
2021-07-27,440,26282.961074357976,33265.89376373418
2021-07-28,437,26375.81583974756,33252.25430021975
2021-07-29,446,26499.208189374618,33390.16443131014
2021-07-30,449,26364.00916086336,33228.00636508297
2021-08-02,452,26315.459567612117,33158.29355156475
2021-08-03,439,26451.219380689206,33428.051829961354
2021-08-04,432,26300.36092608938,33263.620519815115
2021-08-05,440,26520.08076494315,33474.27445631583
2021-08-06,445,26601.69553232858,33529.5900583466
2021-08-09,427,26531.335124218072,33502.31113131772
2021-08-10,451,26537.71257419595,33543.987269834055
2021-08-11,451,26646.754501107695,33627.33954686671
2021-08-12,468,26652.3969796278,33728.12002727893
2021-08-13,472,26599.16900263755,33789.49761309389
2021-08-16,451,26502.047031356422,33869.06115026143
2021-08-17,447,26319.55800719288,33647.04099416534
2021-08-18,444,26069.98682376925,33278.775479275595
2021-08-19,452,25946.51117106218,33330.30234144124
2021-08-20,456,26174.635997053694,33595.5141319997
2021-08-23,421,26472.776122048977,33891.03584147912
2021-08-24,413,26676.307540062906,33944.83594756384
2021-08-25,398,26788.01354785385,34016.06425702811
2021-08-26,407,26546.02783075231,33815.2610441767
2021-08-27,409,26931.758422622734,34117.60248541335
2021-08-30,385,27087.742583880838,34267.63658407214
2021-08-31,374,27052.05905590531,34216.867469879515
2021-09-01,369,27139.71047409387,34235.0534212321
2021-09-02,379,27380.988526179914,34340.38038948246
2021-09-03,427,27392.08448503058,34332.04516177919
2021-09-07,360,27278.80992785271,34209.28999014928
2021-09-08,359,27177.796289153783,34167.613851632945
2021-09-09,364,27109.130816621684,34021.36849283928
2021-09-10,366,26969.360604764497,33753.125710388726
2021-09-13,356,27050.84010885299,33839.50897931348
2021-09-14,364,26856.770003509882,33656.89171781466
2021-09-15,359,27045.608630011415,33938.01621580662
2021-09-16,363,27081.87843633563,33884.21610972191
2021-09-17,367,26918.906471352548,33446.995529286956
2021-09-20,343,26412.11203671067,32889.293021141166
2021-09-21,346,26362.56557035471,32858.22535424718
2021-09-22,343,26666.431031117376,33178.7527468364
2021-09-23,347,27027.127240069087,33581.87466848526
2021-09-24,367,26928.738158665314,33637.19027051603
2021-09-27,355,27028.11501978647,33540.95627794196
2021-09-28,358,26524.65708699535,32865.0450860044
2021-09-29,360,26558.464819845078,32920.36068803516
2021-09-30,362,26274.053992172947,32517.996514359325
2021-10-01,419,26580.04963467537,32904.44798060165
2021-10-04,407,26367.4896665183,32480.109115708117
2021-10-05,410,26517.132066113572,32818.064711676896
2021-10-06,411,26529.25892583443,32954.45934682125
2021-10-07,417,26817.685572592432,33239.372584678335
2021-10-08,465,26746.666667106754,33178.7527468364
2021-10-11,407,26653.770075534536,32938.546639387736
2021-10-12,403,26716.501439566957,32857.46760627416
2021-10-13,394,26910.42905542408,32975.67629006592
2021-10-14,401,27322.605668285283,33530.347806319616
2021-10-15,402,27466.039180444408,33785.70887322877
2021-10-18,389,27551.518861979293,33885.731605667956
2021-10-19,396,27782.002613904053,34147.154656361294
2021-10-20,399,27902.53016555889,34281.27604758657
2021-10-21,411,27996.245689958527,34370.69030840343
2021-10-22,412,27970.78738857919,34335.07615367129
2021-10-25,411,28150.571055005785,34519.20891111616
2021-10-26,412,28049.326793703654,34550.276578010154
2021-10-27,411,27758.986713212824,34397.21148745927
2021-10-28,408,28112.04218925107,34729.10509964386
2021-10-29,412,28129.50644539399,34799.5756611351
2021-11-01,399,28315.532337579778,34859.43775100402
2021-11-02,355,28335.34550151432,35000.378873986505
2021-11-03,422,28454.070997314626,35214.06380237933
2021-11-04,433,28499.76894166982,35380.010608471624
2021-11-05,445,28572.108329147355,35502.76578010154
2021-11-08,444,28652.874241439324,35533.075699022505
2021-11-09,460,28649.906155312412,35415.624763203756
2021-11-10,471,28351.21915842517,35130.71152534667
2021-11-11,475,28457.672728209604,35142.077744942035
2021-11-12,478,28649.29094182518,35407.289535500495
2021-11-15,460,28654.858325551795,35419.41350306888
2021-11-16,481,28764.031268994862,35559.596878078344
2021-11-17,481,28521.5297553693,35473.213609153594
2021-11-18,488,28344.569118646363,35593.69553686444
2021-11-19,492,28200.925578912527,35530.04470713041
2021-11-22,490,28011.88481669608,35430.02197469122
2021-11-23,474,28033.413600309024,35477.002349018716
2021-11-24,466,28167.97022464661,35571.72084564674
2021-11-26,476,27546.68788262949,34778.358717890434
2021-11-29,476,27728.002672674764,35204.970826703044
2021-11-30,426,27109.715721972156,34519.96665908919
2021-12-01,426,26676.115817438116,34136.54618473895
2021-12-02,429,27202.072346936216,34659.39228612563
2021-12-03,435,26893.027829414368,34357.80859286201
2021-12-06,424,27229.7570179996,34764.719254375996
2021-12-07,380,27863.52170215959,35483.82208077593
2021-12-08,383,28092.91641863942,35577.78282943093
2021-12-09,384,27723.205567014506,35337.57672198227
2021-12-10,386,27761.041195419035,35670.22808213988
2021-12-13,384,27464.481230516427,35354.2471773888
2021-12-14,388,27274.32037316363,35111.01007804804
2021-12-15,398,27577.214037380563,35659.61961051754
2021-12-16,404,27361.17822706492,35345.15420171251
2021-12-17,420,27266.47644924651,34846.55603546261
2021-12-20,392,26812.155492975406,34476.01727665379
2021-12-21,408,27446.778245321064,35088.27763885732
2021-12-22,410,27654.38441936676,35439.114950367504
2021-12-23,417,27877.428539710847,35659.61961051754
2021-12-27,412,28184.95639316327,36164.27976055164
2021-12-28,413,28089.10916850642,36134.7275896037
2021-12-29,406,28067.119572287538,36180.950215958175
2021-12-30,413,28154.146609836967,36080.927483518986
2021-12-31,419,28120.538495340697,35989.99772675608
2022-01-03,335,28374.71449141824,36198.37841933773
2022-01-04,330,28409.33999829073,36186.25445176934
2022-01-05,326,27868.604304360702,35491.39956050618
2022-01-06,331,27933.712288652856,35458.058649693114
2022-01-07,346,27872.300782942933,35317.87527468364
2022-01-10,320,27744.206244799723,35273.92589224824
2022-01-11,340,28170.88144181431,35595.21103281049
2022-01-12,369,28128.991108466525,35691.44502538456
2022-01-13,385,27750.108991625482,35199.666590891866
2022-01-14,396,27744.672836179718,35214.06380237933
2022-01-18,377,27219.24040445248,34590.43722058043
2022-01-19,397,27006.535750566112,34231.26468136698
2022-01-20,405,26740.490281067192,33852.39069485489
2022-01-21,438,26148.136954367477,33187.84572251269
2022-01-24,487,26297.10057008858,33328.78684549519
2022-01-25,495,26036.882514889578,32921.87618398121
2022-01-26,477,25812.194562391152,32839.28165492157
2022-01-27,489,25609.76853978202,32677.123588694405
2022-01-28,497,26154.81683454227,33488.67166780329
2022-01-31,492,26802.71278488662,34091.83905433053
2022-02-01,504,27087.69197627263,34322.194438129874
2022-02-02,497,27004.487469860826,34655.603546260514
2022-02-03,511,26445.855231124697,33841.02447525953
2022-02-04,516,26627.100045309027,34000.15154959461
2022-02-07,511,26537.35471279239,33891.03584147912
2022-02-08,517,26754.330709516307,34169.88709555202
2022-02-09,512,27312.584384765414,34670.00075774798
2022-02-10,528,26864.051009074876,34047.131923922105
2022-02-11,545,26475.953074932208,33375.76721982269
2022-02-14,534,26347.059197872062,33266.651511707205
2022-02-15,553,26821.251996314008,33803.13707660832
2022-02-16,588,26825.360676257227,33841.02447525953
2022-02-17,593,26238.321061074406,33118.13290899447
2022-02-18,672,25997.284812675953,32903.69023262863
2022-02-22,651,25688.61453439858,32550.579677199366
2022-02-23,667,25247.378808795176,31973.175721754946
2022-02-24,676,25688.077212030617,32454.345684625296
2022-02-25,714,26304.17007155179,33170.41751913314
2022-02-28,707,26319.26713233401,33085.54974615443
2022-03-01,711,25946.278561336418,32581.647344093355
2022-03-02,712,26358.855447796563,33181.02599075547
2022-03-03,716,26126.32048784143,33015.8369326362
2022-03-04,723,25797.90378630915,32747.594150185647
2022-03-07,726,24979.374976219,31782.223232552857
2022-03-08,720,24919.49779734603,31541.259377131166
2022-03-09,743,25589.818524540773,32386.906115026144
2022-03-10,766,25463.909438799925,32240.66075623248
2022-03-11,777,25083.49299006069,31830.7191028264
2022-03-14,705,24852.35806304563,31598.09047510798
2022-03-15,701,25314.093445065177,32292.945366371147
2022-03-16,693,25991.397122549035,33009.01720087899
2022-03-17,696,26355.124493277963,33421.98984617716
2022-03-18,701,26658.839362196155,33683.4128968705
2022-03-21,667,26557.334685219597,33673.56217322119
2022-03-22,643,26864.730337006058,34067.591119193756
2022-03-23,579,26492.495613212377,33628.855042812764
2022-03-24,581,26813.224574309006,34135.788436765935
2022-03-25,585,26900.18529146454,34302.49299083125
2022-03-28,561,27035.763953169597,34546.48783814504
2022-03-29,557,27474.931744453654,34973.857694930666
2022-03-30,556,27218.95138264057,34757.899522618776
2022-03-31,584,26807.577185536175,34222.92945366371
2022-04-01,592,26943.49663491111,34319.92119421081
2022-04-04,562,27073.88657368264,34613.92740774419
2022-04-05,563,26690.329035975195,34176.70682730924
2022-04-06,566,26435.518986772833,33834.96249147534
2022-04-07,577,26495.428566290862,34005.45578540577
2022-04-08,582,26441.13818911598,33914.526028642875
2022-04-11,558,26136.151477394505,33334.848829279385
2022-04-12,583,26043.857234687042,33211.33590967644
2022-04-13,574,26364.722284746764,33591.72539213458
2022-04-14,596,26104.577507932758,33173.448511025235
2022-04-18,526,26018.628757371636,33187.08797453967
2022-04-19,452,26451.00409336968,33722.81579146776
2022-04-20,454,26422.18428728385,33697.81010835796
2022-04-21,461,25935.600573703658,33193.907706296886
2022-04-22,518,25232.433612650166,32283.094642721833
2022-04-25,508,25320.919171919795,32470.2583920588
2022-04-26,488,24657.26017350499,31529.893157535804
2022-04-27,485,24713.225766940977,31618.54967037963
2022-04-28,492,25283.301438979608,32417.216033947112
2022-04-29,501,24463.9837669872,31219.216488595892
2022-05-02,486,24614.59577024833,31407.13798590589
2022-05-03,493,24772.827948928214,31551.11010078048
2022-05-04,487,25512.299819097818,32511.93453057513
2022-05-05,491,24595.914712452686,31356.368871713268
2022-05-06,619,24263.53145598093,31169.205122376297
2022-05-09,590,23342.356961405556,30171.251041903466
2022-05-10,585,23242.00802382638,30240.963855421684
2022-05-11,740,22768.863168042084,29760.55164052436
2022-05-12,751,22982.98726318264,29729.48397363037
2022-05-13,754,23753.214564003112,30440.251572327044
2022-05-16,744,23548.433525340894,30316.738652724103
2022-05-17,752,24117.379184373618,30940.365234522997
2022-05-18,759,23190.368915282415,29693.11207092521
2022-05-19,766,23301.978457210484,29511.252557399406
2022-05-20,778,23278.28571059082,29524.134272940817
2022-05-23,772,23594.519978519587,30076.532545275444
2022-05-24,876,23214.070373367325,29846.934909449115
2022-05-25,887,23581.52488572078,30110.63120406153
2022-05-26,890,24154.017495789558,30712.28309464272
2022-05-27,899,24798.92970170318,31466.242327801774
2022-05-31,854,24575.932840940794,31289.68705008714
2022-06-01,861,24312.1285602709,31036.599227097067
2022-06-02,869,24960.619824533907,31627.642646055923
2022-06-03,905,24553.61797017162,31108.585284534365
2022-06-06,887,24647.558748142146,31203.303781162387
2022-06-07,887,24916.401174514027,31502.614230506937
2022-06-08,887,24618.030333739687,31160.112146700012
2022-06-09,900,23983.97244010799,30419.034629082365
2022-06-10,906,23202.09571695505,29537.01598848223
2022-06-13,860,22161.845089836537,28415.54898840646
2022-06-14,859,22080.402482625323,28329.923467454726
2022-06-15,862,22463.778653588477,28733.803137076608
2022-06-16,877,21551.116180829507,27782.82943093127
2022-06-17,967,21755.076601663874,27722.967341062365
2022-06-21,948,22173.36418228955,28420.853224217626
2022-06-22,961,22178.435734605682,28369.32636205198
2022-06-23,961,22470.13790759598,28647.41986815185
2022-06-24,965,23246.632732681424,29558.232931726907
2022-06-27,943,23153.484839338555,29445.328483746303
2022-06-28,988,22673.41284018381,28843.676593165113
2022-06-29,999,22526.621020291863,28820.18640600136
2022-06-30,1008,22260.173223743874,28586.042282336894
2022-07-01,1022,22527.080259577724,28888.38372357354
2022-07-05,863,22679.160572067376,28942.941577631278
2022-07-06,842,22602.816470401267,29040.691066151398
2022-07-07,844,23035.50063983819,29475.638402667275
2022-07-08,844,22959.095643621327,29451.390467530502
2022-07-11,671,22627.129886678522,29114.95036750777
2022-07-12,671,22528.065457467936,28857.31605667955
2022-07-13,658,22432.352774773743,28705.766462074713
2022-07-14,658,22248.005377116497,28636.053648556495
2022-07-15,663,22735.235811403374,29183.14768507994
2022-07-18,703,22675.572572317018,28942.183829658257
2022-07-19,707,23393.877682470706,29724.179737819202
2022-07-20,750,23677.547902228638,29913.616731075243
2022-07-21,808,23894.17269306324,30218.231416230963
2022-07-22,812,23621.776415094104,29937.86466621202
2022-07-25,698,23657.22816528766,29974.23656891718
2022-07-26,691,23347.798359920325,29619.610517541863
2022-07-27,688,23938.42725488854,30388.724710161405
2022-07-28,729,24233.68330057822,30769.87194059256
2022-07-29,726,24423.4188336925,31218.45874062287
2022-08-01,726,24422.317191328235,31126.01348791392
2022-08-02,753,24273.924075613144,30920.66378722437
2022-08-03,749,24624.481263416215,31404.864741986814
2022-08-04,761,24609.14056243425,31383.64779874214
2022-08-05,764,24621.96835140034,31330.605440630447
2022-08-08,773,24674.12168254305,31294.233537925287
2022-08-09,779,24453.234188582792,31169.962870349325
2022-08-10,758,25049.574409873632,31824.657119042207
2022-08-11,776,25120.768867464503,31824.657119042207
2022-08-12,779,25527.971723178776,32363.415927862396
2022-08-15,764,25555.543940315514,32496.77957111465
2022-08-16,676,25686.957370638895,32560.43040084868
2022-08-17,616,25434.533194191594,32329.317269076302
2022-08-18,618,25530.342448346488,32423.2780177313
2022-08-19,626,25151.27777913906,31987.5729332424
2022-08-22,601,24647.02400071304,31321.51246495416
2022-08-23,602,24643.07398704633,31245.73766765174
2022-08-24,648,24748.518453275356,31345.76040009093
2022-08-25,652,25116.26333084275,31788.285216337044
2022-08-26,664,24303.357793278836,30712.28309464272
2022-08-29,595,24147.035862128218,30509.206637872245
2022-08-30,590,23843.47502523175,30174.282033795556
2022-08-31,594,23648.87898011026,29944.68439796924
2022-09-01,600,23635.49697953391,30038.645146624236
2022-09-02,609,23461.044927168317,29721.90649390013
2022-09-06,591,23327.318132278295,29609.75979389255
2022-09-07,682,23713.118121830365,30141.69887095552
2022-09-08,689,23954.031652455287,30338.713343941803
2022-09-09,735,24382.560921874025,30810.032583162843
2022-09-12,745,24584.665763506673,31141.168447374406
2022-09-13,753,23606.62278305457,29787.072819580208
2022-09-14,692,23626.846539422833,29900.735015533835
2022-09-15,701,23413.91334159674,29561.263923619004
2022-09-16,719,23155.69794961598,29215.730847919982
2022-09-19,595,23309.177647100056,29442.297491854213
2022-09-20,598,22965.12719093909,29104.341895885427
2022-09-21,591,22556.582821368593,28596.650753959235
2022-09-22,601,22222.983191823943,28356.444646510576
2022-09-23,606,21776.08379280181,27881.336667424413
2022-09-26,563,21429.107478941394,27605.516405243616
2022-09-27,571,21435.446607247835,27535.045843752367
2022-09-28,569,21961.216696753618,28076.83564446465
2022-09-29,577,21516.83204417608,27490.338713343943
2022-09-30,686,21271.02392755604,27065.242100477382
2022-10-03,612,21894.017907893875,27779.798439039176
2022-10-04,608,22646.582556784746,28640.600136394634
2022-10-05,576,22602.3623195609,28573.918314768507
2022-10-06,580,22357.84432550604,28279.154353262107
2022-10-07,602,21737.78092961018,27490.338713343943
2022-10-10,577,21552.791792958713,27280.442524816248
2022-10-11,576,21404.423503079874,27107.675986966737
2022-10-12,564,21357.97051369525,27018.26172614988
2022-10-13,605,21881.596310125053,27731.302568765634
2022-10-14,611,21347.971744418017,27099.340759263472
2022-10-17,597,21886.554597732964,27795.711146472684
2022-10-18,609,22157.019591908844,28122.3005228461
2022-10-19,604,21907.10450130922,27923.012805940743
2022-10-20,612,21763.75506377882,27688.86868227628
2022-10-21,612,22212.86715257613,28361.748882321743
2022-10-24,563,22422.828496560556,28708.797453966814
2022-10-25,555,22929.74149388067,29167.234977646436
2022-10-26,555,22859.767100677705,28947.488065469424
2022-10-27,560,22786.27597357134,28792.907478972495
2022-10-28,564,23253.96385711414,29477.911646586344
2022-10-31,549,23122.400386018766,29264.984466166552
2022-11-01,547,23129.795786008188,29136.92505872547
2022-11-02,554,22479.32709539216,28405.698264757146
2022-11-03,612,22245.99721507534,28113.20754716981
2022-11-04,723,22544.99711708662,28517.84496476472
2022-11-07,636,22725.06430897625,28790.63423505342
2022-11-08,595,22930.754869292054,28945.972569523376
2022-11-09,607,22398.968571170764,28349.62491475335
2022-11-10,611,23835.76980009148,29907.55474729105
2022-11-11,618,24229.21121636763,30197.014472986284
2022-11-14,591,23975.06455592053,29940.137910131092
2022-11-15,581,24268.003688050354,30195.498977040235
2022-11-16,595,23877.996340832975,29965.143593240886
2022-11-17,601,23679.400804392906,29873.456088504965
2022-11-18,606,23752.095184254435,30009.09297567629
2022-11-21,589,23617.335952475554,29899.977267560807
2022-11-22,590,23952.94400751255,30302.341441236644
2022-11-23,593,24142.047207539286,30493.293930438736
2022-11-25,598,24143.00401326774,30486.474198681517
2022-11-28,575,23734.872809448745,30000.0
2022-11-29,468,23779.0773028104,29948.473137834357
2022-11-30,469,24552.435104929937,30891.869364249455
2022-12-01,479,24545.807080792027,30869.136925058727
2022-12-02,485,24540.971693450574,30833.522770326592
2022-12-05,511,23934.0394945174,30278.851254072895
2022-12-06,495,23549.41683539364,29842.388421610973
2022-12-07,542,23510.025071673343,29791.619307418354
2022-12-08,553,23729.152989116974,30025.0056831098
2022-12-09,557,23567.951557232132,29800.71228309464
2022-12-12,521,23925.79855000225,30230.35538379935
2022-12-13,535,24184.211481148533,30459.195271652654
2022-12-14,538,24021.002648195252,30264.454042585432
2022-12-15,545,23379.10786409278,29524.134272940817
2022-12-16,553,23120.57679831817,29042.206562097443
2022-12-19,530,22755.172771822923,28795.938470864592
2022-12-20,533,22843.68709065957,28835.34136546185
2022-12-21,527,23169.105439241397,29266.499962112604
2022-12-22,534,22847.765083651622,28848.980828976284
2022-12-23,538,22965.151540422074,29014.92763506858
2022-12-27,516,22859.047272389325,28900.507691141924
2022-12-28,514,22552.265079437027,28541.33515192847
2022-12-29,516,23098.8626297169,29055.088277638857
2022-12-30,516,23039.636456371634,28978.555732363417
2023-01-03,337,22992.9053368075,28856.558308706524
2023-01-04,337,23369.312020262467,29079.33621277563
2023-01-05,341,23095.44753198048,28747.442600591043
2023-01-06,352,23567.391736442656,29406.68333712207
2023-01-09,316,23645.259615032708,29390.012881715546
2023-01-10,352,23852.939799684613,29596.120330378115
2023-01-11,353,24243.878942474374,29970.447829052056
2023-01-12,421,24438.867849371996,30079.563537167538
2023-01-13,431,24517.284242353067,30196.256725013263
2023-01-17,414,24506.54428187472,30140.941122982495
2023-01-18,418,24176.348089078372,29665.07539592332
2023-01-19,426,24027.342565441257,29449.11722361143
2023-01-20,426,24522.483548581848,29997.726756080927
2023-01-23,417,24894.16423683444,30357.65704326741
2023-01-24,422,24795.493801145498,30325.073880427368
2023-01-25,421,24888.826176533206,30336.440100022734
2023-01-26,425,25190.975751406124,30669.84920815337
2023-01-27,427,25289.080571497452,30740.319769644615
2023-01-30,417,24935.74611386446,30354.62605137531
2023-01-31,411,25395.91442667101,30800.93960748655
2023-02-01,443,25729.453828339978,31128.28673183299
2023-02-02,449,26137.417091068142,31581.420019701447
2023-02-03,470,25744.37116196874,31245.73766765174
2023-02-06,412,25516.994307138415,31054.78517844965
2023-02-07,410,25767.859323791192,31460.938091990603
2023-02-08,404,25506.659779680118,31116.920512237626
2023-02-09,408,25245.464787718545,30847.16223384102
2023-02-10,410,25179.928243333965,30919.14829127832
2023-02-13,434,25437.709882389634,31282.1095703569
2023-02-14,437,25509.322772335538,31267.71235886944
2023-02-15,453,25723.287139382985,31369.250587254683
2023-02-16,470,25351.508272918338,30937.3342426309
2023-02-17,479,25252.88517742452,30860.043949382434
2023-02-21,467,24715.594399508565,30240.963855421684
2023-02-22,487,24714.179425665214,30199.28771690536
2023-02-23,488,24788.645916324615,30359.930287186482
2023-02-24,495,24467.314010261365,30035.614154732135
2023-02-27,507,24531.939079289456,30137.9101310904
2023-02-28,574,24499.8747086106,30026.521179055846
2023-03-01,568,24404.521289897744,29911.343487156173
2023-03-02,601,24572.081136867895,30143.972114874592
2023-03-03,605,24938.09748477438,30627.415321664015
2023-03-06,596,24838.825024517446,30648.632264908694
2023-03-07,654,24452.79299488985,30178.828521633703
2023-03-08,662,24539.97366303669,30228.082139880276
2023-03-09,665,24030.75758096327,29670.379631734486
2023-03-10,668,23564.493456573753,29242.25202697583
2023-03-13,562,23392.675152145694,29200.5758884595
2023-03-14,562,23738.23437758971,29683.261347275897
2023-03-15,611,23470.404176176762,29497.61309388497
2023-03-16,641,23805.05266068473,30015.154959460488
2023-03-17,646,23398.65381147276,29551.41319996969
2023-03-20,637,23611.663419194876,29835.568689853757
2023-03-21,638,23982.74631655737,30227.324391907256
2023-03-22,630,23497.44820351733,29712.055770250812
2023-03-23,636,23426.03622199143,29792.37705539138
2023-03-24,639,23586.060714999967,29987.876032431614
2023-03-27,678,23749.1751732439,30043.949382435403
2023-03-28,684,23700.793050108627,29976.50981283625
2023-03-29,679,24095.66960651878,30412.214897325153
2023-03-30,680,24189.810263205094,30590.285670985828
2023-03-31,682,24517.31457485286,31021.444267636583
2023-04-03,660,24553.088907033012,31139.652951428354
2023-04-04,684,24387.497981049983,30966.886413578846
2023-04-05,673,24311.324602363296,30885.80738046526
2023-04-06,684,24388.784261819135,31006.2893081761
2023-04-10,678,24453.221212086286,31038.114723043116
2023-04-11,749,24585.410693061225,31046.44995074638
2023-04-12,694,24471.424908187368,30919.90603925135
2023-04-13,697,24738.024990399157,31330.605440630447
2023-04-14,705,24599.113634554626,31254.072895355006
2023-04-17,664,24775.274353364148,31366.219595362585
2023-04-18,670,24771.187269519804,31386.678790634232
2023-04-19,667,24803.765225180556,31381.374554823065
2023-04-20,676,24598.799895724613,31210.123512919603
2023-04-21,686,24578.146963082174,31234.371448056376
2023-04-24,670,24604.792737260417,31266.954610896413
2023-04-25,673,24159.636211664336,30770.629688565583
2023-04-26,701,23999.60212990229,30640.29703720543
2023-04-27,721,24385.783001929452,31250.284155489884
2023-04-28,731,24592.332421694242,31517.011441994393
2023-05-01,655,24528.87104010478,31485.186027127376
2023-05-02,666,24047.849730817517,31131.317723725086
2023-05-03,664,23913.208807507097,30917.63279533227
2023-05-04,669,23677.406089223176,30698.643631128285
2023-05-05,680,24235.155994213168,31266.954610896413
2023-05-08,604,24178.802727799186,31275.289838599685
2023-05-09,614,24044.414256836684,31138.137455482305
2023-05-10,606,24001.417704858504,31283.62506630295
2023-05-11,618,23851.584485661857,31229.067212245205
2023-05-12,622,23803.76493685194,31188.148821701903
2023-05-15,516,24066.979909543123,31295.749033871332
2023-05-16,517,23695.13920474971,31086.610593316662
2023-05-17,521,24173.83030652367,31463.9690838827
2023-05-18,529,24314.92087397234,31767.06827309237
2023-05-19,529,24227.661032946162,31720.845646737893
2023-05-22,574,24438.78464131824,31733.727362279307
2023-05-23,578,24274.403331740108,31377.585814957944
2023-05-24,594,23919.038939640315,31150.261423050695
2023-05-25,601,23940.88189210312,31420.019701447298
2023-05-26,604,24204.96330319151,31826.93036296128
2023-05-30,598,24194.80558334265,31839.054330529667
2023-05-31,552,23937.059693458894,31662.499052815037
2023-06-01,556,24159.050584739056,31963.324998105632
2023-06-02,563,24758.903543518503,32425.551261650377
2023-06-05,514,24617.5386317944,32363.415927862396
2023-06-06,517,24929.34938010213,32433.88648935364
2023-06-07,531,25133.441201266724,32321.739789346066
2023-06-08,542,25151.386826381593,32517.238766386297
2023-06-09,552,25069.47574637668,32575.58536030916
2023-06-12,488,25186.26398711213,32871.10706978859
2023-06-13,496,25498.071370023416,33087.8229900735
2023-06-14,498,25336.073544558738,33127.225884670755
2023-06-15,504,25642.202071422995,33537.92528604986
2023-06-16,511,25535.20093217946,33299.99242252027
2023-06-20,483,25320.816361052508,33127.225884670755
2023-06-21,482,25213.70378658451,32957.490338713345
2023-06-22,496,25049.203167683292,33076.45677047814
2023-06-23,500,24795.68972182517,32826.39993938016
2023-06-26,434,24920.457067399693,32692.278548154885
2023-06-27,469,25163.09277230229,33050.69333939532
2023-06-28,448,25109.798595963624,33067.36379480185
2023-06-29,454,25308.036313216617,33197.69644616201
2023-06-30,532,25526.362915262467,33589.4521482155
2023-07-03,512,25668.11471753136,33628.09729483974
2023-07-05,499,25556.780993093776,33578.08592862014
2023-07-06,513,25298.485956674114,33315.14738198075
2023-07-07,536,25351.788732666504,33231.03735697507
2023-07-10,511,25454.581753757822,33315.14738198075
2023-07-11,508,25729.03651710111,33527.31681442752
2023-07-12,511,25857.511357113974,33797.075092824125
2023-07-13,512,26061.96040296049,34065.31787527468
2023-07-14,519,25894.237425709387,34044.10093203001
2023-07-17,541,25958.94106868465,34162.309615821774
2023-07-18,547,26209.489894193266,34416.155186784876
2023-07-19,493,26378.70119717879,34492.687732060316
2023-07-20,496,26369.47904649443,34263.84784420702
2023-07-21,510,26418.09178920874,34263.84784420702
2023-07-24,437,26532.94935514208,34416.9129347579
2023-07-25,435,26514.440779529763,34510.873683412894
2023-07-26,439,26612.375876739126,34516.177919224065
2023-07-27,439,26400.45304872398,34287.33803137077
2023-07-28,443,26549.36610064245,34623.02038342047
2023-07-31,481,26610.21590561642,34688.94445707358
2023-08-01,477,26493.20415294959,34589.679472607415
2023-08-02,475,26248.684609341584,34108.50950973706
2023-08-03,479,26130.560642375298,34010.76002121694
2023-08-04,536,25928.180470616055,33856.93718269304
2023-08-07,509,26105.50648325926,34152.458892172464
2023-08-08,528,25975.367098801973,34003.94028945973
2023-08-09,522,25911.106584398796,33776.615897552474
2023-08-10,531,25925.805789867685,33788.739865120864
2023-08-11,536,25931.54483280688,33769.03841782223
2023-08-14,502,25956.920119363043,33955.44441918618
2023-08-15,500,25633.63232291604,33559.89997726756
2023-08-16,503,25469.38962788808,33313.6318860347
2023-08-17,505,25275.42252536345,33059.78631507161
2023-08-18,509,25278.98649973449,33075.69902250512
2023-08-21,494,25303.021704153412,33290.89944684398
2023-08-22,498,25214.432172292698,33200.727438054106
2023-08-23,493,25424.10599575644,33570.508448889894
2023-08-24,497,25177.976188325174,33105.251193453056
2023-08-25,500,25315.013507109008,33338.63756914451
2023-08-28,446,25478.646649929276,33550.04925361824
2023-08-29,370,25825.760742993923,34035.00795635372
2023-08-30,448,25910.49537510655,34175.19133136319
2023-08-31,450,25775.291698699366,34125.179965143594
2023-09-01,453,25851.24723079801,34188.83079487762
2023-09-05,424,25596.338555061677,34041.06994013791
2023-09-06,424,25467.67554465387,33812.23005228461
2023-09-07,472,25375.836821591005,33708.4185799803
2023-09-08,483,25365.58145205066,33759.18769417291
2023-09-11,485,25479.206351782388,33981.207850269
2023-09-12,484,25434.15759539447,33794.80184890506
2023-09-13,443,25375.517616185196,33834.20474350231
2023-09-14,516,25629.55765435243,34125.93771311662
2023-09-15,521,25388.396071718063,33596.27187997272
2023-09-18,520,25299.2591768534,33615.97332727135
2023-09-19,515,25260.927953815342,33546.26051375313
2023-09-20,516,25116.31893540634,33237.857088732286
2023-09-21,528,24666.695865839763,32688.48980828976
2023-09-22,534,24575.054811774586,32614.98825490642
2023-09-25,526,24645.074868678592,32752.140638023793
2023-09-26,528,24307.612925237077,32270.970675153447
2023-09-27,573,24299.442739582937,32283.852390694858
2023-09-28,578,24438.42292713545,32471.016140031825
2023-09-29,582,24391.608652043742,32392.21035083731
2023-10-02,577,24185.773536595043,32379.328635295904
2023-10-03,639,23874.85770539242,31945.89679472607
2023-10-04,689,24039.04499393455,32178.525422444494
2023-10-05,691,23966.856118192318,32166.401454876108
2023-10-06,695,24195.329735760468,32548.306433280293
2023-10-09,660,24323.450510916977,32756.68712586194
2023-10-10,657,24499.244406282436,32927.18041979238
2023-10-11,747,24498.533759375357,33062.05955899068
2023-10-12,753,24229.643166902024,32860.498598166254
2023-10-13,760,24178.72231443719,32696.825035993028
2023-10-16,749,24449.48925018927,33040.842615746005
2023-10-17,781,24532.715196514808,33039.32711979996
2023-10-18,803,24170.662971116057,32599.07554747291
2023-10-19,807,23911.57170555027,32312.646813669773
2023-10-20,808,23648.73779333668,31915.586875805107
2023-10-23,805,23545.4507097212,31860.271273774342
2023-10-24,808,23736.64804392642,32100.477381223005
2023-10-25,807,23440.954845811404,31639.76661362431
2023-10-26,813,23335.47851938177,31260.892627112225
2023-10-27,813,23111.052555834405,31119.193756156703
2023-10-30,736,23291.601524342288,31491.24801091157
2023-10-31,734,23477.19512965253,31689.02023187088
2023-11-01,810,23608.046508491232,32026.975827839662
2023-11-02,842,24113.61520197163,32640.75168598924
2023-11-03,847,24432.105963135757,32938.546639387736
2023-11-06,899,24336.046713798347,33014.32143669015
2023-11-07,889,24332.876452479028,33108.28218534516
2023-11-08,887,24313.857195108227,33132.530120481926
2023-11-09,894,24057.954902600002,32874.138061680685
2023-11-10,894,24367.15759354754,33387.13343941805
2023-11-13,914,24366.942131386983,33355.308024551035
2023-11-14,917,25006.20387375979,34002.42479351368
2023-11-15,914,25132.901246990346,34074.410850950975
2023-11-16,919,25053.288932015337,34116.0869894673
2023-11-17,928,25170.925053880474,34158.52087595666
2023-11-20,908,25321.78626205165,34421.459422596046
2023-11-21,906,25293.780285254223,34346.44237326665
2023-11-22,900,25426.007397462155,34479.048268545885
2023-11-24,913,25472.332706086512,34500.26521179056
2023-11-27,810,25378.752783549564,34438.12987800258
2023-11-28,808,25427.298351223446,34472.228536788665
2023-11-29,804,25546.651360711367,34447.98060165189
2023-11-30,807,25679.900801981916,34583.61748882321
2023-12-01,808,26021.664056891717,34788.20944153975
2023-12-04,638,25996.685600365818,34605.59218004092
2023-12-05,673,25822.646990184574,34598.7724482837
2023-12-06,703,25819.051155604284,34459.34682124725
2023-12-07,706,25965.235524529275,34722.28536788664
2023-12-08,715,26050.784558577936,34871.561718572404
2023-12-11,618,26377.84392813503,35007.19860574373
2023-12-12,624,26398.287624541485,35167.08342805183
2023-12-13,623,26899.029907725613,35652.042130787304
2023-12-14,625,27317.884465110503,35766.46207471395
2023-12-15,635,27179.486468917723,35563.38561794347
2023-12-18,573,27208.042288665987,35763.43108282185
2023-12-19,577,27469.717340409155,35980.90475107979
2023-12-20,563,27050.993713711956,35482.30658482989
2023-12-21,570,27376.75046077033,35818.74668485262
2023-12-22,572,27470.248761058283,35890.73274228992
2023-12-26,561,27622.791400550996,36042.28233689475
2023-12-27,559,27686.14604136699,36107.448662574825
2023-12-28,560,27706.547658928375,36121.088126089264
2023-12-29,573,27597.141670012024,36016.51890581193
2024-01-02,449,27622.410212756913,35814.957944987495
2024-01-03,356,27344.083928673197,35522.46722740017
2024-01-04,364,27286.395607989005,35408.04728347351
2024-01-05,374,27322.759105358426,35456.543153747065
2024-01-08,361,27651.167254548174,35962.71879972721
2024-01-09,363,27549.424344562693,35908.16094566947
2024-01-10,262,27639.61601745088,36111.237402439954
2024-01-11,408,27583.898951530187,36095.32469500644
2024-01-12,426,27572.670723408224,36120.33037811624
2024-01-16,402,27395.45880214327,35987.72448283701
2024-01-17,402,27186.23312741878,35787.67901795863
2024-01-18,410,27371.163237044686,36105.933166628776
2024-01-19,415,27597.321450874944,36556.03546260514
2024-01-22,403,27690.794045030852,36633.325755853606
2024-01-23,406,27743.861543825187,36740.168220050014
2024-01-24,426,27598.340691691057,36780.32886262029
2024-01-25,433,27807.375508776662,36980.37432749867
2024-01-26,436,27804.938488017062,36933.39395317117
2024-01-29,430,28000.541378265643,37225.8846707585
2024-01-30,433,28003.663089702663,37197.09024778359
2024-01-31,427,27650.415730712,36590.134121391224
2024-02-01,431,27986.798027122175,37069.0308403425
2024-02-02,442,28006.97153990172,37459.271046449954
2024-02-05,371,27851.249258877542,37322.8764113056
2024-02-06,365,27941.211631913033,37431.23437144806
2024-02-07,362,28073.013474145977,37743.42653633402
2024-02-08,364,28146.496753364674,37760.096991740545
2024-02-09,368,28279.000321745916,37978.32840797151
2024-02-12,355,28393.423372255562,37961.65795256498
2024-02-13,356,27860.576615078455,37438.811851178296
2024-02-14,418,28170.253444702423,37779.04069106615
2024-02-15,420,28447.67050932584,38039.70599378647
2024-02-16,427,28342.758449172423,37850.269000530425
2024-02-20,416,28220.10666356054,37641.88830794878
2024-02-21,422,28206.175571109223,37675.98696673486
2024-02-22,427,28629.184627004834,38455.70963097674
2024-02-23,434,28654.155254139332,38482.23081003259
2024-02-26,433,28629.924292211545,38341.28968705009
2024-02-27,426,28705.736492599848,38412.51799651436
2024-02-28,431,28689.10590914975,38361.748882321735
2024-02-29,433,28820.350733830815,38499.659013412136
2024-03-01,436,28991.486215408106,38861.10479654467
2024-03-04,426,28960.641464008346,38819.42865802834
2024-03-05,417,28760.383974362274,38431.461695839964
2024-03-06,423,28944.275659128187,38626.20292490718
2024-03-07,426,29160.873417764662,39009.623399257405
2024-03-08,433,29037.440254359928,38775.479275592945
2024-03-11,285,29074.045199025488,38742.13836477987
2024-03-12,276,29238.12426101108,39158.899749943164
2024-03-13,276,29250.21789406302,39097.52216412822
2024-03-14,280,29017.001467038477,39020.231870879754
2024-03-15,282,28937.22514732823,38632.264908691366
2024-03-18,275,28989.573329530704,38861.862544517695
2024-03-19,277,29124.463239849163,39077.820716829585
2024-03-20,274,29367.3352564456,39439.26649996211
2024-03-21,338,29546.379851247173,39569.59915132227
2024-03-22,347,29333.848500571294,39494.582101992884
2024-03-25,319,29233.546468502886,39385.466393877396
2024-03-26,345,29203.826138583652,39312.72258846707
2024-03-27,346,29546.599362851404,39643.10070470561
2024-03-28,349,29587.571656982873,39635.523224975375
2024-04-01,348,29458.096632828394,39566.56815943017
2024-04-02,342,29132.424773458635,39314.99583238615
2024-04-03,336,29223.15659073106,39358.187466848525
2024-04-04,339,28812.72186036102,38877.77525195121
2024-04-05,346,29025.02531415665,39283.92816549216
2024-04-08,367,29074.20884772229,39305.90285670986
2024-04-09,364,29229.322707901425,39351.36773509131
2024-04-10,360,28767.35694164431,38957.33878911874
2024-04-11,382,28883.510753924827,39251.34500265212
2024-04-12,385,28305.674347327513,38709.55520193984
2024-04-15,307,28011.79128850957,38224.59649920437
2024-04-16,312,27967.812898246928,38154.88368568614
2024-04-17,315,27881.235939899983,37929.07478972494
2024-04-18,315,27924.793139711786,37851.02674850345
2024-04-19,318,27888.887847090733,37520.64863226491
2024-04-22,309,28107.5357131812,37866.18170796393
2024-04-23,312,28439.290192232424,38315.52625596726
2024-04-24,350,28504.393883065506,38297.340304614685
2024-04-25,361,28393.295920588764,38151.85269379405
2024-04-26,365,28547.019659827933,38513.298476926575
2024-04-29,402,28733.497271712957,38649.69311207093
2024-04-30,413,28277.15006349421,38037.432749867396
2024-05-01,411,28128.638974062036,37913.91983026446
2024-05-02,419,28439.97419746601,38268.545881639766
2024-05-03,426,28680.126214503824,38742.896112752904
2024-05-06,420,28903.286777588164,39142.98704250967
2024-05-07,421,28938.1002745073,39186.178676972035
2024-05-08,424,28890.997220969304,39189.967416837164
2024-05-09,427,29125.411280744327,39415.77631279836
2024-05-10,434,29157.06611683429,39466.54542699099
2024-05-13,426,29249.119843664957,39471.84966280215
2024-05-14,428,29377.447032754564,39652.95142835493
2024-05-15,427,29603.29975340292,40143.972114874596
2024-05-16,437,29620.36674707708,40061.37758581496
2024-05-17,446,29660.72568695929,40118.9664317648
2024-05-20,379,29624.843900035,40165.189058119264
2024-05-21,379,29631.510074480255,40263.69629461241
2024-05-22,389,29602.26964940593,40147.76085473971
2024-05-23,395,29158.329831701696,39854.51238917936
2024-05-24,398,29378.483056691493,40118.208683791774
2024-05-28,360,29246.401725573614,40146.24535879366
2024-05-29,457,28911.556443006906,39865.1208608017
2024-05-30,560,29010.21908203373,39600.66681821626
2024-05-31,561,29364.76035681091,39961.35485337577
2024-06-03,558,29242.496416680442,39993.938016215805
2024-06-04,558,29148.20602242656,40038.64514662423
2024-06-05,541,29357.238137067216,40514.51087368341
2024-06-06,546,29333.96295878028,40513.753125710384
2024-06-07,555,29212.43845420092,40464.49950746382
2024-06-10,533,29265.412808074692,40589.5279230128
2024-06-11,537,29204.65136985605,40687.27741153292
2024-06-12,538,29418.719000928824,41021.44426763658
2024-06-13,543,29314.337801280788,41104.03879669622
2024-06-14,551,29100.97565273633,41129.04447980601
2024-06-17,545,29296.113239851533,41456.391604152464
2024-06-18,544,29322.44531443023,41561.71857240282
2024-06-20,541,29371.707491860172,41448.81412442221
2024-06-21,583,29454.03652484923,41260.134879139194
2024-06-24,545,29528.41229558285,41126.01348791392
2024-06-25,570,29410.977924713992,41284.382814275974
2024-06-26,523,29385.274686645625,41335.90967644161
2024-06-27,529,29477.313953175515,41401.07600212169
2024-06-28,534,29537.52284021073,41238.160187921494
2024-07-01,512,29407.283747605812,41323.02796090021
2024-07-02,555,29579.468927768896,41601.12146700008
2024-07-03,629,29675.903665225283,41786.769720391
2024-07-05,631,29728.89920810981,42027.73357581268
2024-07-08,632,29769.937190456065,42076.22944608623
2024-07-09,628,29629.460591319057,42117.14783662954
2024-07-10,625,29920.34211145835,42533.909221792834
2024-07-11,626,30172.80347787565,42167.159202849136
2024-07-12,629,30436.025457648917,42433.12874138062
2024-07-15,615,30530.621772285598,42549.82192922633
2024-07-16,609,31033.025124811884,42802.152004243384
2024-07-17,608,30750.71801703505,42202.01560960825
2024-07-18,612,30425.879800679824,41877.6994771539
2024-07-19,619,30179.787050505754,41599.605971054036
2024-07-22,609,30439.640756814868,42028.49132378571
2024-07-23,609,30370.563399818588,41962.567250132604
2024-07-24,621,29797.26922406112,41011.59354398727
2024-07-25,622,29830.367898779736,40797.90861559445
2024-07-26,624,30273.667307347347,41254.83064332803
2024-07-29,429,30237.919838533708,41279.0785784648
2024-07-30,430,30161.427572987646,41069.94013791013
2024-07-31,426,30581.08666152379,41737.51610214443
2024-08-01,433,30040.510006503097,41146.47268318557
2024-08-02,438,29340.155946266266,40380.38948245814
2024-08-05,577,28560.979109390173,39204.36462832462
2024-08-06,631,28777.69397210128,39565.81041145715
2024-08-07,631,28538.30920715174,39301.35636887171
2024-08-08,662,29147.430839908575,40209.896188527695
2024-08-09,665,29167.126869052845,40387.20921421535
2024-08-12,659,29077.85797204986,40408.42615746003
2024-08-13,654,29605.816488780758,41072.97112980222
2024-08-14,643,29667.959095647602,41202.54603318936
2024-08-15,648,30193.16166007238,41908.767144047895
2024-08-16,652,30266.09716885778,42002.72789270288
2024-08-19,648,30538.74645106758,42404.3343184057
2024-08-20,617,30420.257423999337,42335.379252860504
2024-08-21,600,30626.18106841483,42480.86686368114
2024-08-22,608,30417.22485322547,42147.45775555051
2024-08-23,608,30849.745167023066,42595.28680760779
2024-08-26,572,30812.54010053344,42493.74857922255
2024-08-27,568,30802.274187751427,42552.09517314541
2024-08-28,563,30607.248059994457,42305.06933393952
2024-08-29,567,30709.568261006614,42308.85807380465
2024-08-30,566,30919.169630205146,42712.73774342653
2024-09-03,438,30360.125090408023,41833.750094718496
2024-09-04,434,30291.91977937613,41748.12457376677
2024-09-05,433,30165.885448451387,41646.586345381525
2024-09-06,434,29773.0614961496,40945.66947033416
2024-09-09,441,30035.423329043257,41404.10699401379
2024-09-10,447,30080.536634271008,41584.45101159354
2024-09-11,450,30282.552722935317,42011.06312040615
2024-09-12,450,30447.045069295447,42364.93142380844
2024-09-13,453,30761.87868483185,42586.193831931494
2024-09-16,445,30907.377213605676,42649.08691369251
2024-09-17,442,30955.986000213732,42666.51511707207
2024-09-18,426,30863.686520786738,42539.97120557703
2024-09-19,426,31264.470862667647,43265.89376373418
2024-09-20,428,31138.570712274744,43059.02856709858
2024-09-23,421,31245.55045782568,43166.628779268016
2024-09-24,424,31317.396042716475,43290.14169887095
2024-09-25,421,31138.739902033798,43194.66545426991
2024-09-26,423,31496.54875782795,43365.91649617337
2024-09-27,481,31602.68365687968,43303.02341441237
2024-09-30,470,31599.74554321252,43476.5477002349
2024-10-01,467,31386.367679853774,43087.06524210048
2024-10-02,315,31409.42012219871,43105.25119345306
2024-10-03,318,31304.610221471285,43026.44540425855
2024-10-04,322,31518.069745861827,43417.44335833901
2024-10-07,238,31253.838422471523,43024.92990831249
2024-10-08,231,31456.179309682066,43431.84056982647
2024-10-09,234,31672.077910441018,43732.66651511707
2024-10-10,238,31629.415239346494,43656.133969841634
2024-10-11,242,31910.311788891715,43917.55702053497
2024-10-14,263,32144.07765978696,44276.72955974843
2024-10-15,324,31917.964404869344,43932.71197999545
2024-10-16,325,32093.045788012194,44123.66446919754
2024-10-17,326,32099.70012374639,44127.45320906267
2024-10-18,336,32206.092376362067,44297.18875502008
2024-10-21,310,32003.141800159414,44224.44494960976
2024-10-22,319,31924.936029231238,44200.95476244602
2024-10-23,320,31747.13585757013,43797.075092824125
2024-10-24,385,31878.84323734285,43891.79358945215
2024-10-25,391,31812.079135535467,43876.63862999166
2024-10-28,388,31959.1480372995,44012.275517163
2024-10-29,393,31963.339872401015,44083.50382662726
2024-10-30,519,31919.674792019152,43950.14018337501
2024-10-31,522,31520.44215039303,43088.58073804653
2024-11-01,528,31616.318453189346,43270.44025157233
2024-11-04,534,31624.96665228806,43177.23725089035
2024-11-05,536,32018.18778905805,43699.32560430401
2024-11-06,522,32778.301023477215,44785.936197620664
2024-11-07,521,32933.15063106003,45132.22702129272
2024-11-08,539,32978.08720464671,45327.72599833296
2024-11-11,559,33149.51700075539,45370.91763279533
2024-11-12,559,32887.98136475015,45229.976509812834
2024-11-13,625,32904.93601351332,45251.95120103054
2024-11-14,632,32672.534946780663,44960.97597938926
2024-11-15,635,32324.57779637089,44385.08751989088
2024-11-18,696,32462.279173448376,44566.94703341668
2024-11-19,697,32473.38893886616,44729.862847616874
2024-11-20,695,32538.35973004575,44745.01780707737
2024-11-21,707,32960.68965021991,44985.223914526025
2024-11-22,710,33229.019917295125,45124.64954156248
2024-11-25,703,33477.690516512645,45277.714632113355
2024-11-26,662,33438.298840830306,45514.131999696896
2024-11-27,666,33401.48459544275,45376.2218686065
2024-11-29,673,33567.95828128742,45658.10411457149
2024-12-02,660,33586.2718060318,45739.94089565811
2024-12-03,659,33515.26472217721,45761.15783890278
2024-12-04,646,33643.79725116439,46045.31332878684
2024-12-05,647,33455.544775948816,45969.538531484424
2024-12-06,636,33526.64185874463,46056.679548382206
2024-12-09,646,33428.177492020375,45819.50443282563
2024-12-10,643,33227.96307350187,45677.047813897094
2024-12-11,613,33340.105099993605,46030.15836932636
2024-12-12,654,33169.60042902492,45792.9832537698
2024-12-13,660,33136.64719008846,45783.89027809351
2024-12-16,594,33143.29438573887,45979.389255133734
2024-12-17,590,33003.55555180825,45789.9522618777
2024-12-18,590,32018.12820454299,44425.24816246117
2024-12-19,595,31851.39533471661,44411.60869894674
2024-12-20,598,32169.4470685948,44794.27142532393
2024-12-23,524,32307.79072326996,45062.5142077745
2024-12-24,518,32627.759580582482,45563.38561794347
2024-12-26,526,32643.752541720063,45566.41660983556
2024-12-27,528,32358.42550436245,45086.76214291126
2024-12-30,399,31980.904793778474,44572.251269227854
2024-12-31,392,31930.33815476055,44410.09320300069
2025-01-02,373,31861.476649591288,44300.9774948852
2025-01-03,406,32271.739756828596,44854.891263165875
2025-01-06,404,32437.04044779523,45113.283321967116
2025-01-07,390,32189.811738387765,44603.31893612185
2025-01-08,365,32184.277026353142,44668.48526180192
2025-01-10,383,31680.827529008067,43986.51208608017
2025-01-13,309,31765.315349076045,44054.70940365235
2025-01-14,316,31890.13606571103,44115.329241494284
2025-01-15,262,32457.948144029146,44917.78434492687
2025-01-16,295,32629.044193676422,44831.40107600212
2025-01-17,314,32857.29860467981,45281.503371978484
2025-01-21,405,33305.98364836261,45695.991513222696
2025-01-22,428,33346.34500143254,45952.8680760779
2025-01-23,505,33542.87690641597,46203.6826551489
2025-01-24,511,33504.42097825369,46068.8035159506
2025-01-27,503,33385.62821382507,45417.14025914981
2025-01-28,510,33339.98882229539,45807.38046525726
2025-01-29,523,33236.97829414775,45602.0307645677
2025-01-30,534,33549.50252279406,45846.78335985451
2025-01-31,545,33354.441928155786,45602.788512540734
2025-02-03,558,33114.792762421355,45295.90058346594
2025-02-04,578,33268.62271291928,45599.757520648636
2025-02-05,577,33457.81078853782,45784.648026066534
2025-02-06,594,33485.080507069026,45943.77510040161
2025-02-07,600,33258.744277542944,45523.22497537319
2025-02-10,579,33417.23749841434,45832.386148367055
2025-02-11,585,33394.21058047534,45867.242555126155
2025-02-12,584,33289.40651444319,45719.48170038645
2025-02-13,613,33589.11985265947,46202.16715920285
2025-02-14,631,33553.05576727117,46199.89391528378
2025-02-18,627,33832.15289076394,46335.530802455105
2025-02-19,631,33857.59073926472,46444.64651057058
2025-02-20,695,33747.75001381578,46251.42077744942
2025-02-21,699,33214.374858967545,45460.33189361219
2025-02-24,692,33038.033970540906,45253.46669697659
2025-02-25,738,32948.46340808364,45028.41554898841
2025-02-26,836,32967.502001093846,45051.14798817913
2025-02-27,863,32520.159051235074,44332.04516177919
2025-02-28,869,32878.7513434337,45023.86906115026
2025-03-03,878,32369.649925443646,44235.05342123209
2025-03-04,949,31967.313760365127,43711.4495718724
2025-03-05,968,32410.941030996604,44181.25331514738
2025-03-06,1000,31915.940131964016,43396.98416306737
2025-03-07,1076,32189.1822781505,43640.22126240812
2025-03-10,1056,31429.45909435751,42477.835871789044
2025-03-11,1087,31155.03118083542,42124.72531635978
2025-03-12,1095,31207.550806695213,42348.26096840191
2025-03-13,1176,30819.983091911246,41783.7387284989
2025-03-14,1210,31485.608702530863,42646.81366977343
2025-03-17,1159,31906.12937100637,42975.67629006592
2025-03-18,1163,31659.190139197122,42511.1767826021
2025-03-19,1051,31965.393531871374,42974.160794119874
2025-03-20,1063,31812.856370645342,42849.89012654392
2025-03-21,1087,31738.846984475604,42735.47018261726
2025-03-24,997,32329.595993347193,43500.79563537168
2025-03-25,1007,32297.30459084074,43605.364855649015
2025-03-26,990,31976.109773807253,43084.79199818141
2025-03-27,995,31819.17551569881,42970.37205425476
2025-03-28,1003,31162.16501240384,42105.02386906115
2025-03-31,979,31212.57511191802,42387.663862999165
2025-04-01,1001,31284.810105073717,42507.38804273699
2025-04-02,1002,31621.740173701142,42776.38857316057
2025-04-03,1009,29889.58000513171,40668.33371220732
2025-04-04,1026,28216.073720891418,38287.48958096537
2025-04-07,1041,28081.397627044826,38219.292263393196
2025-04-08,1122,27461.641148718492,37620.6713647041
2025-04-09,1204,30178.641097870313,41571.56929605214
2025-04-10,1271,28928.158040311257,39749.94316890203
2025-04-11,1283,29392.4299293731,40459.19527165266
2025-04-14,1265,29705.013515465693,40851.70872167917
2025-04-15,1267,29655.61218972466,40737.288777752525
2025-04-16,1305,29132.37269481985,39831.77994998863
2025-04-17,1317,29238.970204086167,39888.611047965445
2025-04-21,1269,28624.980298845174,38939.15283776616
2025-04-22,1276,29382.324710572924,39952.26187769948
2025-04-23,1276,29905.027004171538,40571.34197166023
2025-04-24,1383,30626.967742266574,41425.32393725848
2025-04-25,1392,30710.905209025823,41724.634386603015
2025-04-28,1216,30771.110802228846,41740.54709403652
2025-04-29,1216,30906.503190644813,42003.48564067591
2025-04-30,1223,30910.53771682586,42020.15609608244
2025-05-01,1233,30985.623281238943,42317.951049480944
2025-05-02,1237,31617.732465436187,42946.12411911798
2025-05-05,1082,31490.885670774987,42699.85602788513
2025-05-06,1064,31206.689984868965,42342.95673259074
2025-05-07,1056,31438.798278716735,42521.02750625143
2025-05-08,1059,31841.256519363975,42817.306963703864
2025-05-09,1090,31859.09545696462,42762.74910964614
2025-05-12,985,33062.96110013052,44175.94907933621
2025-05-13,957,33235.5941427565,44467.682048950526
2025-05-14,973,33136.66926355353,44524.51314692733
2025-05-15,995,33181.37148130435,44741.98681518527
2025-05-16,1043,33471.2184758304,45025.38455709631
2025-05-19,1014,33490.04035278391,45074.63817534289
2025-05-20,1051,33417.76132876711,44923.08858073805
2025-05-21,1046,32652.951321895132,44166.0983556869
2025-05-22,1052,32618.589151018736,44183.52655906646
2025-05-23,1060,32396.339735571335,43881.942865802834
2025-05-27,1032,33095.11146906914,44794.27142532393
2025-05-28,1033,32813.39137011129,44535.121618549674
2025-05-29,1092,32922.47180582152,44710.91914829127
2025-05-30,1096,32840.2414499495,44660.907782071685
2025-06-02,1050,32869.572790935235,44912.480109115706
2025-06-03,1037,33200.21614558762,45168.59892399788
2025-06-04,983,33232.92192344222,45156.47495642948
2025-06-05,979,33110.76092966537,44938.24354019853
2025-06-06,988,33472.85685904113,45399.71205577025
2025-06-09,768,33593.33678331677,45440.63044631355
2025-06-10,806,33857.199171122156,45698.264757141784
2025-06-11,789,33733.84909594624,45567.93210578162
2025-06-12,864,33804.01763880856,45749.03387133439
2025-06-13,866,33348.62035997393,45237.553989543085
2025-06-16,791,33929.71817223225,45667.9548382208
2025-06-17,778,33557.249132188306,45277.714632113355
2025-06-18,909,33623.19788382692,45270.89490035615
2025-06-20,914,33595.69059686767,45031.446540880504
2025-06-23,808,33864.61139155357,45476.24460104569
2025-06-24,852,34268.001151709985,45978.63150716072
2025-06-25,900,34126.7140971739,46004.394938243546
2025-06-26,911,34421.72474116404,46364.32522543002
2025-06-27,919,34518.61264449721,46594.68060922936
2025-06-30,896,34644.879273140876,46817.45851329848
2025-07-01,906,34923.88622724958,46802.303553838
2025-07-02,954,35089.00023401447,47014.47298628477
2025-07-03,965,35280.66501707807,47385.01174509359
2025-07-07,903,34922.72579773243,47031.90118966431
2025-07-08,880,35029.80198588265,47006.1377585815
2025-07-09,866,35175.992601795304,47288.02000454649
2025-07-10,875,35311.9976036786,47421.38364779874
2025-07-11,902,35066.914927693084,47254.67909373343
2025-07-14,852,35091.67171514851,47344.851102523295
2025-07-15,813,34691.21015998054,47142.53239372584
2025-07-16,804,34861.975315799384,47300.14397211487
2025-07-17,837,35098.39267397424,47589.603697810104
2025-07-18,848,35002.35746016728,47554.747291051004
2025-07-21,784,34916.60242718387,47644.919299840876
2025-07-22,806,35225.4999171892,47651.73903159809
2025-07-23,846,35570.77020599166,48057.13419716603
2025-07-24,851,35406.504130057234,48073.04690459953
2025-07-25,856,35577.118181210506,48276.12336137001
2025-07-28,833,35434.60276718014,48263.99939380163
2025-07-29,834,35344.74902343787,48136.69773433357
2025-07-30,841,35138.101097060084,48076.07789649163
2025-07-31,850,34787.84514234353,47895.73387891187
2025-08-01,858,34259.98071907152,47110.706978858834
2025-08-04,877,34714.20651369056,47826.778813366676
2025-08-05,997,34696.37340281219,47584.29946199894
2025-08-06,981,34724.20406881416,47948.77623702356
2025-08-07,987,34781.99833768052,47908.61559445329
2025-08-08,1008,34881.432320424086,48282.1853451542
2025-08-11,892,34767.49153640148,48186.709100553155
2025-08-12,897,35299.58297658564,48699.70447829052
2025-08-13,898,35710.99211384483,48866.40903235584
2025-08-14,942,35530.85237904695,48870.95552019399
2025-08-15,951,35544.68822308931,48756.53557626734
2025-08-18,816,35552.01425034218,48745.927104644994
2025-08-19,829,35571.42912773639,48481.47306205956
2025-08-20,822,35486.88615895964,48352.65590664546
2025-08-21,831,35392.444545677965,48158.67242555126
2025-08-22,834,36103.796349959,48898.23444722284
2025-08-25,727,35768.70491474712,48683.03402288399
2025-08-26,724,35817.09259481523,48886.86822762749
2025-08-27,766,35925.800505914674,48998.25717966205
2025-08-28,770,35980.75531736583,49171.78146548458
2025-08-29,782,35940.363011311434,48878.53299992422
2025-09-02,704,35677.822606015114,48516.329468818665
2025-09-03,711,35687.610384700725,48779.26801545806
2025-09-04,716,35883.305141639285,49186.93642494507
2025-09-05,720,36000.15602491221,49044.47980601652
2025-09-08,751,36027.55569112157,49164.96173372736
2025-09-09,727,36038.770895159825,49278.623929680994
2025-09-10,730,35922.6742927089,49421.080548609534
2025-09-11,743,36460.90424573522,49831.77994998863
2025-09-12,781,36202.610282925234,49815.1094945821
2025-09-15,747,36216.749548151056,50080.32128514056
2025-09-16,740,36231.48529240269,50011.36621959536
2025-09-17,739,36256.86849809346,49949.230885807374
2025-09-18,752,36548.18431986004,50182.617261498825
2025-09-19,757,36430.90098763815,50291.732969614306
2025-09-22,685,36470.82134355385,50529.6658331439
2025-09-23,702,36378.21639599967,50254.603318936126
2025-09-24,661,36264.93745006694,50094.718496628026
2025-09-25,668,35946.827221202795,49863.60536485565
2025-09-26,695,36216.03342981345,50149.27635068577
2025-09-29,666,36269.70966824399,50290.21747366826
2025-09-30,708,36373.483985361236,50479.6544669243
2025-10-01,688,36532.62391569605,50651.66325680079
2025-10-02,695,36658.22135025705,50710.00985072365
2025-10-03,698,36835.38564376217,50709.25210275063
2025-10-06,554,36852.08681345466,50891.11161627643
2025-10-07,542,36643.82996857336,50702.4323709934
2025-10-08,595,36863.1137137152,51004.77381223006
2025-10-09,599,36649.78597018246,50857.01295749033
2025-10-10,620,35791.51057767751,49482.45813442449
2025-10-13,583,36283.40769201736,50241.721603394704
2025-10-14,575,36468.12351843577,50180.34401757975
2025-10-15,571,36508.30668300314,50403.12192164886
2025-10-16,583,36148.812124690296,50059.86208986891
2025-10-17,588,36288.83342370422,50344.017579752974
2025-10-20,603,36693.39948228615,50867.62142911267
2025-10-21,601,36809.407044368214,50866.86368113965
2025-10-22,614,36548.6105673736,50602.409638554214
2025-10-23,623,36771.87921710354,50902.47783587179
2025-10-24,630,36878.15333743012,51318.481473062064
2025-10-27,595,37166.72970619925,51923.92210350837
2025-10-28,593,36918.849668024326,52061.83223459877
2025-10-29,595,36470.17573375036,52086.837917708566
2025-10-30,604,36100.567644871975,51513.980450102295
2025-10-31,770,36280.38784209463,51682.95824808668
2025-11-03,766,36181.98562374287,51779.94998863379
2025-11-04,839,35804.79890279352,51166.1741304842
2025-11-05,793,35973.470753525566,51343.48715617186
2025-11-06,825,35564.27670738177,50792.60437978328
2025-11-07,834,35818.938730475216,50842.61574600288
2025-11-10,829,36077.40278461945,51635.97787375919
2025-11-11,834,36239.91341386552,51754.18655755096
2025-11-12,829,36316.69851223448,51782.980980525885
2025-11-13,848,35784.01915077868,50923.69477911646
2025-11-14,863,35640.418447744756,50915.359551413196
2025-11-17,842,35127.756427048655,50441.009320300065
2025-11-18,843,35000.49919574675,50017.42820337956
2025-11-19,929,34912.795930816246,50210.65393650072
2025-11-20,946,34450.46249771554,49445.32848374631
2025-11-21,960,35060.194012538996,49937.864666212015
2025-11-24,945,35258.82191939221,50672.88020004547
2025-11-25,924,35757.64769767262,51149.50367507767
2025-11-26,924,35996.24136859914,51502.61423050693
2025-11-28,933,36222.900735374824,51783.7387284989
2025-12-01,863,36024.5291467018,51547.32136091535
2025-12-02,863,36057.709709421404,51642.797605516396
2025-12-03,862,36395.68241648684,51821.62612715011
2025-12-04,866,36475.31566308395,51859.51352580132
2025-12-05,866,36536.15038792287,51958.020762294465
2025-12-08,787,36315.486250145834,51801.92467985148
2025-12-09,771,36312.166132306134,51757.217549443056
2025-12-10,757,36727.13105118283,52100.47738122301
2025-12-11,771,36968.158742984924,52221.71705690687
2025-12-12,786,36688.673065896815,51660.22580889596
2025-12-15,770,36552.760245558464,51582.177767674475
2025-12-16,769,36386.74986746196,51441.23664469198
2025-12-17,721,36179.3034079265,50875.19890884292
2025-12-18,729,36240.32665635175,51259.37713116618
2025-12-19,733,36406.12396283558,51571.56929605214
2025-12-22,733,36671.32604693489,51892.85443661438
2025-12-23,730,36606.14132651851,52130.02955217095
2025-12-24,703,36748.527305470736,52313.4045616428
2025-12-26,705,36768.43888362441,52308.10032583163
2025-12-29,682,36648.98013539741,52121.69432446769
2025-12-30,549,36576.61980911008,52058.043494733654
2025-12-31,542,36298.66683564878,51672.34977646435
2026-01-02,549,36403.608947782304,51767.068273092365
2026-01-05,441,36768.419847716934,52111.84360081836
2026-01-06,444,37119.11247255852,52421.76252178525
2026-01-07,455,36814.52257310297,52252.78472380086
2026-01-08,458,37103.05689187519,52247.48048798969
2026-01-09,465,37306.159395727824,52593.01356368872
2026-01-12,436,37398.786068071946,52675.60809274835
2026-01-13,426,37410.285506632725,52570.28112449799
2026-01-14,463,37521.24292918058,52311.88906569675
2026-01-15,468,37605.29431470347,52454.345684625296
2026-01-16,480,37514.826483229655,52410.39630218989
2026-01-20,366,36869.96199152207,51343.48715617186
2026-01-21,361,37305.13007595364,51936.04607107676
2026-01-22,364,37441.37903905033,52207.31984541941
2026-01-23,365,37310.75775667891,52226.26354474502
2026-01-26,446,37393.506983233856,52491.475335303476
2026-01-27,450,37306.7061723079,52700.61377585815
2026-01-28,452,37211.96968042708,52695.30954004698
2026-01-29,459,37123.74818106885,52590.74031976964
2026-01-30,602,37031.44405757042,52433.886489353645
2026-02-02,620,37303.31032467098,52694.55179207395
2026-02-03,631,36937.93208209046,52248.99598393575
2026-02-04,652,36946.93598450368,51995.90816094568
2026-02-05,676,36455.8108828587,51346.51814806396
2026-02-06,748,37294.05976425979,52331.590512995375
2026-02-09,745,37461.05272729678,52583.92058801243
2026-02-10,744,37436.19907541183,52445.252708949
2026-02-11,775,37339.068871778465,52433.12874138062
2026-02-12,781,36657.311847991885,51623.09615821777
2026-02-13,792,36947.39815154548,51659.46806092294
2026-02-17,789,36843.86608903815,51742.8203379556
2026-02-18,823,37146.171828908424,52003.485640675906
2026-02-19,831,37024.45928144565,51866.33325755854
2026-02-20,841,37155.726988358074,52241.418504205496
2026-02-23,842,36491.16416482677,51707.96393119648
2026-02-24,847,36859.169333026286,52083.80692581647
2026-02-25,934,37102.17643034733,52523.30075017049
2026-02-26,937,37373.457859615155,52231.567780556186
2026-02-27,950,37238.33861456891,51980.75320148519
2026-03-02,917,37254.58617442616,52010.30537243313
2026-03-03,921,36944.258712441675,51551.86784875351
2026-03-04,958,37208.34702181585,51915.58687580511
2026-03-05,963,37018.14020852048,51626.12715010987
2026-03-06,966,36515.58427328838,50949.458210199286
2026-03-09,929,36636.74193746977,51395.77176631052
2026-03-10,928,36291.89903969151,51313.177237250886
2026-03-11,932,36138.65614836484,51248.76865954384
2026-03-12,936,35488.57218393894,50470.56149124801
2026-03-13,949,35490.01082057418,50184.89050541789
2026-03-16,938,35805.21878905667,50695.61263923619
2026-03-17,936,35972.85004090765,50828.97628248844
2026-03-18,922,35433.10769220161,50119.724179737816
2026-03-19,934,35376.92656621958,49996.21126013488
2026-03-20,963,34907.81891483368,49145.26028642874
2026-03-23,958,35378.892942791,49661.2866560582
2026-03-24,1033,35121.11369999987,49494.58210199287
2026-03-25,940,35280.219958569054,49770.40236417368
2026-03-26,946,34894.79788962202,48881.56399181632
2026-03-27,947,34197.71032902251,48048.04122148974
2026-03-30,942,34248.385318502595,47887.398651208605
2026-03-31,850,35120.345764169666,49279.38167765402
2026-04-01,835,35238.62253427546,49650.67818443586
2026-04-02,838,35370.87631802947,49695.38531484429
2026-04-06,789,35588.190808945765,49930.28718648177
2026-04-07,726,35458.50541754998,49952.26187769948
2026-04-08,709,36222.95218369465,51224.520724407055
2026-04-09,710,36113.275849033555,51520.04243388648
2026-04-10,713,35774.85261398874,51485.9437751004
2026-04-13,659,36478.71260023513,51989.08842918845
2026-04-14,794,36710.11022262512,52622.565734636664
2026-04-15,810,37076.8452905066,53037.811623853915
2026-04-16,819,37184.06631235276,53168.14427521406
2026-04-17,822,37724.330733177536,53810.714556338564
2026-04-20,757,37884.88036825516,53703.11434416913
2026-04-21,755,37626.932496225825,53351.51928468591
2026-04-22,752,37716.832985498884,53891.79358945215
2026-04-23,755,37280.02254466077,53682.65514889748
2026-04-24,761,37405.356724383935,54098.65878608775
2026-04-27,742,37330.979524091556,54191.86178676972
2026-04-28,737,37128.325417860644,53928.16549215731
2026-04-29,729,36986.103544896396,53919.830264454045
2026-04-30,736,37445.69571133994,54456.31582935515
2026-05-01,738,37452.628290642126,54607.10767598696
2026-05-04,783,37161.4327974622,54407.06221110858
2026-05-05,781,37414.062419678965,54843.52504357051
2026-05-06,775,37813.23949903946,55605.81950443283
2026-05-07,775,37734.47613613916,55435.32621050239
2026-05-08,775,37730.04701491245,55893.005986208984
2026-05-11,720,37471.33840847262,56020.30764567704
2026-05-12,707,37398.096555762735,55935.439872698335
2026-05-13,667,37155.8824765923,56248.38978555732
2026-05-14,667,37370.309761805045,56692.430097749486
2026-05-15,667,37030.687888878645,56010.45692202773
2026-05-18,644,37343.78577713219,55971.05402743048
2026-05-19,615,36991.34699500515,55598.24202470258
2026-05-20,605,37553.34612430037,56168.06850041677
2026-05-21,605,37682.56646170864,56279.457452451315
2026-05-22,605,38029.50882741113,56500.71986057437
2026-05-26,516,38163.23141315408,56875.80510722134
2026-05-27,507,38238.40329217706,56865.954383572025
2026-05-28,506,38456.38439522205,57179.66204440403
2026-05-29,506,38760.649727369615,57322.11866333258
2026-06-01,436,38946.744926937325,57478.21474577555
2026-06-02,427,38869.864936269616,57556.262786997046
2026-06-03,427,38494.68281302287,57152.38311737516
2026-06-04,427,38927.62841767382,57368.34128968705
2026-06-05,427,38361.442790400935,55887.70175039781
2026-06-08,412,38315.31399042366,56014.245661892855
2026-06-09,408,38656.12169761115,55849.81435174661
2026-06-10,407,37967.084215661984,54969.31120709251
2026-06-11,407,38566.662735264144,55903.614457831325
2026-06-12,407,38898.74424463686,56205.95589906797
2026-06-15,220,39255.75404812654,57197.09024778359
2026-06-16,217,39171.814654878435,56856.103659922715
2026-06-17,212,38448.03935564017,56146.09380919906
2026-06-18,212,38744.713892802356,56584.07213760703
2026-06-22,198,38736.371392819805,56406.00136394635
2026-06-23,192,38472.32627858645,55586.87580510722
2026-06-24,114,39076.2598016379,55561.11237402441
2026-06-25,114,39481.95308529675,55641.433659164955
2026-06-26,114,39441.2471426384,55239.069485489126
2026-06-29,94,39423.380718421366,56149.12480109115
2026-06-30,90,39395.03250517377,56586.34538152611
