Date,OpenPositions,CumPortfolio,CumSPY
2014-01-06,0,10000.0,10000.0
2014-01-07,1,10088.855979266937,10061.416977407325
2014-01-08,1,10161.051462421325,10063.61044088616
2014-01-09,33,10155.04618346518,10070.190831322656
2014-01-10,33,10205.310842890627,10097.609124808072
2014-01-13,33,10119.412544231958,9962.98530379469
2014-01-14,33,10183.375125703606,10071.835928931783
2014-01-15,33,10247.40027952517,10126.1241500329
2014-01-16,38,10290.977457249044,10112.963369159901
2014-01-17,50,10252.803266789277,10069.916648387802
2014-01-21,85,10289.644112534448,10099.802588286904
2014-01-22,85,10323.601000323988,10106.382978723404
2014-01-23,85,10236.60725413237,10023.579732397455
2014-01-24,86,10018.418798653804,9809.717043211229
2014-01-27,86,9926.964075098704,9761.460846676902
2014-01-28,88,9989.007692092637,9819.587628865978
2014-01-29,88,9890.387740014241,9725.268699276156
2014-01-30,88,9976.97888035444,9828.36148278131
2014-01-31,88,9931.052099294166,9770.783066461943
2014-02-03,88,9659.020488776876,9550.888352708926
2014-02-04,90,9754.570895404904,9617.514805878482
2014-02-05,91,9716.53805805455,9605.724939679752
2014-02-06,99,9823.714386426567,9732.397455582362
2014-02-07,106,9958.363189100804,9853.037946918184
2014-02-10,114,9985.496532779147,9871.134020618554
2014-02-11,114,10104.457338372998,9979.162096951084
2014-02-12,114,10116.764730641104,9984.097389778459
2014-02-13,120,10200.554815162064,10035.643781531036
2014-02-14,163,10220.756207126291,10091.028734371572
2014-02-18,165,10263.560239861055,10103.092783505153
2014-02-19,176,10188.021484149182,10036.192147400747
2014-02-20,175,10244.705885466714,10095.415661329236
2014-02-21,176,10250.404402801121,10083.899978065363
2014-02-24,176,10317.668076834314,10139.833296775609
2014-02-25,176,10275.751729211936,10135.994735687651
2014-02-26,176,10326.889156620726,10136.543101557358
2014-02-27,178,10373.931509712538,10189.734590919059
2014-02-28,178,10374.086675750685,10215.507786795348
2014-03-03,186,10299.118181025462,10143.671857863565
2014-03-04,186,10479.358433547883,10286.246983987718
2014-03-05,188,10479.998369758974,10295.569203772757
2014-03-06,191,10501.569727768516,10319.148936170213
2014-03-07,191,10471.485267449363,10323.535863127878
2014-03-10,162,10395.05506105752,10318.052204430795
2014-03-11,162,10333.846082366857,10267.054178547925
2014-03-12,162,10364.438794076204,10269.796007896468
2014-03-13,167,10220.93864951435,10154.639175257731
2014-03-14,201,10196.942302135463,10126.1241500329
2014-03-17,261,10266.128588216161,10217.701250274182
2014-03-18,249,10342.029968204113,10290.633910945382
2014-03-19,214,10291.315602517543,10235.797323974555
2014-03-20,214,10322.33355280484,10295.404694011844
2014-03-21,218,10260.862612156056,10210.572493967973
2014-03-24,218,10178.748441336784,10168.348322000438
2014-03-25,218,10196.850015658054,10216.604518534767
2014-03-26,219,10090.373728313747,10143.123491993858
2014-03-27,219,10043.989119792755,10121.737223075235
2014-03-28,228,10075.758391938865,10171.63851721869
2014-03-31,228,10196.120791356601,10254.990129414344
2014-04-01,236,10345.041306519752,10322.98749725817
2014-04-02,236,10378.198736389206,10357.534547049792
2014-04-03,235,10317.761436128765,10343.825400307083
2014-04-04,236,10137.000413511976,10221.539811362141
2014-04-07,236,9985.26080638303,10108.576442202237
2014-04-08,233,10051.498433075427,10150.252248300065
2014-04-09,233,10190.733324166556,10259.37705637201
2014-04-10,237,9948.542591988728,10043.595086641808
2014-04-11,244,9838.41989097872,9953.388901074795
2014-04-14,305,9913.309767509985,10031.810704101776
2014-04-15,262,9945.286038442464,10100.89932002632
2014-04-16,261,10058.17819560714,10206.459749945163
2014-04-17,253,10064.664083570597,10220.991445492431
2014-04-21,253,10103.409846801393,10256.63522702347
2014-04-22,253,10175.323121980522,10303.246325948672
2014-04-23,253,10142.91897261381,10279.118227681507
2014-04-24,253,10145.488112060491,10299.956130730423
2014-04-25,255,10028.103212449618,10215.507786795348
2014-04-28,253,10022.606958172304,10247.587190173283
2014-04-29,253,10081.875979850778,10295.569203772757
2014-04-30,248,10101.008785534534,10326.27769247642
2014-05-01,256,10120.55398299931,10327.100241280981
2014-05-02,256,10144.369982502803,10312.568545733713
2014-05-05,253,10150.101283964637,10332.309717043208
2014-05-06,253,10032.161468542125,10242.377714411055
2014-05-07,250,10049.126086136077,10302.697960078964
2014-05-08,260,10019.135445112277,10291.456459749947
2014-05-09,261,10066.404940642778,10307.08488703663
2014-05-12,261,10249.966201119312,10407.161658258388
2014-05-13,261,10212.830331057077,10416.758060978284
2014-05-14,198,10132.615807932798,10367.40513270454
2014-05-15,199,10049.22444513425,10276.376398332966
2014-05-16,206,10086.170294121963,10312.020179864005
2014-05-19,222,10156.947640003247,10349.857424873877
2014-05-20,230,10045.617746493925,10284.601886378592
2014-05-21,239,10107.142655118518,10371.243693792498
2014-05-22,239,10164.978229785615,10396.468523799078
2014-05-23,251,10232.35611261205,10438.144329896906
2014-05-27,240,10310.759710579649,10502.303136652776
2014-05-28,242,10292.700509939867,10494.626014476858
2014-05-29,234,10332.662593859715,10548.914235577977
2014-05-30,234,10309.6461948793,10565.913577538935
2014-06-02,232,10298.296117079386,10577.70344373766
2014-06-03,234,10307.362535661847,10572.493967975433
2014-06-04,226,10334.38663485871,10593.880236894056
2014-06-05,227,10438.667490570586,10662.974336477295
2014-06-06,223,10522.220686850513,10713.698179425313
2014-06-09,211,10520.6104077128,10724.939679754332
2014-06-10,204,10509.704546219125,10726.036411493747
2014-06-11,142,10464.26855665823,10688.747532353584
2014-06-12,610,10407.327656577401,10613.073042333845
2014-06-13,631,10425.292298611701,10645.426628646632
2014-06-16,657,10438.646206432464,10654.200482561964
2014-06-17,658,10480.91252120239,10683.81223952621
2014-06-18,658,10546.325291293546,10761.95437595964
2014-06-19,658,10569.744094389853,10774.292608028076
2014-06-20,667,10572.42170965105,10744.680851063828
2014-06-23,667,10574.75333646746,10741.39065584558
2014-06-24,665,10489.730452620131,10676.683483220002
2014-06-25,665,10533.566636760035,10724.939679754332
2014-06-26,665,10525.825089226577,10717.262557578415
2014-06-27,665,10555.411810523847,10738.100460627329
2014-06-30,655,10574.494761426107,10732.616801930246
2014-07-01,664,10634.722492077866,10804.45273086203
2014-07-02,661,10610.180716956109,10815.420048256196
2014-07-03,662,10671.414681540666,10868.611537617899
2014-07-07,652,10597.816739925645,10830.774292608028
2014-07-08,651,10510.864729359193,10761.131827155077
2014-07-09,646,10537.401141591437,10809.388023689406
2014-07-10,616,10488.586558199211,10766.61548585216
2014-07-11,625,10500.292656698573,10781.421364334285
2014-07-14,640,10551.080392155005,10835.709585435403
2014-07-15,635,10523.43608530028,10815.420048256196
2014-07-16,619,10550.083996852725,10855.4507567449
2014-07-17,659,10433.577234755792,10732.06843606054
2014-07-18,659,10537.627419316332,10841.736126343496
2014-07-21,656,10504.511866667208,10821.452072822987
2014-07-22,649,10562.652232777942,10868.611537617899
2014-07-23,649,10560.32483556034,10892.73963588506
2014-07-24,646,10560.228854101095,10893.28800175477
2014-07-25,647,10501.978944586846,10842.289975871901
2014-07-28,649,10502.284782818191,10846.676902829568
2014-07-29,649,10467.150501896187,10800.065803904365
2014-07-30,649,10469.822449906973,10801.710901513488
2014-07-31,649,10282.649149431089,10588.396578196973
2014-08-01,651,10248.54579446775,10556.042991884186
2014-08-04,647,10315.927454871997,10632.265847773631
2014-08-05,647,10239.22820809375,10529.173064268478
2014-08-06,647,10224.078971612556,10532.463259486729
2014-08-07,647,10175.785851273422,10475.433209037068
2014-08-08,647,10274.085919791243,10596.622066242597
2014-08-11,193,10334.952190836335,10627.056372011406
2014-08-12,176,10275.18999257067,10612.524676464136
2014-08-13,146,10324.202397180325,10684.36060539592
2014-08-14,163,10380.073735544238,10734.81026540908
2014-08-15,173,10382.252342286321,10732.616801930246
2014-08-18,195,10486.319296537144,10822.548804562404
2014-08-19,187,10527.56489560368,10879.030489142355
2014-08-20,217,10543.095078007627,10908.093880236893
2014-08-21,230,10545.527365114956,10939.899100679973
2014-08-22,230,10538.860238722858,10922.899758719015
2014-08-25,231,10575.523309602855,10978.284711559552
2014-08-26,231,10605.143899543735,10985.41346786576
2014-08-27,236,10596.98857128572,10981.026540908091
2014-08-28,233,10575.8013356245,10974.994516341301
2014-08-29,234,10618.885389601888,11006.251370914675
2014-09-02,234,10619.171074714293,11000.767712217592
2014-09-03,236,10612.9692250093,10994.7356876508
2014-09-04,252,10583.8771297176,10978.838561087958
2014-09-05,255,10620.270171784547,11028.186005703004
2014-09-08,251,10607.446458621242,10999.670980478173
2014-09-09,242,10540.30993044268,10930.028515025224
2014-09-10,225,10586.798199096205,10971.155955253344
2014-09-11,233,10589.131194401012,10983.768370256636
2014-09-12,251,10511.570589397306,10919.609563500768
2014-09-15,200,10465.224028592673,10911.438912042113
2014-09-16,200,10541.031199588431,10993.638955911383
2014-09-17,197,10545.306135036306,11008.444834393507
2014-09-18,203,10596.915351799336,11067.119982452292
2014-09-19,222,10568.12835207027,11005.703005044965
2014-09-22,222,10463.900906370744,10920.706295240183
2014-09-23,232,10391.427180802251,10858.19258609344
2014-09-24,234,10475.24412366597,10943.189295898224
2014-09-25,239,10316.029337555736,10766.61548585216
2014-09-26,240,10402.325983707222,10852.160561526649
2014-09-29,240,10372.416556709899,10832.419390217152
2014-09-30,238,10341.028869716369,10803.904364992322
2014-10-01,239,10198.26284592307,10658.039043649922
2014-10-02,239,10209.887842274886,10659.135775389339
2014-10-03,240,10293.891174325829,10776.48607150691
2014-10-06,250,10268.052646378988,10763.873656503618
2014-10-07,250,10108.321708116417,10597.718797982012
2014-10-08,237,10249.980802132404,10783.066461943406
2014-10-09,238,10024.607618849657,10569.203772757182
2014-10-10,242,9868.067002659085,10448.563281421364
2014-10-13,225,9691.777957335855,10276.919280543976
2014-10-14,222,9717.290454331516,10292.827374424214
2014-10-15,208,9705.775327456968,10223.184908971265
2014-10-16,209,9765.189512354484,10214.411055055934
2014-10-17,211,9884.112236279176,10335.05154639175
2014-10-20,188,9981.673606377117,10435.402500548365
2014-10-21,190,10186.922277057403,10642.136433428383
2014-10-22,192,10072.160165607766,10566.46194340864
2014-10-23,201,10201.746891143846,10689.295898223294
2014-10-24,204,10274.193721895346,10771.550778679535
2014-10-27,192,10240.2940304831,10756.744900197411
2014-10-28,191,10401.017658302924,10880.127220881772
2014-10-29,196,10360.363811644018,10863.676244790524
2014-10-30,206,10434.815389730124,10933.318710243473
2014-10-31,206,10492.300040735969,11058.346128536958
2014-11-03,191,10493.756659001161,11064.378153103751
2014-11-04,188,10438.828687934914,11025.99254222417
2014-11-05,189,10454.91099968369,11095.635007677123
2014-11-06,194,10519.806815085785,11140.052643123492
2014-11-07,195,10539.85051402899,11150.471594647948
2014-11-10,191,10572.369658145242,11185.567010309276
2014-11-11,173,10568.348421614628,11196.260144768588
2014-11-12,178,10592.694769930802,11184.470278569863
2014-11-13,185,10549.408336767816,11197.082693573151
2014-11-14,200,10571.16744364712,11199.824522921694
2014-11-17,190,10532.109043673787,11206.9532792279
2014-11-18,207,10596.009737819844,11271.660451853475
2014-11-19,207,10560.810188856412,11253.564378153102
2014-11-20,202,10634.692559202529,11273.305549462602
2014-11-21,203,10692.896207362355,11333.62579513051
2014-11-24,202,10750.493408037539,11365.431015573588
2014-11-25,205,10711.318720534557,11364.882649703883
2014-11-26,208,10707.964958000905,11386.268918622503
2014-11-28,208,10541.414803193404,11362.14082035534
2014-12-01,207,10388.588347520277,11283.17613511735
2014-12-02,206,10460.212087463522,11355.834612853694
2014-12-03,211,10562.528517985382,11399.97806536521
2014-12-04,212,10516.8366279775,11387.36565036192
2014-12-05,214,10531.986742315654,11406.010089932002
2014-12-08,208,10353.14710690674,11329.787234042553
2014-12-09,200,10429.70579616115,11322.110111866637
2014-12-10,214,10186.110697465534,11140.606492651897
2014-12-11,207,10201.43340135807,11197.082693573151
2014-12-12,207,10080.223061468885,11016.121956569423
2014-12-15,199,9985.661440821741,10940.44746654968
2014-12-16,204,9971.492099249512,10852.708927396357
2014-12-17,186,10234.45072317498,11065.474884843165
2014-12-18,187,10446.309269979793,11339.109453827594
2014-12-19,191,10541.797062527261,11324.85194121518
2014-12-22,184,10551.065795060571,11376.946698837462
2014-12-23,277,10574.869867334774,11392.300943189295
2014-12-24,315,10572.4680477569,11393.397674928712
2014-12-26,315,10614.905291029028,11430.138188199166
2014-12-29,297,10633.293306514724,11445.492432550996
2014-12-30,307,10577.178089356557,11384.07545514367
2014-12-31,308,10482.777770248234,11271.112085983768
2015-01-02,310,10504.67298484699,11265.080061416977
2015-01-05,304,10291.665185693724,11061.636323755209
2015-01-06,309,10215.355170546121,10957.446808510638
2015-01-07,316,10309.486616081014,11093.989910067996
2015-01-08,316,10482.911140702716,11290.853257293265
2015-01-09,316,10410.32684477064,11200.3728887914
2015-01-12,311,10315.676169284292,11112.634349638078
2015-01-13,297,10282.024715816682,11081.377495064706
2015-01-14,296,10235.364481134544,11014.476858960297
2015-01-15,280,10134.40098773185,10913.572055275281
2015-01-16,288,10279.94888907926,11056.701030927834
2015-01-20,284,10282.378790581093,11080.006580390436
2015-01-21,287,10347.53270050689,11136.214082035534
2015-01-22,287,10475.206092999078,11301.820574687432
2015-01-23,354,10408.609097926947,11239.855231410396
2015-01-26,351,10470.4395696261,11266.176793156394
2015-01-27,354,10394.979476807588,11117.569642465452
2015-01-28,354,10211.461102406567,10974.994516341301
2015-01-29,354,10288.561239352028,11076.453169554725
2015-01-30,354,10222.320365462818,10937.15727133143
2015-02-02,344,10381.827086976387,11072.603641149375
2015-02-03,342,10603.649960364672,11232.72647510419
2015-02-04,346,10531.399038136131,11189.953937266942
2015-02-05,349,10687.792985508677,11302.917306426847
2015-02-06,356,10652.697840410916,11271.660451853475
2015-02-09,341,10633.54988771897,11221.210791840314
2015-02-10,344,10695.631177212817,11340.754551436718
2015-02-11,354,10669.982722839597,11347.334941873218
2015-02-12,347,10796.566852975153,11456.459749945163
2015-02-13,347,10875.561702796695,11503.619214740072
2015-02-17,361,10894.648275396168,11521.715288440448
2015-02-18,367,10876.144308229634,11522.812020179863
2015-02-19,275,10849.814287990323,11514.586532134239
2015-02-20,280,10877.38395185541,11583.62579513051
2015-02-23,245,10847.373479553631,11581.980697521385
2015-02-24,246,10858.160705194448,11614.937486290853
2015-02-25,247,10872.130715241117,11605.066900636102
2015-02-26,237,10787.870695401298,11591.357753893397
2015-02-27,241,10753.47980715758,11551.8754112744
2015-03-02,237,10792.97859100584,11624.808071945603
2015-03-03,244,10769.818315801132,11577.100241280981
2015-03-04,249,10732.236107225723,11528.301162535643
2015-03-05,315,10745.334983058401,11540.908093880236
2015-03-06,309,10571.211164396562,11378.591796446588
2015-03-09,376,10567.164615204423,11425.751261241501
2015-03-10,377,10390.691152824671,11240.403597280105
2015-03-11,383,10383.714118634609,11214.082035534107
2015-03-12,383,10489.449533675588,11356.657161658257
2015-03-13,434,10427.819742238133,11286.872121079183
2015-03-16,410,10535.238045456941,11437.815310375081
2015-03-17,402,10518.357808464963,11403.81662645317
2015-03-18,404,10702.281304024324,11540.908093880236
2015-03-19,409,10637.193043444073,11488.264970388242
2015-03-20,430,10748.696725022955,11538.166264531696
2015-03-23,416,10736.684948603417,11515.683263873654
2015-03-24,351,10700.07280828151,11450.97609124808
2015-03-25,356,10545.290805719209,11283.17613511735
2015-03-26,371,10512.462218521443,11256.306207501646
2015-03-27,371,10535.37860449913,11282.079403377933
2015-03-30,370,10641.500154787513,11419.719236674708
2015-03-31,370,10554.473534026074,11319.916648387805
2015-04-01,364,10532.633620280558,11279.885939899099
2015-04-02,365,10574.731728217892,11320.190831322658
2015-04-06,358,10668.530503897813,11396.687870146961
2015-04-07,360,10651.53945982668,11366.527747313006
2015-04-08,361,10705.242341381392,11404.639175257731
2015-04-09,359,10768.066159584147,11455.363018205746
2015-04-10,360,10798.618963682959,11517.876727352488
2015-04-13,350,10756.305781215118,11465.781969730204
2015-04-14,399,10783.937370970385,11487.716604518535
2015-04-15,390,10847.986527421504,11539.26299627111
2015-04-16,387,10840.684995255127,11535.972801052863
2015-04-17,387,10723.565628433025,11403.26826058346
2015-04-20,398,10817.560476300181,11507.457775828032
2015-04-21,393,10818.926175423876,11493.748629085325
2015-04-22,390,10865.586293450267,11550.230313665277
2015-04-23,391,10910.385555148052,11579.293704759815
2015-04-24,398,10919.9822600796,11606.158148716822
2015-04-27,400,10866.547976029655,11557.907435841193
2015-04-28,397,10887.646591874256,11594.647949111648
2015-04-29,397,10839.656999762834,11546.940118447026
2015-04-30,391,10720.658428110579,11431.234919938583
2015-05-01,391,10833.779974705787,11555.16560649265
2015-05-04,343,10859.579560545197,11588.067558675146
2015-05-05,347,10722.230403306636,11455.363018205746
2015-05-06,266,10687.361721949024,11408.203553410835
2015-05-07,271,10725.25543686398,11453.717920596622
2015-05-08,278,10852.658992061146,11604.518534766396
2015-05-11,277,10816.801535206023,11548.859398991004
2015-05-12,234,10785.477541794722,11514.586532134239
2015-05-13,236,10780.840175140633,11516.779995613073
2015-05-14,237,10897.235351203019,11636.872121079183
2015-05-15,256,10935.380651658359,11649.484536082473
2015-05-18,325,10985.375520616411,11685.67668348322
2015-05-19,308,10975.685076291174,11681.83812239526
2015-05-20,308,10976.550149248176,11673.612634349638
2015-05-21,309,11021.43134246667,11707.611318271549
2015-05-22,310,10999.039793288935,11679.644658916428
2015-05-26,289,10882.75285730795,11554.068874753233
2015-05-27,289,10971.308913157376,11663.742048694887
2015-05-28,289,10958.939243038123,11650.581267821892
2015-05-29,294,10876.368494068307,11578.196973020398
2015-06-01,295,10894.871582080417,11601.776705417855
2015-06-02,294,10898.088985861059,11590.26102215398
2015-06-03,295,10944.8623773733,11620.969510857642
2015-06-04,289,10835.229107711331,11522.768150910286
2015-06-05,299,10855.617728396217,11503.070848870368
2015-06-08,357,10773.469207217238,11432.331651677998
2015-06-09,377,10752.052963630404,11430.686554068874
2015-06-10,375,10880.323048410613,11567.77802149594
2015-06-11,376,10893.483608589167,11605.066900636102
2015-06-12,339,10837.056439185013,11516.231629743363
2015-06-15,318,10806.63609165282,11466.87870146962
2015-06-16,332,10862.801244216782,11529.392410616361
2015-06-17,332,10894.99095942114,11548.036850186443
2015-06-18,351,10994.208188006569,11668.128975652555
2015-06-19,351,10963.163655194825,11560.100899320025
2015-06-22,349,11046.567453279376,11619.324413248518
2015-06-23,346,11062.245267730843,11627.549901294144
2015-06-24,342,10971.023239541648,11543.10155735907
2015-06-25,341,10923.666867579981,11508.00614169774
2015-06-26,344,10890.919074017795,11505.812678218907
2015-06-29,351,10650.327566268243,11264.531695547268
2015-06-30,353,10674.548691607626,11288.111427944723
2015-07-01,330,10668.329635396918,11378.591796446588
2015-07-02,329,10624.696860303004,11368.17284492213
2015-07-06,322,10550.83531699391,11335.819258609343
2015-07-07,315,10607.271787803582,11407.10682167142
2015-07-08,301,10416.740188443737,11215.727133143231
2015-07-09,299,10465.233055167753,11236.01667032244
2015-07-10,300,10593.34105907854,11377.495064707171
2015-07-13,300,10704.079267038542,11503.070848870368
2015-07-14,318,10777.850059527242,11552.972143013818
2015-07-15,245,10721.353155344175,11549.133581925862
2015-07-16,242,10762.707469867577,11641.807413906557
2015-07-17,247,10696.650254236662,11651.677999561305
2015-07-20,267,10656.673522628369,11657.710024128099
2015-07-21,266,10626.859359491977,11611.647291072602
2015-07-22,280,10581.32722026441,11590.809388023688
2015-07-23,287,10492.62135148151,11525.553849528405
2015-07-24,286,10326.089396106498,11406.010089932002
2015-07-27,286,10262.364832871608,11339.6578196973
2015-07-28,284,10425.50369787222,11478.942750603203
2015-07-29,282,10508.204770466042,11557.907435841193
2015-07-30,399,10508.507117787025,11560.649265189733
2015-07-31,400,10518.55184318083,11543.10155735907
2015-08-03,399,10451.10424603609,11504.167580609781
2015-08-04,393,10407.75020327115,11481.684579951743
2015-08-05,337,10406.24921241523,11519.521824961614
2015-08-06,341,10319.18782295941,11425.20289537179
2015-08-07,378,10255.40864534463,11403.26826058346
2015-08-10,369,10407.241344882805,11546.940118447026
2015-08-11,363,10296.432463511219,11442.750603202456
2015-08-12,359,10359.292066501765,11456.459749945163
2015-08-13,350,10326.068455940405,11442.202237332747
2015-08-14,356,10360.14517303694,11483.878043430575
2015-08-17,334,10429.787799466827,11548.036850186443
2015-08-18,387,10420.503734762286,11514.586532134239
2015-08-19,387,10320.545953906681,11423.557797762667
2015-08-20,392,10101.329574388914,11185.018644439568
2015-08-21,391,9818.57897537063,10848.322000438693
2015-08-24,395,9421.671551049767,10391.533230971703
2015-08-25,395,9320.643529051065,10269.24764202676
2015-08-26,406,9638.939613915127,10663.522702347005
2015-08-27,405,9913.980512724691,10927.286685676683
2015-08-28,406,9964.702904003523,10927.83505154639
2015-08-31,404,9901.865582577451,10839.548146523359
2015-09-01,407,9609.163819381578,10516.012283395481
2015-09-02,411,9759.897502624997,10715.617459969291
2015-09-03,419,9770.044115856272,10723.294582145207
2015-09-04,433,9636.148605411938,10560.97828471156
2015-09-08,446,9826.010696020032,10826.38736565036
2015-09-09,447,9676.929308552308,10681.618776047377
2015-09-10,494,9713.035454328232,10739.745558236453
2015-09-11,474,9683.041463688704,10788.550120640492
2015-09-14,473,9612.04422788425,10748.519412151787
2015-09-15,474,9696.05156310536,10882.869050230312
2015-09-16,456,9820.117513582984,10977.187979820135
2015-09-17,461,9796.869698030834,10952.511515683263
2015-09-18,472,9645.610590164055,10717.810923448124
2015-09-21,452,9679.544482539208,10773.195876288659
2015-09-22,453,9509.078215990186,10633.36257951305
2015-09-23,455,9399.329295955433,10616.363237552094
2015-09-24,456,9359.24225441678,10577.977626672515
2015-09-25,452,9325.636623698056,10575.235797323974
2015-09-28,341,9036.67774938594,10309.82671638517
2015-09-29,379,8945.979299646331,10315.858740951962
2015-09-30,386,9238.237879198578,10508.335161219564
2015-10-01,386,9279.499728530185,10535.75345470498
2015-10-02,387,9498.998158152792,10693.134459311252
2015-10-05,377,9750.927091876136,10883.417416100021
2015-10-06,339,9744.126362549232,10846.128536959857
2015-10-07,351,9843.000070004095,10934.963807852599
2015-10-08,358,9968.019814143603,11033.669664400088
2015-10-09,360,9972.873054591102,11040.250054836586
2015-10-12,377,9938.745896545746,11050.669006361044
2015-10-13,376,9862.832671214579,10981.026540908091
2015-10-14,367,9840.571427076842,10928.383417416098
2015-10-15,363,9988.608812602668,11096.183373546828
2015-10-16,362,10035.712232876263,11146.633033559992
2015-10-19,345,10024.958681525406,11152.116692257072
2015-10-20,348,10019.318414925034,11137.859179644658
2015-10-21,349,9945.042545180693,11068.765080061416
2015-10-22,349,10027.54235481869,11255.757841631936
2015-10-23,381,10081.307430726889,11379.140162316296
2015-10-26,360,10027.391034991426,11351.173502961174
2015-10-27,361,9994.758664709108,11329.238868172844
2015-10-28,360,10137.006364719997,11458.104847554287
2015-10-29,358,10113.20715664229,11451.52445711779
2015-10-30,357,10129.837949190769,11402.171528844045
2015-11-02,343,10250.337136327536,11537.069532792277
2015-11-03,334,10331.875790860186,11570.519850844483
2015-11-04,321,10280.4003483392,11535.424435183155
2015-11-05,355,10276.180658843487,11523.90875191928
2015-11-06,360,10258.538322063618,11517.876727352488
2015-11-09,308,10169.746988337312,11410.397016889669
2015-11-10,295,10179.504014497425,11436.718578635666
2015-11-11,297,10091.019389461426,11391.752577319587
2015-11-12,297,9932.883949725,11232.72647510419
2015-11-13,292,9825.332645942259,11106.602325071286
2015-11-16,290,9993.940497463682,11275.499012941435
2015-11-17,278,9981.716454247933,11267.273524895809
2015-11-18,279,10141.081318915694,11446.040798420705
2015-11-19,284,10084.597200995939,11436.170212765957
2015-11-20,284,10108.318270803438,11477.88988813336
2015-11-23,309,10098.702715818637,11464.685237990787
2015-11-24,310,10142.08602387318,11480.03948234262
2015-11-25,303,10163.731452384043,11478.394384733492
2015-11-27,264,10160.272506417752,11491.555165606493
2015-11-30,257,10130.222478453907,11443.847334941873
2015-12-01,253,10196.179953893849,11552.972143013818
2015-12-02,257,10061.762561395546,11435.01864443957
2015-12-03,257,9897.060640035037,11274.950647071726
2015-12-04,264,10007.064283777552,11494.845360824742
2015-12-07,234,9866.400931685865,11425.20289537179
2015-12-08,249,9817.6455908234,11348.376837025664
2015-12-09,227,9881.687139280872,11260.144768589602
2015-12-10,227,9885.247357472686,11289.208159684142
2015-12-11,232,9619.565487548165,11070.41017767054
2015-12-14,221,9534.276296518607,11126.38736565036
2015-12-15,222,9643.559106684903,11243.18929589822
2015-12-16,191,9787.49786832455,11407.655187541126
2015-12-17,187,9604.386976557076,11233.823206843605
2015-12-18,249,9498.83148091054,10968.457995174382
2015-12-21,244,9590.884019305397,11058.894494406666
2015-12-22,213,9768.208274256403,11159.245448563279
2015-12-23,214,10024.891278926541,11297.433647729764
2015-12-24,214,10011.014100219983,11278.789208159684
2015-12-28,214,9904.506117123783,11253.016012283395
2015-12-29,214,9948.323396546768,11373.108137749507
2015-12-30,217,9838.073947287783,11292.49835490239
2015-12-31,216,9900.584947610514,11179.534985742488
2016-01-04,169,9809.194760031018,11023.206843606054
2016-01-05,164,9815.012070823706,11041.895152445712
2016-01-06,166,9562.92812885604,10902.61022153981
2016-01-07,170,9302.020295385042,10641.039701688966
2016-01-08,193,9238.180691262683,10524.402281202016
2016-01-11,187,9100.212679035623,10534.656722965563
2016-01-12,192,9109.413212882602,10619.697302039922
2016-01-13,187,8848.023414922693,10354.792717701252
2016-01-14,192,8995.001583026109,10524.786137310814
2016-01-15,192,8806.697817825789,10298.859398991008
2016-01-19,191,8685.545348828466,10312.568545733713
2016-01-20,194,8607.836056594208,10180.41237113402
2016-01-21,194,8748.240554976357,10237.44242158368
2016-01-22,207,8979.03945644757,10447.466549681947
2016-01-25,207,8774.487865854258,10289.537179205965
2016-01-26,207,8960.898428768898,10429.918841851282
2016-01-27,208,8891.359899962317,10316.40710682167
2016-01-28,211,8976.268158465737,10370.146962053082
2016-01-29,213,9225.6344971332,10622.98749725817
2016-02-01,227,9221.860975346992,10619.105066900636
2016-02-02,220,8970.046423192845,10427.72537837245
2016-02-03,226,9072.879974631258,10490.239087519192
2016-02-04,263,9150.571050499751,10506.69006361044
2016-02-05,303,8959.693533941954,10306.53652116692
2016-02-08,299,8761.413104138548,10167.79995613073
2016-02-09,346,8687.882565519623,10168.348322000438
2016-02-10,353,8694.223246488193,10159.574468085106
2016-02-11,357,8558.64635712364,10027.418293485413
2016-02-12,357,8753.573295759274,10234.15222636543
2016-02-16,290,8974.992081061186,10406.887475323534
2016-02-17,298,9130.233228963636,10576.880894933098
2016-02-18,305,9089.934108319358,10533.559991226144
2016-02-19,307,9067.075525752209,10528.624698398771
2016-02-22,309,9222.19305424636,10681.070410177668
2016-02-23,310,9085.187050320936,10546.172406229434
2016-02-24,320,9146.453809203238,10594.428602763763
2016-02-25,327,9243.477360052382,10722.746216275498
2016-02-26,342,9290.842354540178,10698.02588286905
2016-02-29,340,9239.586937195923,10614.169774073262
2016-03-01,340,9453.581000336206,10863.676244790524
2016-03-02,345,9562.492990093586,10912.48080719456
2016-03-03,417,9636.266715341137,10954.979162096952
2016-03-04,424,9683.140618150519,10990.897126562842
2016-03-07,487,9742.1718144235,10999.670980478173
2016-03-08,468,9565.592193648783,10879.578855012065
2016-03-09,486,9621.427776646091,10933.318710243473
2016-03-10,480,9607.295587735307,10942.092564158806
2016-03-11,480,9783.95594720207,11118.666374204868
2016-03-14,483,9785.167017654427,11104.408861592454
2016-03-15,486,9715.028654484211,11086.31278789208
2016-03-16,477,9802.58769615114,11150.471594647948
2016-03-17,469,9901.283350647831,11221.210791840314
2016-03-18,467,9975.931252389506,11207.501645097609
2016-03-21,488,9973.162824237723,11223.404255319147
2016-03-22,654,9938.73386509874,11217.372230752359
2016-03-23,653,9788.66172238231,11143.298969072164
2016-03-24,664,9801.773425772222,11138.407545514367
2016-03-28,662,9810.341111137683,11144.987935950865
2016-03-29,667,9941.185544224738,11248.124588725597
2016-03-30,649,9991.119925654424,11297.433647729764
2016-03-31,667,9980.880302211877,11270.015354244351
2016-04-01,667,9996.212512810942,11346.786576003507
2016-04-04,623,9943.488789192705,11310.046062733054
2016-04-05,589,9840.483178266697,11197.038824303574
2016-04-06,591,9945.883953098228,11319.368282518095
2016-04-07,609,9814.276822898219,11183.921912700152
2016-04-08,564,9828.913320196654,11214.03816626453
2016-04-11,553,9828.776678245731,11187.765957446809
2016-04-12,556,9932.813830752451,11291.94998903268
2016-04-13,559,10095.32727123863,11406.05395920158
2016-04-14,561,10085.95719455442,11406.558455801709
2016-04-15,568,10078.322538116798,11393.946040798419
2016-04-18,560,10146.35033837795,11473.96358850625
2016-04-19,576,10207.222802645592,11510.199605176575
2016-04-20,571,10248.906785119087,11521.166922570737
2016-04-21,571,10212.556204993229,11459.201579293704
2016-04-22,611,10240.22105750322,11459.201579293704
2016-04-25,594,10179.433531076758,11439.460407984208
2016-04-26,578,10247.495906382985,11456.415880675586
2016-04-27,577,10281.986770503347,11480.03948234262
2016-04-28,580,10184.972194041797,11375.71287563062
2016-04-29,590,10117.8700124984,11314.476858960299
2016-05-02,540,10170.476474083758,11404.364992322877
2016-05-03,552,10045.606175978302,11305.066900636102
2016-05-04,503,10002.399604100774,11242.048694889228
2016-05-05,505,9957.35006321842,11239.855231410396
2016-05-06,525,9991.83044920108,11280.982671638516
2016-05-09,511,10006.789447208923,11290.26102215398
2016-05-10,511,10117.932118181188,11430.686554068874
2016-05-11,524,10021.473803701356,11323.755209475761
2016-05-12,522,9989.167057541496,11327.045404694012
2016-05-13,523,9903.491537547234,11228.339548146521
2016-05-16,505,10005.138787677928,11339.109453827594
2016-05-17,511,9921.470828456304,11233.318710243473
2016-05-18,490,9954.976981495829,11236.565036192145
2016-05-19,318,9879.792919833628,11197.631059442858
2016-05-20,355,9936.957613669154,11268.370256635228
2016-05-23,349,9926.926922031473,11253.016012283395
2016-05-24,347,10051.094947217574,11398.881333625794
2016-05-25,365,10135.234828982631,11476.20092125466
2016-05-26,370,10126.692482360426,11479.491116472911
2016-05-27,407,10175.81734923334,11528.844044746656
2016-05-31,399,10181.562773429932,11506.909409958324
2016-06-01,401,10193.175188665227,11530.48914235578
2016-06-02,395,10267.355157702443,11565.584558017108
2016-06-03,393,10217.414842031127,11531.037508225489
2016-06-06,358,10315.583233752292,11589.712656284273
2016-06-07,371,10356.576774267376,11607.808729984645
2016-06-08,371,10390.169681578012,11645.645974994517
2016-06-09,370,10350.23849877723,11629.743364772976
2016-06-10,378,10233.525088325438,11519.521824961614
2016-06-13,367,10147.41677944587,11430.642684799297
2016-06-14,364,10097.501892509525,11408.203553410835
2016-06-15,365,10083.95420372477,11392.300943189295
2016-06-16,357,10112.24641257191,11426.299627111208
2016-06-17,361,10085.245818284438,11324.85194121518
2016-06-20,506,10187.955875449128,11397.784601886378
2016-06-21,466,10206.316475579924,11430.138188199166
2016-06-22,465,10177.053988465921,11411.493748629084
2016-06-23,467,10349.057132118522,11560.100899320025
2016-06-24,468,9949.69751981741,11138.955911384073
2016-06-27,464,9706.438764262273,10945.382759377057
2016-06-28,458,9866.619236811908,11142.778021495942
2016-06-29,432,10046.276312616847,11332.529063391092
2016-06-30,424,10191.583164712265,11486.894055713972
2016-07-01,434,10232.770586937995,11511.340206185567
2016-07-05,391,10162.280300735258,11428.493090590042
2016-07-06,387,10218.455097122383,11497.038824303574
2016-07-07,398,10232.796843539745,11489.690721649484
2016-07-08,407,10419.868068222877,11661.000219346346
2016-07-11,392,10469.79939178373,11702.127659574468
2016-07-12,426,10587.27296692781,11787.12436937925
2016-07-13,443,10581.47146675944,11785.479271770122
2016-07-14,455,10634.88283534712,11851.283176135117
2016-07-15,456,10623.528521706328,11835.380565913578
2016-07-18,458,10652.092911470718,11867.141917087078
2016-07-19,487,10622.687489822629,11855.121737223073
2016-07-20,480,10702.818243968752,11904.200482561964
2016-07-21,482,10649.429335006258,11859.234481245887
2016-07-22,485,10699.707888689756,11912.700153542444
2016-07-25,455,10663.636316508633,11880.346567229655
2016-07-26,423,10699.83229952726,11885.830225926737
2016-07-27,414,10674.93356359287,11873.217810923448
2016-07-28,408,10685.131691310404,11886.926957666155
2016-07-29,410,10699.163729520658,11906.119763105944
2016-08-01,411,10652.972747285132,11896.249177451195
2016-08-02,411,10578.73075565209,11819.982452292168
2016-08-03,418,10639.38081163671,11854.573371353368
2016-08-04,413,10618.804575842838,11867.169335380566
2016-08-05,406,10728.799550472912,11964.24654529502
2016-08-08,409,10711.593202569638,11957.117788988813
2016-08-09,423,10667.10176697166,11964.24654529502
2016-08-10,426,10614.376944513773,11934.634788330774
2016-08-11,427,10674.664490677817,11990.019741171309
2016-08-12,428,10673.22060685568,11979.60078964685
2016-08-15,424,10754.27439486985,12014.147839438472
2016-08-16,425,10709.786898417171,11952.182496161438
2016-08-17,280,10680.650491578954,11974.665496819476
2016-08-18,347,10747.622740504632,12001.535424435184
2016-08-19,348,10757.705623627919,11983.987716604515
2016-08-22,348,10749.830815898826,11983.43935073481
2016-08-23,347,10804.703686197172,12007.567449001972
2016-08-24,356,10699.97989003439,11946.150471594648
2016-08-25,354,10669.152116364447,11937.924983549023
2016-08-26,360,10623.223433086378,11915.441982890985
2016-08-29,354,10658.961220205663,11974.161000219345
2016-08-30,342,10662.251032632914,11954.37595964027
2016-08-31,341,10622.649372388954,11920.37727571836
2016-09-01,340,10666.528929803875,11920.925641588065
2016-09-02,342,10734.828415524844,11974.665496819476
2016-09-06,328,10739.31167163635,12010.9015134898
2016-09-07,326,10751.758849475253,12009.760912480808
2016-09-08,315,10785.73647234552,11982.342618995392
2016-09-09,310,10555.618520930444,11695.547269137967
2016-09-12,276,10666.208438739475,11863.347225268699
2016-09-13,284,10499.402673114158,11692.805439789427
2016-09-14,288,10475.811547372927,11688.41851283176
2016-09-15,221,10577.331031560165,11805.220443079623
2016-09-16,221,10521.761673419907,11700.482561965342
2016-09-19,221,10545.21692152325,11702.676025444176
2016-09-20,222,10496.103905463962,11703.224391313883
2016-09-21,226,10602.885550594012,11834.832200043867
2016-09-22,223,10724.114512816257,11909.409958324193
2016-09-23,221,10678.206574091037,11844.15441982891
2016-09-26,220,10581.387057014486,11748.190392629962
2016-09-27,285,10643.315647229914,11821.123053301162
2016-09-28,284,10700.014079619952,11879.798201359945
2016-09-29,284,10577.277796277853,11772.318490897127
2016-09-30,291,10684.554362905334,11861.153761789867
2016-10-03,282,10665.003970164353,11832.638736565035
2016-10-04,294,10641.713337522775,11772.318490897127
2016-10-05,290,10715.88844541648,11824.413248519411
2016-10-06,273,10696.681974089752,11832.638736565035
2016-10-07,276,10641.802982841444,11792.059662206622
2016-10-10,277,10698.310250811552,11853.47663961395
2016-10-11,296,10552.853898931926,11703.772757183593
2016-10-12,294,10533.722025858107,11719.127001535424
2016-10-13,296,10477.426532901267,11680.741390655845
2016-10-14,323,10461.62664371324,11686.773415222635
2016-10-17,253,10439.523998037259,11646.194340864224
2016-10-18,349,10508.600775013267,11719.127001535424
2016-10-19,349,10533.155309285135,11750.383856108794
2016-10-20,352,10510.631495142661,11728.449221320465
2016-10-21,352,10525.903511402972,11733.932880017546
2016-10-24,346,10567.027087672352,11783.834174160998
2016-10-25,348,10516.620273594288,11744.351831542004
2016-10-26,347,10509.525085137617,11720.77209914455
2016-10-27,347,10459.233471021545,11689.515244571176
2016-10-28,349,10406.324346428839,11654.968194779556
2016-10-31,344,10385.237377475642,11655.516560649265
2016-11-01,343,10325.618986928966,11571.068216714191
2016-11-02,336,10226.510313214889,11501.42575126124
2016-11-03,334,10178.028634148242,11448.782627769247
2016-11-04,341,10182.754115652871,11436.170212765957
2016-11-07,323,10348.386011393191,11688.41851283176
2016-11-08,323,10378.570666146585,11741.061636323755
2016-11-09,362,10562.268941924285,11865.496819477954
2016-11-10,364,10640.22610077749,11895.152445711776
2016-11-11,362,10668.855907148016,11867.734152226363
2016-11-14,351,10721.79609954607,11877.056372011406
2016-11-15,351,10776.752032812201,11969.730203992101
2016-11-16,356,10771.45079752139,11947.247203334064
2016-11-17,360,10797.617821280246,12008.66418074139
2016-11-18,360,10796.405892705427,11981.794253125683
2016-11-21,431,10905.926165739353,12072.27462162755
2016-11-22,435,10947.699789043449,12095.854354025007
2016-11-23,446,10970.627348112634,12102.434744461503
2016-11-25,381,11007.705933888112,12147.400745777584
2016-11-28,381,10952.765139674038,12090.370695327922
2016-11-29,375,10939.526375141277,12113.950427725378
2016-11-30,381,10980.029717493922,12084.887036630838
2016-12-01,378,10950.573702282223,12040.469401184468
2016-12-02,378,10981.329224726867,12046.501425751261
2016-12-05,374,11101.532516877853,12118.885720552753
2016-12-06,382,11183.963492974262,12157.271331432332
2016-12-07,376,11311.009906207217,12316.29743364773
2016-12-08,388,11381.737672716272,12346.457556481684
2016-12-09,390,11454.764122638182,12421.035314762008
2016-12-12,381,11396.358707926756,12406.777802149594
2016-12-13,368,11422.652111771438,12489.581048475542
2016-12-14,383,11333.765430635745,12386.488264970389
2016-12-15,290,11348.730811210064,12437.486290853258
2016-12-16,288,11404.69879557155,12340.42553191489
2016-12-19,291,11428.669478038,12367.295459530598
2016-12-20,294,11497.329060533399,12415.003290195216
2016-12-21,291,11460.113636632095,12380.456240403597
2016-12-22,286,11442.471823702674,12359.069971484972
2016-12-23,357,11470.05595728092,12377.166045185348
2016-12-27,366,11511.477237442532,12407.87453388901
2016-12-28,376,11389.114080002528,12305.330116253563
2016-12-29,375,11405.928391350997,12302.58828690502
2016-12-30,376,11363.830592527207,12257.622285588945
2017-01-03,364,11464.877548645172,12351.392849309059
2017-01-04,366,11576.45219082722,12424.873875849966
2017-01-05,377,11583.42485518389,12415.003290195216
2017-01-06,379,11633.12240976757,12459.420925641587
2017-01-09,342,11554.586618324212,12418.293485413467
2017-01-10,362,11578.608212186315,12418.293485413467
2017-01-11,363,11639.670218896543,12453.388901074795
2017-01-12,407,11583.220233935992,12422.132046501423
2017-01-13,412,11649.813381326127,12450.647071726255
2017-01-17,403,11597.36326355382,12406.777802149594
2017-01-18,588,11611.927475173536,12434.196095635007
2017-01-19,587,11543.108573094356,12388.133362579512
2017-01-20,588,11585.46579598297,12433.647729765298
2017-01-23,577,11560.151089155841,12401.294143452511
2017-01-24,577,11649.68460554616,12480.807194560208
2017-01-25,582,11745.831084288204,12588.835270892738
2017-01-26,641,11703.265803165674,12575.674490019741
2017-01-27,661,11679.72923570866,12555.933318710242
2017-01-30,649,11592.468848559394,12478.065365211667
2017-01-31,658,11626.602621841064,12476.968633472252
2017-02-01,659,11634.489648544,12481.903926299627
2017-02-02,679,11624.289913303146,12490.12941434525
2017-02-03,680,11704.438281691346,12576.22285588945
2017-02-06,644,11682.189983881488,12553.73985523141
2017-02-07,649,11673.031238541927,12554.288221101118
2017-02-08,655,11683.19839319896,12570.739197192366
2017-02-09,659,11758.71546019746,12645.31695547269
2017-02-10,687,11820.778128325297,12695.218249616142
2017-02-13,666,11878.730279788651,12764.312349199385
2017-02-14,668,11918.609442566056,12815.310375082254
2017-02-15,708,11965.575644228635,12882.211011186662
2017-02-16,713,11940.012400512362,12871.243693792498
2017-02-17,716,11948.23966552595,12891.533230971703
2017-02-21,642,12029.018884292831,12968.304452730861
2017-02-22,698,12013.516864998437,12956.788769466986
2017-02-23,695,12014.745585528717,12965.56262338232
2017-02-24,695,12026.305168263423,12982.013599473568
2017-02-27,691,12060.624659774097,13002.303136652776
2017-02-28,690,11981.341183851337,12967.207720991444
2017-03-01,690,12143.889355710848,13148.716823864881
2017-03-02,685,12065.3726702927,13065.913577538935
2017-03-03,704,12050.48653393126,13074.139065584555
2017-03-06,700,12001.552676798252,13035.205088835271
2017-03-07,700,11955.822519817895,12996.271112085982
2017-03-08,694,11923.629074109695,12972.14301381882
2017-03-09,712,11909.46510736407,12988.593989910069
2017-03-10,705,11962.550052269125,13034.108357095853
2017-03-13,660,11955.177062088793,13040.688747532351
2017-03-14,660,11909.290141067117,12990.7874533889
2017-03-15,666,12050.273174061193,13103.202456679095
2017-03-16,735,12033.370421650141,13077.429260802806
2017-03-17,746,12023.462052579385,12997.916209695108
2017-03-20,489,12010.878065354571,12983.658697082694
2017-03-21,563,11843.539505717477,12816.955472691378
2017-03-22,563,11845.158139144078,12847.115595525334
2017-03-23,640,11857.914225429755,12833.406448782627
2017-03-24,648,11853.42556503147,12824.084228997588
2017-03-27,586,11860.323811524368,12810.923448124588
2017-03-28,569,11922.126307574881,12904.145645974993
2017-03-29,576,11971.47194030045,12916.209695108575
2017-03-30,571,12014.380646492624,12957.337135336695
2017-03-31,572,12012.617643401,12927.177012502741
2017-04-03,529,11954.033031354902,12904.694011844702
2017-04-04,543,11922.599343407925,12912.919499890326
2017-04-05,545,11859.508041165414,12874.533889010747
2017-04-06,538,11919.717111054262,12910.726036411494
2017-04-07,550,11914.220903715608,12897.565255538495
2017-04-10,546,11944.082130774312,12905.24237771441
2017-04-11,536,11948.35833107361,12889.88813336258
2017-04-12,544,11880.664141900454,12833.406448782627
2017-04-13,559,11790.105441098383,12750.05483658697
2017-04-17,505,11885.606238227974,12863.018205746872
2017-04-18,526,11861.384603048762,12824.632594867297
2017-04-19,526,11846.30470403758,12801.05286246984
2017-04-20,466,11938.6226538582,12905.24237771441
2017-04-21,464,11903.848977725997,12864.11493748629
2017-04-24,458,12015.664401739687,13005.593331871023
2017-04-25,472,12084.335767308796,13081.267821890766
2017-04-26,473,12104.205203760528,13073.042333845142
2017-04-27,472,12098.297461675855,13084.009651239305
2017-04-28,553,12048.314685937941,13055.494626014477
2017-05-01,557,12018.46961896414,13088.396578196973
2017-05-02,540,12025.894971701246,13093.331871024347
2017-05-03,545,12003.867225856506,13077.429260802806
2017-05-04,543,11962.6846218377,13092.783505154637
2017-05-05,548,12047.555393633189,13144.329896907215
2017-05-08,526,12030.853176417122,13142.136433428383
2017-05-09,529,12034.565350187602,13130.0723842948
2017-05-10,542,12055.205419659304,13153.652116692256
2017-05-11,537,12006.125589054724,13126.782189076552
2017-05-12,543,11963.815205610797,13104.847554288219
2017-05-15,493,12036.526033264598,13177.231849089712
2017-05-16,486,12018.365108050615,13165.16779995613
2017-05-17,488,11818.933210038216,12931.563939460406
2017-05-18,413,11846.195382566642,12983.658697082694
2017-05-19,414,11924.285418845699,13068.107041017767
2017-05-22,332,11997.13687070567,13134.459311252467
2017-05-23,328,11984.971197784887,13163.522702347005
2017-05-24,327,11984.01933288375,13194.231191050669
2017-05-25,328,11987.836458520602,13257.293266067118
2017-05-26,339,11978.412905476212,13254.551436718579
2017-05-30,358,11928.23005420731,13243.035753454704
2017-05-31,390,11925.290762123897,13239.745558236453
2017-06-01,381,12002.547005709861,13345.031805220442
2017-06-02,390,12023.178826130796,13389.449440666813
2017-06-05,392,11989.13941495599,13379.578855012065
2017-06-06,381,11941.197404349065,13336.806317174818
2017-06-07,380,11915.47426635974,13361.482781311692
2017-06-08,406,11916.219551938879,13368.06317174819
2017-06-09,413,12001.197380913778,13347.773634568983
2017-06-12,380,12019.53042990406,13345.031805220442
2017-06-13,382,12086.133517031385,13410.287343715727
2017-06-14,547,12044.453968553365,13393.28800175477
2017-06-15,547,11991.772271668384,13367.514805878482
2017-06-16,551,11973.645599617199,13305.549462601448
2017-06-19,642,12030.356204657124,13416.319368282517
2017-06-20,654,11922.611278175182,13325.838999780653
2017-06-21,662,11881.676749393588,13322.548804562402
2017-06-22,667,11910.80854478987,13316.516779995613
2017-06-23,655,11972.072508895597,13332.419390217152
2017-06-26,658,12019.760652054572,13341.193244132483
2017-06-27,577,11948.621942921942,13233.713533669665
2017-06-28,576,12066.550161281397,13352.160561526649
2017-06-29,577,12001.212495498337,13234.81026540908
2017-06-30,579,12024.936467506397,13259.486729545953
2017-07-03,566,12097.635064481448,13281.969730203991
2017-07-05,561,12067.559436206044,13312.678218907655
2017-07-06,556,11924.690429159733,13190.94099583242
2017-07-07,556,12004.130645059357,13276.48607150691
2017-07-10,538,12001.100260874795,13290.743584119324
2017-07-11,549,12002.652808405754,13280.872998464574
2017-07-12,545,12087.185185906379,13380.675586751478
2017-07-13,546,12144.22076862834,13403.158587409518
2017-07-14,613,12193.95442903676,13465.672296556262
2017-07-17,615,12196.888377414136,13464.027198947137
2017-07-18,656,12176.441154851478,13471.155955253344
2017-07-19,662,12264.626844532782,13544.088615924544
2017-07-20,739,12262.357949990275,13550.120640491334
2017-07-21,740,12257.773721737676,13538.056591357752
2017-07-24,740,12236.398321170795,13534.766396139503
2017-07-25,734,12317.172514741467,13567.668348322
2017-07-26,707,12323.217602497307,13568.216714191707
2017-07-27,675,12332.986442544388,13555.604299188417
2017-07-28,690,12311.785555102719,13539.701688966876
2017-07-31,745,12311.770905398223,13532.024566790964
2017-08-01,737,12334.183445219312,13562.184689624917
2017-08-02,739,12295.83517704067,13568.765080061416
2017-08-03,739,12245.427345118227,13542.443518315418
2017-08-04,742,12289.87260601105,13567.119982452292
2017-08-07,721,12273.03630164898,13592.344812458872
2017-08-08,715,12242.295501820838,13558.894494406666
2017-08-09,705,12206.103902789273,13558.346128536958
2017-08-10,704,12006.071270026487,13366.966440008771
2017-08-11,716,12025.638753348863,13386.707611318272
2017-08-14,676,12126.980042967463,13519.41215178767
2017-08-15,674,12093.180116585332,13517.767054178546
2017-08-16,585,12167.047079823496,13541.346786576003
2017-08-17,588,11976.428505072688,13330.22592673832
2017-08-18,575,11954.75174346498,13309.388023689406
2017-08-21,563,11959.708700649642,13319.806975213862
2017-08-22,569,12077.813707132405,13459.091906119762
2017-08-23,567,12058.519317627157,13410.835709585434
2017-08-24,566,12044.739858612866,13379.578855012065
2017-08-25,572,12101.650136821236,13410.835709585434
2017-08-28,572,12080.578794907486,13411.384075455142
2017-08-29,571,12068.146086154045,13426.738319806975
2017-08-30,604,12117.853865791203,13490.348760693134
2017-08-31,604,12198.1576086411,13571.506909409958
2017-09-01,601,12249.409705979593,13590.699714849748
2017-09-05,595,12159.564206687923,13493.090590041675
2017-09-06,606,12195.836115718761,13539.15332309717
2017-09-07,611,12173.687241434582,13537.508225488044
2017-09-08,624,12149.205246412488,13521.605615266506
2017-09-11,617,12280.981145803431,13665.82583899978
2017-09-12,667,12346.227918232067,13711.888572055275
2017-09-13,664,12379.485125150552,13718.468962491772
2017-09-14,633,12370.063301352968,13714.082035534107
2017-09-15,633,12407.970769890726,13664.729107260362
2017-09-18,548,12445.21242768868,13693.792498354902
2017-09-19,547,12458.060139008741,13707.501645097609
2017-09-20,547,12494.34616094526,13712.436937924984
2017-09-21,555,12462.982886333666,13675.696424654529
2017-09-22,555,12492.605679253587,13678.43825400307
2017-09-25,555,12487.199152670728,13650.471594647948
2017-09-26,542,12504.06569502956,13658.697082693574
2017-09-27,483,12582.386231004597,13711.888572055275
2017-09-28,484,12576.758284930678,13728.339548146521
2017-09-29,484,12620.44706672212,13776.595744680848
2017-10-02,503,12682.974081378183,13836.367624479051
2017-10-03,506,12679.217637750422,13865.979381443298
2017-10-04,518,12692.40586462868,13882.430357534546
2017-10-05,519,12754.911009671157,13964.685237990787
2017-10-06,542,12732.24069371297,13948.782627769247
2017-10-09,554,12666.74090810543,13925.7512612415
2017-10-10,579,12692.408889760609,13962.491774511953
2017-10-11,431,12683.891194351963,13984.426409300286
2017-10-12,517,12647.440104365027,13963.58850625137
2017-10-13,518,12654.023214378696,13980.587848212324
2017-10-16,514,12649.50781004016,13999.232287782406
2017-10-17,522,12627.754345135727,14009.102873437156
2017-10-18,533,12650.018555123805,14022.812020179863
2017-10-19,524,12648.935157414939,14026.65058126782
2017-10-20,525,12701.713689831171,14099.034876069314
2017-10-23,521,12635.354815706502,14044.198289098485
2017-10-24,523,12643.147560398347,14068.87475323536
2017-10-25,522,12564.27423278219,13999.232287782406
2017-10-26,542,12572.249941534372,14017.328361482781
2017-10-27,546,12678.685569790296,14131.936828251808
2017-10-30,512,12582.99486984164,14079.293704759815
2017-10-31,516,12624.98759608591,14101.228339548145
2017-11-01,517,12646.896844270685,14119.872779118228
2017-11-02,510,12585.583222818681,14125.356437815308
2017-11-03,511,12598.705997974917,14172.51590261022
2017-11-06,561,12656.492685474168,14194.450537398552
2017-11-07,571,12620.826894978965,14184.579951743803
2017-11-08,531,12645.093411439306,14208.708050010968
2017-11-09,420,12592.841032697641,14157.16165825839
2017-11-10,436,12579.279307363116,14152.774731300722
2017-11-13,487,12554.279365360519,14165.935512173719
2017-11-14,486,12496.158549337573,14133.033559991227
2017-11-15,486,12451.845618887555,14062.294362798857
2017-11-16,490,12550.538742473891,14181.83812239526
2017-11-17,511,12545.974674257996,14140.162316297434
2017-11-20,497,12570.228107680628,14164.290414564597
2017-11-21,499,12629.126266773388,14256.964246545294
2017-11-22,508,12662.013851441776,14244.351831542004
2017-11-24,508,12682.575596485794,14277.253783724502
2017-11-27,510,12638.412465011019,14270.125027418295
2017-11-28,511,12751.1975394233,14414.893617021276
2017-11-29,490,12797.137766643793,14406.119763105942
2017-11-30,489,12875.60216345923,14532.243913138846
2017-12-01,489,12878.248183093669,14502.083790304889
2017-12-04,462,12898.836987546674,14484.536082474224
2017-12-05,451,12827.009475668563,14432.44132485194
2017-12-06,429,12783.003271835418,14435.183154200482
2017-12-07,406,12819.914659090398,14480.697521386268
2017-12-08,420,12901.59392534594,14559.662206624258
2017-12-11,330,12924.806094171758,14603.53147620092
2017-12-12,334,12933.876236185964,14629.304672077207
2017-12-13,339,12946.671904056506,14627.659574468084
2017-12-14,752,12875.245830923974,14567.887694669884
2017-12-15,752,12978.363062185756,14614.498793595085
2017-12-18,745,13061.320326059367,14707.172625575782
2017-12-19,747,13025.528966746468,14650.690940995832
2017-12-20,748,13024.5193278866,14643.013818819914
2017-12-21,750,13065.559428146687,14673.17394165387
2017-12-22,758,13071.647470075197,14669.335380565912
2017-12-26,767,13078.10591762947,14651.787672735249
2017-12-27,771,13084.13076243431,14658.916429041456
2017-12-28,771,13112.855251789482,14689.07655187541
2017-12-29,771,13070.113827982246,14633.691599034875
2018-01-02,765,13182.83402341059,14738.429480149154
2018-01-03,706,13250.100020297026,14831.651677999562
2018-01-04,692,13287.957658929903,14894.165387146302
2018-01-05,699,13367.397005561821,14993.419609563502
2018-01-08,723,13401.860589106667,15020.837903048914
2018-01-09,710,13403.419101965397,15054.836586970829
2018-01-10,649,13389.546265145456,15031.80522044308
2018-01-11,655,13513.83845042933,15141.478394384732
2018-01-12,686,13599.290860992334,15240.184250932223
2018-01-16,660,13525.370008761334,15188.089493309937
2018-01-17,657,13630.435266645934,15332.858082912919
2018-01-18,659,13606.764435807096,15307.084887036628
2018-01-19,665,13685.961070810368,15376.72735248958
2018-01-22,658,13784.314085394948,15501.754770783065
2018-01-23,668,13830.524697801628,15534.656722965563
2018-01-24,706,13807.006949905062,15528.624698398771
2018-01-25,710,13798.411992445604,15535.205088835271
2018-01-26,715,13918.62175248961,15715.069094099581
2018-01-29,704,13825.38153848181,15610.87957885501
2018-01-30,705,13669.020914980567,15450.756744900196
2018-01-31,711,13671.281395725438,15458.433867076112
2018-02-01,702,13631.810247110403,15440.886159245447
2018-02-02,704,13355.507519655614,15104.737881114279
2018-02-05,722,12871.77022627787,14473.020399210352
2018-02-06,724,13061.419524063747,14758.170651458651
2018-02-07,735,13009.075348648044,14678.109234481244
2018-02-08,734,12569.239180529124,14127.549901294144
2018-02-09,737,12714.724832798689,14339.767492871242
2018-02-12,326,12877.380175801325,14550.339986839215
2018-02-13,408,12915.423521366642,14586.532134239964
2018-02-14,403,13071.640498843653,14783.395481465232
2018-02-15,403,13232.508032836035,14972.033340644875
2018-02-16,426,13248.426572507402,14976.420267602543
2018-02-20,438,13162.841802701507,14882.64970388243
2018-02-21,397,13062.915010552773,14808.620311471814
2018-02-22,397,13046.840618870825,14827.8131169116
2018-02-23,394,13258.262632215185,15064.158806755866
2018-02-26,406,13335.438729940488,15239.087519192803
2018-02-27,407,13125.27933902381,15048.804562404035
2018-02-28,415,12955.441393048963,14896.358850625136
2018-03-01,487,12854.422855580488,14679.75433209037
2018-03-02,486,12932.414217222691,14755.42882211011
2018-03-05,484,13089.085826376388,14925.970607589383
2018-03-06,502,13122.25284270545,14963.807852599253
2018-03-07,490,13115.441836465689,14958.324193902168
2018-03-08,506,13161.840259050654,15030.708488703664
2018-03-09,528,13363.514033622972,15292.279008554506
2018-03-12,526,13406.223317703132,15273.086203114717
2018-03-13,775,13349.099576384388,15174.380346567232
2018-03-14,777,13265.221204767664,15096.512393068655
2018-03-15,783,13225.950580109671,15080.061416977405
2018-03-16,783,13294.143462802707,15036.192147400745
2018-03-19,781,13112.581672815513,14832.748409738977
2018-03-20,774,13126.770194800894,14857.973239745557
2018-03-21,774,13130.712712542052,14829.458214520728
2018-03-22,768,12839.35215144489,14458.762886597939
2018-03-23,770,12597.662845283141,14150.581267821892
2018-03-26,763,12864.840426295172,14537.727571835927
2018-03-27,760,12699.010237759396,14290.4145645975
2018-03-28,760,12681.420578842473,14248.19039262996
2018-03-29,776,12828.825747128803,14430.247861373107
2018-04-02,766,12573.465774882347,14118.776047378811
2018-04-03,769,12710.68210766342,14299.736784382538
2018-04-04,762,12828.997844327525,14452.730862031147
2018-04-05,755,12919.504824325904,14566.790962930465
2018-04-06,755,12672.701337995872,14242.158368063172
2018-04-09,744,12693.24141844298,14312.34919938583
2018-04-10,743,12875.577743935482,14539.921035314761
2018-04-11,741,12837.046146214281,14463.69817942531
2018-04-12,737,12891.44006413016,14582.693573152006
2018-04-13,747,12883.471817795915,14539.921035314761
2018-04-16,668,13005.837953630014,14659.464794911164
2018-04-17,764,13147.355381438669,14816.29743364773
2018-04-18,742,13198.278413086115,14827.264751041894
2018-04-19,741,13106.367449231884,14745.009870585653
2018-04-20,743,13009.050233264823,14619.982452292168
2018-04-23,833,12960.156775306159,14617.788988813334
2018-04-24,831,12824.341892260374,14420.925641588066
2018-04-25,818,12834.541933087274,14456.569423119103
2018-04-26,819,12983.371420588863,14603.53147620092
2018-04-27,820,12966.539839887582,14617.240622943627
2018-04-30,740,12871.990540774043,14504.825619653431
2018-05-01,745,12894.233828032911,14530.59881552972
2018-05-02,742,12804.035812370688,14432.989690721646
2018-05-03,735,12766.876028940904,14401.18447027857
2018-05-04,725,12926.574523606098,14587.628865979379
2018-05-07,685,12970.93382016111,14636.981794253126
2018-05-08,662,12932.506464885957,14636.981794253126
2018-05-09,658,13041.695158474844,14778.460188637859
2018-05-10,388,13129.957492636686,14916.648387804342
2018-05-11,397,13153.701606735593,14962.16275499013
2018-05-14,615,13184.14220009673,14969.291511296336
2018-05-15,622,13104.601400845126,14866.198727791183
2018-05-16,713,13166.37487234643,14928.712436937925
2018-05-17,776,13175.59223872266,14916.100021934633
2018-05-18,779,13160.935773054027,14878.81114279447
2018-05-21,773,13254.766661664617,14990.677780214959
2018-05-22,773,13222.773792199469,14949.00197411713
2018-05-23,731,13247.799169620728,14990.12941434525
2018-05-24,734,13215.32086215128,14959.420925641587
2018-05-25,735,13210.676734937617,14923.777144110549
2018-05-29,717,13070.963737997674,14752.13862689186
2018-05-30,716,13240.034518244684,14949.00197411713
2018-05-31,722,13156.806360832108,14857.424873875849
2018-06-01,720,13258.151452132191,15003.290195218251
2018-06-04,704,13309.681888840454,15074.577758280324
2018-06-05,705,13327.519144534419,15085.545075674489
2018-06-06,707,13449.752352210036,15211.66922570739
2018-06-07,709,13458.195471711138,15210.024128098268
2018-06-08,710,13492.454415894308,15254.990129414344
2018-06-11,707,13519.011602237355,15275.279666593551
2018-06-12,938,13543.120024055941,15295.020837903048
2018-06-13,950,13483.442223317927,15246.21627549901
2018-06-14,841,13534.62225690253,15284.601886378592
2018-06-15,843,13563.01202212033,15196.863347225266
2018-06-18,941,13549.11768303644,15165.606492651897
2018-06-19,946,13519.728693355997,15107.47971046282
2018-06-20,856,13551.184833985339,15133.25290633911
2018-06-21,857,13459.0537106805,15038.385610879579
2018-06-22,858,13526.135777641115,15065.803904364991
2018-06-25,855,13376.319725667736,14860.7150690941
2018-06-26,880,13399.522390887916,14893.617021276596
2018-06-27,882,13262.37764028993,14770.234700592235
2018-06-28,884,13307.682999926112,14854.683044527306
2018-06-29,884,13331.46060679212,14876.069313445927
2018-07-02,881,13349.976643179045,14907.87453388901
2018-07-03,879,13328.172363117252,14855.231410397015
2018-07-05,875,13449.237127275263,14976.420267602543
2018-07-06,877,13556.445936338552,15103.092783505153
2018-07-09,869,13659.88473009087,15239.087519192803
2018-07-10,875,13685.816230003124,15293.92410616363
2018-07-11,662,13565.707076758314,15182.057468743144
2018-07-12,703,13636.966770479054,15319.69730203992
2018-07-13,814,13635.34826357115,15331.7613511735
2018-07-16,661,13597.560058277983,15318.052204430795
2018-07-17,681,13639.992987339769,15380.017547707832
2018-07-18,681,13678.791021467523,15412.371134020617
2018-07-19,680,13679.52718447359,15354.244351831541
2018-07-20,680,13642.014393994863,15336.696644000876
2018-07-23,676,13632.982091745496,15365.211669225704
2018-07-24,675,13628.059133058217,15442.531256854572
2018-07-25,676,13723.907527219942,15574.139065584555
2018-07-26,678,13774.109695856185,15537.398552314102
2018-07-27,682,13677.752096275546,15432.112305330116
2018-07-30,756,13633.868702110462,15351.502522482999
2018-07-31,757,13713.188016117405,15427.17701250274
2018-08-01,763,13628.356391824866,15401.403816626453
2018-08-02,764,13686.886177824006,15485.303794691816
2018-08-03,781,13685.955117347563,15551.65606492652
2018-08-06,771,13738.186920791679,15608.686115376178
2018-08-07,779,13746.317284574667,15660.232507128756
2018-08-08,802,13718.134759604605,15653.652116692254
2018-08-09,567,13719.684392023259,15632.265847773631
2018-08-10,573,13648.506590222529,15527.527966659356
2018-08-13,548,13535.420146962357,15469.40118447028
2018-08-14,735,13593.167028354672,15568.107041017765
2018-08-15,744,13470.226383394996,15451.853476639611
2018-08-16,743,13592.124031973513,15576.880894933098
2018-08-17,753,13652.03642353232,15631.717481903926
2018-08-20,752,13684.567458988615,15665.16779995613
2018-08-21,754,13763.80234115011,15701.908313226582
2018-08-22,838,13754.209852934984,15692.586093441543
2018-08-23,813,13727.795006352759,15671.74819039263
2018-08-24,814,13809.155343247441,15766.06711998245
2018-08-27,806,13925.724616118898,15890.546172406226
2018-08-28,811,13922.896024785545,15898.223294582145
2018-08-29,809,13959.831848991189,15983.768370256636
2018-08-30,813,13870.294956752074,15919.06119763106
2018-08-31,814,13854.861960534543,15919.609563500768
2018-09-04,811,13794.691453207839,15892.191270015352
2018-09-05,813,13765.194021347337,15849.418732178106
2018-09-06,805,13686.318704400564,15801.71090151349
2018-09-07,810,13655.353607614195,15771.002412809827
2018-09-10,753,13681.949446665536,15798.42070629524
2018-09-11,665,13694.417784023863,15850.515463917525
2018-09-12,668,13714.715437604387,15854.354025005483
2018-09-13,650,13732.825772954895,15948.124588725595
2018-09-14,845,13768.566575503233,15950.866418074136
2018-09-17,843,13709.850419072418,15866.418074139063
2018-09-18,847,13765.20071178129,15952.511515683263
2018-09-19,847,13782.686860187023,15969.51085764422
2018-09-20,847,13886.023717785401,16098.925202895369
2018-09-21,851,13872.302821015846,16011.735029611755
2018-09-24,850,13757.382957444335,15958.543540250052
2018-09-25,847,13683.23563785749,15943.73766176793
2018-09-26,767,13646.587156993333,15896.029831103311
2018-09-27,821,13655.690193584674,15940.44746654968
2018-09-28,832,13654.746319375738,15942.092564158807
2018-10-01,828,13660.276556413086,15997.47751699934
2018-10-02,1001,13627.366461492951,15988.1552972143
2018-10-03,987,13672.79582043946,15996.929151129632
2018-10-04,1039,13534.355968932201,15871.901732836146
2018-10-05,1045,13416.61319479157,15783.066461943406
2018-10-08,1013,13429.285843850445,15783.066461943406
2018-10-09,1038,13350.18570842592,15760.035095415658
2018-10-10,1042,12961.987340470947,15261.022153981135
2018-10-11,873,12717.775969912153,14924.873875849966
2018-10-12,961,12810.805629107628,15132.156174599691
2018-10-15,851,12788.914185575246,15047.159464794908
2018-10-16,850,13061.534251011355,15376.17898661987
2018-10-17,850,13028.162233937277,15378.920815968413
2018-10-18,853,12823.260581993996,15156.832638736563
2018-10-19,854,12772.331618463077,15148.607150690941
2018-10-22,772,12697.660760419807,15080.609782847114
2018-10-23,771,12593.420410265211,15003.838561087956
2018-10-24,774,12144.189955466478,14549.243255099802
2018-10-25,769,12376.723275744978,14810.265409080936
2018-10-26,771,12169.85104289354,14549.79162096951
2018-10-29,769,12125.037589851043,14469.181838122397
2018-10-30,769,12321.528250007952,14683.592893178326
2018-10-31,775,12479.691223693782,14840.42553191489
2018-11-01,885,12708.492582444345,14998.354902390873
2018-11-02,886,12645.712699416903,14909.519631498133
2018-11-05,879,12703.422795936865,14991.774511954374
2018-11-06,879,12744.407295021667,15086.641807413906
2018-11-07,882,12950.732749393592,15409.629304672075
2018-11-08,871,12907.559667135005,15381.662645316954
2018-11-09,872,12751.783520499344,15231.410397016889
2018-11-12,901,12518.316475127862,14946.808510638297
2018-11-13,1030,12524.965886996542,14918.841851283176
2018-11-14,1037,12442.392771551307,14816.845799517438
2018-11-15,1037,12564.310605744511,14971.484974775169
2018-11-16,1050,12557.343834638135,15010.418951524458
2018-11-19,1142,12369.787173015053,14756.52555384953
2018-11-20,1150,12147.508478134183,14483.43935073481
2018-11-21,1158,12267.641102714004,14532.792279008552
2018-11-23,1158,12202.748272595503,14435.73152007019
2018-11-26,1100,12404.286433476684,14668.787014696205
2018-11-27,1090,12381.27889144568,14718.139942969949
2018-11-28,1086,12665.363368736604,15057.030050449657
2018-11-29,1089,12613.81158884847,15024.128098267165
2018-11-30,917,12673.448750452499,15115.705198508442
2018-12-03,847,12817.715871911227,15315.858740951962
2018-12-04,841,12330.3059800402,14819.587628865978
2018-12-06,820,12260.224233193238,14797.104628207937
2018-12-07,824,12010.96230649149,14453.279227900855
2018-12-10,841,11951.417514371267,14480.697521386268
2018-12-11,760,11907.237598987784,14483.987716604515
2018-12-12,932,12001.439637923806,14556.920377275717
2018-12-13,934,11899.567926943051,14551.985084448343
2018-12-14,930,11695.79799365576,14283.285808291294
2018-12-17,941,11469.170706610163,14003.070848870368
2018-12-18,950,11416.308132500164,13987.716604518535
2018-12-19,950,11225.601328181936,13778.240842289975
2018-12-20,951,11059.439015670552,13553.959201579291
2018-12-21,953,10832.246988376282,13199.166483878042
2018-12-24,949,10588.95453811056,12850.405790743584
2018-12-26,1005,11108.793929672185,13499.670980478173
2018-12-27,1004,11168.458510623877,13603.312129853035
2018-12-28,1004,11161.651118837943,13585.764422022372
2018-12-31,889,11266.195310683344,13704.759815749067
2019-01-02,892,11349.698649831766,13719.017328361482
2019-01-03,895,11131.097095882877,13391.642904145647
2019-01-04,896,11542.174338324547,13840.206185567007
2019-01-07,884,11676.879321287686,13949.330993638956
2019-01-08,892,11796.168300798148,14080.39043649923
2019-01-09,864,11873.030390773758,14146.194340864224
2019-01-10,549,11921.474049568513,14196.095635007676
2019-01-11,608,11921.317038052628,14201.57929370476
2019-01-14,610,11847.12477895918,14114.93748629085
2019-01-15,808,11931.810956514624,14276.705417854793
2019-01-16,724,12013.647035444452,14311.252467646415
2019-01-17,715,12119.627492781334,14419.82890984865
2019-01-18,718,12299.799882976167,14611.756964246542
2019-01-22,709,12094.163772349626,14414.345251151568
2019-01-23,712,12094.377418790771,14444.505373985523
2019-01-24,712,12192.717488522647,14452.182496161438
2019-01-25,743,12356.728820583052,14574.46808510638
2019-01-28,743,12290.588668091337,14463.69817942531
2019-01-29,733,12273.360253460876,14444.505373985523
2019-01-30,739,12424.830212218849,14673.17394165387
2019-01-31,744,12509.016259375949,14802.039921035315
2019-02-01,752,12530.048727955987,14809.168677341522
2019-02-04,765,12635.772041942862,14913.35819258609
2019-02-05,762,12709.280799810685,14975.871901732835
2019-02-06,739,12684.710283887733,14956.130730423338
2019-02-07,750,12554.775369588735,14813.555604299187
2019-02-08,750,12557.558598729183,14831.651677999562
2019-02-11,577,12606.174093624384,14839.877166045186
2019-02-12,577,12780.380318053021,15030.708488703664
2019-02-13,561,12857.550068686156,15079.513051107699
2019-02-14,745,12854.324464360981,15046.062733055494
2019-02-15,749,13022.995314310467,15210.024128098268
2019-02-19,747,13077.2380052975,15236.345689844264
2019-02-20,820,13126.404218569043,15267.054178547927
2019-02-21,807,13043.782502277543,15212.765957446807
2019-02-22,757,13096.380766505183,15307.084887036628
2019-02-25,766,13105.386393204377,15327.922790085542
2019-02-26,769,13060.632857281906,15316.955472691378
2019-02-27,885,13042.592548367811,15310.375082254879
2019-02-28,886,12963.784490324295,15281.86005703005
2019-03-01,881,13063.020143015508,15377.27571835929
2019-03-04,877,12987.075569861992,15321.342399649042
2019-03-05,876,12939.153229974865,15300.50449660013
2019-03-06,883,12783.617462228889,15207.830664619432
2019-03-07,875,12670.039771285481,15080.609782847114
2019-03-08,919,12616.62770091041,15050.449660013159
2019-03-11,911,12805.612178524438,15268.699276157051
2019-03-12,933,12842.171166832934,15326.27769247642
2019-03-13,921,12927.325440853758,15427.725378372448
2019-03-14,746,12916.783763606281,15417.854792717702
2019-03-15,746,12951.817288364806,15426.080280763323
2019-03-18,746,13045.143959040732,15482.013599473568
2019-03-19,742,13015.079676897527,15485.852160561524
2019-03-20,747,12959.84679443053,15439.241061636323
2019-03-21,747,13110.855923091858,15613.621408203553
2019-03-22,744,12753.081229238425,15313.116911603422
2019-03-25,758,12742.036208277528,15301.601228339547
2019-03-26,730,12867.496613451014,15415.661329238868
2019-03-27,733,12822.379471438047,15335.051546391749
2019-03-28,807,12900.7717361048,15393.178328580827
2019-03-29,812,12971.480698178892,15490.239087519192
2019-04-01,804,13154.032650160001,15673.941653871461
2019-04-02,811,13112.380293208615,15681.618776047379
2019-04-03,798,13140.110391608974,15706.295240184252
2019-04-04,803,13221.541130307107,15747.971046282079
2019-04-05,799,13340.175025903418,15824.193902171528
2019-04-08,802,13357.066271629725,15836.25795130511
2019-04-09,813,13224.24370635587,15755.099802588285
2019-04-10,848,13325.042360587277,15808.839657819697
2019-04-11,872,13329.675655991363,15804.452730862029
2019-04-12,871,13455.21610902798,15911.384075455144
2019-04-15,832,13406.195315171659,15900.965123930686
2019-04-16,832,13431.936740444215,15911.384075455144
2019-04-17,838,13377.571457070528,15872.450098705855
2019-04-18,880,13397.713348945616,15903.706953279227
2019-04-22,830,13354.698260719842,15917.416100021932
2019-04-23,834,13520.449609424139,16060.539592015792
2019-04-24,825,13533.492317187987,16024.895810484755
2019-04-25,845,13433.113720856425,16015.025224830006
2019-04-26,843,13527.892226508875,16089.602983110331
2019-04-29,730,13560.720759155414,16114.82781311691
2019-04-30,740,13565.802910032697,16123.053301162534
2019-05-01,739,13424.128676455215,16001.864443957007
2019-05-02,815,13415.66178684051,15967.317394165386
2019-05-03,816,13576.155815127766,16123.60166703224
2019-05-06,802,13535.123794783107,16057.249396797542
2019-05-07,757,13295.726254500447,15789.098486510198
2019-05-08,752,13255.070441651525,15767.163851721865
2019-05-09,677,13224.215336251717,15719.456021057249
2019-05-10,713,13269.008205331746,15798.42070629524
2019-05-13,698,12922.446765292469,15401.403816626453
2019-05-14,868,13052.834669532458,15540.688747532351
2019-05-15,859,13100.504004698856,15631.717481903926
2019-05-16,871,13182.367791545314,15776.486071506908
2019-05-17,949,13080.496975610582,15674.49001974117
2019-05-20,947,12990.769737438732,15570.848870366308
2019-05-21,956,13135.083121210433,15711.230533011625
2019-05-22,961,13038.867199180173,15662.974336477295
2019-05-23,966,12844.653658479458,15471.59464794911
2019-05-24,967,12899.39098682157,15506.690063610438
2019-05-28,883,12772.08218471574,15362.469839877163
2019-05-29,881,12676.611006382645,15259.37705637201
2019-05-30,868,12670.313282892708,15301.052862469836
2019-05-31,868,12512.768063500482,15094.86729545953
2019-06-03,856,12518.230511838005,15056.48168457995
2019-06-04,850,12835.454864892206,15383.307742926077
2019-06-05,819,12862.249686016181,15516.560649265188
2019-06-06,836,12893.926581999602,15617.459969291513
2019-06-07,832,13013.124438858136,15773.744242158366
2019-06-10,763,13095.994802364523,15846.12853695986
2019-06-11,762,13105.592352362499,15842.2899758719
2019-06-12,606,13105.729442279147,15814.323316516779
2019-06-13,708,13202.565983857145,15879.578855012061
2019-06-14,711,13142.717674484697,15862.031147181397
2019-06-17,663,13142.603685253065,15868.06317174819
2019-06-18,669,13281.590848003845,16034.218030269794
2019-06-19,672,13352.476275154188,16070.41017767054
2019-06-20,701,13449.88291399189,16223.952621188857
2019-06-21,698,13392.813012094728,16121.956569423117
2019-06-24,682,13299.889546553952,16102.21539811362
2019-06-25,686,13203.227564273939,15944.286027637638
2019-06-26,683,13216.423430061846,15928.3834174161
2019-06-27,676,13310.381868960443,15984.86510199605
2019-06-28,677,13386.179910735586,16067.119982452292
2019-07-01,661,13472.719453869464,16212.98530379469
2019-07-02,662,13454.750113925316,16255.209475762227
2019-07-03,666,13550.201180707007,16385.172186883086
2019-07-05,670,13548.648799395614,16366.527747313005
2019-07-08,672,13465.548650305172,16276.595744680848
2019-07-09,639,13468.110639353694,16296.885281860057
2019-07-10,616,13514.478404511443,16374.75323535863
2019-07-11,447,13530.09843918722,16413.13884623821
2019-07-12,447,13646.02239555317,16486.619872779116
2019-07-15,659,13636.147516019093,16492.103531476198
2019-07-16,589,13622.615709859027,16435.07348102654
2019-07-17,586,13509.365973848382,16327.045404694012
2019-07-18,586,13527.889654639566,16386.817284492212
2019-07-19,581,13474.856577434284,16295.78855012064
2019-07-22,585,13473.493833015773,16335.819258609341
2019-07-23,586,13593.020100289568,16452.621188857203
2019-07-24,587,13710.101961583667,16529.94077648607
2019-07-25,587,13602.635299938052,16450.976091248078
2019-07-26,615,13674.423899316707,16561.19763105944
2019-07-29,613,13625.906134003268,16531.037508225487
2019-07-30,618,13623.945371635495,16490.458433867076
2019-07-31,621,13500.323840797719,16310.046062733054
2019-08-01,620,13297.152448741785,16168.019302478611
2019-08-02,621,13161.996328416106,16046.282079403378
2019-08-05,591,12777.639201695245,15563.7201140601
2019-08-06,591,12929.662181619131,15781.969730203991
2019-08-07,608,12977.687564502343,15791.291949989032
2019-08-08,665,13203.045035935906,16101.118666374203
2019-08-09,668,13068.219261902152,15991.44549243255
2019-08-12,568,12885.944580368865,15796.775608686114
2019-08-13,566,13026.506203776635,16042.443518315418
2019-08-14,548,12638.222349575039,15568.107041017765
2019-08-15,554,12626.993830920774,15609.234481245883
2019-08-16,547,12828.274389526996,15839.54814652336
2019-08-19,517,12980.474361636563,16030.379469181837
2019-08-20,518,12888.336986548142,15907.545514367182
2019-08-21,526,12988.749777478502,16036.959859618337
2019-08-22,574,12991.890520834659,16032.024566790964
2019-08-23,592,12636.035864152545,15620.201798640051
2019-08-26,590,12748.528599073923,15792.937047598156
2019-08-27,590,12646.374513760364,15730.971704321122
2019-08-28,529,12769.584556373607,15841.741610002191
2019-08-29,529,12965.729893721315,16044.088615924544
2019-08-30,527,12974.762440509649,16036.959859618337
2019-09-03,524,12839.989591725758,15943.189295898224
2019-09-04,533,12967.091137112635,16124.15003290195
2019-09-05,550,13155.310982178795,16331.432331651677
2019-09-06,554,13145.952131114524,16344.044746654967
2019-09-09,560,13235.998231980786,16352.27023470059
2019-09-10,561,13323.471736258247,16348.431673612633
2019-09-11,336,13535.427368107721,16464.685237990787
2019-09-12,330,13584.138195828864,16521.71528844045
2019-09-13,518,13614.364311090985,16510.74797104628
2019-09-16,520,13664.549021905292,16459.749945163414
2019-09-17,522,13641.835971446737,16501.425751261242
2019-09-18,543,13599.716022194925,16511.29633691599
2019-09-19,544,13585.009880756488,16510.19960517657
2019-09-20,545,13549.510740493854,16356.657161658255
2019-09-23,544,13544.713421518034,16352.818600570297
2019-09-24,525,13373.12639957822,16224.500987058565
2019-09-25,525,13442.791833472736,16320.465014257512
2019-09-26,522,13365.703745804829,16286.4663303356
2019-09-27,522,13330.552457481377,16198.727791182275
2019-09-30,524,13386.94823388429,16273.853915332307
2019-10-01,526,13139.867623042523,16080.28076332529
2019-10-02,560,12919.978323842755,15796.227242816405
2019-10-03,563,12983.28973893677,15925.641588067558
2019-10-04,568,13104.743939217477,16141.14937486291
2019-10-07,494,13047.210793751145,16071.506909409956
2019-10-08,492,12817.464231093905,15822.000438692694
2019-10-09,499,12887.68690050438,15972.252686992759
2019-10-10,502,12975.955509002819,16080.28076332529
2019-10-11,507,13190.462820597206,16246.983987716601
2019-10-14,490,13145.7502231642,16228.88791401623
2019-10-15,512,13295.927447255446,16389.55911384075
2019-10-16,510,13274.267716446306,16363.237552094755
2019-10-17,561,13343.352383403972,16411.493748629084
2019-10-18,668,13312.403782121193,16339.657819697302
2019-10-21,603,13395.902366916875,16450.427725378373
2019-10-22,585,13465.542462078345,16396.68787014696
2019-10-23,636,13521.35426687819,16444.39570081158
2019-10-24,635,13521.350221682567,16471.265628427285
2019-10-25,635,13609.334932015765,16538.714630401402
2019-10-28,637,13695.476423855504,16631.93682825181
2019-10-29,637,13698.329498610326,16627.00153542443
2019-10-30,618,13683.924289048891,16677.9995613073
2019-10-31,616,13604.063246480471,16633.581925860934
2019-11-01,616,13834.099529779945,16787.672735248954
2019-11-04,589,14011.122518059785,16855.121737223075
2019-11-05,592,14017.136334892832,16836.477297652993
2019-11-06,586,13954.764205309102,16840.315858740953
2019-11-07,601,14036.017155734631,16899.539372669442
2019-11-08,607,14071.38158662671,16941.215178767274
2019-11-11,604,14025.398059225736,16908.861592454487
2019-11-12,437,14032.576734391496,16944.50537398552
2019-11-13,434,13966.425432212282,16949.989032682606
2019-11-14,551,13965.23869154294,16974.665496819478
2019-11-15,557,14109.186889472594,17097.499451634132
2019-11-18,569,14081.8409773001,17110.111866637417
2019-11-19,583,14058.464559488215,17105.176573810048
2019-11-20,583,14032.107626362826,17041.566132923883
2019-11-21,583,14035.938651144837,17014.147839438472
2019-11-22,581,14079.891549750171,17051.98508444834
2019-11-25,581,14263.212934558405,17184.141259048036
2019-11-26,587,14240.219663171041,17223.07523579732
2019-11-27,586,14308.660267087114,17299.84645755648
2019-11-29,585,14230.393663457884,17235.687650800613
2019-12-02,569,14132.640587689693,17089.273963588505
2019-12-03,567,14013.89317386424,16974.665496819478
2019-12-04,567,14113.683799121573,17079.403377933755
2019-12-05,575,14119.551389833932,17110.111866637417
2019-12-06,574,14283.076337011613,17266.396139504275
2019-12-09,585,14251.303319801827,17212.107918403155
2019-12-10,582,14246.890245256456,17192.91511296337
2019-12-11,596,14292.078068455674,17241.719675367403
2019-12-12,575,14458.624220003969,17390.326826058343
2019-12-13,625,14403.89158548631,17400.7457775828
2019-12-16,577,14498.254985072388,17520.289537179204
2019-12-17,587,14539.217544677811,17524.128098267163
2019-12-18,592,14589.058328830653,17525.224830006577
2019-12-19,593,14666.193335434715,17597.06075893836
2019-12-20,594,14731.185171064602,17587.738539153324
2019-12-23,544,14785.710501387575,17614.608466769027
2019-12-24,582,14782.275459616825,17615.156832638735
2019-12-26,581,14845.070716049204,17708.92739635885
2019-12-27,581,14819.707865802455,17704.540469401185
2019-12-30,581,14733.815645131239,17606.93134459311
2019-12-31,581,14778.224472691612,17649.703882430356
2020-01-02,581,14856.654930834628,17814.762009212547
2020-01-03,584,14783.593358850525,17679.864005264313
2020-01-06,590,14842.480046190603,17747.313007238427
2020-01-07,589,14869.849924439506,17697.411713094978
2020-01-08,602,14915.999854179925,17791.730642684797
2020-01-09,582,14963.793319316797,17912.371134020614
2020-01-10,584,14892.57810004975,17860.824742268036
2020-01-13,522,15022.13101801134,17983.65869708269
2020-01-14,560,15041.080712262776,17956.24040359728
2020-01-15,495,15055.533631674274,17996.81947795569
2020-01-16,480,15220.263072081805,18146.523360386047
2020-01-17,481,15260.827284326127,18203.005044965998
2020-01-21,505,15166.73871601526,18167.361263434963
2020-01-22,505,15169.564076695611,18169.554726913793
2020-01-23,497,15168.072834963263,18190.39262996271
2020-01-24,497,14994.213000248477,18028.62469839877
2020-01-27,499,14762.16031728889,17739.63588506251
2020-01-28,478,14922.601216412635,17925.531914893614
2020-01-29,478,14899.100728561603,17910.72603641149
2020-01-30,478,14914.168045398095,17968.852818600568
2020-01-31,523,14633.034070874935,17642.57512612415
2020-02-03,511,14761.92895393879,17773.634568984424
2020-02-04,515,15011.591251033953,18044.527308620312
2020-02-05,507,15177.73612774084,18252.906339109453
2020-02-06,506,15158.951201026992,18314.32331651678
2020-02-07,510,14983.936433734965,18216.714191708706
2020-02-10,495,15077.321319707164,18352.708927396357
2020-02-11,475,15172.469676409932,18384.514147839436
2020-02-12,668,15313.859241181895,18502.961175696422
2020-02-13,670,15274.05426194176,18483.220004386927
2020-02-14,569,15299.897402868019,18512.831761351175
2020-02-18,549,15230.34444653806,18465.123930686554
2020-02-19,566,15305.44196965614,18553.410835709583
2020-02-20,556,15318.616797976843,18477.187979820133
2020-02-21,613,15175.258705292128,18286.905023031366
2020-02-24,608,14665.023625321503,17680.41237113402
2020-02-25,695,14171.57058991429,17144.658916429038
2020-02-26,701,14025.469226904874,17081.59684141259
2020-02-27,709,13460.510689194578,16314.432989690718
2020-02-28,709,13365.230716607748,16245.887255977188
2020-03-02,707,13805.156368148628,16949.440666812894
2020-03-03,707,13433.369099371337,16464.13687212108
2020-03-04,676,13820.73168965387,17156.174599692917
2020-03-05,709,13293.758979628268,16585.874095196312
2020-03-06,716,12993.670626672514,16311.69116034218
2020-03-09,703,11698.024519607516,15037.83724500987
2020-03-10,702,12212.543504530526,15815.968414125906
2020-03-11,867,11458.122235045577,15044.966001316077
2020-03-12,879,10165.000095969765,13605.50559333187
2020-03-13,881,11055.327085100655,14768.58960298311
2020-03-16,902,9641.749626867952,13152.55538495284
2020-03-17,902,10074.851472834695,13862.689186225049
2020-03-18,889,9223.120480136671,13160.780872998463
2020-03-19,899,9562.683125562866,13188.747532353584
2020-03-20,900,9302.267916969562,12546.611098925203
2020-03-23,900,9078.113175755141,12225.817065145862
2020-03-24,902,10087.598871893895,13333.516121956567
2020-03-25,906,10345.733888212426,13533.121298530377
2020-03-26,911,10919.488464828524,14323.316516779994
2020-03-27,910,10479.597570339794,13896.68787014696
2020-03-30,910,10677.486884818883,14347.992980916866
2020-03-31,883,10583.4688394706,14134.130291730642
2020-04-01,890,9986.526372376878,13498.02588286905
2020-04-02,905,10150.913851152636,13809.497696863347
2020-04-03,926,9961.362038574114,13609.892520289537
2020-04-06,906,10737.923577469908,14524.018425093222
2020-04-07,966,10859.96876992015,14538.824303575344
2020-04-08,966,11322.21188841372,15026.869927615702
2020-04-09,954,11626.24933165827,15255.53849528405
2020-04-13,754,11424.787916038817,15116.253564378152
2020-04-14,848,11683.635080541706,15562.075016450975
2020-04-15,848,11420.973913444543,15231.410397016889
2020-04-16,847,11383.82678919197,15304.891423557798
2020-04-17,856,11845.811406461737,15718.359289317832
2020-04-20,978,11643.088824520742,15441.434525115154
2020-04-21,923,11313.271855077686,14972.581706514587
2020-04-22,987,11552.479859505871,15304.891423557798
2020-04-23,986,11602.099743316801,15303.79469181838
2020-04-24,901,11753.511760549287,15517.109015134898
2020-04-27,900,12094.545924334596,15740.842289975872
2020-04-28,900,12213.700359816177,15668.45799517438
2020-04-29,1054,12677.553972936757,16078.635665716163
2020-04-30,1061,12409.464232388587,15928.931783285809
2020-05-01,1065,11968.291702643777,15507.23842948015
2020-05-04,1027,11996.95279714856,15550.010967317394
2020-05-05,1102,12052.792497549337,15693.682825180958
2020-05-06,1157,11925.435054102023,15587.299846457556
2020-05-07,1191,12136.784303023636,15775.389339767491
2020-05-08,1380,12481.229486704522,16036.411493748628
2020-05-11,1188,12343.012579209051,16039.701688966876
2020-05-12,1199,12002.904646974835,15720.004386926958
2020-05-13,1173,11653.683619281348,15441.982890984864
2020-05-14,1172,11828.703738384316,15626.782189076552
2020-05-15,1365,11880.061762304416,15698.618118008331
2020-05-18,1339,12562.451999182878,16176.793156393946
2020-05-19,1375,12382.458826179149,16010.638297872341
2020-05-20,1435,12657.69119422078,16282.627769247641
2020-05-21,1435,12611.21435638198,16170.212765957445
2020-05-22,1441,12612.521359781618,16200.921254661109
2020-05-26,1422,13038.128766159634,16400.526431234917
2020-05-27,1426,13384.084344159171,16644.549243255096
2020-05-28,1421,13216.510425421091,16613.84075455144
2020-05-29,1408,13175.533844476688,16687.87014696205
2020-06-01,1389,13343.089535812438,16755.31914893617
2020-06-02,1376,13504.96218781164,16894.05571397236
2020-06-03,1399,13894.53573001585,17118.885720552753
2020-06-04,1392,13995.55815899418,17073.919719236674
2020-06-05,1406,14484.451475380849,17511.51568326387
2020-06-08,1333,14813.211791717902,17723.184908971263
2020-06-09,1337,14498.474596744369,17591.02873437157
2020-06-10,1276,14169.404067114594,17492.87124369379
2020-06-11,1279,13152.532093988102,16484.426409300286
2020-06-12,1270,13476.936908890199,16681.83812239526
2020-06-15,1256,13631.252105993528,16837.57402939241
2020-06-16,1246,13911.36927395883,17161.658258389994
2020-06-17,1199,13733.743222605532,17090.37069532792
2020-06-18,1215,13720.644267883146,17096.95108576442
2020-06-19,1426,13586.12158719904,16924.764202676022
2020-06-22,1361,13630.734477065078,17033.340644878263
2020-06-23,1361,13682.911014814319,17111.756964246546
2020-06-24,1348,13194.736531629449,16675.25773195876
2020-06-25,1348,13356.424730523313,16854.025005483658
2020-06-26,1348,13015.237465264154,16453.71792059662
2020-06-29,1191,13308.50609957884,16695.547269137965
2020-06-30,1199,13471.373947045187,16909.40995832419
2020-07-01,1199,13429.226694257384,17027.856986181177
2020-07-02,1136,13487.891867059263,17121.627549901295
2020-07-06,1036,13642.928574172003,17385.93989910068
2020-07-07,895,13398.684141834088,17206.624259706074
2020-07-08,846,13486.930636805077,17338.23206843606
2020-07-09,840,13273.209233068426,17239.52621188857
2020-07-10,853,13490.385108647248,17415.551656064927
2020-07-13,862,13377.963035188523,17264.75104189515
2020-07-14,702,13565.8284334414,17488.484316736125
2020-07-15,700,13933.930629401359,17649.155516560648
2020-07-16,664,13875.04232363303,17591.02873437157
2020-07-17,665,13875.10122471163,17642.02676025444
2020-07-20,605,13889.012528437828,17784.60188637859
2020-07-21,655,14081.368376080245,17822.439131388463
2020-07-22,667,14153.260084454934,17923.886817284492
2020-07-23,668,14059.231218355635,17710.024128098266
2020-07-24,690,13938.160059171245,17595.964027198945
2020-07-27,692,13994.161141981822,17724.28164071068
2020-07-28,698,13891.22775842649,17611.866637420484
2020-07-29,694,14127.85894228456,17828.471155955252
2020-07-30,687,13992.100744375728,17764.86071506909
2020-07-31,729,13960.289299512893,17905.242377714407
2020-08-03,720,14022.647790883202,18029.721430138186
2020-08-04,727,14165.012927904289,18099.363895591137
2020-08-05,731,14339.99296687188,18211.778898881334
2020-08-06,752,14394.176538493466,18333.516121956567
2020-08-07,756,14447.36894772051,18346.676902829568
2020-08-10,742,14610.155946671808,18401.513489800393
2020-08-11,737,14553.847717003802,18249.616143891202
2020-08-12,752,14685.88922191833,18504.05790743584
2020-08-13,749,14617.197264678585,18470.607589383635
2020-08-14,778,14622.57770366417,18471.155955253344
2020-08-17,665,14581.514339179663,18529.831103312128
2020-08-18,491,14499.089065141157,18569.86181180083
2020-08-19,575,14446.533431101276,18492.542224171964
2020-08-20,599,14389.093774749686,18550.120640491332
2020-08-21,622,14334.93340823925,18615.924544856327
2020-08-24,637,14545.66232472659,18804.562404035973
2020-08-25,637,14544.06223964309,18870.366308400964
2020-08-26,640,14532.487167147217,19059.552533450318
2020-08-27,643,14613.564660073866,19101.228339548143
2020-08-28,643,14769.068030312937,19224.610660232505
2020-08-31,631,14615.27611613394,19154.968194779554
2020-09-01,665,14660.0525086884,19335.38056591358
2020-09-02,618,14800.7219094391,19615.047159464793
2020-09-03,619,14455.65996208772,18940.008773853915
2020-09-04,622,14382.571619526498,18785.369598596182
2020-09-08,577,14050.503208979739,18272.09914454924
2020-09-09,580,14228.638985819482,18632.923886817287
2020-09-10,566,14003.756140306403,18309.388023689404
2020-09-11,565,14009.852007269732,18318.710243474445
2020-09-14,567,14245.927181825537,18559.99122614608
2020-09-15,578,14222.725804471222,18653.7617898662
2020-09-16,605,14334.436538482456,18579.73239745558
2020-09-17,599,14235.448592470142,18416.319368282515
2020-09-18,591,14110.0212519149,18131.717481903925
2020-09-21,581,13860.375262106169,17929.918841851282
2020-09-22,581,13916.227693302877,18112.524676464138
2020-09-23,585,13549.00173390821,17692.4764202676
2020-09-24,607,13577.205618862308,17739.63588506251
2020-09-25,607,13736.514188042021,18026.43123491994
2020-09-28,619,13999.494465741513,18325.83899978065
2020-09-29,577,13978.051075734968,18226.036411493747
2020-09-30,563,14018.043779493013,18364.224610660232
2020-10-01,546,14115.799441668514,18482.12327264751
2020-10-02,557,14122.769987182324,18306.64619434086
2020-10-05,534,14419.058979063166,18631.278789208158
2020-10-06,527,14275.739230645118,18366.418074139063
2020-10-07,533,14515.13787890951,18686.115376178983
2020-10-08,533,14754.361092194462,18851.721868830882
2020-10-09,546,14799.91703726755,19020.07019083132
2020-10-12,529,14938.04878191712,19326.058346128535
2020-10-13,548,14835.547262800026,19199.934196095634
2020-10-14,552,14782.244896066619,19079.293704759813
2020-10-15,570,14795.27142333725,19055.71397236236
2020-10-16,557,14746.112215255585,19044.198289098487
2020-10-19,455,14568.70245280975,18754.66110989252
2020-10-20,452,14631.104609544387,18829.787234042553
2020-10-21,437,14560.746222381236,18794.143452511515
2020-10-22,438,14696.679637380019,18897.23623601667
2020-10-23,489,14754.511312061944,18961.395042772536
2020-10-26,484,14450.284314105604,18610.98925202895
2020-10-27,494,14324.958604052723,18546.830445273084
2020-10-28,494,13864.503381671453,17912.919499890326
2020-10-29,494,13993.316009907925,18094.976968633473
2020-10-30,461,13814.63833261834,17906.339109453827
2020-11-02,481,13979.245708507686,18107.041017767053
2020-11-03,489,14227.058744465341,18426.738319806973
2020-11-04,476,14381.263379292906,18838.561087957885
2020-11-05,470,14687.695115031027,19205.966220662423
2020-11-06,470,14597.2799832921,19201.57929370476
2020-11-09,511,15118.691287514719,19442.860276376396
2020-11-10,527,15160.683371670872,19414.345251151568
2020-11-11,526,15218.075324876536,19558.565474884843
2020-11-12,514,15027.98323085528,19368.83088396578
2020-11-13,519,15294.257749178883,19636.981794253126
2020-11-16,481,15594.596601018726,19882.101338012722
2020-11-17,470,15656.634773174876,19775.169993419608
2020-11-18,473,15524.119153747612,19537.17920596622
2020-11-19,491,15673.343877251229,19619.434086422458
2020-11-20,491,15607.43760544834,19485.084448343932
2020-11-23,442,15856.860502852674,19601.886378591793
2020-11-24,454,16143.572046026171,19917.74511954376
2020-11-25,450,16099.50848048282,19887.036630840095
2020-11-27,455,16155.101004841152,19942.421583680632
2020-11-30,450,15975.098029296598,19854.1346786576
2020-12-01,439,16098.549169437074,20071.287563062073
2020-12-02,467,16204.89041735541,20113.511735029613
2020-12-03,503,16302.011304168853,20108.028076332528
2020-12-04,583,16579.21603297017,20281.311691160343
2020-12-07,597,16549.428423216523,20239.63588506251
2020-12-08,585,16680.234289305834,20298.859398991004
2020-12-09,589,16529.59597541564,20116.80193024786
2020-12-10,572,16691.202374496155,20110.221539811362
2020-12-11,597,16591.937340640456,20086.641807413907
2020-12-14,569,16509.905825946847,19996.70980478175
2020-12-15,550,16782.93144796543,20267.05417854792
2020-12-16,548,16761.30182996917,20298.859398991004
2020-12-17,561,16892.85816177575,20412.371134020617
2020-12-18,613,16882.628435776656,20244.571177889888
2020-12-21,612,16783.03858488925,20172.186883088394
2020-12-22,561,16822.443116249076,20138.188199166485
2020-12-23,556,16902.187672794455,20156.284272866855
2020-12-24,560,16870.18111897062,20234.700592235138
2020-12-28,558,16805.804693123115,20408.53257293266
2020-12-29,557,16689.43011399527,20369.59859618337
2020-12-30,553,16801.3718224108,20398.661987277912
2020-12-31,543,16868.707320029927,20502.303136652772
2021-01-04,549,16698.901033821214,20223.184908971263
2021-01-05,565,16946.14578898574,20362.469839877165
2021-01-06,504,17194.6172185248,20484.207062952402
2021-01-07,488,17522.634702705458,20788.55012064049
2021-01-08,492,17595.74493740943,20906.997148497478
2021-01-11,525,17541.792358708444,20766.067119982454
2021-01-12,540,17744.8375300499,20770.454046940118
2021-01-13,620,17758.399703206745,20826.387365650364
2021-01-14,623,17871.867387071477,20753.454704979158
2021-01-15,618,17703.73891647228,20602.10572493968
2021-01-19,577,17864.806860886998,20763.873656503616
2021-01-20,574,18006.60920242746,21051.21737223075
2021-01-21,566,17995.233710556175,21070.410177670543
2021-01-22,563,17950.003460680196,20995.832419390215
2021-01-25,556,17919.68145239913,21078.635665716163
2021-01-26,562,17845.875098876993,21045.73371353367
2021-01-27,616,17412.00985508853,20531.366527747316
2021-01-28,629,17585.414968910864,20707.940337793374
2021-01-29,629,17294.11725855277,20293.375740293923
2021-02-01,563,17574.9831206587,20631.169116034216
2021-02-02,487,17852.733128670625,20922.899758719017
2021-02-03,468,17898.967163399746,20939.35073481027
2021-02-04,473,18142.244356591556,21177.341522263654
2021-02-05,474,18253.265309169463,21260.693134459307
2021-02-08,457,18487.196661894795,21414.235577977623
2021-02-09,434,18490.55940502088,21399.97806536521
2021-02-10,436,18483.66033152625,21390.655845580168
2021-02-11,438,18514.967107797685,21425.20289537179
2021-02-12,468,18632.263131417214,21531.037508225487
2021-02-16,379,18636.300458744652,21512.393068655405
2021-02-17,416,18609.767520415076,21517.328361482778
2021-02-18,417,18411.27412604761,21425.7512612415
2021-02-19,421,18572.079115299603,21387.914016231625
2021-02-22,422,18489.24713289385,21223.404255319147
2021-02-23,445,18429.465000455417,21249.17745119544
2021-02-24,446,18738.995720630515,21483.32967756087
2021-02-25,454,18267.834256936527,20965.67229655626
2021-02-26,457,18181.655602152077,20857.644220223734
2021-03-01,440,18685.355350344278,21363.237552094753
2021-03-02,435,18496.251697321015,21196.534327703444
2021-03-03,431,18323.748103747632,20915.77100241281
2021-03-04,427,18007.60119995276,20656.942311910505
2021-03-05,442,18331.012676039616,21036.959859618335
2021-03-08,441,18310.40774845283,20932.221978504058
2021-03-09,570,18549.902355998653,21231.081377495062
2021-03-10,536,18839.053527990043,21363.237552094753
2021-03-11,532,19127.51161767902,21579.842070629522
2021-03-12,545,19176.718828789086,21608.90546172406
2021-03-15,494,19345.439566957833,21737.771441105506
2021-03-16,539,19100.881612875994,21710.35314762009
2021-03-17,542,19188.859916193407,21784.382540030703
2021-03-18,539,18738.067450173712,21467.42706733933
2021-03-19,542,18860.476583946598,21357.753893397672
2021-03-22,542,18881.939842905213,21528.295678876944
2021-03-23,546,18465.409037069014,21358.85062513709
2021-03-24,538,18214.801621622617,21250.27418293485
2021-03-25,541,18451.544290672853,21369.817942531256
2021-03-26,548,18735.320459977476,21714.191708708047
2021-03-29,480,18488.801535924445,21703.22439131388
2021-03-30,499,18572.325966282602,21645.645974994517
2021-03-31,497,18756.688446922857,21733.384514147834
2021-04-01,516,19007.26940395126,21968.085106382976
2021-04-05,497,19139.61008605853,22283.395481465235
2021-04-06,522,19194.631182240853,22270.234700592235
2021-04-07,507,19054.7408044301,22296.00789646852
2021-04-08,508,19233.017267293657,22401.842509322218
2021-04-09,512,19253.765519470617,22564.707172625574
2021-04-12,506,19195.201027240484,22572.9326606712
2021-04-13,492,19236.651767961102,22639.83329677561
2021-04-14,498,19234.462107131207,22562.51370914674
2021-04-15,499,19352.612326692022,22804.891423557798
2021-04-16,464,19347.838844893497,22881.114279447243
2021-04-19,514,19142.873454718178,22768.699276157047
2021-04-20,526,18863.134662410484,22601.99605176574
2021-04-21,548,19203.70992452118,22815.85874095196
2021-04-22,518,19092.396383009713,22607.47971046282
2021-04-23,547,19375.63760963299,22852.599254222416
2021-04-26,541,19574.85653098565,22900.307084887034
2021-04-27,544,19570.66714398328,22895.371792059657
2021-04-28,532,19603.977690945652,22888.791401623163
2021-04-29,577,19642.275094854453,23034.656722965563
2021-04-30,584,19418.136514524354,22883.30774292608
2021-05-03,574,19430.293378663733,22932.66067119982
2021-05-04,568,19233.435921191096,22791.182276815092
2021-05-05,587,19219.43677224859,22798.311033121296
2021-05-06,458,19183.39752172276,22980.368501864443
2021-05-07,472,19448.721068422725,23147.620092125464
2021-05-10,473,19118.399312980746,22918.403158587407
2021-05-11,476,19051.268145309503,22713.862689186222
2021-05-12,456,18548.23859998896,22231.30072384295
2021-05-13,418,18701.49597021889,22498.35490239087
2021-05-14,423,19134.228631858303,22843.82540030708
2021-05-17,411,19165.944999898224,22785.698618118007
2021-05-18,435,19120.68803844504,22589.383636762446
2021-05-19,441,19030.562210615524,22530.160122833953
2021-05-20,447,19247.589821610483,22772.537837245007
2021-05-21,443,19269.95362937322,22753.893397674925
2021-05-24,437,19448.113146811946,22985.852160561528
2021-05-25,431,19367.899355450165,22934.85413467866
2021-05-26,430,19573.364024529816,22980.368501864443
2021-05-27,422,19694.208754661297,22992.432550998023
2021-05-28,441,19698.02141084231,23033.559991226146
2021-06-01,415,19819.72708287361,23013.27045404694
2021-06-02,394,19904.121097118204,23049.46260144768
2021-06-03,391,19752.47400425007,22963.917525773195
2021-06-04,392,19848.05799273665,23173.941653871465
2021-06-07,395,19938.336113859867,23151.458653213424
2021-06-08,395,20002.056851085676,23156.393946040796
2021-06-09,408,19903.148118139234,23121.846896249175
2021-06-10,394,19974.881079823444,23229.326606712
2021-06-11,391,20089.339300442716,23267.712217591576
2021-06-14,395,20075.39495911524,23319.80697521386
2021-06-15,408,19953.095945875295,23277.034437376617
2021-06-16,393,19896.161092856873,23147.07172625576
2021-06-17,410,19786.642858748248,23139.39460407984
2021-06-18,410,19499.50253099655,22752.79666593551
2021-06-21,449,19833.78673298672,23078.52599254222
2021-06-22,418,19932.837181476814,23201.908313226584
2021-06-23,426,19958.65475726941,23173.941653871465
2021-06-24,420,20104.074286486863,23311.03312129853
2021-06-25,423,20151.096678099486,23393.836367624477
2021-06-28,378,20105.09600440569,23440.99583241939
2021-06-29,374,20107.128817613655,23453.60824742268
2021-06-30,375,20163.187978399386,23473.349418732178
2021-07-01,367,20247.64929265047,23603.312129853035
2021-07-02,375,20264.313437366553,23783.72450098706
2021-07-06,338,20135.479262005945,23740.403597280103
2021-07-07,358,20057.49252302997,23824.303575345468
2021-07-08,378,19842.71528579899,23630.18205746874
2021-07-09,386,20161.650247549347,23882.430357534544
2021-07-12,353,20246.621727195452,23967.97543320903
2021-07-13,383,20033.425244046863,23886.268918622503
2021-07-14,382,19902.383164642153,23921.91270015354
2021-07-15,427,19801.184960787825,23840.20618556701
2021-07-16,444,19581.465593143595,23653.213423996487
2021-07-19,439,19263.637208037384,23303.904364992322
2021-07-20,530,19649.04155155724,23637.859179644656
2021-07-21,530,19893.219161655776,23829.238868172844
2021-07-22,531,19836.586467027762,23879.140162316293
2021-07-23,531,19964.057393543368,24124.8080719456
2021-07-26,526,20043.774810456398,24184.03158587409
2021-07-27,559,19908.86755063981,24073.810046062732
2021-07-28,558,19985.257960757383,24063.939460407983
2021-07-29,567,20075.660575802372,24163.742048694887
2021-07-30,569,19956.02865689204,24046.391752577318
2021-08-02,569,19881.95425094704,23995.942092564157
2021-08-03,568,19987.790863696628,24191.1603421803
2021-08-04,570,19903.260946547216,24072.164948453606
2021-08-05,578,20035.85027941595,24224.610660232505
2021-08-06,583,20094.64587241646,24264.641368721208
2021-08-09,579,20027.296281570907,24244.90019741171
2021-08-10,584,20066.022562958544,24275.060320245666
2021-08-11,583,20176.352468844085,24335.380565913572
2021-08-12,579,20163.971891400663,24408.313226584774
2021-08-13,581,20117.856484628413,24452.730862031145
2021-08-16,514,20053.71776055121,24510.309278350516
2021-08-17,619,19870.31750646103,24349.638078525993
2021-08-18,554,19701.405428804763,24083.132265847773
2021-08-19,554,19562.78959050269,24120.421144987937
2021-08-20,579,19723.32913136219,24312.34919938583
2021-08-23,568,19990.09735813391,24526.211888572052
2021-08-24,567,20175.673573302203,24565.14586532134
2021-08-25,573,20258.435812957217,24616.69225707392
2021-08-26,572,20079.96827636678,24471.375301601227
2021-08-27,572,20353.178224289633,24690.173283614826
2021-08-30,602,20430.616587927743,24798.749725817062
2021-08-31,593,20401.77094043691,24762.00921254661
2021-09-01,595,20473.86938069437,24775.169993419608
2021-09-02,574,20631.784766728815,24851.392849309057
2021-09-03,576,20599.66460366231,24845.360824742264
2021-09-07,540,20500.976526458682,24756.525553849526
2021-09-08,552,20396.90707613285,24726.365431015573
2021-09-09,518,20328.306851288457,24620.530818161875
2021-09-10,537,20216.029250383435,24426.40930028515
2021-09-13,465,20245.002186117603,24488.92300943189
2021-09-14,482,20087.908990280786,24356.766834832197
2021-09-15,475,20217.11459801638,24560.210572493965
2021-09-16,443,20212.85256402578,24521.27659574468
2021-09-17,437,20073.91109962181,24204.869488923006
2021-09-20,436,19655.231568510662,23801.27220881772
2021-09-21,436,19594.55883435604,23778.789208159684
2021-09-22,440,19844.054142411085,24010.74797104628
2021-09-23,389,20137.2058696656,24302.47861373108
2021-09-24,389,20023.475254013418,24342.509322219783
2021-09-27,609,20110.24316809568,24272.866856766832
2021-09-28,610,19689.751290336364,23783.72450098706
2021-09-29,611,19655.11002940472,23823.75520947576
2021-09-30,621,19477.637553216908,23532.572932660667
2021-10-01,650,19723.633636909282,23812.239526211888
2021-10-04,640,19452.898665027828,23505.154639175253
2021-10-05,638,19580.04726788386,23749.725817065148
2021-10-06,630,19603.62338707401,23848.43167361263
2021-10-07,624,19831.593812907147,24054.617240622945
2021-10-08,631,19770.784915200384,24010.74797104628
2021-10-11,710,19697.18334185197,23836.915990348756
2021-10-12,753,19730.490168047494,23778.240842289975
2021-10-13,749,19851.296504076112,23863.785917964466
2021-10-14,668,20160.3593776883,24265.189734590916
2021-10-15,670,20256.7271652515,24449.989032682606
2021-10-18,708,20291.014896861634,24522.373327484096
2021-10-19,713,20478.436738515433,24711.55955253345
2021-10-20,718,20582.299058814096,24808.620311471816
2021-10-21,716,20631.946929159316,24873.327484097386
2021-10-22,732,20597.873969898945,24847.5542882211
2021-10-25,725,20728.73044244107,24980.80719456021
2021-10-26,725,20658.463096080723,25003.290195218247
2021-10-27,694,20404.20665420234,24892.520289537177
2021-10-28,698,20613.594015460425,25132.7045404694
2021-10-29,698,20633.349785330232,25183.70256635227
2021-11-01,697,20819.867849840102,25227.023470059223
2021-11-02,696,20817.239163613478,25329.019521824957
2021-11-03,703,20926.2337087329,25483.658697082694
2021-11-04,696,20956.12399480187,25603.7508225488
2021-11-05,702,21057.975638105283,25692.586093441543
2021-11-08,712,21166.36157408173,25714.520728229876
2021-11-09,719,21161.42925727018,25629.52401842509
2021-11-10,723,20936.543381982614,25423.338451414784
2021-11-11,739,20991.540691523376,25431.563939460404
2021-11-12,742,21124.669143996547,25623.491993858297
2021-11-15,738,21104.356438794133,25632.265847773633
2021-11-16,691,21164.841859999146,25733.713533669663
2021-11-17,719,21003.71527785516,25671.19982452292
2021-11-18,723,20916.797742810155,25758.389997806535
2021-11-19,723,20791.665734438087,25712.32726475104
2021-11-22,727,20673.956073418143,25639.94296994955
2021-11-23,729,20693.52858099713,25673.941653871458
2021-11-24,511,20781.689762060836,25742.487387584995
2021-11-26,509,20318.54671441913,25168.34832200044
2021-11-29,502,20433.459621554077,25477.07830664619
2021-11-30,475,19955.98122289061,24981.355560429918
2021-12-01,463,19657.011736642497,24703.88243035753
2021-12-02,463,20030.181823760628,25082.25488045624
2021-12-03,467,19828.724139001424,24864.00526431235
2021-12-06,465,20084.362065168618,25158.47773634569
2021-12-07,474,20509.18526563473,25678.87694669883
2021-12-08,384,20627.741597928347,25746.87431454266
2021-12-09,451,20368.975053812286,25573.04233384514
2021-12-10,458,20404.94426230827,25813.774950647068
2021-12-13,470,20191.7758743036,25585.10638297872
2021-12-14,472,20061.587472164945,25409.08093880237
2021-12-15,437,20304.080911424968,25806.097828471156
2021-12-16,411,20121.99900168862,25578.52599254222
2021-12-17,411,20078.009085921873,25217.70125027418
2021-12-20,404,19735.814659048287,24949.55033998684
2021-12-21,389,20210.387401094136,25392.62996271112
2021-12-22,389,20373.72287274653,25646.523360386047
2021-12-23,397,20533.239585627485,25806.097828471156
2021-12-27,394,20772.288079831313,26171.30949769686
2021-12-28,396,20698.196547466356,26149.92322877824
2021-12-29,396,20695.463133149624,26183.373546830448
2021-12-30,397,20730.176206860688,26110.989252028954
2021-12-31,405,20700.701351798467,26045.18534766396
2022-01-03,409,20864.896760352054,26195.985961833732
2022-01-04,411,20869.54229491978,26187.212107918403
2022-01-05,406,20408.16610415753,25684.360605395916
2022-01-06,396,20446.11562260818,25660.232507128752
2022-01-07,402,20340.5853666602,25558.784821232723
2022-01-10,353,20284.77341639363,25526.979600789644
2022-01-11,379,20569.73447101848,25759.48672954595
2022-01-12,394,20546.29639242811,25829.1291949989
2022-01-13,406,20273.822583141264,25473.239745558232
2022-01-14,412,20283.173330766265,25483.658697082694
2022-01-18,381,19914.97732798509,25032.353586312787
2022-01-19,383,19716.562952370277,24772.42816407107
2022-01-20,392,19464.27055646795,24498.24522921693
2022-01-21,393,19037.77559528241,24017.32836148278
2022-01-24,380,19144.55668122918,24119.324413248516
2022-01-25,387,18942.183258780493,23824.85194121518
2022-01-26,400,18805.776482043664,23765.080061416975
2022-01-27,401,18607.689077666462,23647.72976529941
2022-01-28,401,18982.787341889965,24235.02961175696
2022-01-31,411,19486.424820104294,24671.528844044744
2022-02-01,408,19701.626128997268,24838.23206843606
2022-02-02,406,19642.39844757352,25079.513051107697
2022-02-03,403,19247.307347849415,24490.01974117131
2022-02-04,403,19359.445728935963,24605.17657381004
2022-02-07,321,19339.09496185807,24526.211888572052
2022-02-08,334,19581.50721834456,24728.010528624694
2022-02-09,321,19941.209855275603,25089.932002632155
2022-02-10,488,19606.980540200326,24639.175257731957
2022-02-11,488,19336.625807435255,24153.32309717043
2022-02-14,471,19259.362744332768,24074.35841193244
2022-02-15,509,19640.79917682496,24462.601447685898
2022-02-16,527,19601.466687020453,24490.01974117131
2022-02-17,528,19190.41170692157,23966.87870146962
2022-02-18,537,19006.29289971727,23811.69116034218
2022-02-22,530,18767.88181744513,23556.15266505812
2022-02-23,546,18451.677519429384,23138.297872340427
2022-02-24,545,18767.19495520808,23486.510199605174
2022-02-25,556,19187.329989514943,24004.71594647949
2022-02-28,557,19229.753161453846,23943.298969072166
2022-03-01,555,18966.333994433196,23578.635665716163
2022-03-02,545,19207.395850963367,24012.393068655405
2022-03-03,543,19010.021740284315,23892.849309059002
2022-03-04,548,18753.946883045348,23698.72779118228
2022-03-07,549,18159.165351268257,23000.10967317394
2022-03-08,558,18118.691072949114,22825.72932660671
2022-03-09,591,18625.594342490993,23437.70563720114
2022-03-10,702,18484.426037803303,23331.871024347445
2022-03-11,699,18151.770169363936,23035.205088835268
2022-03-14,666,17926.82436041946,22866.85676683483
2022-03-15,664,18265.65884154881,23369.708269357314
2022-03-16,665,18826.76255702515,23887.914016231625
2022-03-17,663,19136.08109928285,24186.773415222637
2022-03-18,675,19408.746340768444,24375.959640271984
2022-03-21,713,19317.434584793136,24368.83088396578
2022-03-22,730,19551.903628577275,24653.98113621408
2022-03-23,728,19265.702257248246,24336.477297652993
2022-03-24,718,19519.22359764749,24703.334064487823
2022-03-25,726,19546.121864817334,24823.974555823646
2022-03-28,713,19661.75934050607,25000.54836586971
2022-03-29,713,20028.02361558373,25309.82671638517
2022-03-30,696,19831.861554640844,25153.542443518312
2022-03-31,721,19538.30875607044,24766.396139504275
2022-04-01,721,19676.065821554253,24836.586970826935
2022-04-04,712,19861.56848257,25049.352928273744
2022-04-05,739,19560.855215397667,24732.945821452067
2022-04-06,700,19329.519278947246,24485.63281421364
2022-04-07,707,19355.425055412878,24609.015134898003
2022-04-08,713,19294.72624256542,24543.211230533012
2022-04-11,535,19023.966603877027,24123.711340206184
2022-04-12,582,18929.77725546277,24034.327703443738
2022-04-13,584,19144.760801143813,24309.607370037284
2022-04-14,567,18973.703651042422,24006.909409958324
2022-04-18,542,18910.58691224284,24016.779995613073
2022-04-19,561,19228.483901521377,24404.47466549682
2022-04-20,581,19182.009141864244,24386.37859179644
2022-04-21,563,18883.56313325631,24021.715288440446
2022-04-22,564,18391.578819413666,23362.579513051103
2022-04-25,564,18462.180885808644,23498.02588286905
2022-04-26,551,17981.011033434843,22817.50383856109
2022-04-27,588,17981.168180142642,22881.662645316952
2022-04-28,588,18363.483961867507,23459.64027198947
2022-04-29,584,17806.02470686347,22592.673831980697
2022-05-02,570,17914.635190996345,22728.66856766835
2022-05-03,560,18032.346113127554,22832.85808291292
2022-05-04,536,18537.284300111063,23528.186005703003
2022-05-05,524,17925.539567246527,22691.928054397893
2022-05-06,548,17754.462697835246,22556.48168457995
2022-05-09,387,17276.47456245021,21834.283834174163
2022-05-10,505,17216.87702322813,21884.73349418732
2022-05-11,512,16950.064524709996,21537.069532792277
2022-05-12,511,17062.118330331134,21514.586532134235
2022-05-13,511,17499.780303928062,22028.953717920594
2022-05-16,510,17424.70568818823,21939.570081158145
2022-05-17,501,17787.18519121424,22390.87519192805
2022-05-18,479,17151.811520391628,21488.26497038824
2022-05-19,463,17208.484345353525,21356.657161658255
2022-05-20,464,17231.52088532523,21365.9793814433
2022-05-23,467,17526.897691623046,21765.738100460625
2022-05-24,478,17325.049598903897,21599.58324193902
2022-05-25,478,17599.06164498923,21790.414564597497
2022-05-26,478,17981.451270872716,22225.817065145864
2022-05-27,502,18412.028271426276,22771.441105505593
2022-05-31,506,18280.117720955914,22643.671857863566
2022-06-01,510,18143.692290177783,22460.517657381002
2022-06-02,473,18569.395813892923,22888.243035753454
2022-06-03,477,18347.545428780075,22512.612415003292
2022-06-06,452,18391.297616263226,22581.158148716822
2022-06-07,465,18594.919014729556,22797.762667251587
2022-06-08,467,18368.924515948067,22549.901294143452
2022-06-09,431,17928.611551819395,22013.59947356876
2022-06-10,424,17371.357305319532,21375.30160122834
2022-06-13,415,16603.56578781143,20563.7201140601
2022-06-14,927,16529.53905504159,20501.754770783064
2022-06-15,940,16813.50784720848,20794.033779337573
2022-06-16,971,16122.567854273579,20105.834612853694
2022-06-17,971,16264.589002965937,20062.513709146744
2022-06-21,933,16579.121969726828,20567.558675148055
2022-06-22,946,16558.571577490067,20530.269796007895
2022-06-23,947,16781.943225869963,20731.52007019083
2022-06-24,947,17370.697180271418,21390.655845580168
2022-06-27,912,17294.991035659008,21308.949330993637
2022-06-28,911,16941.410178074602,20873.54683044527
2022-06-29,914,16839.30919928666,20856.547488484313
2022-06-30,914,16623.33780960741,20687.10243474446
2022-07-01,923,16831.463884939454,20905.90041675806
2022-07-05,896,16955.928196932517,20945.382759377055
2022-07-06,895,16900.17216558027,21016.12195656942
2022-07-07,776,17245.44551808777,21330.88396578197
2022-07-08,778,17176.772854623126,21313.336257951305
2022-07-11,1005,16927.12101223279,21069.861811800834
2022-07-12,1019,16835.98491737298,20883.41741610002
2022-07-13,1029,16754.45790726894,20773.744242158366
2022-07-14,1024,16601.238813110274,20723.29458214521
2022-07-15,1042,16982.155246694918,21119.214740074574
2022-07-18,1011,16929.367725601147,20944.834393507346
2022-07-19,1026,17469.33251713997,21510.74797104628
2022-07-20,1015,17696.770119038894,21647.839438473347
2022-07-21,1002,17891.747655083967,21868.28251809607
2022-07-22,1024,17676.544137132052,21665.387146304012
2022-07-25,1023,17666.7781430187,21691.70870805001
2022-07-26,1011,17418.48932757022,21435.07348102654
2022-07-27,980,17886.57459280581,21991.664838780434
2022-07-28,981,18153.718780051648,22267.49287124369
2022-07-29,980,18299.04436288698,22592.12546611099
2022-08-01,1008,18314.552597376667,22525.224830006577
2022-08-02,1010,18254.190106243313,22376.617679315637
2022-08-03,1011,18551.17133574838,22727.02347005922
2022-08-04,1007,18561.637225951883,22711.66922570739
2022-08-05,992,18574.948013926423,22673.283614827815
2022-08-08,981,18635.995801365785,22646.962053081814
2022-08-09,997,18402.478510261484,22557.03005044966
2022-08-10,989,18930.019462000393,23030.818161877603
2022-08-11,532,18987.558693539202,23030.818161877603
2022-08-12,679,19285.37485701356,23420.706295240183
2022-08-15,634,19313.56977169603,23517.21868830884
2022-08-16,635,19397.710014985885,23563.281421364332
2022-08-17,631,19171.783378072647,23396.02983110331
2022-08-18,630,19223.914412800026,23464.027198947137
2022-08-19,640,18950.531562268123,23148.716823864877
2022-08-22,625,18530.69916719587,22666.703224391313
2022-08-23,628,18506.43551377744,22611.866637420488
2022-08-24,627,18580.660329329407,22684.250932221978
2022-08-25,629,18864.397166942566,23004.496600131606
2022-08-26,628,18247.07773852099,22225.817065145864
2022-08-29,627,18119.987479715317,22078.85501206405
2022-08-30,618,17939.17066940835,21836.47729765299
2022-08-31,639,17808.51269056766,21670.32243913139
2022-09-01,637,17784.335677674233,21738.319806975214
2022-09-02,662,17620.903937365798,21509.102873437158
2022-09-06,652,17552.273530744413,21427.944724720328
2022-09-07,450,17863.355921677474,21812.897565255535
2022-09-08,440,18003.307663954674,21955.472691379688
2022-09-09,439,18288.36563668037,22296.556262338232
2022-09-12,601,18445.96156580405,22536.192147400747
2022-09-13,600,17728.462143242818,21556.262338232067
2022-09-14,602,17752.266175294237,21638.517218688306
2022-09-15,588,17597.18380234979,21392.849309059002
2022-09-16,606,17398.79302715319,21142.79447247203
2022-09-19,623,17526.55181578218,21306.755867514803
2022-09-20,607,17286.164029565898,21062.184689624915
2022-09-21,627,16992.13826850644,20694.779556920374
2022-09-22,620,16762.94497912684,20520.947576222858
2022-09-23,620,16392.446472711705,20177.122175915767
2022-09-26,617,16134.671361466839,19977.51699934196
2022-09-27,618,16128.206705235341,19926.51897345909
2022-09-28,594,16540.984403261242,20318.6005703005
2022-09-29,592,16215.578616606805,19894.165387146302
2022-09-30,592,16015.318198347517,19586.532134239966
2022-10-03,590,16488.753498790098,20103.641149374864
2022-10-04,593,17048.26843504112,20726.584777363456
2022-10-05,593,17021.53573366382,20678.32858082913
2022-10-06,578,16847.771349015307,20465.014257512612
2022-10-07,583,16420.544772689198,19894.165387146302
2022-10-10,526,16300.379489373627,19742.26804123711
2022-10-11,646,16181.751998846947,19617.240622943627
2022-10-12,658,16148.970747531313,19552.53345031805
2022-10-13,677,16554.54294602527,20068.54573371353
2022-10-14,702,16158.268308445262,19611.208598376834
2022-10-17,713,16563.2974126019,20115.156832638735
2022-10-18,716,16758.657606495406,20351.502522483
2022-10-19,717,16576.71907265196,20207.282298749724
2022-10-20,715,16466.00128854288,20037.837245009872
2022-10-21,715,16826.03346626702,20524.786137310814
2022-10-24,714,16981.723508268165,20775.937705637203
2022-10-25,714,17358.954520517153,21107.699056810703
2022-10-26,719,17329.348643094203,20948.672954595306
2022-10-27,720,17264.903629780383,20836.806317174818
2022-10-28,720,17619.360175606285,21332.52906339109
2022-10-31,699,17511.093246476266,21178.438254003067
2022-11-01,692,17528.079771657314,21085.764422022374
2022-11-02,692,17040.10255703976,20556.591357753892
2022-11-03,670,16878.07391117376,20344.9221320465
2022-11-04,672,17173.745924414947,20637.74950647072
2022-11-07,678,17340.297830545944,20835.161219565693
2022-11-08,677,17458.159050471415,20947.57622285589
2022-11-09,504,17050.88205896026,20516.01228339548
2022-11-10,491,18096.21913823165,21643.45251151568
2022-11-11,492,18392.89596238324,21852.92827374424
2022-11-14,563,18194.22001762385,21667.032243913134
2022-11-15,544,18401.53196311746,21851.831542004824
2022-11-16,540,18136.232220864287,21685.12831761351
2022-11-17,536,18022.65287539705,21618.77604737881
2022-11-18,548,18095.65901295252,21716.93353805659
2022-11-21,522,18016.89677515725,21637.968852818598
2022-11-22,528,18282.98461385984,21929.15112963369
2022-11-23,529,18404.309165521125,22067.339328800175
2022-11-25,528,18426.148329002986,22062.4040359728
2022-11-28,527,18091.645214301967,21710.35314762009
2022-11-29,527,18134.624944079595,21673.064268479928
2022-11-30,527,18690.880471606455,22355.77977626672
2022-12-01,557,18690.63532685669,22339.328800175474
2022-12-02,554,18704.13815804475,22313.55560429919
2022-12-05,559,18315.86870132536,21912.15178767273
2022-12-06,555,18035.79149577222,21596.29304672077
2022-12-07,554,18019.633359105515,21559.552533450318
2022-12-08,509,18193.570945735308,21728.44922132046
2022-12-09,514,18058.621684282698,21566.132923886813
2022-12-12,497,18327.622551802146,21877.056372011404
2022-12-13,474,18510.006195696627,22042.662864663303
2022-12-14,468,18389.31021944466,21901.732836148272
2022-12-15,474,17921.767573763133,21365.9793814433
2022-12-16,480,17723.800608369616,21017.218688308836
2022-12-19,472,17465.626299283173,20838.99978065365
2022-12-20,480,17525.64887267466,20867.514805878483
2022-12-21,513,17775.89906098985,21179.534985742484
2022-12-22,515,17509.215087523986,20877.385391533233
2022-12-23,532,17590.60861493404,20997.47751699934
2022-12-27,550,17499.51595954191,20914.67427067339
2022-12-28,550,17260.952848733934,20654.74884843167
2022-12-29,534,17653.16910331278,21026.540908093877
2022-12-30,534,17608.67064275512,20971.155955253344
2023-01-03,526,17536.652692562977,20882.869050230314
2023-01-04,516,17820.654471487538,21044.088615924542
2023-01-05,523,17588.179077786008,20803.904364992322
2023-01-06,524,18004.571894932218,21280.982671638514
2023-01-09,529,18118.233042480122,21268.918622504934
2023-01-10,594,18299.88358479338,21418.074139065582
2023-01-11,523,18601.209453056974,21688.966878701467
2023-01-12,526,18721.981479593407,21767.93156393946
2023-01-13,526,18785.639425287285,21852.379907874532
2023-01-17,500,18821.12621905798,21812.349199385826
2023-01-18,526,18562.291354080688,21467.975433209038
2023-01-19,520,18390.953841861778,21311.691160342176
2023-01-20,521,18796.115807339822,21708.708050010966
2023-01-23,544,19122.28361458809,21969.181838122393
2023-01-24,561,19035.815504628303,21945.602105724938
2023-01-25,561,19082.110820316386,21953.827593770562
2023-01-26,561,19305.911948900233,22195.108576442202
2023-01-27,561,19443.474813866218,22246.10660232507
2023-01-30,532,19157.905165375363,21966.988374643563
2023-01-31,532,19543.96025945313,22289.97587190173
2023-02-01,527,19862.07665279932,22526.869927615706
2023-02-02,526,20203.64962146862,22854.792717701246
2023-02-03,526,19853.981949587676,22611.866637420488
2023-02-06,319,19654.691599369653,22473.678438254
2023-02-07,320,19813.062138218553,22767.602544417634
2023-02-08,305,19601.226311994444,22518.64443957008
2023-02-09,417,19419.217618882107,22323.42618995393
2023-02-10,418,19411.267696752315,22375.52094757622
2023-02-13,393,19590.71301353362,22638.18819916648
2023-02-14,386,19631.454760263092,22627.769247642023
2023-02-15,390,19768.733282650428,22701.250274182938
2023-02-16,395,19498.394675888245,22388.68172844922
2023-02-17,396,19401.983860126,22332.748409738975
2023-02-21,344,18909.592905299396,21884.73349418732
2023-02-22,361,18942.90735912135,21854.573371353366
2023-02-23,361,19035.364199428335,21970.82693573152
2023-02-24,360,18760.176068849156,21736.12634349638
2023-02-27,361,18807.737800946892,21810.155735907
2023-02-28,435,18786.793006886037,21729.54595305988
2023-03-01,433,18707.078326646664,21646.194340864226
2023-03-02,439,18836.44668590845,21814.542662864664
2023-03-03,454,19113.55839707683,22164.400087738537
2023-03-06,461,19019.61413904202,22179.75433209037
2023-03-07,554,18709.117602823866,21839.767492871244
2023-03-08,547,18762.353423270462,21875.411274402282
2023-03-09,476,18342.689285600634,21471.813994296994
2023-03-10,476,17970.82811731634,21161.987277911823
2023-03-13,472,17855.05783600112,21131.82715507787
2023-03-14,485,18115.06999660169,21481.136214082035
2023-03-15,493,17913.574003750036,21346.786576003506
2023-03-16,488,18194.91609855472,21721.320465014258
2023-03-17,494,17911.84395873656,21385.720552752795
2023-03-20,497,18062.3268410721,21591.3577538934
2023-03-21,523,18379.596416788998,21874.862908532574
2023-03-22,562,18022.339812887552,21501.97411713095
2023-03-23,544,18022.465405381914,21560.100899320027
2023-03-24,544,18101.69248575439,21701.57929370476
2023-03-27,545,18201.753265638887,21742.15836806317
2023-03-28,545,18176.509087707967,21693.353805659135
2023-03-29,545,18454.440713939304,22008.664180741387
2023-03-30,545,18560.10900498149,22137.53016012283
2023-03-31,545,18815.538749536663,22449.550339986836
2023-04-03,544,18816.10534172047,22535.095415661326
2023-04-04,545,18716.600861595893,22410.067997367845
2023-04-05,536,18626.32513110897,22351.392849309057
2023-04-06,535,18682.96501146732,22438.583022592673
2023-04-10,419,18707.508755881143,22461.614389120423
2023-04-11,567,18789.011707409674,22467.64641368721
2023-04-12,584,18697.968403093066,22376.06931344593
2023-04-13,584,18912.522205311834,22673.283614827815
2023-04-14,590,18827.79577402234,22617.898661987278
2023-04-17,582,18961.576880671622,22699.0568107041
2023-04-18,578,18970.266107763397,22713.862689186222
2023-04-19,708,18994.841610676933,22710.024128098266
2023-04-20,668,18873.587753495212,22586.093441544195
2023-04-21,691,18862.9433828278,22603.641149374864
2023-04-24,708,18885.545516742783,22627.22088177232
2023-04-25,706,18563.346767213985,22268.041237113397
2023-04-26,707,18462.459473820792,22173.722307523578
2023-04-27,634,18748.16263175589,22615.156832638735
2023-04-28,632,18891.785406818475,22808.181618776045
2023-05-01,627,18874.34043653146,22785.1502522483
2023-05-02,619,18580.12894020968,22529.063391094536
2023-05-03,605,18505.86592886568,22374.424215836807
2023-05-04,512,18389.069911588984,22215.946479491115
2023-05-05,512,18751.304189327588,22627.22088177232
2023-05-08,512,18711.849214796443,22633.25290633911
2023-05-09,513,18621.279827765324,22533.99868392191
2023-05-10,611,18600.755238866062,22639.284930905902
2023-05-11,598,18503.38860755823,22599.8025882869
2023-05-12,598,18447.71749969953,22570.190831322656
2023-05-15,602,18630.139286918027,22648.05878482123
2023-05-16,623,18359.62781948565,22496.709804781745
2023-05-17,621,18663.519885235317,22769.796007896468
2023-05-18,595,18756.425251323657,22989.142355779775
2023-05-19,594,18737.183481030344,22955.692037727567
2023-05-22,530,18841.54189924651,22965.014257512612
2023-05-23,645,18703.141819692086,22707.282298749724
2023-05-24,644,18436.65442790593,22542.772537837245
2023-05-25,648,18417.77580652444,22737.990787453386
2023-05-26,648,18597.872097139076,23032.463259486725
2023-05-30,647,18582.066789470715,23041.23711340206
2023-05-31,709,18418.256207304505,22913.467865760034
2023-06-01,709,18607.769325013156,23131.169116034216
2023-06-02,709,19033.615698888905,23465.672296556262
2023-06-05,700,18919.25015283247,23420.706295240183
2023-06-06,708,19103.340515991935,23471.70432112305
2023-06-07,709,19231.850411487652,23390.54617240623
2023-06-08,567,19283.620766825148,23532.02456679096
2023-06-09,568,19240.031000815103,23574.2487387585
2023-06-12,553,19369.50411431915,23788.111427944725
2023-06-13,569,19606.007958026064,23944.944066681288
2023-06-14,725,19531.773999836147,23973.459091906116
2023-06-15,727,19774.655388925075,24270.673393288
2023-06-16,727,19702.138500215427,24098.486510199604
2023-06-20,588,19559.63602285996,23973.459091906116
2023-06-21,572,19476.155370309873,23850.625137091465
2023-06-22,572,19366.230531005895,23936.718578635664
2023-06-23,573,19157.966844081606,23755.757841631934
2023-06-26,594,19247.2675239572,23658.69708269357
2023-06-27,607,19484.986959530725,23918.074139065582
2023-06-28,609,19475.125419375705,23930.138188199166
2023-06-29,605,19635.18624022301,24024.457117788985
2023-06-30,605,19820.200871441648,24307.96227242816
2023-07-03,602,19952.408304988687,24335.928931783284
2023-07-05,605,19865.949218350062,24299.73678438254
2023-07-06,605,19623.83871156996,24109.45382759377
2023-07-07,607,19724.013235328504,24048.58521605615
2023-07-10,507,19837.972186737257,24109.45382759377
2023-07-11,507,20039.344129500805,24262.996271112086
2023-07-12,481,20178.423338468056,24458.214520728226
2023-07-13,664,20347.028694012595,24652.336038604954
2023-07-14,680,20215.401088173436,24636.981794253123
2023-07-17,679,20290.06353284418,24722.526869927613
2023-07-18,696,20515.21278076219,24906.229436279882
2023-07-19,702,20676.16507595178,24961.614389120416
2023-07-20,591,20653.785635286615,24796.007896468524
2023-07-21,606,20677.41256185528,24796.007896468524
2023-07-24,602,20773.308761959153,24906.77780214959
2023-07-25,600,20761.762713160104,24974.77516999342
2023-07-26,603,20812.806157000097,24978.613731081376
2023-07-27,541,20645.25372955866,24813.00723842948
2023-07-28,543,20746.755104787437,25055.933318710242
2023-07-31,542,20815.79636721319,25103.641149374864
2023-08-01,552,20745.622866076275,25031.80522044308
2023-08-02,554,20544.41152402746,24683.592893178327
2023-08-03,544,20460.113765315655,24612.85369598596
2023-08-04,548,20364.24606471426,24501.535424435184
2023-08-07,543,20529.880012454003,24715.398113621406
2023-08-08,541,20416.964763035354,24607.918403158586
2023-08-09,622,20312.195121365392,24443.408642246104
2023-08-10,620,20306.698626836285,24452.18249616144
2023-08-11,622,20306.206824952274,24437.92498354902
2023-08-14,498,20286.27095639707,24572.822987497257
2023-08-15,499,20004.527939123327,24286.576003509537
2023-08-16,496,19884.634182871392,24108.357095854353
2023-08-17,494,19739.299446785986,23924.654529502084
2023-08-18,510,19730.244981150816,23936.170212765956
2023-08-21,509,19723.21515823975,24091.9061197631
2023-08-22,511,19618.184628289127,24026.65058126782
2023-08-23,508,19781.854589434417,24294.253125685453
2023-08-24,509,19611.846097305144,23957.55648168458
2023-08-25,526,19712.25985299262,24126.453169554723
2023-08-28,521,19840.042730727702,24279.44724720333
2023-08-29,532,20089.18744903798,24630.401403816628
2023-08-30,529,20128.04975833004,24731.84908971265
2023-08-31,528,20062.4171107661,24695.65694231191
2023-09-01,525,20126.17836882696,24741.719675367403
2023-09-05,526,19944.22614944922,24634.788330774292
2023-09-06,526,19807.88784920146,24469.181838122393
2023-09-07,529,19726.0028958204,24394.05571397236
2023-09-08,687,19736.07616016027,24430.796227242816
2023-09-11,478,19816.039857478692,24591.467427067335
2023-09-12,467,19795.58239315571,24456.569423119105
2023-09-13,466,19774.518504252996,24485.084448343932
2023-09-14,450,19989.845356218193,24696.20530818162
2023-09-15,452,19817.476536759,24312.89756525554
2023-09-18,460,19739.704741625494,24327.155077867952
2023-09-19,467,19691.435110122417,24276.70541785479
2023-09-20,471,19588.71220614732,24053.520508883525
2023-09-21,471,19243.278734465996,23655.95525334503
2023-09-22,471,19166.395614446137,23602.763763983326
2023-09-25,470,19218.617145774602,23702.017986400526
2023-09-26,472,18969.677779673617,23353.80565913577
2023-09-27,471,18978.012928083237,23363.12787892081
2023-09-28,459,19096.417479101863,23498.574248738758
2023-09-29,460,19075.820096722397,23441.5441982891
2023-10-02,458,18901.742989505987,23432.221978504058
2023-10-03,458,18648.127619424686,23118.556701030924
2023-10-04,458,18762.460202232516,23286.90502303137
2023-10-05,458,18718.602330591573,23278.131169116034
2023-10-06,462,18876.60838336309,23554.507567449004
2023-10-09,381,18966.908661026548,23705.308181618773
2023-10-10,464,19105.007677502923,23828.690502303136
2023-10-11,406,19067.70200679102,23926.299627111206
2023-10-12,409,18818.58117446329,23780.434305768806
2023-10-13,410,18783.22338455736,23661.987277911823
2023-10-16,456,18984.252188698556,23910.945382759375
2023-10-17,479,19028.056653080548,23909.84865101996
2023-10-18,478,18747.42734241923,23591.248080719455
2023-10-19,483,18565.672792444002,23383.965781969728
2023-10-20,506,18379.782066701162,23096.622066242595
2023-10-23,484,18267.58321671625,23056.591357753892
2023-10-24,458,18413.836747577567,23230.423338451412
2023-10-25,458,18188.220415604294,22897.016889668786
2023-10-26,458,18117.427256857045,22622.83395481465
2023-10-27,449,17910.816414469835,22520.289537179204
2023-10-30,450,18069.5158076198,22789.537179205963
2023-10-31,449,18196.056417809254,22932.66067119982
2023-11-01,449,18247.71665225444,23177.231849089712
2023-11-02,449,18668.27070467619,23621.40820355341
2023-11-03,502,18863.536609195802,23836.915990348756
2023-11-06,493,18821.458140622974,23891.75257731959
2023-11-07,336,18825.756851567716,23959.74994516341
2023-11-08,331,18867.29408206069,23977.297652994075
2023-11-09,337,18702.659732776134,23790.30489142355
2023-11-10,654,18922.247166243775,24161.548585216056
2023-11-13,746,18915.116003324838,24138.517218688306
2023-11-14,787,19395.04328864954,24606.82167141917
2023-11-15,799,19488.184838817826,24658.916429041456
2023-11-16,793,19443.241078084902,24689.07655187541
2023-11-17,775,19519.904535417278,24719.785040579074
2023-11-20,809,19639.55009609433,24910.067997367838
2023-11-21,810,19625.77246322208,24855.77977626672
2023-11-22,814,19726.47203022732,24951.74380346567
2023-11-24,814,19761.880529504415,24967.0980478175
2023-11-27,814,19683.223024158127,24922.132046501425
2023-11-28,813,19735.40099278662,24946.808510638293
2023-11-29,814,19807.754658565034,24929.260802807632
2023-11-30,814,19922.945065042368,25027.418293485407
2023-12-01,811,20155.645253178398,25175.47707830665
2023-12-04,809,20129.336868699782,25043.32090370695
2023-12-05,807,20032.25450477422,25038.385610879577
2023-12-06,803,20042.53122465353,24937.486290853256
2023-12-07,721,20165.630493544144,25127.769247642027
2023-12-08,833,20215.185730606816,25235.797323974555
2023-12-11,836,20453.362984501287,25333.954814652334
2023-12-12,898,20478.618509739394,25449.66001316078
2023-12-13,847,20869.153443604217,25800.61416977407
2023-12-14,826,21155.138083594815,25883.41741610002
2023-12-15,830,21069.9486264567,25736.4553630182
2023-12-18,815,21097.12791167084,25881.22395262119
2023-12-19,795,21291.79417654761,26038.60495722746
2023-12-20,799,20967.889635604115,25677.78021495942
2023-12-21,798,21226.84746228511,25921.25466110989
2023-12-22,799,21296.947254539864,25973.349418732178
2023-12-26,800,21419.5698572885,26083.022592673828
2023-12-27,800,21453.121825492766,26130.18205746874
2023-12-28,801,21465.72015459218,26140.05264312349
2023-12-29,801,21377.363105914603,26064.37815310375
2024-01-02,748,21333.698572887486,25918.512831761345
2024-01-03,746,21044.88746963179,25706.843606053957
2024-01-04,746,21056.49103957325,25624.040359728006
2024-01-05,755,21109.971698169848,25659.135775389335
2024-01-08,823,21373.08599673182,26025.444176354464
2024-01-09,522,21266.699885864324,25985.961833735466
2024-01-10,438,21316.33834571085,26132.92388681728
2024-01-11,436,21245.027116147216,26121.408203553412
2024-01-12,397,21214.442919041292,26139.50427725378
2024-01-16,368,21080.78048135745,26043.540250054833
2024-01-17,360,20923.663580177727,25898.77166045185
2024-01-18,360,21048.994149071586,26129.085325729324
2024-01-19,362,21174.397794155306,26454.814652336037
2024-01-22,359,21256.447031754524,26510.74797104628
2024-01-23,361,21235.91011095216,26588.067558675146
2024-01-24,373,21107.496910701095,26617.130949769682
2024-01-25,373,21278.506945434194,26761.899539372665
2024-01-26,376,21308.62642268386,26727.900855450756
2024-01-29,376,21450.887853090382,26939.570081158145
2024-01-30,395,21410.118159959125,26918.732178109232
2024-01-31,395,21114.35793620037,26479.491116472906
2024-02-01,395,21389.247597380927,26826.058346128535
2024-02-02,394,21395.526426768964,27108.466769028295
2024-02-05,390,21214.233863540812,27009.760912480804
2024-02-06,286,21297.04191907193,27088.177231849088
2024-02-07,443,21403.33833361688,27314.103970168893
2024-02-08,451,21466.90631068449,27326.168019302477
2024-02-09,401,21518.616773044516,27484.097389778457
2024-02-12,391,21622.167399243877,27472.03334064488
2024-02-13,386,21239.84292175666,27093.66089054617
2024-02-14,385,21424.13319862732,27339.877166045182
2024-02-15,397,21636.173965618822,27528.515025224828
2024-02-16,400,21548.03308844243,27391.42355779776
2024-02-20,425,21462.485144274517,27240.622943627986
2024-02-21,424,21453.197826749623,27265.29940776486
2024-02-22,426,21750.73755905808,27829.567887694666
2024-02-23,426,21804.728794172075,27848.760693134456
2024-02-26,425,21772.6501908708,27746.764641368718
2024-02-27,427,21830.548515420232,27798.311033121296
2024-02-28,427,21803.392372540286,27761.570519850844
2024-02-29,427,21897.65171765621,27861.37310813775
2024-03-01,427,22055.770331433643,28122.943627988596
2024-03-04,430,22052.071238724617,28092.78350515463
2024-03-05,425,21884.036586338654,27812.020179864005
2024-03-06,348,22040.920009604688,27952.95020837903
2024-03-07,349,22217.969847847813,28230.42333845141
2024-03-08,418,22133.211575184494,28060.97828471156
2024-03-11,420,22147.781632700284,28036.85018644439
2024-03-12,420,22279.407401156717,28338.45141478394
2024-03-13,419,22272.462480095666,28294.033779337573
2024-03-14,411,22116.46138640178,28238.10046062733
2024-03-15,398,22015.302432872635,27957.337135336693
2024-03-18,397,22072.99891663812,28123.491993858304
2024-03-19,424,22183.885242579043,28279.77626672516
2024-03-20,424,22395.006697485485,28541.346786576
2024-03-21,424,22549.253025021128,28635.665716165826
2024-03-22,423,22392.793212590183,28581.37749506471
2024-03-25,412,22317.075879274427,28502.412809826714
2024-03-26,409,22264.668434774816,28449.769686334716
2024-03-27,408,22542.77352886486,28688.85720552752
2024-03-28,391,22596.04665214138,28683.373546830448
2024-04-01,391,22478.37792921258,28633.47225268699
2024-04-02,397,22260.068028009173,28451.41478394385
2024-04-03,397,22276.90900942259,28482.671638517215
2024-04-04,389,21989.628045410696,28135.007677122176
2024-04-05,389,22153.425037703346,28428.931783285803
2024-04-08,206,22208.30598429412,28444.834393507346
2024-04-09,332,22359.619258891107,28477.736345689846
2024-04-10,333,22001.061592713733,28192.586093441543
2024-04-11,336,22125.673764720974,28405.352050888352
2024-04-12,340,21694.08728192223,28013.27045404694
2024-04-15,324,21451.058590802444,27662.316297433645
2024-04-16,333,21399.15243646614,27611.866637420484
2024-04-17,306,21346.267433094352,27448.453608247422
2024-04-18,314,21345.79252566688,27391.97192366747
2024-04-19,315,21334.167411805054,27152.884404474666
2024-04-22,312,21513.80049434104,27402.939241061635
2024-04-23,314,21739.33886159034,27728.120201798636
2024-04-24,314,21809.25469593116,27714.959420925643
2024-04-25,313,21705.830131648025,27609.67317394165
2024-04-26,315,21818.845200093827,27871.243693792498
2024-04-29,332,21966.399632068376,27969.949550339985
2024-04-30,332,21613.59425217003,27526.869927615706
2024-05-01,329,21554.874044746066,27437.486290853256
2024-05-02,329,21836.53935730847,27694.121517876723
2024-05-03,331,21973.19790359124,28037.398552314102
2024-05-06,330,22168.955082616474,28326.935731520072
2024-05-07,265,22186.101330390313,28358.19258609344
2024-05-08,359,22179.153859824364,28360.934415441985
2024-05-09,362,22321.86191792596,28524.347444615043
2024-05-10,365,22371.12201442454,28561.087957885502
2024-05-13,360,22415.747748860547,28564.926518973458
2024-05-14,388,22520.53071841105,28695.985961833732
2024-05-15,390,22700.847383056163,29051.32704540469
2024-05-16,361,22721.996674336184,28991.555165606493
2024-05-17,411,22739.317693740806,29033.23097170432
2024-05-20,406,22730.81036736655,29066.68128975652
2024-05-21,406,22723.93585543429,29137.968852818598
2024-05-22,407,22713.638720489565,29054.068874753237
2024-05-23,411,22364.128671457012,28841.851283176133
2024-05-24,413,22534.05401295435,29032.682605834612
2024-05-28,412,22407.31184405694,29052.972143013816
2024-05-29,414,22140.580248906128,28849.52840535205
2024-05-30,407,22217.791807205795,28658.14871682386
2024-05-31,407,22447.70667572804,28919.170870805
2024-06-03,408,22384.595437394484,28942.75060320245
2024-06-04,408,22349.000226993812,28975.10418951524
2024-06-05,417,22538.732635303608,29319.477955692037
2024-06-06,299,22488.073292636713,29318.929589822328
2024-06-07,510,22388.851112905453,29283.28580829129
2024-06-10,504,22443.36374567244,29373.766176793153
2024-06-11,520,22368.926866181195,29444.505373985525
2024-06-12,524,22530.55349977824,29686.33472252687
2024-06-13,512,22452.55989433991,29746.10660232507
2024-06-14,521,22279.693486914148,29764.20267602544
2024-06-17,550,22410.547666198938,30001.096731739417
2024-06-18,566,22441.08014986851,30077.319587628866
2024-06-20,566,22469.29239729118,29995.613073042332
2024-06-21,569,22539.57756307329,29859.06997148497
2024-06-24,569,22613.826061523832,29762.00921254661
2024-06-25,567,22516.892687959207,29876.617679315637
2024-06-26,551,22476.198992695667,29913.9065584558
2024-06-27,551,22530.602969634034,29961.066023250707
2024-06-28,550,22564.153171548216,29843.167361263437
2024-07-01,556,22439.68246346411,29904.58433867076
2024-07-02,550,22570.59748347606,30105.834612853694
2024-07-03,549,22621.148077315564,30240.184250932223
2024-07-05,547,22648.276870407823,30414.564597499448
2024-07-08,432,22677.15840581377,30449.660013160774
2024-07-09,427,22625.65948623266,30479.27177012503
2024-07-10,524,22858.46214967701,30780.872998464576
2024-07-11,534,23034.036291157656,30515.463917525773
2024-07-12,505,23242.568999830066,30707.940337793374
2024-07-15,510,23334.510979398252,30792.388681728444
2024-07-16,462,23692.711306292767,30974.9945163413
2024-07-17,475,23433.234557867432,30540.688747532357
2024-07-18,478,23185.066652857262,30305.98815529721
2024-07-19,480,23020.554930849816,30104.737881114277
2024-07-22,474,23233.49386395624,30415.112963369156
2024-07-23,475,23188.404328800993,30367.405132704538
2024-07-24,502,22738.13918613741,29679.205966220663
2024-07-25,501,22756.41051894837,29524.566790962926
2024-07-26,507,23091.09973651344,29855.23141039702
2024-07-29,508,23062.14572742712,29872.779118227678
2024-07-30,508,23040.349961519718,29721.4301381882
2024-07-31,507,23319.38444253093,30204.54046940118
2024-08-01,508,22884.093130635953,29776.815091028733
2024-08-02,509,22237.828145486237,29222.417196753668
2024-08-05,500,21645.80828874112,28371.35336696644
2024-08-06,289,21799.64735746057,28632.92388681728
2024-08-07,284,21534.124236672407,28441.544198289095
2024-08-08,309,22077.1308318379,29099.034876069312
2024-08-09,411,22104.372059399095,29227.352489581048
2024-08-12,407,22037.22705423503,29242.70673393288
2024-08-13,400,22468.808022329817,29723.623601667026
2024-08-14,364,22538.666939802064,29817.394165387144
2024-08-15,346,22985.178171570584,30328.471155955256
2024-08-16,390,23030.81349400119,30396.468523799074
2024-08-19,429,23263.08840057426,30687.10243474446
2024-08-20,452,23138.046820729956,30637.20114060101
2024-08-21,459,23301.654604994023,30742.487387584995
2024-08-22,474,23090.245448662437,30501.206404913355
2024-08-23,529,23426.705696075594,30825.290633910943
2024-08-26,535,23395.02150029126,30751.809607370033
2024-08-27,535,23379.372720630643,30794.03377933757
2024-08-28,529,23205.569526257026,30615.266505812673
2024-08-29,529,23296.17048937587,30618.00833516122
2024-08-30,529,23488.985877829997,30910.28734371572
2024-09-03,520,23017.74067954109,30274.182934854132
2024-09-04,639,22947.42585761909,30212.2175915771
2024-09-05,639,22833.42323032154,30138.736565036193
2024-09-06,655,22509.449761167896,29631.49813555604
2024-09-09,552,22709.26838191167,29963.25948672954
2024-09-10,777,22731.26309881398,30093.770563720107
2024-09-11,771,22847.71498318124,30402.500548365868
2024-09-12,770,22979.876329973038,30658.587409519634
2024-09-13,783,23218.510142818315,30818.710243474445
2024-09-16,769,23342.76172416787,30864.224610660232
2024-09-17,769,23372.13043247273,30876.837025663524
2024-09-18,799,23306.51019025978,30785.25992542224
2024-09-19,799,23604.05671887834,31310.59442860276
2024-09-20,798,23487.532601217332,31160.890546172403
2024-09-23,772,23567.68591207032,31238.758499670974
2024-09-24,768,23605.709919570003,31328.142136433424
2024-09-25,777,23457.97781594637,31259.048036850185
2024-09-26,777,23701.599144059448,31382.97872340425
2024-09-27,778,23780.81893305049,31337.46435621847
2024-09-30,777,23784.70997936934,31463.04014038166
2024-10-01,775,23608.91731853932,31181.18008335161
2024-10-02,776,23595.81797691574,31194.340864224607
2024-10-03,775,23487.50885601234,31137.31081377495
2024-10-04,776,23663.86522337641,31420.267602544416
2024-10-07,763,23466.758701067934,31136.21408203553
2024-10-08,646,23567.12254980613,31430.68655406887
2024-10-09,651,23731.843794162985,31648.387804343056
2024-10-10,659,23672.528037615557,31593.00285150252
2024-10-11,658,23886.353884434684,31782.189076551876
2024-10-14,667,24028.720352710712,32042.114498793595
2024-10-15,625,23876.7624842878,31793.15639394604
2024-10-16,584,24008.622357968816,31931.344593112517
2024-10-17,563,23986.24743653656,31934.086422461063
2024-10-18,565,24061.47089191815,32056.920377275717
2024-10-21,542,23891.831477659103,32004.277253783723
2024-10-22,501,23826.343474125486,31987.27791182277
2024-10-23,495,23677.107814041625,31694.998903268257
2024-10-24,505,23726.032515063183,31763.544636981795
2024-10-25,504,23649.164257361826,31752.57731958762
2024-10-28,504,23747.481887037513,31850.734810265407
2024-10-29,504,23739.608730302385,31902.28120201798
2024-10-30,505,23675.24807574328,31805.768808949328
2024-10-31,507,23440.569573952565,31182.276815091027
2024-11-01,505,23527.368904557843,31313.88462382101
2024-11-04,388,23531.99028359309,31246.435621846893
2024-11-05,372,23767.00515276791,31624.259706075893
2024-11-06,378,24225.560993596286,32410.616363237546
2024-11-07,151,24408.951089019767,32661.219565694228
2024-11-08,182,24418.9225245041,32802.697960078964
2024-11-11,184,24513.69340988526,32833.95481465234
2024-11-12,355,24337.732550311404,32731.958762886592
2024-11-13,352,24398.54889275892,32747.86137310814
2024-11-14,358,24229.2693103092,32537.288879140164
2024-11-15,355,23927.86155120943,32120.530818161875
2024-11-18,326,24012.784226686003,32252.13862689186
2024-11-19,327,24068.24528536223,32370.037288879135
2024-11-20,325,24106.006507857892,32381.0046062733
2024-11-21,322,24430.748281871838,32554.83658697082
2024-11-22,325,24632.333385398993,32655.735906997146
2024-11-25,327,24843.86233973001,32766.505812678213
2024-11-26,326,24777.040355458474,32937.59596402719
2024-11-27,326,24728.016153132678,32837.79337574029
2024-11-29,325,24824.11501203777,33041.78547927176
2024-12-02,342,24833.48823308561,33101.00899320026
2024-12-03,343,24801.359300102118,33116.36323755209
2024-12-04,324,24890.72988174938,33322.00043869269
2024-12-05,320,24752.70336462233,33267.16385172187
2024-12-06,312,24816.606229381396,33330.22592673831
2024-12-09,483,24783.534789508638,33158.58740951963
2024-12-10,485,24639.0224070757,33055.49462601447
2024-12-11,494,24720.345920121094,33311.033121298526
2024-12-12,492,24618.68830009207,33139.39460407984
2024-12-13,495,24564.906593449672,33132.814213643345
2024-12-16,496,24554.51671825152,33274.292608028074
2024-12-17,496,24450.59423033024,33137.201140601006
2024-12-18,509,23743.145022367524,32149.594209256415
2024-12-19,495,23675.27101610125,32139.723623601665
2024-12-20,495,23903.062631707766,32416.64838780434
2024-12-23,489,23985.624301202017,32610.76990568107
2024-12-24,492,24219.001976339172,32973.23974555823
2024-12-26,492,24251.38631703737,32975.433209037066
2024-12-27,492,24045.44632274022,32628.317613511732
2024-12-30,492,23795.309425773987,32255.97718797982
2024-12-31,506,23787.17737029108,32138.62689186225
2025-01-02,505,23720.04466600038,32059.662206624256
2025-01-03,507,23982.60888486764,32460.517657381006
2025-01-06,497,24078.487103813874,32647.510418951522
2025-01-07,471,23929.929820483816,32278.460188637855
2025-01-08,475,23924.253921453288,32325.61965343277
2025-01-10,295,23535.647518865575,31832.090370695325
2025-01-13,295,23654.66714742592,31881.44329896907
2025-01-14,316,23756.968695349675,31925.312568545734
2025-01-15,316,24084.06615234596,32506.03202456679
2025-01-16,331,24237.318857322858,32443.518315420046
2025-01-17,336,24405.226219778084,32769.24764202676
2025-01-21,336,24687.222784609687,33069.20377275718
2025-01-22,332,24684.035727701837,33255.09980258829
2025-01-23,332,24798.279784435956,33436.60890546172
2025-01-24,337,24768.357368610337,33338.999780653656
2025-01-27,337,24712.186705027496,32867.40513270454
2025-01-28,322,24735.8273676989,33149.8135556043
2025-01-29,353,24668.21262053279,33001.206404913355
2025-01-30,352,24860.432465648508,33178.328580829126
2025-01-31,352,24741.3986319462,33001.75477078307
2025-02-03,351,24510.805540965524,32779.666593551214
2025-02-04,360,24613.910345318043,32999.561307304226
2025-02-05,189,24741.435279213667,33133.36257951305
2025-02-06,189,24815.21958624365,33248.51941215179
2025-02-07,188,24643.773044330337,32944.17635446369
2025-02-10,372,24763.017383799986,33167.90962930467
2025-02-11,375,24792.602826133814,33193.134459311244
2025-02-12,420,24699.16756405287,33086.20311471814
2025-02-13,461,24936.026898929347,33435.51217372231
2025-02-14,488,24894.220337302002,33433.86707611318
2025-02-18,482,25081.65168169102,33532.02456679096
2025-02-19,498,25103.03617985647,33610.98925202895
2025-02-20,495,25052.55516497948,33471.15595525334
2025-02-21,498,24705.577118300662,32898.66198727791
2025-02-24,499,24597.763423101227,32748.958104847552
2025-02-25,504,24563.958683689365,32586.093441544195
2025-02-26,504,24573.304128860465,32602.544417635443
2025-02-27,498,24276.81485280658,32082.145207282294
2025-02-28,498,24543.293538652084,32582.80324632594
2025-03-03,514,24187.886917211257,32011.954375959638
2025-03-04,514,23882.155774501953,31633.033559991225
2025-03-05,516,24157.046521552653,31973.020399210345
2025-03-06,514,23811.658328856716,31405.461724062294
2025-03-07,519,24002.505963798183,31581.487168238644
2025-03-10,698,23484.16504148381,30740.293924106165
2025-03-11,742,23280.55341893388,30484.755428822107
2025-03-12,747,23304.47440469491,30646.523360386047
2025-03-13,733,23045.061791373675,30237.990787453386
2025-03-14,760,23523.599406931844,30862.5795130511
2025-03-17,744,23809.340772121443,31100.570300504492
2025-03-18,743,23625.04280965291,30764.422022373325
2025-03-19,740,23844.031042237602,31099.47356876508
2025-03-20,735,23733.479773735104,31009.541566132924
2025-03-21,746,23683.09494067368,30926.738319806973
2025-03-24,765,24109.638090065346,31480.587848212326
2025-03-25,764,24047.296042967235,31556.262338232067
2025-03-26,764,23896.931858669916,31179.534985742484
2025-03-27,765,23822.32878328517,31096.73173941654
2025-03-28,765,23387.352586176046,30470.49791620969
2025-03-31,793,23475.47852726843,30675.038385610875
2025-04-01,801,23508.67584980792,30761.680193024786
2025-04-02,801,23742.80037199116,30956.350076771218
2025-04-03,791,22647.732530074056,29430.796227242816
2025-04-04,805,21382.804585743972,27707.83066461943
2025-04-07,813,21258.27261801064,27658.47773634569
2025-04-08,816,20827.653607599877,27225.268699276156
2025-04-09,645,22786.138390443015,30084.44834393507
2025-04-10,649,21902.495283569166,28766.17679315639
2025-04-11,654,22272.67535049927,29279.447247203338
2025-04-14,778,22537.159406912477,29563.500767712216
2025-04-15,845,22475.60645362713,29480.697521386268
2025-04-16,876,22064.653323791747,28825.40030708488
2025-04-17,867,22178.584460271424,28866.527747313
2025-04-21,954,21733.389036495817,28179.425312568546
2025-04-22,974,22304.103486465156,28912.590480368497
2025-04-23,973,22720.171871543494,29360.605395920153
2025-04-24,975,23256.586394510025,29978.613731081376
2025-04-25,978,23322.419710079517,30195.218249616144
2025-04-28,970,23362.63276536355,30206.733932880015
2025-04-29,972,23467.11364675386,30397.016889668786
2025-04-30,954,23460.00117761545,30409.080938802363
2025-05-01,954,23516.647343563713,30624.588725597718
2025-05-02,959,23984.050583089404,31079.18403158587
2025-05-05,957,23885.219404150626,30900.965123930684
2025-05-06,964,23682.843841644593,30642.684799298084
2025-05-07,776,23828.60437567433,30771.55077867953
2025-05-08,852,24140.689420000952,30985.961833735462
2025-05-09,853,24177.66923940664,30946.47949111647
2025-05-12,939,25013.93683664577,31969.181838122393
2025-05-13,939,25131.182443304784,32180.30269796008
2025-05-14,1224,25025.62723450219,32221.4301381882
2025-05-15,1233,25119.511696574602,32378.81114279447
2025-05-16,1260,25333.32690517698,32583.89997806537
2025-05-19,1268,25346.47740294457,32619.5437595964
2025-05-20,1258,25304.71037282603,32509.87058565475
2025-05-21,1258,24750.078422835137,31962.053081816182
2025-05-22,1258,24720.470144727748,31974.665496819478
2025-05-23,1254,24571.001106565356,31756.415880675584
2025-05-27,1252,25077.04852345577,32416.64838780434
2025-05-28,1197,24859.258518709386,32229.10726036411
2025-05-29,1197,24918.947954858126,32356.32814213643
2025-05-30,1189,24876.003723989917,32320.135994735683
2025-06-02,1189,24924.39453266323,32502.193463478834
2025-06-03,1196,25202.15901056163,32687.54112744023
2025-06-04,1199,25229.20249715824,32678.767273524893
2025-06-05,1198,25172.37159412477,32520.837903048912
2025-06-06,1199,25424.081046864583,32854.792717701246
2025-06-09,1157,25518.530642098605,32884.40447466549
2025-06-10,1172,25795.702915855476,33070.84887036631
2025-06-11,994,25703.933100624476,32976.52994077648
2025-06-12,1044,25753.10673998577,33107.58938363676
2025-06-13,1072,25383.318140314,32737.442421583677
2025-06-16,1031,25787.429280120174,33048.91423557797
2025-06-17,973,25496.450662803338,32766.505812678213
2025-06-18,957,25521.264485374864,32761.570519850848
2025-06-20,960,25507.977036345215,32588.286905023026
2025-06-23,957,25711.379410561523,32910.17767054178
2025-06-24,980,26072.25953890997,33273.74424215836
2025-06-25,987,25971.451773203804,33292.38868172845
2025-06-26,987,26199.91985340136,33552.86246983988
2025-06-27,986,26290.482712319095,33719.56569423119
2025-06-30,986,26399.141243784587,33880.78525992542
2025-07-01,983,26644.521681986862,33869.817942531256
2025-07-02,983,26774.522666301902,34023.36038604957
2025-07-03,998,26923.809188263538,34291.51129633692
2025-07-07,917,26644.2442373807,34035.972801052856
2025-07-08,940,26761.06322290203,34017.32836148278
2025-07-09,814,26878.83209329453,34221.32046501425
2025-07-10,798,27039.15090465108,34317.83285808292
2025-07-11,901,26818.77072360673,34197.19236674709
2025-07-14,615,26842.42151120458,34262.44790524237
2025-07-15,588,26530.67566072244,34116.03421803027
2025-07-16,583,26662.044529047067,34230.09431892959
2025-07-17,583,26849.14027224267,34439.57008115814
2025-07-18,591,26752.995062632544,34414.34525115157
2025-07-21,572,26706.511600418733,34479.60078964684
2025-07-22,572,26972.332814233323,34484.536082474224
2025-07-23,572,27295.503050383457,34777.91182276815
2025-07-24,574,27149.776613382204,34789.42750603202
2025-07-25,572,27288.991324046245,34936.38955911384
2025-07-28,573,27235.402106127596,34927.61570519851
2025-07-29,575,27148.320006832782,34835.490239087514
2025-07-30,575,27034.76338512786,34791.620969510856
2025-07-31,574,26647.217823672785,34661.10989252029
2025-08-01,560,26217.754393184085,34093.002851502526
2025-08-04,547,26612.555363540585,34611.208598376834
2025-08-05,546,26552.692949658576,34435.73152007019
2025-08-06,550,26537.82359626716,34699.49550339986
2025-08-07,543,26585.09678690482,34670.43211230533
2025-08-08,581,26708.33219456622,34940.7764860715
2025-08-11,514,26631.785728066174,34871.68238648826
2025-08-12,487,27109.532343316463,35242.92608028076
2025-08-13,488,27386.464975974228,35363.56657161658
2025-08-14,479,27317.9863028067,35366.85676683483
2025-08-15,908,27312.28265015982,35284.05352050888
2025-08-18,922,27349.979190612892,35276.37639833296
2025-08-19,918,27306.976938422875,35084.99670980477
2025-08-20,939,27257.200892858804,34991.774511954376
2025-08-21,939,27180.238726055533,34851.39284930905
2025-08-22,1002,27739.96845320109,35386.597938144325
2025-08-25,970,27513.633734075192,35230.86203114718
2025-08-26,970,27559.88689332761,35378.3724500987
2025-08-27,994,27628.67348196333,35458.98223294582
2025-08-28,992,27701.335678566884,35584.55801710901
2025-08-29,991,27627.12520012768,35372.34042553191
2025-09-02,961,27478.57702452833,35110.22153981136
2025-09-03,950,27481.367145012213,35300.50449660013
2025-09-04,968,27668.87307894438,35595.525334503174
2025-09-05,1014,27719.69300304091,35492.432550998026
2025-09-08,991,27735.022536686673,35579.62272428164
2025-09-09,890,27767.78595270045,35661.877604737885
2025-09-10,877,27762.67439790536,35764.97038824303
2025-09-11,1038,28146.42954303819,36062.18468962492
2025-09-12,1039,27949.1392493409,36050.12064049133
2025-09-15,1061,27924.634795705606,36242.04869488922
2025-09-16,1357,27909.55419592557,36192.14740074577
2025-09-17,1358,27930.82540336734,36147.1813994297
2025-09-18,1359,28152.16721446417,36316.078087299844
2025-09-19,1397,28090.299802526017,36395.04277253783
2025-09-22,1399,28114.39956681966,36567.22965562624
2025-09-23,1399,28067.177384209324,36368.172844922134
2025-09-24,1396,28015.813518884537,36252.46764641369
2025-09-25,1396,27785.104374621675,36085.21605615266
2025-09-26,1396,27969.37120107449,36291.949989032684
2025-09-29,1402,28032.534724332356,36393.946040798415
2025-09-30,1406,28125.430330935957,36531.03750822548
2025-10-01,1406,28256.27841240985,36655.51656064927
2025-10-02,1424,28336.69956683102,36697.7407326168
2025-10-03,1429,28446.336328163638,36697.19236674709
2025-10-06,1407,28503.593636235957,36828.800175477074
2025-10-07,1492,28348.50211606176,36692.25707391972
2025-10-08,1386,28519.19805343317,36911.05505593331
2025-10-09,1390,28342.051976659193,36804.1237113402
2025-10-10,1389,27665.199353591364,35809.388023689404
2025-10-13,1366,28033.013347751443,36358.850625137085
2025-10-14,997,28119.08330706402,36314.43298969072
2025-10-15,979,28182.87009692313,36475.65255538495
2025-10-16,981,27955.469582878013,36227.2428164071
2025-10-17,989,28051.35510115595,36432.88001754771
2025-10-20,970,28356.538847918266,36811.800833516114
2025-10-21,906,28473.521119385146,36811.25246764641
2025-10-22,915,28325.28589605158,36619.872779118225
2025-10-23,915,28415.94117103088,36837.0256635227
2025-10-24,959,28488.719766032875,37138.07852599254
2025-10-27,934,28711.730408583888,37576.22285588944
2025-10-28,934,28557.063877213026,37676.025444176346
2025-10-29,935,28251.546946501618,37694.12151787672
2025-10-30,936,28009.15003148734,37279.556920377276
2025-10-31,935,28119.883868222096,37401.84250932221
2025-11-03,924,28043.8583297812,37472.03334064488
2025-11-04,878,27783.458788949825,37027.85698618118
2025-11-05,879,27854.609323711946,37156.17459969292
2025-11-06,889,27565.749234347746,36757.512612415
2025-11-07,889,27767.040720099114,36793.704759815744
2025-11-10,847,27946.803513376886,37367.84382540031
2025-11-11,848,28132.16490224235,37453.388901074795
2025-11-12,845,28190.257392064657,37474.226804123704
2025-11-13,540,27761.233879383326,36852.37990787453
2025-11-14,556,27637.552207307286,36846.34788330774
2025-11-17,557,27266.77484909224,36503.07084887036
2025-11-18,527,27181.655130274732,36196.53432770345
2025-11-19,526,27115.323828964516,36336.36762447905
2025-11-20,625,26723.38524119281,35782.5180960737
2025-11-21,629,27211.67124426249,36138.95591138407
2025-11-24,627,27432.293135341657,36670.8708050011
2025-11-25,786,27821.920196102066,37015.79293704759
2025-11-26,779,27990.28862674219,37271.331432331644
2025-11-28,770,28157.046152178777,37474.775169993416
2025-12-01,753,27972.90591040933,37303.685018644435
2025-12-02,749,28003.73675151735,37372.77911822768
2025-12-03,755,28239.117256773498,37502.19346347883
2025-12-04,643,28344.447836295465,37529.611756964245
2025-12-05,643,28381.19299976511,37600.89932002632
2025-12-08,633,28220.357716954608,37487.93595086641
2025-12-09,638,28239.284960238714,37455.58236455362
2025-12-10,802,28592.423313920266,37703.99210353148
2025-12-11,770,28806.41014281018,37791.73064268479
2025-12-12,771,28613.805038443577,37385.39153323097
2025-12-15,764,28499.23474602017,37328.90984865102
2025-12-16,756,28382.83184498661,37226.91379688528
2025-12-17,889,28214.906936341788,36817.2844922132
2025-12-18,889,28256.424685150934,37095.3059881553
2025-12-19,897,28427.283113961425,37321.23272647511
2025-12-22,888,28617.187616961794,37553.73985523141
2025-12-23,853,28576.78228289916,37725.3783724501
2025-12-24,851,28672.211988139305,37858.0829129195
2025-12-26,853,28692.873493403193,37854.244351831534
2025-12-29,839,28588.619661097287,37719.34634788331
2025-12-30,841,28520.076816451412,37673.28361482781
2025-12-31,835,28304.375806209435,37394.1653871463
2026-01-02,835,28425.61939606405,37462.711120859836
2026-01-05,822,28733.135782807523,37712.2175915771
2026-01-06,827,28991.364250267106,37936.49923228778
2026-01-07,715,28745.132358090486,37814.21364334284
2026-01-08,715,28941.293781244072,37810.375082254875
2026-01-09,721,29129.9620475959,38060.42991884185
2026-01-12,699,29280.991648908006,38120.20179864005
2026-01-13,683,29280.708818830324,38043.978942750604
2026-01-14,727,29319.914950468803,37856.98618118008
2026-01-15,853,29421.125676433163,37960.078964685235
2026-01-16,852,29308.295602554343,37928.27374424216
2026-01-20,763,28821.396802130344,37156.17459969292
2026-01-21,799,29179.23539477855,37584.99670980478
2026-01-22,649,29318.721800010077,37781.31169116034
2026-01-23,645,29234.3273259095,37795.02083790305
2026-01-26,645,29257.200708867116,37986.94889230094
2026-01-27,658,29143.45803806352,38138.29787234042
2026-01-28,674,29038.44913925227,38134.45931125247
2026-01-29,674,28951.359135238945,38058.78482123272
2026-01-30,674,28908.844250869904,37945.27308620312
2026-02-02,658,29125.270505849963,38133.910945382755
2026-02-03,658,28799.264790620473,37811.47181399429
2026-02-04,676,28969.30761073403,37628.31761351173
2026-02-05,677,28607.259741582657,37158.36806317175
2026-02-06,687,29171.119557329224,37871.2436937925
2026-02-09,486,29298.29698598668,38053.84952840535
2026-02-10,770,29303.056947292098,37953.49857424873
2026-02-11,770,29251.203909469947,37944.724720333405
2026-02-12,772,28758.82383880521,37358.521605615264
2026-02-13,789,28980.164106090528,37384.84316736126
2026-02-17,645,28887.55334655126,37445.16341302917
2026-02-18,760,29072.97884530364,37633.80127220881
2026-02-19,752,28996.236632172848,37534.54704979162
2026-02-20,752,29115.931959138492,37805.98815529721
2026-02-23,753,28642.42151398842,37419.93858302259
2026-02-24,764,28887.059672216812,37691.9280543979
2026-02-25,769,29038.659807364456,38009.980258828684
2026-02-26,773,29206.32652292637,37798.859398991
2026-02-27,772,29116.953567020417,37617.35029611757
2026-03-02,774,29094.28985102392,37638.73656503619
2026-03-03,774,28854.134456543718,37306.975213862686
2026-03-04,785,29051.175497561846,37570.19083132266
2026-03-05,780,28867.217582883768,37360.7150690941
2026-03-06,783,28486.36104122466,36871.02434744461
2026-03-09,774,28584.071084004278,37194.01184470278
2026-03-10,786,28343.504160590775,37134.23996490458
2026-03-11,1076,28231.422714943314,37087.628865979386
2026-03-12,1133,27740.43680113601,36524.45711778898
2026-03-13,1135,27722.734434823033,36317.723184908966
2026-03-16,979,27953.776667794078,36687.32178109234
2026-03-17,977,28074.370201660215,36783.834174161
2026-03-18,970,27656.538492382653,36270.563720114056
2026-03-19,936,27607.235559909022,36181.1800833516
2026-03-20,937,27246.64466895186,35565.365211669225
2026-03-23,936,27587.123333577005,35938.80236894055
2026-03-24,941,27397.93951293228,35818.16187760473
2026-03-25,940,27504.95882242036,36017.76705417855
2026-03-26,936,27213.824096548986,35374.533889010745
2026-03-27,934,26688.88379690816,34771.33143233165
2026-03-30,916,26737.41032581081,34655.0778679535
2026-03-31,917,27372.15595024869,35662.42597060759
2026-04-01,917,27462.98699717334,35931.12524676464
2026-04-02,916,27551.896344414083,35963.478833077424
2026-04-06,890,27709.70083231784,36133.47225268699
2026-04-07,891,27616.172688041894,36149.37486290853
2026-04-08,923,28240.352313304316,37070.081158148714
2026-04-09,915,28159.878848548145,37283.94384733494
2026-04-10,923,27908.77123771573,37259.26738319807
2026-04-13,923,28479.62784846683,37623.38232068436
2026-04-14,907,28696.089046056204,38081.81618776047
2026-04-15,908,29006.85677261488,38382.3206843606
2026-04-16,821,29107.659477183992,38476.63961395043
2026-04-17,829,29496.24792169325,38941.65387146304
2026-04-20,808,29610.80931753283,38863.785917964466
2026-04-21,808,29381.047019016718,38609.34415441983
2026-04-22,808,29498.005198988583,39000.32901952182
2026-04-23,814,29157.807024763344,38848.98003948235
2026-04-24,814,29271.507391288233,39150.03290195218
2026-04-27,803,29209.95140280426,39217.481903926295
2026-04-28,804,29034.807327174953,39026.65058126782
2026-04-29,802,28901.136078182357,39020.61855670103
2026-04-30,803,29197.79983341237,39408.86159245448
2026-05-01,802,29223.997757402587,39517.986400526424
2026-05-04,810,29053.871619274352,39373.217810923445
2026-05-05,808,29206.36748174168,39689.076551875405
2026-05-06,807,29371.362524305696,40240.73261680193
2026-05-07,788,29369.34529097299,40117.35029611758
2026-05-08,788,29348.919410404873,40448.56328142136
2026-05-11,437,29219.03448938811,40540.68874753235
2026-05-12,435,29168.262718061436,40479.27177012502
2026-05-13,415,29041.867432643463,40705.74687431454
2026-05-14,415,29199.848816095386,41027.08927396359
2026-05-15,414,28906.37339814936,40533.55999122614
2026-05-18,404,29130.856912160278,40505.04496600131
2026-05-19,402,28898.930850864053,40235.24895810484
2026-05-20,401,29350.75711852513,40647.620092125464
2026-05-21,394,29566.331410977855,40728.229874972574
2026-05-22,393,29716.971008143486,40888.35270892739
2026-05-26,387,29755.733862410292,41159.79381443299
2026-05-27,386,29801.207318461315,41152.66505812678
2026-05-28,387,29984.666589404093,41379.688528186
2026-05-29,387,30107.774519617928,41482.78131169116
2026-06-01,387,30274.649676856752,41595.74468085106
2026-06-02,386,30189.18829183618,41652.226365431015
2026-06-03,386,29842.765708808492,41359.9473568765
2026-06-04,379,30189.39621940126,41516.231629743364
2026-06-05,377,29730.656477491702,40444.724720333405
2026-06-08,67,29825.974825024052,40536.301820574685
2026-06-09,58,29997.052959929748,40417.30642684799
2026-06-10,58,29710.737177142175,39780.10528624697
2026-06-11,58,30451.6011084309,40456.24040359727
2026-06-12,58,30514.737968900823,40675.038385610875
2026-06-15,48,30654.259291123122,41392.30094318929
2026-06-16,40,30477.567454953598,41145.536301820575
2026-06-17,39,30263.484558691318,40631.71748190393
2026-06-18,39,30581.455833538763,40948.672954595306
2026-06-22,21,30368.161501271494,40819.80697521386
2026-06-23,21,30351.03081672908,40227.02347005923
2026-06-24,21,30563.55684706844,40208.379030489144
2026-06-25,20,30749.06867134927,40266.50581267822
2026-06-26,20,30808.337234144994,39975.32353586313
2026-06-29,19,31313.650824409295,40633.91094538276
2026-06-30,19,31702.615284044474,40950.31805220443
