Representative,Ticker,Sector,Committees,CommitteeMatch,NumBuys,FirstBuy,LastBuy,TotalTradeUSD,BestScore,AvgScore,BestBuyDate,LobbyUSD_±90d,ContractUSD_180d,DaysToLargestAward,LargestAwardUSD,LargestAwardAgency,StockMove_120d,Confidence
C. Scott Franklin,LMT,defense,House Committee on Appropriations,True,3,2022-09-12,2025-02-18,52003.0,0.8943835353853749,0.7622152248647619,2022-09-12,11242940.0,82444068.53,1.0,52375548.61,DEPARTMENT OF DEFENSE (DOD),0.10426619529906378,HIGH — verify against public record
Ro Khanna,LMT,defense,House Committee on Armed Services,True,17,2017-02-27,2020-05-20,31017.0,0.8887575947632135,0.68960229642979,2019-01-18,17423563.0,2505528032.5,6.0,528044959.0,DEPARTMENT OF DEFENSE (DOD),0.20907130483967906,HIGH — verify against public record
Gilbert Cisneros,PLTR,defense,House Committee on Armed Services,True,8,2025-01-24,2026-04-14,22008.0,0.8826620335590964,0.6772534643710475,2026-04-14,5455000.0,269617217.84999996,3.0,94687811.42,Department of Agriculture,,HIGH — verify against public record
William R. Keating,NOC,defense,House Committee on Armed Services,True,1,2021-03-17,2021-03-17,1001.0,0.8718759237987641,0.8718759237987641,2021-03-17,7855000.0,1638932882.9,7.0,291930500.0,DEPARTMENT OF DEFENSE (DOD),0.17242489615867607,HIGH — verify against public record
Ro Khanna,NOC,defense,House Committee on Armed Services,True,16,2017-04-03,2020-11-03,30016.0,0.8649743078222343,0.6481525956467687,2019-06-03,9255000.0,308527949.59,4.0,194747348.02,DEPARTMENT OF DEFENSE (DOD),0.19824721443930415,HIGH — verify against public record
Ro Khanna,MSFT,fedtech,House Committee on Armed Services; House Committee on Oversight and Government Reform,True,75,2017-02-27,2026-05-21,635075.0,0.8582853542657363,0.6791001712579995,2023-09-06,8855000.0,30994933.31,5.0,16036780.0,Department of State,0.1053232396058641,HIGH — verify against public record
Lois Frankel,GD,defense,House Committee on Appropriations,True,6,2022-05-04,2023-05-24,6006.0,0.8560886654674397,0.7489246934758081,2022-07-20,4137500.0,1002742861.9300001,8.0,562520000.0,DEPARTMENT OF DEFENSE (DOD),0.13750461424880034,HIGH — verify against public record
Josh Gottheimer,MSFT,fedtech,House Permanent Select Committee on Intelligence,True,70,2018-02-06,2026-05-19,18912070.0,0.848469277535163,0.6538304372032253,2021-10-28,7380000.0,4670455.59,1.0,2374491.9,DEPARTMENT OF DEFENSE (DOD),-0.0833667334669339,"MEDIUM — alignment present, award size/timing weaker"
Ro Khanna,BA,defense,House Committee on Armed Services,True,24,2017-07-05,2021-11-02,52024.0,0.8478956192110371,0.6044082930600334,2019-06-03,9280000.0,350741886.53,10.0,295282161.43,DEPARTMENT OF DEFENSE (DOD),0.10637670040426106,HIGH — verify against public record
Ro Khanna,GD,defense,House Committee on Armed Services,True,21,2017-04-03,2020-07-25,49021.0,0.8419262337887563,0.5933265605917208,2018-11-13,7724692.0,718234865.87,14.0,77288868.03,DEPARTMENT OF DEFENSE (DOD),-0.04642381163927156,HIGH — verify against public record
John Boozman,MSFT,fedtech,Senate Committee on Appropriations,True,8,2024-06-20,2026-03-05,8008.0,0.8418673100107704,0.6680390715884508,2024-06-20,6669000.0,21409322.119999997,1.0,8431014.74,Department of Justice,-0.06179044200134609,"MEDIUM — alignment present, award size/timing weaker"
Michael Patrick Guest,ORCL,fedtech,House Committee on Appropriations,True,1,2023-08-07,2023-08-07,1001.0,0.8374626243107062,0.8374626243107062,2023-08-07,8325000.0,27614074.15,4.0,24638342.53,Department of Veterans Affairs,-0.01352282515073211,HIGH — verify against public record
Ro Khanna,ORCL,fedtech,House Committee on Armed Services; House Committee on Oversight and Government Reform,True,49,2017-01-24,2026-05-27,147049.0,0.8369905766060527,0.5784793175941032,2025-01-17,7445000.0,39800830.21000001,5.0,37194885.42,Department of Veterans Affairs,-0.008631931938148263,HIGH — verify against public record
Kevin Hern,JNJ,pharma,House Committee on Ways and Means,True,15,2020-07-27,2024-06-04,313015.0,0.8310634894340807,0.6539781032938398,2021-12-07,4120000.0,17834632.880000003,2.0,290000.0,DEPARTMENT OF DEFENSE (DOD),0.11551175318315354,"MEDIUM — alignment present, award size/timing weaker"
C. Scott Franklin,GD,defense,House Committee on Appropriations,True,2,2024-08-02,2024-08-07,2002.0,0.825284154644338,0.818769494995769,2024-08-07,7805000.0,705150148.65,20.0,99350257.88,Department of Commerce,-0.041856739910157925,HIGH — verify against public record
Gilbert Cisneros,LMT,defense,House Committee on Armed Services,True,3,2025-04-29,2025-11-18,3003.0,0.8225889146794282,0.7072648556603985,2025-08-05,12991240.0,410415698.8399999,21.0,92505324.0,Department of Defense,0.043340183074911165,HIGH — verify against public record
Richard Dean Mccormick,LHX,defense,House Committee on Armed Services,True,2,2023-03-15,2025-11-05,2002.0,0.8224881684985413,0.7254799939162164,2023-03-15,1440000.0,139745352.47,8.0,56000000.0,Department of Commerce,-0.011554935750572759,HIGH — verify against public record
Tommy Tuberville,PFE,pharma,"Senate Committee on Health, Education, Labor, and Pensions",True,4,2022-01-12,2024-02-27,4004.0,0.8199540995978405,0.7033291293642805,2023-06-12,13815000.0,1328716.8400000003,1.0,586224.0,Department of Health and Human Services,-0.16867167919799486,"MEDIUM — alignment present, award size/timing weaker"
Gary Palmer,MSFT,fedtech,House Committee on Oversight and Government Reform,True,3,2017-04-04,2018-08-06,3003.0,0.8193876343932014,0.6449844818470879,2018-08-06,6845000.0,26819992.61,9.0,6229600.96,DEPARTMENT OF DEFENSE (DOD),0.003606769629150186,"MEDIUM — alignment present, award size/timing weaker"
Josh Gottheimer,ORCL,fedtech,House Permanent Select Committee on Intelligence,True,6,2021-05-19,2023-01-11,6006.0,0.8114619440002865,0.6528349901387589,2021-07-23,9540000.0,12022500.0,10.0,12000000.0,DEPARTMENT OF DEFENSE (DOD),0.07891435739537012,HIGH — verify against public record
Angus King,MSFT,fedtech,Senate Select Committee on Intelligence; Senate Committee on Armed Services,True,1,2025-07-21,2025-07-21,1001.0,0.808576753351208,0.808576753351208,2025-07-21,3847500.0,18257598.419999998,9.0,3949570.2,Department of Defense,-0.03189820805395438,"MEDIUM — alignment present, award size/timing weaker"
Shelley Moore Capito,MSFT,fedtech,Senate Committee on Appropriations,True,5,2016-04-19,2020-03-03,5005.0,0.807642116227027,0.5723810146503696,2018-04-24,7112500.0,56546260.339999996,16.0,7023833.83,DEPARTMENT OF DEFENSE (DOD),0.14969931271477654,"MEDIUM — alignment present, award size/timing weaker"
Ro Khanna,ACN,fedtech,House Committee on Armed Services; House Committee on Oversight and Government Reform,True,51,2017-02-27,2026-04-13,233051.0,0.8073250958659838,0.4847352757628718,2026-04-13,2650000.0,41704372.68,11.0,11899229.08,Social Security Administration,,HIGH — verify against public record
Julia Letlow,MSFT,fedtech,House Committee on Appropriations,True,3,2024-10-23,2025-05-08,3003.0,0.8070259813840753,0.7505129609155747,2024-12-06,6770000.0,19746297.53,12.0,7888724.2,Department of Justice,-0.1932276754514507,"MEDIUM — alignment present, award size/timing weaker"
Jerry Moran,XOM,energy,Senate Committee on Appropriations,True,2,2018-12-06,2020-03-10,2002.0,0.8037023606124661,0.5816812198882714,2018-12-06,5720000.0,29527132.269999996,14.0,11253791.37,DEPARTMENT OF DEFENSE (DOD),0.0523025896160223,HIGH — verify against public record
Carol Devine Miller,PFE,pharma,House Committee on Ways and Means,True,2,2019-08-14,2023-03-03,16002.0,0.8000331069343075,0.5943777686401446,2023-03-03,14430000.0,189113656.02,27.0,188215349.18,Department of Health and Human Services,-0.10935601458080191,HIGH — verify against public record
Lloyd Doggett,JNJ,pharma,House Committee on Ways and Means,True,17,2019-06-12,2026-06-09,17017.0,0.798920406378593,0.6638183700258301,2022-09-06,4730000.0,2601015.14,6.0,275264.0,DEPARTMENT OF DEFENSE (DOD),0.10387302365485951,"MEDIUM — alignment present, award size/timing weaker"
Shelley Moore Capito,JNJ,pharma,Senate Committee on Appropriations,True,5,2016-04-19,2020-03-03,5005.0,0.7987182275025618,0.5468962297922924,2018-04-05,6060000.0,13512055.29,13.0,279909.44,DEPARTMENT OF DEFENSE (DOD),0.009486649835513505,"MEDIUM — alignment present, award size/timing weaker"
Pete Sessions,MSFT,fedtech,House Committee on Oversight and Government Reform,True,15,2015-06-12,2024-12-18,15015.0,0.7975455724767028,0.556404591774074,2021-09-08,7265000.0,59621419.089999996,20.0,33979056.0,DEPARTMENT OF DEFENSE (DOD),0.04553479231204838,HIGH — verify against public record
Dan Sullivan,MSFT,fedtech,Senate Committee on Armed Services,True,2,2022-11-22,2022-11-30,16002.0,0.7972171497522654,0.776149771712783,2022-11-30,6590000.0,13785804.71,22.0,3697577.0,DEPARTMENT OF JUSTICE (DOJ),0.11331033942149427,"MEDIUM — alignment present, award size/timing weaker"
Bill Cassidy,XOM,energy,Senate Committee on Energy and Natural Resources,True,4,2014-12-16,2019-01-25,4004.0,0.793131700162407,0.6005437575437951,2019-01-25,6250000.0,17108380.44,16.0,3894207.62,DEPARTMENT OF DEFENSE (DOD),0.012409369771333001,"MEDIUM — alignment present, award size/timing weaker"
Gilbert Cisneros,ACN,fedtech,House Committee on Armed Services,True,3,2025-12-19,2026-06-16,3003.0,0.7855355511066576,0.7648396779447091,2025-12-19,2470000.0,203423137.68999997,25.0,151939116.0,Department of Defense,-0.2835261707988981,HIGH — verify against public record
Richard Dean Mccormick,NEE,energy,"House Committee on Science, Space, and Technology",True,2,2023-03-15,2025-11-05,2002.0,0.7773743543565663,0.5692844348376618,2025-11-05,5958000.0,1939457.52,13.0,1431019.15,Department of Veterans Affairs,0.10944728512296065,"MEDIUM — alignment present, award size/timing weaker"
Ro Khanna,IBM,fedtech,House Committee on Armed Services; House Committee on Oversight and Government Reform,True,38,2017-05-02,2026-05-27,136038.0,0.7757936488169253,0.4470639679874527,2023-03-14,2680000.0,167106949.82999998,38.0,58795728.0,Department of Veterans Affairs,0.06570397111913362,HIGH — verify against public record
Kevin Hern,RTX,defense,,False,12,2020-07-27,2024-06-13,310012.0,0.7736520485120252,0.5779516654124858,2021-09-23,8570000.0,2109597191.5300002,6.0,627062332.0,DEPARTMENT OF DEFENSE (DOD),0.005302593659942234,LOW — no committee link; likely just a widely-held stock
Ro Khanna,PLTR,defense,House Committee on Armed Services,True,14,2022-05-03,2026-05-21,42014.0,0.7688332991618235,0.6688436385021593,2025-08-26,4480000.0,58023719.8,29.0,14244448.96,Department of the Treasury,0.20699944054205255,HIGH — verify against public record
Gilbert Cisneros,MSFT,fedtech,House Committee on Armed Services,True,10,2020-03-18,2026-05-15,150010.0,0.7662144884576997,0.6434833688926518,2026-05-15,3272500.0,22858531.619999997,38.0,8148580.17,Department of Justice,,"MEDIUM — alignment present, award size/timing weaker"
Gilbert Cisneros,NOC,defense,House Committee on Armed Services,True,1,2025-05-30,2025-05-30,1001.0,0.7655528674348768,0.7655528674348768,2025-05-30,5355000.0,429209278.94,41.0,45134321.0,Department of Defense,0.22530272087794212,HIGH — verify against public record
Michael Patrick Guest,MSFT,fedtech,House Committee on Appropriations,True,1,2023-08-07,2023-08-07,1001.0,0.764315578888383,0.764315578888383,2023-08-07,16120000.0,35950057.31,35.0,16036780.0,Department of State,0.128472327406016,HIGH — verify against public record
Richard W. Allen,JNJ,pharma,House Committee on Energy and Commerce,True,2,2019-10-02,2021-05-04,16002.0,0.7580086068749361,0.5570776857296631,2021-05-04,4500000.0,34168780.17,41.0,571018.22,DEPARTMENT OF DEFENSE (DOD),0.035584431066340905,"MEDIUM — alignment present, award size/timing weaker"
Tommy Tuberville,MSFT,fedtech,Senate Committee on Armed Services,True,7,2021-02-03,2022-11-23,519007.0,0.7574841497551832,0.6759293406990948,2022-11-23,6590000.0,13626704.71,29.0,3697577.0,DEPARTMENT OF JUSTICE (DOJ),0.12149608207448104,"MEDIUM — alignment present, award size/timing weaker"
Tommy Tuberville,JNJ,pharma,"Senate Committee on Health, Education, Labor, and Pensions",True,1,2021-09-30,2021-09-30,1001.0,0.7558279613352348,0.7558279613352348,2021-09-30,4010000.0,19767795.37,29.0,409788.09,DEPARTMENT OF DEFENSE (DOD),0.06371517027863782,"MEDIUM — alignment present, award size/timing weaker"
Donna Shalala,LMT,defense,,False,2,2019-02-05,2019-05-20,2002.0,0.7524360560734713,0.7041570242966224,2019-02-05,18093563.0,1939786586.24,1.0,488419750.0,DEPARTMENT OF DEFENSE (DOD),0.17778668269551856,LOW — no committee link; likely just a widely-held stock
Diana Harshbarger,JNJ,pharma,House Committee on Energy and Commerce,True,3,2022-04-25,2022-06-08,3003.0,0.7446425450909092,0.6987249351790422,2022-06-08,4750000.0,17407210.48,34.0,585202.15,DEPARTMENT OF DEFENSE (DOD),-0.08669900722021662,"MEDIUM — alignment present, award size/timing weaker"
Bob Gibbs,BA,defense,,False,5,2017-01-30,2019-12-17,47005.0,0.7440741028312097,0.47789967985610804,2019-06-11,9280000.0,325837733.69000006,2.0,295282161.43,DEPARTMENT OF DEFENSE (DOD),0.07336902069676232,LOW — no committee link; likely just a widely-held stock
John Boozman,PLTR,defense,Senate Committee on Appropriations,True,1,2026-05-15,2026-05-15,1001.0,0.7433442888624573,0.7433442888624573,2026-05-15,3000000.0,84744629.78,40.0,45848616.8,Department of Homeland Security,,HIGH — verify against public record
Gilbert Cisneros,BA,defense,House Committee on Armed Services,True,4,2019-08-14,2025-12-19,4004.0,0.7412559528536979,0.5896480625326006,2025-05-30,6840000.0,1156125860.9299998,61.0,200887330.0,Department of Defense,0.047076982442600945,HIGH — verify against public record
Julia Letlow,ACN,fedtech,House Committee on Appropriations,True,2,2024-10-23,2025-04-22,2002.0,0.7374761626562164,0.6764882929435578,2024-10-23,2180000.0,102090923.48000002,42.0,32294050.29,Department of Health and Human Services,0.03834012357337491,HIGH — verify against public record
Josh Gottheimer,IBM,fedtech,House Permanent Select Committee on Intelligence,True,9,2022-05-26,2025-03-10,9009.0,0.7362811548920635,0.6012538931107164,2024-10-10,3000000.0,166085775.32000002,47.0,120024000.04,General Services Administration,0.0829113380825679,HIGH — verify against public record
C. Scott Franklin,MRK,pharma,House Committee on Appropriations,True,2,2024-08-02,2024-08-07,2002.0,0.73604609216472,0.7314465917630173,2024-08-07,6180000.0,154256288.10999998,51.0,153000000.0,Department of Health and Human Services,-0.0794737309983109,HIGH — verify against public record
Patrick Fallon,MSFT,fedtech,House Permanent Select Committee on Intelligence; House Committee on Armed Services; House Committee on Oversight and Government Reform,True,3,2021-01-19,2021-05-26,1000003.0,0.7331365760271783,0.6991455238357749,2021-02-23,6965000.0,18553682.45,66.0,6872057.0,DEPARTMENT OF DEFENSE (DOD),0.13720152612852043,"MEDIUM — alignment present, award size/timing weaker"
Lois Frankel,PFE,pharma,House Committee on Appropriations,True,8,2017-02-22,2023-06-28,8008.0,0.7321008227457678,0.5729808383776933,2023-02-01,9360000.0,189848982.02,57.0,188215349.18,Department of Health and Human Services,-0.13531953604730484,HIGH — verify against public record
Ro Khanna,MRK,pharma,,False,62,2017-01-24,2026-03-10,321062.0,0.7313699694757336,0.3583515621803913,2023-03-24,6400000.0,484449130.84999996,6.0,483275481.39,Department of Health and Human Services,0.03807251908396947,LOW — no committee link; likely just a widely-held stock
Suzan K. Delbene,MSFT,fedtech,,False,38,2015-08-31,2022-02-09,28736038.0,0.7305023801934847,0.4112041914440859,2018-08-29,6847500.0,15794812.940000001,2.0,2535628.0,DEPARTMENT OF DEFENSE (DOD),-0.09676843420817705,LOW — no committee link; likely just a widely-held stock
William R. Keating,MSFT,fedtech,House Committee on Armed Services,True,4,2021-03-17,2025-02-05,4004.0,0.7297185530289693,0.6675734048090524,2021-03-17,6975000.0,21465425.98,44.0,6872057.0,DEPARTMENT OF DEFENSE (DOD),0.1855804927438407,"MEDIUM — alignment present, award size/timing weaker"
Diana Harshbarger,RTX,defense,,False,4,2021-10-28,2022-06-10,4004.0,0.7281199846921539,0.5935766233866996,2022-06-10,7110000.0,1361779720.34,4.0,634522630.0,DEPARTMENT OF DEFENSE (DOD),-0.11865116766153527,LOW — no committee link; likely just a widely-held stock
Blake Moore,JNJ,pharma,House Committee on Ways and Means,True,5,2021-02-24,2021-04-30,5005.0,0.7275396407855178,0.660126448530219,2021-04-30,4500000.0,33628484.72,45.0,571018.22,DEPARTMENT OF DEFENSE (DOD),0.06716647207030046,"MEDIUM — alignment present, award size/timing weaker"
Kurt Schrader,LMT,defense,,False,1,2021-03-15,2021-03-15,15001.0,0.7271445243106059,0.7271445243106059,2021-03-15,7741756.0,4037337002.3100004,16.0,610465499.0,DEPARTMENT OF DEFENSE (DOD),0.09073063710631901,LOW — no committee link; likely just a widely-held stock
Josh Gottheimer,NOC,defense,House Permanent Select Committee on Intelligence,True,3,2023-09-26,2024-07-19,17003.0,0.726908175959136,0.6761276731515058,2024-07-19,5757500.0,9424784.61,40.0,2493567.0,National Aeronautics and Space Administration,0.11586062017627996,"MEDIUM — alignment present, award size/timing weaker"
Lois Frankel,NOC,defense,House Committee on Appropriations,True,8,2015-01-07,2021-01-13,8008.0,0.7264573513050803,0.4397399361753725,2021-01-13,5325000.0,1464295151.2999997,70.0,291930500.0,DEPARTMENT OF DEFENSE (DOD),0.23575769718827222,HIGH — verify against public record
Gilbert Cisneros,LHX,defense,House Committee on Armed Services,True,3,2020-04-29,2025-05-30,3003.0,0.7261459755984729,0.6131854549146468,2025-05-30,1400000.0,419754855.38,53.0,41244612.0,Department of Defense,0.2153147253826635,HIGH — verify against public record
Kevin Hern,LMT,defense,,False,13,2019-10-15,2024-06-28,161013.0,0.7261359271469179,0.5068490118387188,2021-08-25,8462890.0,2822380242.09,21.0,394728591.0,DEPARTMENT OF DEFENSE (DOD),-0.0326968641114983,LOW — no committee link; likely just a widely-held stock
Michael Patrick Guest,CVX,energy,House Committee on Appropriations,True,1,2023-08-07,2023-08-07,1001.0,0.7255377401041962,0.7255377401041962,2023-08-07,4200000.0,31325.0,14.0,31325.0,General Services Administration,-0.1065107261242102,"MEDIUM — alignment present, award size/timing weaker"
Dwight Evans,PFE,pharma,House Committee on Ways and Means,True,1,2018-08-17,2018-08-17,1001.0,0.7253314974133988,0.7253314974133988,2018-08-17,10200000.0,1069634.49,33.0,443481.61,DEPARTMENT OF DEFENSE (DOD),0.024233784746970688,"MEDIUM — alignment present, award size/timing weaker"
Ro Khanna,PFE,pharma,,False,87,2017-02-06,2026-05-15,669087.0,0.7239257742512035,0.41775739301251624,2024-03-20,8000000.0,340519421.84999996,8.0,339830553.64,Department of Health and Human Services,0.072563176895307,LOW — no committee link; likely just a widely-held stock
Cleo Fields,MSFT,fedtech,,False,9,2025-06-03,2026-06-11,568009.0,0.7238152346372624,0.6101024053561719,2025-07-28,6395000.0,18220098.419999998,2.0,3949570.2,Department of Defense,-0.06928780487804875,LOW — no committee link; likely just a widely-held stock
Ritchie John Torres,ORCL,fedtech,,False,1,2024-09-26,2024-09-26,1001.0,0.723487185734389,0.723487185734389,2024-09-26,7625000.0,338589282.78000003,1.0,299999848.61,Department of Veterans Affairs,0.09220701963117195,LOW — no committee link; likely just a widely-held stock
Ron Wyden,MSFT,fedtech,Senate Select Committee on Intelligence,True,7,2020-06-17,2020-07-31,225007.0,0.7206093406427755,0.67526770209297,2020-07-31,6915000.0,7916815.74,60.0,3912274.53,DEPARTMENT OF STATE (DOS),0.04419296619677082,"MEDIUM — alignment present, award size/timing weaker"
John A. Yarmuth,NOC,defense,,False,1,2021-09-23,2021-09-23,1001.0,0.7166649493479167,0.7166649493479167,2021-09-23,4390000.0,1058716839.3699999,5.0,169603862.0,DEPARTMENT OF DEFENSE (DOD),0.13650223704083664,LOW — no committee link; likely just a widely-held stock
Ritchie John Torres,MRK,pharma,,False,1,2024-09-26,2024-09-26,1001.0,0.7125786379637964,0.7125786379637964,2024-09-26,6210000.0,154481193.29999995,1.0,153000000.0,Department of Health and Human Services,-0.155097709788664,LOW — no committee link; likely just a widely-held stock
Patrick Fallon,CVX,energy,,False,5,2021-02-23,2021-06-29,450005.0,0.7112366646475083,0.6133262884203231,2021-04-20,3590000.0,104332990.8,10.0,53515839.09,DEPARTMENT OF DEFENSE (DOD),-0.045692292509622034,LOW — no committee link; likely just a widely-held stock
Jerry Moran,ABBV,pharma,Senate Committee on Appropriations,True,1,2018-12-06,2018-12-06,1001.0,0.7096983160101206,0.7096983160101206,2018-12-06,2990000.0,77763.96,22.0,13088.16,DEPARTMENT OF VETERANS AFFAIRS (VA),-0.07616517214657359,"MEDIUM — alignment present, award size/timing weaker"
Ro Khanna,XOM,energy,,False,36,2017-05-08,2025-05-09,183036.0,0.7092012775778502,0.42490534810995706,2018-12-17,5720000.0,29772360.69999999,3.0,11253791.37,DEPARTMENT OF DEFENSE (DOD),0.09670448406266874,LOW — no committee link; likely just a widely-held stock
Markwayne Mullin,LHX,defense,,False,2,2025-02-13,2025-05-13,30002.0,0.7083391408855161,0.6196540395292248,2025-05-13,1400000.0,512090490.71,8.0,76888344.75,Department of Defense,0.26226129962906986,LOW — no committee link; likely just a widely-held stock
John Boozman,RTX,defense,Senate Committee on Appropriations,True,1,2025-05-30,2025-05-30,1001.0,0.7061495151769546,0.7061495151769546,2025-05-30,610000.0,688709158.18,62.0,96311341.38,Department of Defense,0.19893024618991806,HIGH — verify against public record
Marjorie Taylor Greene,PLTR,defense,,False,4,2025-02-12,2025-07-15,4004.0,0.7048846265220402,0.545743868034089,2025-07-15,4950000.0,96842953.79999998,1.0,19554395.0,Department of Defense,0.23953425763898228,LOW — no committee link; likely just a widely-held stock
Bill Hagerty,BA,defense,Senate Committee on Appropriations,True,1,2021-06-08,2021-06-08,1001.0,0.7035364078371883,0.7035364078371883,2021-06-08,8112500.0,3041253866.59,97.0,238527268.77,DEPARTMENT OF DEFENSE (DOD),-0.10986706757398312,HIGH — verify against public record
Richard W. Allen,PFE,pharma,House Committee on Energy and Commerce,True,1,2021-07-15,2021-07-15,15001.0,0.7019494867648082,0.7019494867648082,2021-07-15,3900000.0,9237975087.869999,125.0,5737132500.0,DEPARTMENT OF DEFENSE (DOD),0.2404589673235218,"MEDIUM — alignment present, award size/timing weaker"
Michael T. McCaul,MSFT,fedtech,,False,20,2015-09-02,2026-01-30,759020.0,0.7012119277117973,0.3910661490675506,2018-08-06,6845000.0,26819992.61,9.0,6229600.96,DEPARTMENT OF DEFENSE (DOD),0.003606769629150186,LOW — no committee link; likely just a widely-held stock
John A. Yarmuth,BA,defense,,False,3,2015-07-31,2018-10-12,3003.0,0.7010299071644943,0.4686785475217814,2018-10-12,9250000.0,1052533958.4200001,13.0,122599734.0,DEPARTMENT OF DEFENSE (DOD),0.12174057926744597,LOW — no committee link; likely just a widely-held stock
Kurt Schrader,JNJ,pharma,,False,1,2021-06-08,2021-06-08,15001.0,0.6989284124818159,0.6989284124818159,2021-06-08,4500000.0,35761580.94,6.0,571018.22,DEPARTMENT OF DEFENSE (DOD),-0.02129873309260044,LOW — no committee link; likely just a widely-held stock
Katie Britt,MSFT,fedtech,Senate Committee on Appropriations,True,1,2025-04-14,2025-04-14,1001.0,0.698745517925192,0.698745517925192,2025-04-14,6415000.0,45896830.14,65.0,14312199.47,Department of State,0.36468889404605354,HIGH — verify against public record
Gilbert Cisneros,RTX,defense,House Committee on Armed Services,True,2,2020-12-22,2026-01-09,2002.0,0.6961902135501185,0.6290318650049501,2020-12-22,5570000.0,1676961956.5600002,94.0,291502486.0,DEPARTMENT OF DEFENSE (DOD),0.13891696750902538,HIGH — verify against public record
Michael T. McCaul,CVX,energy,,False,17,2014-02-19,2025-06-05,695017.0,0.6950501399700629,0.41022455153592763,2020-10-05,3650000.0,6727433.53,8.0,1095387.72,DEPARTMENT OF DEFENSE (DOD),0.1975240715268225,LOW — no committee link; likely just a widely-held stock
Lisa Mcclain,MSFT,fedtech,,False,4,2024-12-11,2025-10-30,32004.0,0.6950271173229987,0.6373594493832327,2025-06-09,6687500.0,38297649.84,9.0,14312199.47,Department of State,0.10836594394500265,LOW — no committee link; likely just a widely-held stock
Julia Letlow,IBM,fedtech,House Committee on Appropriations,True,2,2025-10-22,2026-02-02,2002.0,0.6948330479953294,0.6386686937206564,2026-02-02,1410000.0,45710917.62,57.0,11842802.72,General Services Administration,0.04607123566231364,HIGH — verify against public record
Thomas Suozzi,BA,defense,,False,7,2018-04-17,2022-03-04,77007.0,0.6921934983095337,0.4352787751020137,2018-10-01,9250000.0,961121947.1,24.0,122599734.0,DEPARTMENT OF DEFENSE (DOD),-0.04546286850296899,LOW — no committee link; likely just a widely-held stock
John Boozman,LLY,pharma,Senate Committee on Appropriations,True,2,2025-08-11,2025-08-22,2002.0,0.6917006663135171,0.68123361727447,2025-08-22,22475000.0,229740.8,45.0,229740.8,Department of Veterans Affairs,0.5125899280575541,"MEDIUM — alignment present, award size/timing weaker"
Cleo Fields,PLTR,defense,,False,6,2025-06-25,2025-10-10,266006.0,0.6916281963409385,0.6008504113617675,2025-06-30,4920000.0,101724025.04999998,16.0,19554395.0,Department of Defense,0.39084507042253525,LOW — no committee link; likely just a widely-held stock
Ro Khanna,CVX,energy,,False,18,2017-02-27,2025-06-20,123018.0,0.69103072022098,0.4895436661742226,2025-06-20,5950000.0,40684857.82,3.0,4380984.72,Department of Defense,0.03296556335673673,LOW — no committee link; likely just a widely-held stock
Patrick Fallon,BA,defense,House Permanent Select Committee on Intelligence; House Committee on Armed Services,True,3,2021-01-19,2021-04-05,300003.0,0.6897289235480137,0.685385562816116,2021-04-05,8114500.0,3238771657.1,161.0,238527268.77,DEPARTMENT OF DEFENSE (DOD),-0.11671036397285628,"MEDIUM — alignment present, award size/timing weaker"
Greg Gianforte,XOM,energy,,False,1,2019-01-28,2019-01-28,100001.0,0.6891097731891003,0.6891097731891003,2019-01-28,6250000.0,17108380.44,13.0,3894207.62,DEPARTMENT OF DEFENSE (DOD),0.019230769230769384,LOW — no committee link; likely just a widely-held stock
Earl Blumenauer,XOM,energy,,False,1,2018-02-28,2018-02-28,1001.0,0.6869268148788967,0.6869268148788967,2018-02-28,6240000.0,63568101.099999994,6.0,18646803.61,DEPARTMENT OF DEFENSE (DOD),0.08225508317929764,LOW — no committee link; likely just a widely-held stock
John Mcguire,MSFT,fedtech,House Committee on Armed Services; House Committee on Oversight and Government Reform,True,2,2026-01-21,2026-04-15,2002.0,0.686622493326274,0.6444116480203147,2026-04-15,6555000.0,22858531.619999997,68.0,8148580.17,Department of Justice,,"MEDIUM — alignment present, award size/timing weaker"
Jerry Moran,CVX,energy,Senate Committee on Appropriations,True,1,2020-08-21,2020-08-21,1001.0,0.6840665781306624,0.6840665781306624,2020-08-21,3650000.0,3210661.23,53.0,1095387.72,DEPARTMENT OF DEFENSE (DOD),0.011871180065820441,"MEDIUM — alignment present, award size/timing weaker"
Abigail Spanberger,LHX,defense,,False,1,2022-09-01,2022-09-01,1001.0,0.6835160217074122,0.6835160217074122,2022-09-01,2240000.0,136975882.47,6.0,87228043.0,DEPARTMENT OF DEFENSE (DOD),-0.0847509780649699,LOW — no committee link; likely just a widely-held stock
Lisa Mcclain,CVX,energy,,False,1,2025-06-17,2025-06-17,1001.0,0.6830077242748969,0.6830077242748969,2025-06-17,5950000.0,46646316.38,6.0,4380984.72,Department of Defense,0.021901242861941617,LOW — no committee link; likely just a widely-held stock
Dan Newhouse,ACN,fedtech,House Committee on Appropriations,True,1,2024-04-10,2024-04-10,1001.0,0.6824993857495242,0.6824993857495242,2024-04-10,2420000.0,153389718.76999998,77.0,29619221.01,Department of the Treasury,-0.026263871763255175,HIGH — verify against public record
John Rutherford,RTX,defense,House Committee on Appropriations,True,1,2022-02-24,2022-02-24,1001.0,0.6807087463335965,0.6807087463335965,2022-02-24,7430000.0,1448016667.77,110.0,634522630.0,DEPARTMENT OF DEFENSE (DOD),-0.0005305039787798504,HIGH — verify against public record
Daniel Goldman,PFE,pharma,,False,1,2023-03-06,2023-03-06,15001.0,0.6795919760326227,0.6795919760326227,2023-03-06,14430000.0,189113656.02,24.0,188215349.18,Department of Health and Human Services,-0.11311116516662612,LOW — no committee link; likely just a widely-held stock
John Boozman,PFE,pharma,Senate Committee on Appropriations,True,1,2023-12-20,2023-12-20,1001.0,0.6784295417492485,0.6784295417492485,2023-12-20,8860000.0,339861928.64,99.0,339830553.64,Department of Health and Human Services,-0.08107129931234158,HIGH — verify against public record
Roger W. Marshall,MSFT,fedtech,,False,3,2018-08-07,2020-09-03,3003.0,0.6768351823474565,0.6533726320724144,2018-08-22,6847500.0,22824419.34,6.0,3421477.44,DEPARTMENT OF DEFENSE (DOD),-0.05184008966934428,LOW — no committee link; likely just a widely-held stock
Christopher L. Jacobs,XOM,energy,,False,3,2022-07-18,2022-11-08,3003.0,0.6765884454432357,0.3627326619448499,2022-07-18,3990000.0,9054990.0,1.0,9054990.0,DEPARTMENT OF DEFENSE (DOD),0.3255516840882695,LOW — no committee link; likely just a widely-held stock
Gilbert Cisneros,IBM,fedtech,House Committee on Armed Services,True,4,2020-04-29,2026-04-14,18004.0,0.6765806357616404,0.5210574643892893,2026-04-14,1410000.0,23741111.819999997,78.0,8803092.53,Department of the Treasury,,"MEDIUM — alignment present, award size/timing weaker"
Michael T. McCaul,MRK,pharma,,False,14,2016-01-26,2025-05-19,614014.0,0.6746857234765199,0.3941479798471494,2021-04-28,5746000.0,1208041510.2,40.0,1207999848.0,DEPARTMENT OF DEFENSE (DOD),-0.006745362563237878,LOW — no committee link; likely just a widely-held stock
Julia Letlow,BAH,fedtech,House Committee on Appropriations,True,1,2024-10-23,2024-10-23,1001.0,0.6740816636618303,0.6740816636618303,2024-10-23,1260000.0,108401060.45,75.0,16285359.0,Department of Veterans Affairs,-0.3040548817836579,HIGH — verify against public record
Julie Johnson,CVX,energy,,False,1,2025-07-25,2025-07-25,1001.0,0.673832022691666,0.673832022691666,2025-07-25,5310000.0,22656251.98,6.0,3548936.16,Department of Defense,-0.0328726427279773,LOW — no committee link; likely just a widely-held stock
Susie Lee,NOC,defense,House Committee on Appropriations,True,1,2019-01-30,2019-01-30,1001.0,0.6733858350113721,0.6733858350113721,2019-01-30,9286000.0,1264562738.46,119.0,237597723.0,DEPARTMENT OF DEFENSE (DOD),0.10323338793533221,HIGH — verify against public record
Valerie Hoyle,MSFT,fedtech,,False,4,2024-10-29,2025-06-09,18004.0,0.6730012835295628,0.593540962355592,2025-06-09,6687500.0,38297649.84,9.0,14312199.47,Department of State,0.10836594394500265,LOW — no committee link; likely just a widely-held stock
Jared Moskowitz,MSFT,fedtech,,False,2,2023-07-14,2023-09-01,2002.0,0.6720154568622125,0.618519479503882,2023-09-01,8855000.0,34262553.31,10.0,16036780.0,Department of State,0.12843059696951253,LOW — no committee link; likely just a widely-held stock
Sheldon Whitehouse,MSFT,fedtech,,False,2,2016-01-06,2024-06-13,2002.0,0.669666361841603,0.44019375463022714,2024-06-13,6669000.0,21409322.119999997,8.0,8431014.74,Department of Justice,-0.05720367770279444,LOW — no committee link; likely just a widely-held stock
Richard Dean Mccormick,MSFT,fedtech,House Committee on Armed Services; House Committee on Oversight and Government Reform,True,3,2023-03-15,2026-03-19,3003.0,0.6686002113246455,0.6395237010711812,2025-11-05,6255000.0,8059419.9,72.0,2207391.0,Department of Transportation,-0.19023582301443331,"MEDIUM — alignment present, award size/timing weaker"
Michael Patrick Guest,JNJ,pharma,House Committee on Appropriations,True,1,2023-08-07,2023-08-07,1001.0,0.6684990623070973,0.6684990623070973,2023-08-07,4230000.0,392219.2,50.0,108023.24,Department of Veterans Affairs,-0.08405545927209701,"MEDIUM — alignment present, award size/timing weaker"
HON. GREG STANTON,ORCL,fedtech,,False,1,2023-09-26,2023-09-26,1001.0,0.6683102978207739,0.6683102978207739,2023-09-26,8325000.0,3547036.58,3.0,2597015.58,Department of Health and Human Services,0.0899122807017545,LOW — no committee link; likely just a widely-held stock
Ro Khanna,JNJ,pharma,,False,57,2017-04-03,2026-04-13,435057.0,0.6675889694522746,0.45962787461439597,2019-06-03,4650000.0,812696.2500000001,3.0,111045.0,DEPARTMENT OF VETERANS AFFAIRS (VA),-0.011031649421789358,LOW — no committee link; likely just a widely-held stock
Kathy Manning,XOM,energy,,False,2,2022-07-15,2022-08-05,2002.0,0.6668619503859677,0.4358560743108397,2022-07-15,3990000.0,9054990.0,4.0,9054990.0,DEPARTMENT OF DEFENSE (DOD),0.3410220014194463,LOW — no committee link; likely just a widely-held stock
Julie Johnson,MRK,pharma,,False,2,2025-01-17,2025-06-13,2002.0,0.665415626465694,0.5455955137022852,2025-06-13,10630000.0,2101355.6399999997,3.0,1854638.73,Department of Health and Human Services,0.048831232407294145,LOW — no committee link; likely just a widely-held stock
Dan Newhouse,RTX,defense,House Committee on Appropriations,True,1,2024-04-10,2024-04-10,1001.0,0.66533741651363,0.66533741651363,2024-04-10,1190000.0,76390474.47,78.0,50200000.0,National Aeronautics and Space Administration,0.1355564325177585,HIGH — verify against public record
C. Scott Franklin,JNJ,pharma,House Committee on Appropriations,True,2,2024-08-02,2024-08-07,2002.0,0.6641431380577238,0.6595436376560213,2024-08-07,4580000.0,287928.97000000003,51.0,90300.0,Department of Veterans Affairs,-0.05903083700440526,"MEDIUM — alignment present, award size/timing weaker"
Markwayne Mullin,RTX,defense,,False,3,2023-09-13,2025-12-29,31003.0,0.6639363437207055,0.583465281467014,2025-12-29,550000.0,23301814.380000003,8.0,10948099.73,Department of Transportation,-0.047391823012688294,LOW — no committee link; likely just a widely-held stock
John Fetterman,MSFT,fedtech,Senate Committee on Homeland Security and Governmental Affairs,True,2,2026-03-27,2026-03-30,2002.0,0.6637571722166498,0.661882631681388,2026-03-30,6605000.0,22858531.619999997,84.0,8148580.17,Department of Justice,,"MEDIUM — alignment present, award size/timing weaker"
Dwight Evans,MSFT,fedtech,,False,1,2018-08-17,2018-08-17,1001.0,0.6615362867756688,0.6615362867756688,2018-08-17,6845000.0,22557603.0,11.0,3421477.44,DEPARTMENT OF DEFENSE (DOD),-0.04359546384086255,LOW — no committee link; likely just a widely-held stock
Daniel Goldman,MSFT,fedtech,,False,2,2023-03-06,2023-04-10,65002.0,0.6614059485029267,0.5734333486164515,2023-03-06,13942000.0,15029892.95,24.0,3243967.0,Department of Homeland Security,0.3164246506014714,LOW — no committee link; likely just a widely-held stock
Shelley Moore Capito,ACN,fedtech,Senate Committee on Appropriations,True,4,2017-10-25,2023-09-22,4004.0,0.661391142857708,0.3008684550743702,2023-09-22,2095000.0,293947899.52,98.0,40429213.05,Department of Veterans Affairs,0.1617260906703788,HIGH — verify against public record
Julia Letlow,PFE,pharma,House Committee on Appropriations,True,1,2025-06-17,2025-06-17,1001.0,0.6613492813302148,0.6613492813302148,2025-06-17,20270000.0,907516.0499999999,70.0,787274.8,Department of Defense,0.016250000000000098,"MEDIUM — alignment present, award size/timing weaker"
C. Scott Franklin,MSFT,fedtech,House Committee on Appropriations,True,2,2022-09-13,2024-08-07,16002.0,0.6607891923749666,0.635856451688346,2022-09-13,6520000.0,13633204.91,100.0,3697577.0,DEPARTMENT OF JUSTICE (DOJ),-0.06436763363625542,"MEDIUM — alignment present, award size/timing weaker"
John James,ABBV,pharma,House Committee on Energy and Commerce,True,1,2023-11-10,2023-11-10,1001.0,0.6589725143728491,0.6589725143728491,2023-11-10,2330000.0,47933.0,40.0,47933.0,Department of Health and Human Services,0.2961252615628833,"MEDIUM — alignment present, award size/timing weaker"
Josh Gottheimer,RTX,defense,House Permanent Select Committee on Intelligence,True,1,2025-04-23,2025-04-23,1001.0,0.6568329254169349,0.6568329254169349,2025-04-23,670000.0,713411550.9,99.0,96311341.38,Department of Defense,0.29963418689723964,HIGH — verify against public record
William R. Keating,BA,defense,House Committee on Armed Services,True,2,2021-03-17,2021-04-14,2002.0,0.6567520225577907,0.6474437302222826,2021-04-14,8114500.0,3013657879.2799997,152.0,238527268.77,DEPARTMENT OF DEFENSE (DOD),-0.05645129342788102,"MEDIUM — alignment present, award size/timing weaker"
Lisa Mcclain,NOC,defense,,False,1,2025-06-17,2025-06-17,1001.0,0.6563522087922701,0.6563522087922701,2025-06-17,5355000.0,380310164.49,23.0,45134321.0,Department of Defense,0.20826636506141227,LOW — no committee link; likely just a widely-held stock
Donna Shalala,JNJ,pharma,,False,1,2019-05-20,2019-05-20,1001.0,0.6557874316244214,0.6557874316244214,2019-05-20,4650000.0,2077272.58,3.0,145000.0,DEPARTMENT OF DEFENSE (DOD),-0.06321340846698453,LOW — no committee link; likely just a widely-held stock
Shelley Moore Capito,GD,defense,Senate Committee on Appropriations,True,3,2016-04-19,2018-04-24,3003.0,0.6556424198495723,0.5527387664183627,2018-04-24,7580362.0,390951156.88,122.0,32472125.0,DEPARTMENT OF DEFENSE (DOD),-0.13305107647959646,"MEDIUM — alignment present, award size/timing weaker"
Michael Patrick Guest,XOM,energy,House Committee on Appropriations,True,2,2021-01-22,2023-08-07,2002.0,0.6546396962376472,0.503706273625308,2021-01-22,3900000.0,1816610.27,67.0,228264.04,DEPARTMENT OF DEFENSE (DOD),0.2567994939911449,"MEDIUM — alignment present, award size/timing weaker"
Kevin Hern,MSFT,fedtech,,False,16,2019-10-15,2022-12-08,627016.0,0.6520010371372656,0.5051461533984929,2022-06-09,6980000.0,20473670.13,14.0,4799642.8,DEPARTMENT OF DEFENSE (DOD),-0.11537444767551652,LOW — no committee link; likely just a widely-held stock
Ritchie John Torres,LMT,defense,,False,1,2024-09-26,2024-09-26,1001.0,0.6517755338112579,0.6517755338112579,2024-09-26,6992245.0,20017211.94,14.0,20000000.0,Department of Commerce,-0.13931416695531695,LOW — no committee link; likely just a widely-held stock
Kathy Manning,LMT,defense,,False,3,2021-10-22,2024-01-23,3003.0,0.6509613684295086,0.5525504498431646,2022-07-27,11242940.0,998670534.72,33.0,520273671.0,DEPARTMENT OF DEFENSE (DOD),0.21307773372810757,LOW — no committee link; likely just a widely-held stock
Lloyd Doggett,IBM,fedtech,,False,48,2014-03-11,2026-06-10,48048.0,0.6503590932446911,0.19813971736887537,2023-12-11,2850000.0,126207032.47000001,18.0,26450000.0,Agency for International Development,0.15778851446394726,LOW — no committee link; likely just a widely-held stock
Roger Williams,PFE,pharma,,False,1,2024-03-01,2024-03-01,1001.0,0.6496612380432737,0.6496612380432737,2024-03-01,8000000.0,340519421.84999996,27.0,339830553.64,Department of Health and Human Services,0.061301241068070667,LOW — no committee link; likely just a widely-held stock
Michael T. McCaul,ORCL,fedtech,,False,11,2016-02-19,2026-02-27,271011.0,0.6492592139115637,0.38336772954325266,2025-09-11,7390000.0,939358.61,4.0,745087.4,Department of Health and Human Services,-0.3551614370168258,LOW — no committee link; likely just a widely-held stock
Ed Case,MSFT,fedtech,House Committee on Appropriations,True,1,2021-05-03,2021-05-03,50001.0,0.6482090026431647,0.6482090026431647,2021-05-03,7260000.0,66151461.85,148.0,33979056.0,DEPARTMENT OF DEFENSE (DOD),0.19860239815770653,"MEDIUM — alignment present, award size/timing weaker"
Tommy Tuberville,NOC,defense,Senate Committee on Armed Services,True,1,2022-03-30,2022-03-30,1001.0,0.6463763042137433,0.6463763042137433,2022-03-30,7005000.0,657311517.15,140.0,131212000.0,DEPARTMENT OF DEFENSE (DOD),0.002492665387245463,"MEDIUM — alignment present, award size/timing weaker"
Daniel Goldman,LHX,defense,,False,2,2023-01-31,2023-03-06,16002.0,0.6462816167982697,0.6185136490394898,2023-03-06,1440000.0,138647491.87,17.0,56000000.0,Department of Commerce,-0.07821046234397644,LOW — no committee link; likely just a widely-held stock
Michael Patrick Guest,GD,defense,House Committee on Appropriations,True,1,2023-08-07,2023-08-07,1001.0,0.6460175817669026,0.6460175817669026,2023-08-07,7760000.0,356794148.23999995,133.0,118744144.71,Department of Veterans Affairs,0.10431797174171398,"MEDIUM — alignment present, award size/timing weaker"
Bob Gibbs,MSFT,fedtech,,False,2,2018-04-11,2018-05-30,16002.0,0.6452595175047237,0.5889160034026293,2018-04-11,6732500.0,56546260.339999996,29.0,7023833.83,DEPARTMENT OF DEFENSE (DOD),0.19388199433921183,LOW — no committee link; likely just a widely-held stock
Thomas Macarthur,CVX,energy,,False,11,2017-01-12,2018-12-10,110011.0,0.6443919275126997,0.48110644502154365,2018-12-10,4500000.0,4209523.680000001,9.0,3294676.02,DEPARTMENT OF DEFENSE (DOD),0.0922220288846356,LOW — no committee link; likely just a widely-held stock
Jefferson Shreve,MSFT,fedtech,,False,1,2025-05-08,2025-05-08,500001.0,0.6437665554613238,0.6437665554613238,2025-05-08,6687500.0,43640830.14,41.0,14312199.47,Department of State,0.12969851883971972,LOW — no committee link; likely just a widely-held stock
John James,MRK,pharma,House Committee on Energy and Commerce,True,1,2023-11-10,2023-11-10,1001.0,0.643751470445682,0.643751470445682,2023-11-10,5080000.0,679427538.49,139.0,679068171.01,Department of Health and Human Services,0.21086892198441665,"MEDIUM — alignment present, award size/timing weaker"
John Curtis,JNJ,pharma,,False,2,2022-03-09,2022-06-28,2002.0,0.6435534970930475,0.5545970162737889,2022-06-28,4750000.0,14151318.850000001,14.0,585202.15,DEPARTMENT OF DEFENSE (DOD),-0.02673222561320221,LOW — no committee link; likely just a widely-held stock
Nancy Pelosi,MSFT,fedtech,,False,6,2020-02-20,2023-06-15,2400006.0,0.6422230892349727,0.43694460949591546,2022-05-24,6980000.0,20891725.130000003,30.0,4799642.8,DEPARTMENT OF DEFENSE (DOD),-0.07961636237578007,LOW — no committee link; likely just a widely-held stock
Bruce Westerman,CVX,energy,House Committee on Natural Resources,True,1,2025-03-03,2025-03-03,1001.0,0.6420463883193397,0.6420463883193397,2025-03-03,6140000.0,60867722.97,112.0,4380984.72,Department of Defense,-0.0491214318374813,"MEDIUM — alignment present, award size/timing weaker"
Tim Walberg,CVX,energy,House Committee on Natural Resources,True,1,2025-02-07,2025-02-07,15001.0,0.6418436371752902,0.6418436371752902,2025-02-07,6140000.0,50670324.57,136.0,4380984.72,Department of Defense,-0.07770934346743552,"MEDIUM — alignment present, award size/timing weaker"
Kathy Manning,PFE,pharma,,False,6,2021-01-15,2023-04-28,6006.0,0.6414104543688622,0.5719201227582585,2022-08-05,18855000.0,930185.6199999999,10.0,896013.99,DEPARTMENT OF DEFENSE (DOD),0.029632636492794573,LOW — no committee link; likely just a widely-held stock
Pat Roberts,BA,defense,,False,15,2014-12-19,2020-12-22,148015.0,0.6382623779839329,0.4248766159240492,2018-02-05,9570000.0,891027962.39,53.0,235981481.0,DEPARTMENT OF DEFENSE (DOD),0.09492824130381905,LOW — no committee link; likely just a widely-held stock
Dean Heller,MSFT,fedtech,,False,1,2018-07-26,2018-07-26,1001.0,0.6381600656919146,0.6381600656919146,2018-07-26,6845000.0,26825989.61,20.0,6229600.96,DEPARTMENT OF DEFENSE (DOD),-0.0597518700966978,LOW — no committee link; likely just a widely-held stock
Lisa Mcclain,PLTR,defense,,False,5,2024-06-06,2025-10-30,132005.0,0.6375089111688735,0.5570021129862421,2024-08-14,3380000.0,45954517.65,28.0,9022294.77,Department of the Treasury,1.3612903225806452,LOW — no committee link; likely just a widely-held stock
Ritchie John Torres,JNJ,pharma,,False,1,2024-09-26,2024-09-26,1001.0,0.6367181366610305,0.6367181366610305,2024-09-26,4640000.0,198799.75999999998,1.0,90300.0,Department of Veterans Affairs,-0.09027820806741427,LOW — no committee link; likely just a widely-held stock
Gilbert Cisneros,GD,defense,House Committee on Armed Services,True,2,2020-03-18,2026-01-09,2002.0,0.6361054185909472,0.4989185370916319,2026-01-09,8826857.0,242767222.89000002,143.0,71419226.0,Department of Homeland Security,-0.027861764955212087,"MEDIUM — alignment present, award size/timing weaker"
K. Michael Conaway,NOC,defense,,False,5,2017-11-15,2018-11-02,5005.0,0.6355891750165081,0.5936120226700449,2018-05-07,7495000.0,568292114.78,35.0,66382992.0,DEPARTMENT OF DEFENSE (DOD),-0.06142591366316663,LOW — no committee link; likely just a widely-held stock
Julia Letlow,BA,defense,House Committee on Appropriations,True,2,2024-10-23,2026-02-02,2002.0,0.6354858522480918,0.6074297657794614,2026-02-02,6380000.0,1226216.42,81.0,528593.0,National Aeronautics and Space Administration,-0.06574542957686047,"MEDIUM — alignment present, award size/timing weaker"
Kathy Manning,NOC,defense,,False,1,2022-07-20,2022-07-20,1001.0,0.635315857396445,0.635315857396445,2022-07-20,2527500.0,385537515.80999994,28.0,131212000.0,DEPARTMENT OF DEFENSE (DOD),0.13765430745280338,LOW — no committee link; likely just a widely-held stock
Dan Newhouse,MSFT,fedtech,House Committee on Appropriations,True,1,2022-03-08,2022-03-08,1001.0,0.6352700884599801,0.6352700884599801,2022-03-08,7310000.0,17279692.93,107.0,4799642.8,DEPARTMENT OF DEFENSE (DOD),-0.034946528910639985,"MEDIUM — alignment present, award size/timing weaker"
Tommy Tuberville,MRK,pharma,"Senate Committee on Health, Education, Labor, and Pensions",True,1,2022-03-30,2022-03-30,1001.0,0.6351808582276952,0.6351808582276952,2022-03-30,4600000.0,4886054.340000001,90.0,4703860.87,DEPARTMENT OF HEALTH AND HUMAN SERVICES (HHS),0.09150485436893185,"MEDIUM — alignment present, award size/timing weaker"
Mikie Sherrill,CVX,energy,,False,1,2019-04-12,2019-04-12,1001.0,0.6350308079401471,0.6350308079401471,2019-04-12,5300000.0,269240.52,3.0,59183.28,DEPARTMENT OF DEFENSE (DOD),0.014946559786239044,LOW — no committee link; likely just a widely-held stock
Jared Moskowitz,MRK,pharma,,False,5,2023-02-24,2024-11-08,5005.0,0.6343068774821087,0.4429525214356785,2023-02-24,6400000.0,484449130.84999996,34.0,483275481.39,Department of Health and Human Services,0.02902902902902893,LOW — no committee link; likely just a widely-held stock
Lois Frankel,ACN,fedtech,House Committee on Appropriations,True,3,2014-05-07,2023-01-11,3003.0,0.6341869325835917,0.38915728840566355,2023-01-11,2880000.0,60176089.31999999,111.0,9063467.88,Department of Energy,-0.03134338978226836,"MEDIUM — alignment present, award size/timing weaker"
Lisa Mcclain,JNJ,pharma,,False,3,2025-06-17,2025-10-30,3003.0,0.6341476280265312,0.5214860850214479,2025-08-04,4970000.0,9551477.690000001,16.0,891053.07,Department of Defense,0.2010056127221702,LOW — no committee link; likely just a widely-held stock
Gilbert Cisneros,PFE,pharma,,False,5,2025-02-26,2026-02-10,5005.0,0.6337149697520802,0.5547681513002427,2025-05-30,20270000.0,2687957.0700000003,17.0,1759047.8,Department of Health and Human Services,0.01532567049808442,LOW — no committee link; likely just a widely-held stock
Carlos Curbelo,XOM,energy,,False,3,2015-08-24,2018-02-08,3003.0,0.6333419909830298,0.35211540263740654,2018-02-08,6240000.0,78788546.45,26.0,18646803.61,DEPARTMENT OF DEFENSE (DOD),0.09898777441829898,LOW — no committee link; likely just a widely-held stock
C. Scott Franklin,ACN,fedtech,House Committee on Appropriations,True,2,2024-08-02,2024-08-07,2002.0,0.63325339202054,0.631092146606137,2024-08-07,2320000.0,137271166.98,119.0,32294050.29,Department of Health and Human Services,0.1261241431356519,HIGH — verify against public record
Pat Roberts,MSFT,fedtech,,False,7,2019-10-23,2020-09-03,63007.0,0.6328879700617996,0.3457746547285617,2020-09-03,6905000.0,8994319.74,26.0,3912274.53,DEPARTMENT OF STATE (DOS),0.0017947537965945504,LOW — no committee link; likely just a widely-held stock
Lois Frankel,LMT,defense,House Committee on Appropriations,True,2,2018-04-05,2018-05-23,2002.0,0.6325820391944966,0.6291201937818792,2018-05-23,7834111.0,524346901.29999995,160.0,111535109.0,DEPARTMENT OF DEFENSE (DOD),0.024007131439813145,"MEDIUM — alignment present, award size/timing weaker"
Zoe Lofgren,PFE,pharma,,False,2,2021-08-09,2021-09-30,2002.0,0.6302835988223872,0.5916663416423966,2021-09-30,5700000.0,5737210296.069999,48.0,5737132500.0,DEPARTMENT OF DEFENSE (DOD),0.2631946059056034,LOW — no committee link; likely just a widely-held stock
Ro Khanna,RTX,defense,House Committee on Armed Services,True,3,2020-04-14,2020-10-03,3003.0,0.6296031089139587,0.5227173295318276,2020-10-03,6185000.0,1000760836.5999999,174.0,291502486.0,DEPARTMENT OF DEFENSE (DOD),0.1251890438581751,"MEDIUM — alignment present, award size/timing weaker"
Kathy Manning,CVX,energy,,False,2,2022-07-15,2022-08-05,2002.0,0.6290368860647687,0.6063170550286532,2022-08-05,3840000.0,55716304.43,24.0,37758242.16,DEPARTMENT OF DEFENSE (DOD),0.1491799010674304,LOW — no committee link; likely just a widely-held stock
Josh Gottheimer,BA,defense,House Permanent Select Committee on Intelligence,True,2,2017-08-23,2017-10-05,2002.0,0.628439981589537,0.622636390994102,2017-10-05,14480000.0,400195600.75,176.0,235981481.0,DEPARTMENT OF DEFENSE (DOD),0.34771524585731406,"MEDIUM — alignment present, award size/timing weaker"
Markwayne Mullin,CVX,energy,,False,4,2023-09-13,2025-12-29,81004.0,0.6273387220399167,0.402642716435906,2025-05-13,5950000.0,61040630.769999996,41.0,4380984.72,Department of Defense,0.10846505093080427,LOW — no committee link; likely just a widely-held stock
HON. GREG STANTON,PFE,pharma,,False,1,2023-09-26,2023-09-26,1001.0,0.626681776821987,0.626681776821987,2023-09-26,8340000.0,327111.6,8.0,215205.0,Department of Veterans Affairs,-0.12561728395061733,LOW — no committee link; likely just a widely-held stock
Michael C. Burgess,MSFT,fedtech,,False,2,2021-12-02,2023-02-24,16002.0,0.6263314493988701,0.5315437641233431,2023-02-24,13927000.0,13586484.95,34.0,3243967.0,Department of Homeland Security,0.31851376294037403,LOW — no committee link; likely just a widely-held stock
Jared Moskowitz,ACN,fedtech,,False,3,2023-07-14,2025-04-07,3003.0,0.6238371794116372,0.5126891938484747,2024-11-08,2180000.0,99858438.4,26.0,32294050.29,Department of Health and Human Services,-0.05690096475684181,LOW — no committee link; likely just a widely-held stock
Ro Khanna,NEE,energy,,False,23,2017-05-02,2026-04-13,86023.0,0.6237896807333272,0.2828805450897621,2025-10-17,5534000.0,5469461.5200000005,18.0,3000000.0,Department of Veterans Affairs,0.09677037738081151,LOW — no committee link; likely just a widely-held stock
Marjorie Taylor Greene,MSFT,fedtech,,False,7,2024-04-24,2025-10-24,7007.0,0.6237063149112383,0.532173191474469,2024-11-25,6770000.0,14837952.530000001,23.0,7888724.2,Department of Justice,-0.05642446094701403,LOW — no committee link; likely just a widely-held stock
Roger Williams,RTX,defense,,False,1,2025-12-22,2025-12-22,1001.0,0.6213708587754445,0.6213708587754445,2025-12-22,550000.0,23301814.380000003,15.0,10948099.73,Department of Transportation,0.008024558380008484,LOW — no committee link; likely just a widely-held stock
Lois Frankel,MRK,pharma,House Committee on Appropriations,True,13,2014-04-24,2021-12-03,13013.0,0.6212668074459005,0.4134256712929259,2020-10-07,4737000.0,616910368.19,174.0,511400368.19,DEPARTMENT OF HEALTH AND HUMAN SERVICES (HHS),-0.05009995002498757,"MEDIUM — alignment present, award size/timing weaker"
Marjorie Taylor Greene,LMT,defense,,False,4,2021-01-21,2022-02-22,4004.0,0.6211376391028386,0.5736416028141589,2021-12-16,11041561.0,858128066.5799999,46.0,105161234.3,DEPARTMENT OF DEFENSE (DOD),0.3555272010207633,LOW — no committee link; likely just a widely-held stock
Kevin Hern,ACN,fedtech,,False,22,2019-10-15,2024-05-17,319022.0,0.6196751516263863,0.25017319398328897,2024-02-20,2200000.0,165469359.11,30.0,29984147.4,Department of the Treasury,-0.15646783303485323,LOW — no committee link; likely just a widely-held stock
Rob Bresnahan,PFE,pharma,,False,2,2025-02-25,2025-05-15,30002.0,0.6172344590100999,0.5547802118158232,2025-05-15,19390000.0,2720750.0500000003,32.0,1759047.8,Department of Health and Human Services,0.056194690265486624,LOW — no committee link; likely just a widely-held stock
Jerry Moran,MSFT,fedtech,Senate Select Committee on Intelligence; Senate Committee on Appropriations,True,1,2018-12-06,2018-12-06,1001.0,0.6167709331933892,0.6167709331933892,2018-12-06,6560000.0,43601074.64000001,139.0,14541770.59,DEPARTMENT OF DEFENSE (DOD),0.09799432182434287,"MEDIUM — alignment present, award size/timing weaker"
Laurel Lee,PFE,pharma,House Committee on Energy and Commerce,True,1,2024-10-21,2024-10-21,15001.0,0.6165622933014523,0.6165622933014523,2024-10-21,5340000.0,1167976.8,115.0,1167976.8,Department of Health and Human Services,-0.11648807466297961,"MEDIUM — alignment present, award size/timing weaker"
Ro Khanna,LHX,defense,House Committee on Armed Services,True,7,2018-02-27,2020-11-03,7007.0,0.6152794841247153,0.41392644266868844,2020-11-03,1980000.0,143565803.61,140.0,64020376.0,DEPARTMENT OF DEFENSE (DOD),0.04060175605391203,"MEDIUM — alignment present, award size/timing weaker"
Gilbert Cisneros,CVX,energy,,False,3,2025-10-17,2026-02-10,17003.0,0.613288312311525,0.45595720509564397,2025-11-18,5440000.0,26438.56,2.0,13279.29,Department of State,0.29286551230308566,LOW — no committee link; likely just a widely-held stock
Tommy Tuberville,ABBV,pharma,"Senate Committee on Health, Education, Labor, and Pensions",True,3,2022-03-30,2024-04-03,3003.0,0.6130238200606911,0.4983937082486163,2023-10-17,2150000.0,47933.0,64.0,47933.0,Department of Health and Human Services,0.1691915806408364,"MEDIUM — alignment present, award size/timing weaker"
Carlos Curbelo,MSFT,fedtech,,False,1,2018-04-06,2018-04-06,1001.0,0.6114297271518632,0.6114297271518632,2018-04-06,6687500.0,56647210.339999996,34.0,7023833.83,DEPARTMENT OF DEFENSE (DOD),0.19838191288928275,LOW — no committee link; likely just a widely-held stock
Ro Khanna,TXT,defense,House Committee on Armed Services,True,4,2017-11-30,2020-07-28,4004.0,0.6105251762568753,0.5360219227664704,2017-11-30,1360000.0,92385403.35,134.0,37369944.0,DEPARTMENT OF DEFENSE (DOD),0.03482319152755342,"MEDIUM — alignment present, award size/timing weaker"
Robert J. Wittman,MSFT,fedtech,House Committee on Armed Services,True,3,2015-09-15,2022-08-10,3003.0,0.6102286780562727,0.5153959867175075,2022-08-10,6615000.0,16946182.91,134.0,3697577.0,DEPARTMENT OF JUSTICE (DOJ),-0.14441831511965697,"MEDIUM — alignment present, award size/timing weaker"
Dan Newhouse,TXT,defense,House Committee on Appropriations,True,1,2025-12-11,2025-12-11,1001.0,0.6097379865507973,0.6097379865507973,2025-12-11,2585781.0,218355472.51000002,161.0,208393855.9,Department of Transportation,0.052274035693724796,"MEDIUM — alignment present, award size/timing weaker"
Shelley Moore Capito,XOM,energy,Senate Committee on Appropriations,True,2,2017-09-05,2018-04-24,2002.0,0.6096328824922184,0.6016437310929353,2018-04-24,6370000.0,38504144.28,147.0,4618194.0,DEPARTMENT OF DEFENSE (DOD),0.020548819400127538,"MEDIUM — alignment present, award size/timing weaker"
Earl Blumenauer,PFE,pharma,,False,5,2018-02-28,2024-02-12,5005.0,0.6093749697525483,0.4871211441494186,2024-02-12,8000000.0,340519421.84999996,45.0,339830553.64,Department of Health and Human Services,0.013376717281272654,LOW — no committee link; likely just a widely-held stock
Gary Palmer,ABBV,pharma,House Committee on Energy and Commerce,True,3,2017-11-06,2018-08-06,3003.0,0.6066046820269401,0.5629288749524057,2017-11-06,3180000.0,140292.43,79.0,43997.8,DEPARTMENT OF VETERANS AFFAIRS (VA),0.23235800344234092,"MEDIUM — alignment present, award size/timing weaker"
Ro Khanna,ABBV,pharma,,False,49,2017-07-05,2026-05-15,259049.0,0.6065971308260971,0.37318540137909345,2019-02-15,6390000.0,51740.64,7.0,12935.16,DEPARTMENT OF VETERANS AFFAIRS (VA),-0.027210884353741305,LOW — no committee link; likely just a widely-held stock
Michael T. McCaul,IBM,fedtech,,False,12,2016-01-26,2023-03-15,215012.0,0.6059652950946933,0.13759384056322274,2023-03-15,2680000.0,167106949.82999998,37.0,58795728.0,Department of Veterans Affairs,0.08630759247242037,LOW — no committee link; likely just a widely-held stock
Gary Palmer,BA,defense,,False,3,2017-04-04,2018-08-06,3003.0,0.6056942288194755,0.4628421443577648,2018-08-06,9250000.0,1423600663.69,56.0,285126803.25,DEPARTMENT OF DEFENSE (DOD),-0.011743659289609631,LOW — no committee link; likely just a widely-held stock
Virginia Foxx,MSFT,fedtech,House Committee on Oversight and Government Reform,True,1,2022-01-05,2022-01-05,15001.0,0.6044358781368129,0.6044358781368129,2022-01-05,7280000.0,8822495.55,169.0,4799642.8,DEPARTMENT OF DEFENSE (DOD),-0.12336430874265114,"MEDIUM — alignment present, award size/timing weaker"
David Perdue,XOM,energy,,False,4,2015-08-07,2019-11-14,32004.0,0.6039284287384242,0.31328462117970757,2018-01-16,5730000.0,80395578.10000001,49.0,18646803.61,DEPARTMENT OF DEFENSE (DOD),-0.05691617799241122,LOW — no committee link; likely just a widely-held stock
John James,MSFT,fedtech,,False,1,2023-11-10,2023-11-10,15001.0,0.6014392922785661,0.6014392922785661,2023-11-10,8600000.0,11450352.0,42.0,5613556.0,Department of Justice,0.09427327075499758,LOW — no committee link; likely just a widely-held stock
Shelley Moore Capito,LMT,defense,Senate Committee on Appropriations,True,1,2017-09-05,2017-09-05,1001.0,0.5998813415877403,0.5998813415877403,2017-09-05,8502378.0,53269290.24,177.0,9872587.0,DEPARTMENT OF DEFENSE (DOD),0.0629053606882859,"MEDIUM — alignment present, award size/timing weaker"
Virginia Foxx,XOM,energy,,False,5,2021-03-10,2022-06-13,54005.0,0.5980552043879651,0.4152702804914471,2021-03-10,3920000.0,1216913.33,20.0,228264.04,DEPARTMENT OF DEFENSE (DOD),-0.026388214343532446,LOW — no committee link; likely just a widely-held stock
Kevin Hern,XOM,energy,,False,19,2019-08-07,2024-12-10,68019.0,0.5980552043879651,0.30816533241413047,2021-03-10,3920000.0,1216913.33,20.0,228264.04,DEPARTMENT OF DEFENSE (DOD),-0.026388214343532446,LOW — no committee link; likely just a widely-held stock
Marjorie Taylor Greene,CVX,energy,,False,5,2021-06-16,2025-10-24,5005.0,0.5976398668266776,0.5354704385477635,2025-05-14,5950000.0,61040630.769999996,40.0,4380984.72,Department of Defense,0.1170325404108139,LOW — no committee link; likely just a widely-held stock
Josh Gottheimer,MRK,pharma,,False,1,2026-02-04,2026-02-04,1001.0,0.5976319276531661,0.5976319276531661,2026-02-04,7510000.0,363732807.94,51.0,361340129.54,Department of Health and Human Services,0.01631031860052401,LOW — no committee link; likely just a widely-held stock
Kathy Manning,MRK,pharma,,False,4,2022-07-15,2024-07-02,18004.0,0.597595540229689,0.5151600753903594,2024-01-23,5130000.0,681504630.88,65.0,679068171.01,Department of Health and Human Services,0.09395861148197593,LOW — no committee link; likely just a widely-held stock
James Comer,MSFT,fedtech,House Committee on Oversight and Government Reform,True,1,2025-01-02,2025-01-02,1001.0,0.5975913625295459,0.5975913625295459,2025-01-02,6760000.0,34963201.95,167.0,14312199.47,Department of State,0.039896793922308715,"MEDIUM — alignment present, award size/timing weaker"
Ed Perlmutter,BA,defense,,False,1,2019-04-16,2019-04-16,1001.0,0.5968205997007957,0.5968205997007957,2019-04-16,9050000.0,892783774.65,58.0,295282161.43,DEPARTMENT OF DEFENSE (DOD),-0.16058891333962066,LOW — no committee link; likely just a widely-held stock
Robert J. Wittman,ACN,fedtech,House Committee on Armed Services,True,2,2015-09-15,2022-10-08,2002.0,0.5954976672856236,0.38809594654944063,2022-10-08,3010000.0,21847483.27,146.0,3893278.0,General Services Administration,0.10327709908861737,"MEDIUM — alignment present, award size/timing weaker"
Rob Bresnahan,MSFT,fedtech,,False,3,2025-04-03,2025-05-09,3003.0,0.5953270916637571,0.5554437382349283,2025-05-09,6687500.0,43640830.14,40.0,14312199.47,Department of State,0.13555033847696762,LOW — no committee link; likely just a widely-held stock
William R. Keating,ACN,fedtech,House Committee on Armed Services,True,2,2021-03-17,2025-02-05,2002.0,0.5940017051475904,0.38734796548042405,2025-02-05,2570000.0,105085484.82999998,176.0,60495031.5,Department of Education,-0.2080853735091024,"MEDIUM — alignment present, award size/timing weaker"
Kathy Manning,JNJ,pharma,,False,7,2021-01-15,2024-07-02,7007.0,0.5926053451803633,0.5001425615850443,2022-08-05,4730000.0,9490208.21,32.0,396534.3,DEPARTMENT OF DEFENSE (DOD),0.04482496639588551,LOW — no committee link; likely just a widely-held stock
Christopher L. Jacobs,PFE,pharma,,False,1,2022-07-18,2022-07-18,1001.0,0.5924489612511876,0.5924489612511876,2022-07-18,18315000.0,933137.9,28.0,896013.99,DEPARTMENT OF DEFENSE (DOD),-0.04295566502463055,LOW — no committee link; likely just a widely-held stock
Josh Gottheimer,ABBV,pharma,,False,9,2022-01-28,2025-05-22,9009.0,0.5922394055993949,0.3355239906061268,2025-04-03,4170000.0,112353.54000000001,13.0,61781.04,Department of Veterans Affairs,-0.03183892084903783,LOW — no committee link; likely just a widely-held stock
Cindy Axne,LMT,defense,,False,1,2021-01-20,2021-01-20,1001.0,0.5920325322048621,0.5920325322048621,2021-01-20,7741756.0,4121440626.45,70.0,610465499.0,DEPARTMENT OF DEFENSE (DOD),0.1365352533146018,LOW — no committee link; likely just a widely-held stock
Rick Larsen,NEE,energy,,False,1,2026-04-07,2026-04-07,1001.0,0.5914131230590501,0.5914131230590501,2026-04-07,6144000.0,195000.0,17.0,180000.0,Department of Justice,,LOW — no committee link; likely just a widely-held stock
Gilbert Cisneros,ORCL,fedtech,House Committee on Armed Services,True,4,2020-03-18,2026-01-30,4004.0,0.5904502204478065,0.5238950536933455,2025-11-18,7180000.0,315771.20999999996,108.0,194271.21,Federal Communications Commission,-0.30654451449045306,"MEDIUM — alignment present, award size/timing weaker"
Christopher L. Jacobs,CVX,energy,,False,3,2022-07-18,2022-11-08,3003.0,0.5897647516606646,0.3325642575927323,2022-07-18,4180000.0,63382936.379999995,42.0,37758242.16,DEPARTMENT OF DEFENSE (DOD),0.3472560538759135,LOW — no committee link; likely just a widely-held stock
John Rutherford,CVX,energy,House Committee on Appropriations,True,2,2017-07-17,2022-02-17,2002.0,0.5891221270266316,0.5595391147691147,2022-02-17,3470000.0,55583373.57,179.0,3954374.56,DEPARTMENT OF DEFENSE (DOD),0.11054561784297579,"MEDIUM — alignment present, award size/timing weaker"
William R. Keating,CVX,energy,,False,1,2021-03-17,2021-03-17,1001.0,0.5888594194489953,0.5888594194489953,2021-03-17,3570000.0,100684783.46999998,44.0,53515839.09,DEPARTMENT OF DEFENSE (DOD),-0.062297509950939634,LOW — no committee link; likely just a widely-held stock
Thomas Macarthur,LMT,defense,,False,2,2017-07-28,2018-11-06,101002.0,0.5887804334686119,0.5329148609594405,2018-11-06,28089391.0,2617063590.05,79.0,528044959.0,DEPARTMENT OF DEFENSE (DOD),-0.010568893528183798,LOW — no committee link; likely just a widely-held stock
Thomas Macarthur,JNJ,pharma,,False,16,2015-01-09,2018-12-11,128016.0,0.5884315778809881,0.3442727686546235,2018-03-13,6080000.0,11486284.829999998,36.0,279909.44,DEPARTMENT OF DEFENSE (DOD),-0.06036471901749163,LOW — no committee link; likely just a widely-held stock
Lois Frankel,JNJ,pharma,House Committee on Appropriations,True,5,2017-10-25,2023-02-08,5005.0,0.5877359814664551,0.5357338738757935,2023-02-08,7290000.0,166155.44,104.0,39512.53,Department of Veterans Affairs,-0.020475521056170343,"MEDIUM — alignment present, award size/timing weaker"
Shelley Moore Capito,CVX,energy,Senate Committee on Appropriations,True,4,2017-09-08,2023-12-01,4004.0,0.5871173880426763,0.5219456188166962,2018-04-24,11320000.0,4199417.1,155.0,769171.2,DEPARTMENT OF DEFENSE (DOD),-0.02954137424514447,"MEDIUM — alignment present, award size/timing weaker"
Maria Elvira Salazar,BA,defense,,False,1,2026-03-19,2026-03-19,15001.0,0.5863994290546495,0.5863994290546495,2026-03-19,6380000.0,1199788.9800000002,36.0,528593.0,National Aeronautics and Space Administration,,LOW — no committee link; likely just a widely-held stock
Shelley Moore Capito,PFE,pharma,Senate Committee on Appropriations,True,1,2017-09-05,2017-09-05,1001.0,0.5862062137473175,0.5862062137473175,2017-09-05,16740000.0,227389.71,119.0,47455.2,DEPARTMENT OF HEALTH AND HUMAN SERVICES (HHS),0.08609467455621322,"MEDIUM — alignment present, award size/timing weaker"
Daniel Goldman,MRK,pharma,,False,2,2023-01-31,2023-04-10,2002.0,0.5861782708562393,0.5362927622393392,2023-01-31,6400000.0,484449130.84999996,58.0,483275481.39,Department of Health and Human Services,0.02793036030164786,LOW — no committee link; likely just a widely-held stock
Lisa Mcclain,ABBV,pharma,,False,3,2025-06-17,2025-10-30,3003.0,0.58473840672546,0.5007516690401934,2025-10-30,3450000.0,116382.04000000001,15.0,51844.33,Department of Health and Human Services,0.017002629272568015,LOW — no committee link; likely just a widely-held stock
Kurt Schrader,MSFT,fedtech,,False,1,2021-08-11,2021-08-11,1001.0,0.5835587744164688,0.5835587744164688,2021-08-11,7275000.0,60864114.09,48.0,33979056.0,DEPARTMENT OF DEFENSE (DOD),0.16082941278968477,LOW — no committee link; likely just a widely-held stock
Lisa Mcclain,TXT,defense,,False,2,2025-08-04,2025-10-30,2002.0,0.582807960611561,0.5042267565841193,2025-08-04,2661264.0,24586610.840000004,38.0,6893164.09,Department of Defense,0.05937540161932908,LOW — no committee link; likely just a widely-held stock
John Boozman,ORCL,fedtech,Senate Committee on Appropriations,True,1,2025-04-16,2025-04-16,1001.0,0.5794544720222501,0.5794544720222501,2025-04-16,6620000.0,3098035.05,152.0,745087.4,Department of Health and Human Services,0.8877928483353885,"MEDIUM — alignment present, award size/timing weaker"
John James,ACN,fedtech,,False,1,2023-11-10,2023-11-10,1001.0,0.5788316867644258,0.5788316867644258,2023-11-10,1985000.0,185563232.76,49.0,40429213.05,Department of Veterans Affairs,0.16744346085270112,LOW — no committee link; likely just a widely-held stock
John James,IBM,fedtech,,False,2,2023-11-10,2024-02-01,2002.0,0.5762508836762669,0.535217929697125,2023-11-10,2850000.0,99978218.49999999,49.0,26450000.0,Agency for International Development,0.28660582472151375,LOW — no committee link; likely just a widely-held stock
John James,LMT,defense,,False,1,2023-11-10,2023-11-10,1001.0,0.5761642729382149,0.5761642729382149,2023-11-10,14828828.0,4782977.14,42.0,4434015.83,Department of Defense,-0.022748218580708968,LOW — no committee link; likely just a widely-held stock
Kathy Manning,LHX,defense,,False,1,2022-07-20,2022-07-20,1001.0,0.5758611921630886,0.5758611921630886,2022-07-20,1460000.0,195350125.06,49.0,87228043.0,DEPARTMENT OF DEFENSE (DOD),-0.012791371395462825,LOW — no committee link; likely just a widely-held stock
John Rutherford,LMT,defense,House Committee on Appropriations,True,1,2017-07-17,2017-07-17,1001.0,0.5751941405248253,0.5751941405248253,2017-07-17,8759878.0,4910392.870000001,175.0,2122434.72,DEPARTMENT OF COMMERCE (DOC),0.08752469756317383,"MEDIUM — alignment present, award size/timing weaker"
Maria Elvira Salazar,IBM,fedtech,,False,1,2026-05-21,2026-05-21,15001.0,0.5749644473687848,0.5749644473687848,2026-05-21,800000.0,10179356.549999999,41.0,8803092.53,Department of the Treasury,,LOW — no committee link; likely just a widely-held stock
K. Michael Conaway,XOM,energy,,False,5,2015-09-25,2019-03-04,5005.0,0.5743364566694736,0.3451927918729921,2018-01-12,5730000.0,80395578.10000001,53.0,18646803.61,DEPARTMENT OF DEFENSE (DOD),-0.06501371115173671,LOW — no committee link; likely just a widely-held stock
Jared Moskowitz,GD,defense,,False,2,2026-03-23,2026-03-31,2002.0,0.5741118833429799,0.5677286351327148,2026-03-31,9188899.0,204855354.42000002,62.0,71419226.0,Department of Homeland Security,,LOW — no committee link; likely just a widely-held stock
Marie Newman,MSFT,fedtech,,False,3,2021-01-14,2021-08-06,31003.0,0.5740479724366205,0.5227045668999323,2021-08-06,7275000.0,60864114.09,53.0,33979056.0,DEPARTMENT OF DEFENSE (DOD),0.12689145305050786,LOW — no committee link; likely just a widely-held stock
Ro Khanna,CVS,pharma,,False,46,2017-01-24,2026-05-15,172046.0,0.5706163847202229,0.269091342794204,2022-08-23,4150000.0,26200.0,15.0,26200.0,DEPARTMENT OF VETERANS AFFAIRS (VA),-0.06931672105211106,LOW — no committee link; likely just a widely-held stock
Marie Newman,JNJ,pharma,,False,1,2021-04-13,2021-04-13,15001.0,0.5699804863209705,0.5699804863209705,2021-04-13,5130000.0,34340248.620000005,62.0,571018.22,DEPARTMENT OF DEFENSE (DOD),0.08979182342613501,LOW — no committee link; likely just a widely-held stock
Alan S. Lowenthal,BA,defense,,False,2,2019-11-04,2022-06-15,1702.19,0.5699092904561827,0.39069089365837045,2022-06-15,7830000.0,1377520047.96,77.0,862042587.0,DEPARTMENT OF DEFENSE (DOD),-0.009871373018247032,LOW — no committee link; likely just a widely-held stock
Thomas Suozzi,PFE,pharma,House Committee on Ways and Means,True,1,2017-08-17,2017-08-17,1001.0,0.568925046580871,0.568925046580871,2017-08-17,16740000.0,188163.13,138.0,47455.2,DEPARTMENT OF HEALTH AND HUMAN SERVICES (HHS),0.1289833080424887,"MEDIUM — alignment present, award size/timing weaker"
William R. Keating,MRK,pharma,,False,1,2021-03-17,2021-03-17,1001.0,0.568554432044544,0.568554432044544,2021-03-17,10272000.0,1719540440.15,82.0,1207999848.0,DEPARTMENT OF DEFENSE (DOD),0.0077619663648125226,LOW — no committee link; likely just a widely-held stock
Diana Harshbarger,LMT,defense,,False,3,2022-05-20,2022-10-21,3003.0,0.5672335060227032,0.5595599571207436,2022-10-21,7639447.0,2362500.19,39.0,1000000.0,NATIONAL AERONAUTICS AND SPACE ADMINISTRATION (NASA),0.05406832229823366,LOW — no committee link; likely just a widely-held stock
Adam Kinzinger,BA,defense,,False,1,2019-03-26,2019-03-26,1001.0,0.5665068534213185,0.5665068534213185,2019-03-26,9040000.0,1120328647.5,79.0,295282161.43,DEPARTMENT OF DEFENSE (DOD),-0.02416437172633512,LOW — no committee link; likely just a widely-held stock
Pat Roberts,LMT,defense,,False,1,2018-01-17,2018-01-17,1001.0,0.5660820378549052,0.5660820378549052,2018-01-17,11859645.0,320584647.21000004,72.0,44212901.71,DEPARTMENT OF DEFENSE (DOD),-0.043122498954787036,LOW — no committee link; likely just a widely-held stock
Gilbert Cisneros,AVAV,defense,House Committee on Armed Services,True,4,2025-10-03,2026-03-03,4004.0,0.5659687319443764,0.44457753473119666,2026-03-03,680000.0,575283.0,112.0,575283.0,Department of Transportation,-0.24467805519053876,"MEDIUM — alignment present, award size/timing weaker"
Lois Frankel,ABBV,pharma,House Committee on Appropriations,True,2,2023-08-30,2023-09-06,2002.0,0.5643862658315565,0.5608909202061931,2023-09-06,2150000.0,77759.0,105.0,47933.0,Department of Health and Human Services,0.10885241398255618,"MEDIUM — alignment present, award size/timing weaker"
Nicholas Van Taylor,ABBV,pharma,,False,2,2019-01-07,2019-01-29,2002.0,0.5642756127896749,0.561550123007453,2019-01-07,4220000.0,64675.8,21.0,12935.16,DEPARTMENT OF VETERANS AFFAIRS (VA),-0.13743498948766186,LOW — no committee link; likely just a widely-held stock
Jonathan Jackson,GD,defense,,False,1,2024-09-24,2024-09-24,15001.0,0.5642584633922227,0.5642584633922227,2024-09-24,7755000.0,296875356.59,85.0,82880210.64,Department of Health and Human Services,-0.11760265204975884,LOW — no committee link; likely just a widely-held stock
Jerry Moran,PFE,pharma,Senate Committee on Appropriations,True,1,2021-12-21,2021-12-21,1001.0,0.5637509697870349,0.5637509697870349,2021-12-21,6390000.0,101710.97,122.0,12122.46,DEPARTMENT OF DEFENSE (DOD),-0.15606446140797292,"MEDIUM — alignment present, award size/timing weaker"
Marjorie Taylor Greene,MRK,pharma,,False,3,2025-04-09,2025-08-28,3003.0,0.5633284716278387,0.4995182471396964,2025-05-05,10630000.0,2091916.2699999998,42.0,1854638.73,Department of Health and Human Services,0.031868662481892907,LOW — no committee link; likely just a widely-held stock
Barbara J Comstock,MSFT,fedtech,,False,4,2017-10-12,2018-06-05,46004.0,0.5630014220372149,0.5158657646478484,2018-06-05,7112500.0,47790764.669999994,71.0,6229600.96,DEPARTMENT OF DEFENSE (DOD),0.12701829924650165,LOW — no committee link; likely just a widely-held stock
John Curtis,RTX,defense,,False,1,2021-06-22,2021-06-22,1001.0,0.5622151694560333,0.5622151694560333,2021-06-22,16510000.0,3916721292.2400002,99.0,627062332.0,DEPARTMENT OF DEFENSE (DOD),0.04921034561684601,LOW — no committee link; likely just a widely-held stock
Elizabeth Fletcher,MSFT,fedtech,,False,1,2019-02-26,2019-02-26,1001.0,0.5620975774574435,0.5620975774574435,2019-02-26,7095000.0,40547235.28999999,57.0,14541770.59,DEPARTMENT OF DEFENSE (DOD),0.19197223211107173,LOW — no committee link; likely just a widely-held stock
Blake Moore,RTX,defense,,False,4,2021-02-24,2021-05-11,4004.0,0.5618622719128425,0.5345237830223658,2021-03-26,15750000.0,2920915291.96,96.0,547052715.0,DEPARTMENT OF DEFENSE (DOD),0.09952667263656134,LOW — no committee link; likely just a widely-held stock
Ritchie John Torres,LHX,defense,,False,1,2024-09-26,2024-09-26,1001.0,0.5618121429153904,0.5618121429153904,2024-09-26,1080000.0,13779242.769999998,40.0,13149440.66,Department of Commerce,-0.055752288823631035,LOW — no committee link; likely just a widely-held stock
Maria Elvira Salazar,MSFT,fedtech,,False,1,2026-04-17,2026-04-17,15001.0,0.5615310335310981,0.5615310335310981,2026-04-17,6395000.0,22858531.619999997,66.0,8148580.17,Department of Justice,,LOW — no committee link; likely just a widely-held stock
Debbie Dingell,ABBV,pharma,House Committee on Energy and Commerce,True,3,2016-06-22,2020-10-13,17003.0,0.5615124511352346,0.43855507322158443,2018-02-22,4780000.0,74990.07999999999,117.0,30539.04,DEPARTMENT OF VETERANS AFFAIRS (VA),-0.20474651241919029,"MEDIUM — alignment present, award size/timing weaker"
Earl Blumenauer,JNJ,pharma,,False,2,2018-02-28,2018-05-25,2002.0,0.5613703333838189,0.49795212537487454,2018-02-28,6080000.0,11471078.559999999,49.0,279909.44,DEPARTMENT OF DEFENSE (DOD),-0.06067138897443791,LOW — no committee link; likely just a widely-held stock
Markwayne Mullin,MSFT,fedtech,,False,5,2023-09-13,2025-12-29,416005.0,0.5605610842787312,0.5147983329902446,2025-11-03,6255000.0,8059419.9,74.0,2207391.0,Department of Transportation,-0.21874939558632955,LOW — no committee link; likely just a widely-held stock
Julia Letlow,CVX,energy,House Committee on Appropriations,True,1,2024-10-23,2024-10-23,1001.0,0.5604712461307191,0.5604712461307191,2024-10-23,5540000.0,20000.0,105.0,20000.0,Department of State,0.055223285486443396,"MEDIUM — alignment present, award size/timing weaker"
Lisa Mcclain,PFE,pharma,,False,1,2025-07-16,2025-07-16,1001.0,0.5573971582503336,0.5573971582503336,2025-07-16,12550000.0,839941.11,41.0,787274.8,Department of Defense,0.04794798862251115,LOW — no committee link; likely just a widely-held stock
Carol Devine Miller,JNJ,pharma,House Committee on Ways and Means,True,1,2020-07-28,2020-07-28,15001.0,0.5568550568883927,0.5568550568883927,2020-07-28,3920000.0,29051.97,134.0,21000.0,DEPARTMENT OF HEALTH AND HUMAN SERVICES (HHS),-0.021453381461554177,"MEDIUM — alignment present, award size/timing weaker"
Katherine M. Clark,MSFT,fedtech,,False,2,2016-10-11,2021-07-27,2002.0,0.5566414594735938,0.3840408527755499,2021-07-27,7275000.0,61430747.97,63.0,33979056.0,DEPARTMENT OF DEFENSE (DOD),0.1792768897885113,LOW — no committee link; likely just a widely-held stock
Dean Phillips,ABBV,pharma,,False,2,2019-01-04,2019-08-13,2002.0,0.5564872443980349,0.3801149823105103,2019-01-04,4220000.0,64675.8,24.0,12935.16,DEPARTMENT OF VETERANS AFFAIRS (VA),-0.11013809363422011,LOW — no committee link; likely just a widely-held stock
Shelley Moore Capito,CEG,energy,Senate Committee on Appropriations,True,2,2025-02-04,2025-03-26,2002.0,0.5563761525396875,0.5291746322497639,2025-03-26,3415000.0,1000.0,77.0,1000.0,Department of Defense,0.48255519196202257,"MEDIUM — alignment present, award size/timing weaker"
Barbara J Comstock,BA,defense,,False,1,2017-12-18,2017-12-18,15001.0,0.5562859023794708,0.5562859023794708,2017-12-18,9810000.0,703980033.19,102.0,235981481.0,DEPARTMENT OF DEFENSE (DOD),0.13702978321064374,LOW — no committee link; likely just a widely-held stock
Nicholas Van Taylor,XOM,energy,,False,4,2019-02-21,2019-11-07,46004.0,0.5557636074627071,0.4587588449255496,2019-03-14,6250000.0,8809766.11,63.0,3692117.92,DEPARTMENT OF DEFENSE (DOD),-0.03493286921929395,LOW — no committee link; likely just a widely-held stock
Jerry Moran,JNJ,pharma,Senate Committee on Appropriations,True,2,2019-09-25,2020-08-21,2002.0,0.5555147089565052,0.45583073677044766,2020-08-21,3920000.0,29051.97,110.0,21000.0,DEPARTMENT OF HEALTH AND HUMAN SERVICES (HHS),0.0017020162346164103,"MEDIUM — alignment present, award size/timing weaker"
Thomas Macarthur,MSFT,fedtech,,False,17,2015-01-09,2018-12-13,31017.0,0.5552715623846203,0.30804758245615504,2018-06-14,7112500.0,47618564.669999994,62.0,6229600.96,DEPARTMENT OF DEFENSE (DOD),0.08035890356931552,LOW — no committee link; likely just a widely-held stock
Jefferson Shreve,CVX,energy,,False,1,2025-04-07,2025-04-07,15001.0,0.5551583204259684,0.5551583204259684,2025-04-07,6140000.0,60880449.769999996,77.0,4380984.72,Department of Defense,0.09197288619336419,LOW — no committee link; likely just a widely-held stock
Marjorie Taylor Greene,BA,defense,,False,1,2025-05-05,2025-05-05,1001.0,0.5549917902394133,0.5549917902394133,2025-05-05,6850000.0,1228636689.57,86.0,200887330.0,Department of Defense,0.27308806178268785,LOW — no committee link; likely just a widely-held stock
Jefferson Shreve,LMT,defense,,False,1,2025-04-11,2025-04-11,15001.0,0.5539988697681076,0.5539988697681076,2025-04-11,7530690.0,1753594195.6599998,111.0,572683529.0,Department of Defense,-0.10242156243419664,LOW — no committee link; likely just a widely-held stock
Blake Moore,MSFT,fedtech,,False,5,2021-02-25,2021-05-12,5005.0,0.5535713541503734,0.49491615384531895,2021-03-04,6965000.0,18904179.45,57.0,6872057.0,DEPARTMENT OF DEFENSE (DOD),0.22458430732589418,LOW — no committee link; likely just a widely-held stock
Gilbert Cisneros,MRK,pharma,,False,5,2025-02-26,2025-12-19,19005.0,0.5511956118989315,0.4950732820583803,2025-04-29,10630000.0,2091916.2699999998,48.0,1854638.73,Department of Health and Human Services,-0.007555188289458115,LOW — no committee link; likely just a widely-held stock
Kurt Schrader,GD,defense,,False,1,2022-03-07,2022-03-07,250001.0,0.5500154419642367,0.5500154419642367,2022-03-07,7442596.0,1660325379.96,143.0,562520000.0,DEPARTMENT OF DEFENSE (DOD),-0.13247604027659832,LOW — no committee link; likely just a widely-held stock
David J. Taylor,LLY,pharma,,False,2,2025-08-14,2026-02-26,16002.0,0.5482503660663244,0.5027896982119541,2025-08-14,22475000.0,229740.8,53.0,229740.8,Department of Veterans Affairs,0.5012638253729382,LOW — no committee link; likely just a widely-held stock
Diana Harshbarger,MSFT,fedtech,,False,2,2022-10-12,2022-10-26,2002.0,0.5481768136311577,0.5366667727861754,2022-10-26,6565000.0,12263524.71,57.0,3697577.0,DEPARTMENT OF JUSTICE (DOJ),0.10137471900397732,LOW — no committee link; likely just a widely-held stock
Marjorie Taylor Greene,ABBV,pharma,,False,5,2021-06-16,2025-08-04,5005.0,0.5475479004013787,0.41072567575980407,2025-03-17,4170000.0,112353.54000000001,30.0,61781.04,Department of Veterans Affairs,-0.13092740243390688,LOW — no committee link; likely just a widely-held stock
Julia Letlow,ABBV,pharma,House Committee on Appropriations,True,2,2024-10-23,2025-04-28,2002.0,0.5469443963223698,0.5385012115233945,2025-04-28,4320000.0,306718.18,156.0,164749.44,Department of Veterans Affairs,0.08329000727877722,"MEDIUM — alignment present, award size/timing weaker"
Jared Moskowitz,LMT,defense,,False,4,2024-02-13,2025-04-07,4004.0,0.5468291061984922,0.48502278117853315,2024-07-01,10585310.0,326031534.63,85.0,294247361.0,Department of Commerce,0.17228368064488464,LOW — no committee link; likely just a widely-held stock
Ro Khanna,MRNA,pharma,,False,19,2021-10-07,2026-04-13,33019.0,0.5460824979357354,0.3453039726007237,2026-04-13,1050000.0,8699145.459999999,45.0,8095895.8,Department of Health and Human Services,,LOW — no committee link; likely just a widely-held stock
K. Michael Conaway,PFE,pharma,,False,4,2014-09-18,2020-07-01,32004.0,0.5451395901297098,0.3068379676585093,2018-12-21,11260000.0,995711866.86,97.0,995463419.1,DEPARTMENT OF HEALTH AND HUMAN SERVICES (HHS),-0.07035535416169814,LOW — no committee link; likely just a widely-held stock
Gilbert Cisneros,LLY,pharma,,False,4,2019-02-28,2026-06-10,53004.0,0.5438080905649493,0.299603771523961,2026-04-14,7670000.0,52118.88,31.0,52118.88,Department of Veterans Affairs,,LOW — no committee link; likely just a widely-held stock
Jared Moskowitz,ORCL,fedtech,,False,3,2024-07-05,2025-04-07,3003.0,0.5434590305291995,0.5005048043413238,2024-07-05,6975000.0,329658560.8,84.0,299999848.61,Department of Veterans Affairs,0.1709590554443139,LOW — no committee link; likely just a widely-held stock
John James,JNJ,pharma,House Committee on Energy and Commerce,True,1,2023-11-10,2023-11-10,1001.0,0.5431907380251045,0.5431907380251045,2023-11-10,4460000.0,317846.87,164.0,101000.0,Department of Health and Human Services,0.0949405772495755,"MEDIUM — alignment present, award size/timing weaker"
Michael Patrick Guest,ABBV,pharma,House Committee on Appropriations,True,1,2023-08-07,2023-08-07,1001.0,0.5409973274760457,0.5409973274760457,2023-08-07,2150000.0,103287.0,135.0,47933.0,Department of Health and Human Services,-0.03831570544801455,"MEDIUM — alignment present, award size/timing weaker"
Dwight Evans,LMT,defense,,False,1,2021-05-26,2021-05-26,1001.0,0.539437415644012,0.539437415644012,2021-05-26,8586350.0,3310318277.2800007,112.0,394728591.0,DEPARTMENT OF DEFENSE (DOD),-0.10394918387004404,LOW — no committee link; likely just a widely-held stock
John Rutherford,PFE,pharma,House Committee on Appropriations,True,1,2017-07-17,2017-07-17,1001.0,0.5391591213375635,0.5391591213375635,2017-07-17,17692475.0,65262.91999999999,169.0,47455.2,DEPARTMENT OF HEALTH AND HUMAN SERVICES (HHS),0.06406015037593993,"MEDIUM — alignment present, award size/timing weaker"
Diana Harshbarger,CVS,pharma,House Committee on Energy and Commerce,True,3,2022-04-05,2022-04-25,3003.0,0.5382061479028167,0.5307456950891887,2022-04-25,6190000.0,26200.0,135.0,26200.0,DEPARTMENT OF VETERANS AFFAIRS (VA),-0.006288690183747669,"MEDIUM — alignment present, award size/timing weaker"
Michael T. McCaul,ACN,fedtech,,False,30,2014-06-11,2023-04-05,515030.0,0.5375854801546425,0.1722332503508744,2023-02-08,2750000.0,60226983.169999994,83.0,9063467.88,Department of Energy,0.07944926416353493,LOW — no committee link; likely just a widely-held stock
John Rutherford,JNJ,pharma,House Committee on Appropriations,True,1,2017-07-17,2017-07-17,1001.0,0.5362683805900816,0.5362683805900816,2017-07-17,3475000.0,365622.15,175.0,122515.0,DEPARTMENT OF DEFENSE (DOD),0.05554294362466905,"MEDIUM — alignment present, award size/timing weaker"
Pat Roberts,NOC,defense,,False,11,2016-11-14,2020-07-02,144011.0,0.5354141278064665,0.4241957088308686,2018-08-20,5761000.0,598779999.3399999,115.0,83930719.0,DEPARTMENT OF DEFENSE (DOD),-0.13633613445378157,LOW — no committee link; likely just a widely-held stock
Gilbert Cisneros,JNJ,pharma,,False,2,2025-03-31,2025-05-30,30002.0,0.535146009646511,0.5067536521637732,2025-05-30,5860000.0,19178381.94,82.0,891053.07,Department of Defense,0.17015656207718566,LOW — no committee link; likely just a widely-held stock
Jefferson Shreve,ABBV,pharma,,False,1,2025-02-24,2025-02-24,50001.0,0.534636901186939,0.534636901186939,2025-02-24,4170000.0,112353.54000000001,51.0,61781.04,Department of Veterans Affairs,-0.09079772638181105,LOW — no committee link; likely just a widely-held stock
James M. Inhofe,MSFT,fedtech,,False,2,2017-07-20,2018-02-09,65002.0,0.5327307526778051,0.38422928429137637,2018-02-09,6815000.0,33599065.2,90.0,7023833.83,DEPARTMENT OF DEFENSE (DOD),0.1459514629167611,LOW — no committee link; likely just a widely-held stock
Rob Bresnahan,MRK,pharma,,False,1,2025-04-08,2025-04-08,15001.0,0.5320681530672282,0.5320681530672282,2025-04-08,7280000.0,2058310.4099999997,69.0,1854638.73,Department of Health and Human Services,0.006206459784673823,LOW — no committee link; likely just a widely-held stock
Earl Blumenauer,RTX,defense,,False,2,2022-02-24,2024-04-04,2002.0,0.5307087463335964,0.5189566318776007,2022-02-24,7430000.0,1448016667.77,110.0,634522630.0,DEPARTMENT OF DEFENSE (DOD),-0.0005305039787798504,LOW — no committee link; likely just a widely-held stock
John A. Yarmuth,JNJ,pharma,,False,1,2018-12-06,2018-12-06,1001.0,0.5299477210094335,0.5299477210094335,2018-12-06,5640000.0,19289165.97,70.0,435000.0,DEPARTMENT OF DEFENSE (DOD),-0.06668494277294212,LOW — no committee link; likely just a widely-held stock
Kurt Schrader,NOC,defense,,False,2,2021-05-14,2022-02-15,16002.0,0.5294224171742004,0.5265909984938247,2021-05-14,7245000.0,1432438442.21,137.0,169603862.0,DEPARTMENT OF DEFENSE (DOD),-0.048195689028820654,LOW — no committee link; likely just a widely-held stock
Susan M. Collins,MRK,pharma,"Senate Committee on Appropriations; Senate Committee on Health, Education, Labor, and Pensions",True,1,2018-06-04,2018-06-04,1001.0,0.5276757042312438,0.5276757042312438,2018-06-04,5285000.0,63971.82,164.0,63971.82,DEPARTMENT OF HEALTH AND HUMAN SERVICES (HHS),0.15688487584650113,"MEDIUM — alignment present, award size/timing weaker"
HON. GREG STANTON,MSFT,fedtech,,False,1,2023-09-26,2023-09-26,15001.0,0.5274731172765791,0.5274731172765791,2023-09-26,8870000.0,11140014.66,87.0,5613556.0,Department of Justice,0.28967770872044607,LOW — no committee link; likely just a widely-held stock
Carol Devine Miller,CVX,energy,,False,1,2020-08-04,2020-08-04,15001.0,0.527437095261715,0.527437095261715,2020-08-04,3650000.0,3210661.23,70.0,1095387.72,DEPARTMENT OF DEFENSE (DOD),0.03907966238871552,LOW — no committee link; likely just a widely-held stock
Sheldon Whitehouse,BA,defense,,False,4,2016-09-28,2018-06-06,4004.0,0.5253194426639888,0.29290297848714947,2018-06-06,9185000.0,1295396091.1399999,117.0,285126803.25,DEPARTMENT OF DEFENSE (DOD),0.04960167940574878,LOW — no committee link; likely just a widely-held stock
Kathy Manning,MSFT,fedtech,,False,8,2021-04-30,2024-07-02,22008.0,0.5251567319411931,0.46611070774246,2022-10-12,6520000.0,12263524.71,71.0,3697577.0,DEPARTMENT OF JUSTICE (DOJ),0.16775193798449606,LOW — no committee link; likely just a widely-held stock
Marie Newman,BA,defense,,False,1,2021-01-25,2021-01-25,15001.0,0.5250964849910997,0.5250964849910997,2021-01-25,8114500.0,1339652821.5300002,144.0,169460000.0,DEPARTMENT OF DEFENSE (DOD),0.18381195908733283,LOW — no committee link; likely just a widely-held stock
Kathy Manning,ORCL,fedtech,,False,1,2022-07-20,2022-07-20,1001.0,0.5247761832574163,0.5247761832574163,2022-07-20,3950000.0,1490729.76,54.0,510107.76,DEPARTMENT OF DEFENSE (DOD),0.09105937456949986,LOW — no committee link; likely just a widely-held stock
Alan S. Lowenthal,MSFT,fedtech,,False,3,2016-06-21,2019-09-20,16109.06,0.5240282180867581,0.3226966336871611,2019-02-14,7055000.0,40547235.28999999,69.0,14541770.59,DEPARTMENT OF DEFENSE (DOD),0.2390084190832551,LOW — no committee link; likely just a widely-held stock
Tim Walberg,LHX,defense,,False,1,2025-02-07,2025-02-07,15001.0,0.5239821555816354,0.5239821555816354,2025-02-07,1310000.0,334817588.93,103.0,76888344.75,Department of Defense,0.19055935574637362,LOW — no committee link; likely just a widely-held stock
Dwight Evans,GD,defense,,False,1,2022-03-30,2022-03-30,1001.0,0.5236911657334116,0.5236911657334116,2022-03-30,7442596.0,1781203092.3400002,120.0,562520000.0,DEPARTMENT OF DEFENSE (DOD),-0.08398821218074648,LOW — no committee link; likely just a widely-held stock
Carol Devine Miller,GD,defense,,False,1,2021-07-28,2021-07-28,15001.0,0.5235875523553836,0.5235875523553836,2021-07-28,6862501.0,775695008.49,135.0,93519000.0,DEPARTMENT OF DEFENSE (DOD),-0.010945731676129,LOW — no committee link; likely just a widely-held stock
Bruce Westerman,BA,defense,,False,1,2025-04-08,2025-04-08,1001.0,0.5233716481138271,0.5233716481138271,2025-04-08,5900000.0,1228636689.57,113.0,200887330.0,Department of Defense,0.6144630174331014,LOW — no committee link; likely just a widely-held stock
James M. Inhofe,XOM,energy,,False,1,2017-11-13,2017-11-13,50001.0,0.5233101492412031,0.5233101492412031,2017-11-13,5730000.0,67885038.10000001,113.0,18646803.61,DEPARTMENT OF DEFENSE (DOD),-0.10085655688261552,LOW — no committee link; likely just a widely-held stock
Jonathan Jackson,PLTR,defense,,False,1,2025-12-22,2025-12-22,15001.0,0.5226577173179542,0.5226577173179542,2025-12-22,4675000.0,251932921.55,116.0,94687811.42,Department of Agriculture,-0.2474997422414682,LOW — no committee link; likely just a widely-held stock
Katherine M. Clark,MRK,pharma,,False,5,2014-01-23,2021-07-27,5005.0,0.5222418157253814,0.2663081046683813,2021-07-27,3946000.0,41662.2,36.0,41662.2,DEPARTMENT OF DEFENSE (DOD),0.05690430314707773,LOW — no committee link; likely just a widely-held stock
Lisa Mcclain,ACN,fedtech,,False,1,2025-06-24,2025-06-24,1001.0,0.5210484224637554,0.5210484224637554,2025-06-24,2700000.0,257890961.36000004,91.0,78150743.4,Department of the Treasury,-0.17152168129821777,LOW — no committee link; likely just a widely-held stock
Robert J. Wittman,XOM,energy,House Committee on Natural Resources,True,2,2020-05-21,2023-04-20,2002.0,0.520751571261134,0.4385493423855177,2020-05-21,6490000.0,17081.7,155.0,15260.05,DEPARTMENT OF DEFENSE (DOD),-0.16539497307001805,"MEDIUM — alignment present, award size/timing weaker"
Valerie Hoyle,ORCL,fedtech,,False,1,2024-10-29,2024-10-29,1001.0,0.5199366294161761,0.5199366294161761,2024-10-29,7710000.0,38589434.17,85.0,37194885.42,Department of Veterans Affairs,-0.005535374502681267,LOW — no committee link; likely just a widely-held stock
Jefferson Shreve,ORCL,fedtech,,False,3,2025-02-24,2025-05-08,45003.0,0.519419609154301,0.4980965083209122,2025-03-05,6805000.0,2338301.54,78.0,649115.45,Department of Defense,0.46892795246348107,LOW — no committee link; likely just a widely-held stock
Julie Johnson,GD,defense,,False,1,2025-05-02,2025-05-02,1001.0,0.5191987840275506,0.5191987840275506,2025-05-02,8570000.0,794638257.3299999,117.0,72275184.79,Department of Health and Human Services,0.18811119657180542,LOW — no committee link; likely just a widely-held stock
Barbara J Comstock,NOC,defense,,False,1,2018-08-01,2018-08-01,15001.0,0.5190323774489877,0.5190323774489877,2018-08-01,5761000.0,573394982.34,134.0,83930719.0,DEPARTMENT OF DEFENSE (DOD),-0.13369890329012946,LOW — no committee link; likely just a widely-held stock
Josh Gottheimer,JNJ,pharma,,False,10,2018-07-31,2025-01-24,10010.0,0.517273228680924,0.43734995089891465,2018-08-17,4140000.0,18882675.68,76.0,408676.33,DEPARTMENT OF DEFENSE (DOD),-0.03963709377556346,LOW — no committee link; likely just a widely-held stock
Byron Donalds,LLY,pharma,,False,1,2026-04-02,2026-04-02,1001.0,0.5172719135058068,0.5172719135058068,2026-04-02,7670000.0,52118.88,43.0,52118.88,Department of Veterans Affairs,,LOW — no committee link; likely just a widely-held stock
Jared Moskowitz,CVX,energy,,False,1,2023-07-14,2023-07-14,1001.0,0.516402727951731,0.516402727951731,2023-07-14,4570000.0,31325.0,38.0,31325.0,General Services Administration,-0.06237791379085822,LOW — no committee link; likely just a widely-held stock
Thomas R. Carper,BAH,fedtech,,False,2,2020-11-20,2023-05-22,2002.0,0.5163579334097524,0.27352607961150505,2023-05-22,580000.0,261683180.06,81.0,37702250.66,Department of Justice,0.19662981646452704,LOW — no committee link; likely just a widely-held stock
HON. GREG STANTON,ACN,fedtech,,False,1,2023-09-26,2023-09-26,1001.0,0.516069603989359,0.516069603989359,2023-09-26,2095000.0,296368959.53000003,94.0,40429213.05,Department of Veterans Affairs,0.18766298573774165,LOW — no committee link; likely just a widely-held stock
Bruce Westerman,MSFT,fedtech,,False,1,2025-03-03,2025-03-03,15001.0,0.5154741505145671,0.5154741505145671,2025-03-03,6405000.0,42081350.89,107.0,14312199.47,Department of State,0.266570568096991,LOW — no committee link; likely just a widely-held stock
Rick Larsen,MRK,pharma,,False,1,2022-07-07,2022-07-07,1001.0,0.5128616956493549,0.5128616956493549,2022-07-07,5530000.0,103149.03,47.0,43865.7,DEPARTMENT OF DEFENSE (DOD),0.06655198365767112,LOW — no committee link; likely just a widely-held stock
Kurt Schrader,XOM,energy,,False,3,2021-06-10,2022-03-17,351003.0,0.5112201386231578,0.405604357351834,2022-03-17,4700000.0,40526333.4,124.0,9054990.0,DEPARTMENT OF DEFENSE (DOD),0.07039756900481131,LOW — no committee link; likely just a widely-held stock
Ritchie John Torres,MSFT,fedtech,,False,1,2024-09-26,2024-09-26,1001.0,0.5109479969281207,0.5109479969281207,2024-09-26,6986000.0,14751347.290000003,83.0,7888724.2,Department of Justice,0.0295611045419768,LOW — no committee link; likely just a widely-held stock
Jonathan Jackson,IBM,fedtech,,False,2,2025-05-14,2025-06-03,65002.0,0.5104650376122704,0.5071613685555334,2025-06-03,2260000.0,162719794.75,115.0,77398572.0,Social Security Administration,0.08027903469079956,LOW — no committee link; likely just a widely-held stock
Rob Bresnahan,PLTR,defense,,False,2,2025-02-25,2025-04-08,2002.0,0.5103044215995897,0.4882447631704569,2025-04-08,4380000.0,135378965.66,99.0,19554395.0,Department of Defense,1.3220382824624934,LOW — no committee link; likely just a widely-held stock
Rob Bresnahan,BA,defense,,False,1,2025-02-25,2025-02-25,15001.0,0.5095751866987112,0.5095751866987112,2025-02-25,5900000.0,855187047.6599998,155.0,200887330.0,Department of Defense,0.11572334099960724,LOW — no committee link; likely just a widely-held stock
Michael T. McCaul,CVS,pharma,,False,17,2015-03-24,2026-02-20,474017.0,0.5091603104712579,0.26758357715429043,2024-08-12,4530000.0,10000.0,46.0,10000.0,Department of Health and Human Services,-0.011825837663501204,LOW — no committee link; likely just a widely-held stock
Blake Moore,BA,defense,,False,1,2021-07-19,2021-07-19,1001.0,0.5090914203406617,0.5090914203406617,2021-07-19,8012500.0,3576524660.96,151.0,397921549.0,DEPARTMENT OF DEFENSE (DOD),0.09087395526353936,LOW — no committee link; likely just a widely-held stock
K. Michael Conaway,MSFT,fedtech,,False,4,2015-02-09,2019-01-08,18004.0,0.5082794388676937,0.3614174046575295,2018-02-07,6815000.0,33599065.2,92.0,7023833.83,DEPARTMENT OF DEFENSE (DOD),0.12576721348063824,LOW — no committee link; likely just a widely-held stock
Jared Moskowitz,JNJ,pharma,,False,2,2024-07-01,2024-11-08,2002.0,0.5079974545933236,0.48262386029702986,2024-11-08,5080000.0,103360.43,49.0,23627.9,Department of Veterans Affairs,0.07866469415321276,LOW — no committee link; likely just a widely-held stock
Jefferson Shreve,CEG,energy,,False,1,2025-05-08,2025-05-08,15001.0,0.507608835939433,0.507608835939433,2025-05-08,3760000.0,1000.0,34.0,1000.0,Department of Defense,0.11452751395099603,LOW — no committee link; likely just a widely-held stock
HON. GREG STANTON,IBM,fedtech,,False,1,2023-09-26,2023-09-26,1001.0,0.5069131233283042,0.5069131233283042,2023-09-26,2720000.0,97100811.13000001,94.0,26450000.0,Agency for International Development,0.2142557944708181,LOW — no committee link; likely just a widely-held stock
David J. Taylor,IBM,fedtech,,False,1,2026-01-08,2026-01-08,1001.0,0.5058824013024958,0.5058824013024958,2026-01-08,1370000.0,45722581.62,82.0,11842802.72,General Services Administration,-0.2410147991543341,LOW — no committee link; likely just a widely-held stock
Peter Meijer,MRK,pharma,,False,1,2021-01-13,2021-01-13,1001.0,0.5051999764764515,0.5051999764764515,2021-01-13,7722000.0,1825008777.95,145.0,1207999848.0,DEPARTMENT OF DEFENSE (DOD),-0.044328394461987,LOW — no committee link; likely just a widely-held stock
Carol Devine Miller,LMT,defense,,False,1,2025-03-10,2025-03-10,1001.0,0.5051490292278246,0.5051490292278246,2025-03-10,7458089.0,1665369448.13,143.0,572683529.0,Department of Defense,-0.03372498278272851,LOW — no committee link; likely just a widely-held stock
Rob Bresnahan,ABBV,pharma,,False,2,2025-02-25,2025-05-15,2002.0,0.5047145334504717,0.455804622783064,2025-02-25,4170000.0,112353.54000000001,50.0,61781.04,Department of Veterans Affairs,-0.09184873126285886,LOW — no committee link; likely just a widely-held stock
Marie Newman,XOM,energy,,False,2,2021-01-21,2021-01-22,2002.0,0.5046396962376472,0.5038524145999574,2021-01-22,3900000.0,1816610.27,67.0,228264.04,DEPARTMENT OF DEFENSE (DOD),0.2567994939911449,LOW — no committee link; likely just a widely-held stock
David Perdue,JNJ,pharma,,False,3,2015-04-02,2018-10-24,3003.0,0.5041140559615305,0.39583753121679316,2018-01-24,6080000.0,10294253.69,84.0,279909.44,DEPARTMENT OF DEFENSE (DOD),-0.13950869289786716,LOW — no committee link; likely just a widely-held stock
John A. Yarmuth,GD,defense,,False,2,2017-03-23,2021-09-23,2002.0,0.5037443372421099,0.3583366617731805,2021-09-23,6862501.0,884874613.75,134.0,314695138.0,DEPARTMENT OF DEFENSE (DOD),0.04975857687420571,LOW — no committee link; likely just a widely-held stock
Greg Landsman,MSFT,fedtech,,False,1,2023-05-30,2023-05-30,1001.0,0.5033520836961948,0.5033520836961948,2023-05-30,13722000.0,35185147.26,104.0,16036780.0,Department of State,-0.05561426285438231,LOW — no committee link; likely just a widely-held stock
Lisa Mcclain,IBM,fedtech,,False,1,2025-06-17,2025-06-17,1001.0,0.5031057814760506,0.5031057814760506,2025-06-17,2260000.0,171879928.56,101.0,77398572.0,Social Security Administration,-0.008125772831655276,LOW — no committee link; likely just a widely-held stock
Daniel Goldman,JNJ,pharma,,False,2,2023-02-03,2023-03-06,51002.0,0.5020265571365979,0.4686858453475325,2023-03-06,7290000.0,179241.44,78.0,39512.53,Department of Veterans Affairs,0.04660581126253538,LOW — no committee link; likely just a widely-held stock
Rick Larsen,GD,defense,,False,1,2023-04-05,2023-04-05,1001.0,0.5010781270045908,0.5010781270045908,2023-04-05,7720000.0,294830115.3,124.0,131119181.0,Department of Veterans Affairs,-0.014630098698576233,LOW — no committee link; likely just a widely-held stock
John A. Yarmuth,CVX,energy,,False,1,2017-11-09,2017-11-09,1001.0,0.5002329846041002,0.5002329846041002,2017-11-09,4760000.0,1508446.94,70.0,90885.36,DEPARTMENT OF DEFENSE (DOD),-0.00017059024223808894,LOW — no committee link; likely just a widely-held stock
David B. Mckinley,MSFT,fedtech,,False,1,2018-12-20,2018-12-20,15001.0,0.4998676146122363,0.4998676146122363,2018-12-20,6560000.0,44794946.64000001,125.0,14541770.59,DEPARTMENT OF DEFENSE (DOD),0.2191902275637867,LOW — no committee link; likely just a widely-held stock
Thomas H. Kean Jr,ORCL,fedtech,,False,1,2023-12-14,2023-12-14,1001.0,0.4996111536898128,0.4996111536898128,2023-12-14,7980000.0,950021.0,71.0,950021.0,Federal Communications Commission,0.20735719270262187,LOW — no committee link; likely just a widely-held stock
Tim Walberg,BA,defense,,False,1,2025-02-07,2025-02-07,15001.0,0.4973951822641538,0.4973951822641538,2025-02-07,5900000.0,682096142.3299999,173.0,200887330.0,Department of Defense,0.19846823516447176,LOW — no committee link; likely just a widely-held stock
Pat Roberts,CVX,energy,,False,5,2015-03-16,2020-03-26,5005.0,0.49704349392551306,0.31247315266275477,2017-11-07,4760000.0,1486396.94,72.0,90885.36,DEPARTMENT OF DEFENSE (DOD),-0.029000341180484446,LOW — no committee link; likely just a widely-held stock
Bruce Westerman,ORCL,fedtech,,False,1,2025-03-03,2025-03-03,1001.0,0.49462234716041664,0.49462234716041664,2025-03-03,6805000.0,2338301.54,80.0,649115.45,Department of Defense,0.3514380940624613,LOW — no committee link; likely just a widely-held stock
Marie Newman,PFE,pharma,,False,1,2021-02-01,2021-02-01,1001.0,0.49371773348926673,0.49371773348926673,2021-02-01,7305000.0,3803770973.8999996,179.0,3500000001.0,DEPARTMENT OF DEFENSE (DOD),0.07541899441340782,LOW — no committee link; likely just a widely-held stock
Thomas R. Carper,LMT,defense,,False,1,2020-07-09,2020-07-09,1001.0,0.4927613804280809,0.4927613804280809,2020-07-09,8186211.0,1838147.9,81.0,1519557.9,DEPARTMENT OF HOMELAND SECURITY (DHS),0.06268384515825387,LOW — no committee link; likely just a widely-held stock
Valerie Hoyle,JNJ,pharma,,False,1,2024-10-29,2024-10-29,1001.0,0.49148616257982203,0.49148616257982203,2024-10-29,5030000.0,123115.76,59.0,23627.9,Department of Veterans Affairs,0.01867699419076785,LOW — no committee link; likely just a widely-held stock
Jefferson Shreve,PFE,pharma,,False,1,2025-02-24,2025-02-24,15001.0,0.49136027320515785,0.49136027320515785,2025-02-24,22510000.0,1922415.9200000004,112.0,1759047.8,Department of Health and Human Services,-0.08780487804878045,LOW — no committee link; likely just a widely-held stock
Josh Gottheimer,CVX,energy,,False,2,2020-05-04,2020-10-16,2002.0,0.4912575904429983,0.4542675965162503,2020-10-16,3590000.0,7864106.39,87.0,1095149.79,DEPARTMENT OF DEFENSE (DOD),0.27767869392234856,LOW — no committee link; likely just a widely-held stock
Ritchie John Torres,ABBV,pharma,,False,1,2024-09-26,2024-09-26,1001.0,0.49084833805613415,0.49084833805613415,2024-09-26,2680000.0,138963.57,56.0,49850.32,Department of Health and Human Services,-0.11255862428348096,LOW — no committee link; likely just a widely-held stock
Valerie Hoyle,LMT,defense,,False,1,2024-10-29,2024-10-29,1001.0,0.48998383375799864,0.48998383375799864,2024-10-29,6852159.0,17211.940000000002,50.0,14711.94,Department of Homeland Security,-0.19257498171177756,LOW — no committee link; likely just a widely-held stock
Daniel Goldman,ACN,fedtech,,False,1,2023-04-10,2023-04-10,50001.0,0.4889094638217668,0.4889094638217668,2023-04-10,2750000.0,272377649.27,172.0,37059405.65,Department of State,0.11882277761999416,LOW — no committee link; likely just a widely-held stock
K. Michael Conaway,JNJ,pharma,,False,5,2016-09-12,2020-10-16,82005.0,0.4868402326384309,0.35698195577223063,2018-11-02,5620000.0,19820997.39,104.0,435000.0,DEPARTMENT OF DEFENSE (DOD),-0.015638328120557432,LOW — no committee link; likely just a widely-held stock
Kathy Manning,CVS,pharma,,False,1,2022-07-15,2022-07-15,1001.0,0.48583608112378757,0.48583608112378757,2022-07-15,6150000.0,26200.0,54.0,26200.0,DEPARTMENT OF VETERANS AFFAIRS (VA),0.018873859704309437,LOW — no committee link; likely just a widely-held stock
Marjorie Taylor Greene,JNJ,pharma,,False,4,2024-11-25,2025-05-05,4004.0,0.48502773829810086,0.43722254667896016,2025-05-05,5880000.0,21262114.700000003,107.0,891053.07,Department of Defense,0.14877419354838706,LOW — no committee link; likely just a widely-held stock
Tim Walberg,LMT,defense,,False,1,2025-02-07,2025-02-07,1001.0,0.4849743006047728,0.4849743006047728,2025-02-07,7458089.0,1344892641.45,174.0,572683529.0,Department of Defense,0.08200004500551317,LOW — no committee link; likely just a widely-held stock
Jefferson Shreve,MRK,pharma,,False,1,2025-02-24,2025-02-24,15001.0,0.4805027078708132,0.4805027078708132,2025-02-24,7310000.0,2324435.16,112.0,1854638.73,Department of Health and Human Services,-0.11997370439355759,LOW — no committee link; likely just a widely-held stock
Bruce Westerman,PFE,pharma,,False,1,2025-03-03,2025-03-03,1001.0,0.4800853102565428,0.4800853102565428,2025-03-03,22510000.0,2714795.8600000003,105.0,1759047.8,Department of Health and Human Services,-0.04609523809523808,LOW — no committee link; likely just a widely-held stock
Lisa Mcclain,ORCL,fedtech,,False,2,2025-06-17,2025-10-30,2002.0,0.4798180652739542,0.4488896920979471,2025-06-17,7110000.0,1886639.0100000002,90.0,745087.4,Department of Health and Human Services,0.45844941877221634,LOW — no committee link; likely just a widely-held stock
Markwayne Mullin,ACN,fedtech,,False,1,2025-02-13,2025-02-13,50001.0,0.47979881212258024,0.47979881212258024,2025-02-13,2570000.0,105347102.57999997,168.0,60495031.5,Department of Education,-0.19977922111262292,LOW — no committee link; likely just a widely-held stock
Julie Johnson,BA,defense,,False,2,2025-01-15,2025-02-12,2002.0,0.479326661661119,0.4738394755995012,2025-02-12,5900000.0,779215788.6299999,168.0,200887330.0,Department of Defense,0.09395973154362425,LOW — no committee link; likely just a widely-held stock
Pat Roberts,XOM,energy,,False,2,2018-08-20,2020-03-26,2002.0,0.4786185587071785,0.34413931893562755,2018-08-20,5440000.0,46439716.41,122.0,11253791.37,DEPARTMENT OF DEFENSE (DOD),-0.08641035401598784,LOW — no committee link; likely just a widely-held stock
David J. Taylor,MSFT,fedtech,,False,5,2026-01-08,2026-02-26,5005.0,0.4785765070189272,0.4587236874598082,2026-02-26,6605000.0,23108531.619999997,116.0,8148580.17,Department of Justice,-0.07156726077865183,LOW — no committee link; likely just a widely-held stock
Jefferson Shreve,RTX,defense,,False,1,2025-02-24,2025-02-24,15001.0,0.47815103652394286,0.47815103652394286,2025-02-24,750000.0,469195046.71999997,157.0,96311341.38,Department of Defense,0.13090967073267956,LOW — no committee link; likely just a widely-held stock
Thomas R. Carper,RTX,defense,,False,1,2023-02-21,2023-02-21,1001.0,0.4778472116770597,0.4778472116770597,2023-02-21,7250000.0,31956079.419999998,122.0,7799337.77,Department of Commerce,-0.01569796323894701,LOW — no committee link; likely just a widely-held stock
John James,NOC,defense,,False,1,2023-11-10,2023-11-10,1001.0,0.4759972935587422,0.4759972935587422,2023-11-10,4812500.0,15094504.350000001,110.0,12996303.56,Department of Health and Human Services,-0.008677445118397409,LOW — no committee link; likely just a widely-held stock
Austin Scott,JNJ,pharma,,False,1,2021-01-26,2021-01-26,15001.0,0.4758748027365234,0.4758748027365234,2021-01-26,5130000.0,17260234.73,139.0,571018.22,DEPARTMENT OF DEFENSE (DOD),-0.008270764899108385,LOW — no committee link; likely just a widely-held stock
Diana Harshbarger,NOC,defense,,False,2,2022-02-25,2022-02-26,2002.0,0.4754827132910107,0.47506888437700745,2022-02-26,6975000.0,552249696.96,172.0,131212000.0,DEPARTMENT OF DEFENSE (DOD),0.05581942371194648,LOW — no committee link; likely just a widely-held stock
Kevin Hern,BA,defense,,False,2,2020-04-09,2020-10-16,2002.0,0.4739195281982067,0.43702710878073875,2020-10-16,8012000.0,560643548.6199999,179.0,143198723.0,DEPARTMENT OF DEFENSE (DOD),0.2977591873319392,LOW — no committee link; likely just a widely-held stock
Ed Perlmutter,MSFT,fedtech,,False,2,2020-06-10,2020-11-12,2002.0,0.47072597848131664,0.45345570505876154,2020-06-10,7414000.0,6451033.89,111.0,3912274.53,DEPARTMENT OF STATE (DOS),0.06980288559235936,LOW — no committee link; likely just a widely-held stock
Diana Harshbarger,ORCL,fedtech,,False,3,2022-03-07,2022-06-08,3003.0,0.4702941909273369,0.44693929948043865,2022-06-08,7140000.0,1506065.01,96.0,510107.76,DEPARTMENT OF DEFENSE (DOD),-0.08517792098627064,LOW — no committee link; likely just a widely-held stock
Daniel Goldman,LMT,defense,,False,1,2023-01-31,2023-01-31,15001.0,0.46919892776264815,0.46919892776264815,2023-01-31,7743242.0,7344852.03,142.0,5901558.0,Department of Defense,-0.04155333937745542,LOW — no committee link; likely just a widely-held stock
Greg Landsman,LHX,defense,,False,1,2024-07-17,2024-07-17,1001.0,0.46739145636462376,0.46739145636462376,2024-07-17,1510000.0,25452395.73,111.0,13149440.66,Department of Commerce,0.04159496327387191,LOW — no committee link; likely just a widely-held stock
Daniel Goldman,NOC,defense,,False,1,2023-03-06,2023-03-06,15001.0,0.4666768534923902,0.4666768534923902,2023-03-06,7045000.0,21013586.97,163.0,6342196.0,Department of Defense,-0.02375483816086088,LOW — no committee link; likely just a widely-held stock
Thomas H. Kean Jr,MSFT,fedtech,,False,1,2025-01-31,2025-01-31,1001.0,0.46596175944818585,0.46596175944818585,2025-01-31,6425000.0,38748110.620000005,138.0,14312199.47,Department of State,0.11301980436563386,LOW — no committee link; likely just a widely-held stock
Valerie Hoyle,NOC,defense,,False,1,2024-10-29,2024-10-29,1001.0,0.46558547310482346,0.46558547310482346,2024-10-29,3600000.0,2479237.75,98.0,745840.0,National Aeronautics and Space Administration,-0.0975696855470688,LOW — no committee link; likely just a widely-held stock
Daniel Goldman,MRNA,pharma,,False,1,2023-04-10,2023-04-10,50001.0,0.4654138698774084,0.4654138698774084,2023-04-10,350000.0,25343.0,65.0,17182.0,Department of Health and Human Services,-0.37720886668748055,LOW — no committee link; likely just a widely-held stock
Christopher L. Jacobs,JNJ,pharma,,False,1,2022-11-08,2022-11-08,1001.0,0.4653160128109085,0.4653160128109085,2022-11-08,5900000.0,301841.41,84.0,50277.7,DEPARTMENT OF VETERANS AFFAIRS (VA),-0.1201104463874827,LOW — no committee link; likely just a widely-held stock
Bruce Westerman,MRK,pharma,,False,1,2025-03-03,2025-03-03,1001.0,0.4652588654078008,0.4652588654078008,2025-03-03,7310000.0,2280332.38,105.0,1854638.73,Department of Health and Human Services,-0.12173913043478268,LOW — no committee link; likely just a widely-held stock
Kathy Manning,ACN,fedtech,,False,4,2022-07-15,2023-04-28,4004.0,0.46521665940582796,0.37135137086479547,2023-04-28,2460000.0,262259392.37,154.0,37059405.65,Department of State,0.14492133147811193,LOW — no committee link; likely just a widely-held stock
Deborah K. Ross,ORCL,fedtech,,False,1,2021-01-04,2021-01-04,15001.0,0.46427787853281766,0.46427787853281766,2021-01-04,6365000.0,5395528.46,141.0,5389169.02,DEPARTMENT OF DEFENSE (DOD),0.2318431372549019,LOW — no committee link; likely just a widely-held stock
Bruce Westerman,RTX,defense,,False,1,2025-03-03,2025-03-03,1001.0,0.46417684304231266,0.46417684304231266,2025-03-03,750000.0,665720285.33,150.0,96311341.38,Department of Defense,0.07741164163490977,LOW — no committee link; likely just a widely-held stock
Daniel Goldman,ABBV,pharma,,False,2,2023-01-31,2023-03-07,2002.0,0.46257459025982395,0.419035485358758,2023-01-31,3300000.0,21600.0,62.0,21600.0,Department of Veterans Affairs,-0.06626057529610818,LOW — no committee link; likely just a widely-held stock
Ron Estes,CVX,energy,,False,1,2022-02-10,2022-02-10,1001.0,0.46222680433007035,0.46222680433007035,2022-02-10,3470000.0,49290593.32,137.0,3685264.8,DEPARTMENT OF DEFENSE (DOD),0.2893266686268745,LOW — no committee link; likely just a widely-held stock
Rob Bresnahan,IBM,fedtech,,False,3,2025-03-10,2025-03-26,3003.0,0.4617369174719739,0.4555142054624146,2025-03-26,2140000.0,68554359.96,135.0,27605531.8,Department of Homeland Security,0.040624750339538274,LOW — no committee link; likely just a widely-held stock
Jefferson Shreve,JNJ,pharma,,False,2,2025-02-24,2025-03-05,30002.0,0.4613271220244467,0.45852566487540386,2025-03-05,6280000.0,18516311.349999998,168.0,891053.07,Department of Defense,-0.05517199612403112,LOW — no committee link; likely just a widely-held stock
Tommy Tuberville,CVX,energy,,False,6,2022-01-12,2024-05-07,154006.0,0.4607211630827982,0.3801120378909217,2023-06-12,6020000.0,31325.0,70.0,31325.0,General Services Administration,0.05853937583423363,LOW — no committee link; likely just a widely-held stock
Thomas Suozzi,MSFT,fedtech,,False,4,2017-08-17,2021-11-24,67004.0,0.45996944231561454,0.32823431189793023,2021-11-24,7390000.0,2058763.69,149.0,1268125.0,CORPS OF ENGINEERS - CIVIL WORKS (USACE),-0.10005622798970137,LOW — no committee link; likely just a widely-held stock
Lisa Mcclain,LLY,pharma,,False,2,2024-12-11,2025-07-10,2002.0,0.45973945215791645,0.32829653248493096,2025-07-10,7350000.0,229740.8,88.0,229740.8,Department of Veterans Affairs,0.16912666793144893,LOW — no committee link; likely just a widely-held stock
Thomas Suozzi,XOM,energy,,False,2,2017-08-17,2018-07-25,2002.0,0.45791149016256183,0.44568442359018023,2018-07-25,5440000.0,41209415.449999996,148.0,11253791.37,DEPARTMENT OF DEFENSE (DOD),-0.0969015432468,LOW — no committee link; likely just a widely-held stock
Julie Johnson,PLTR,defense,,False,2,2025-01-15,2025-02-12,2002.0,0.45649819886920684,0.45321014481989763,2025-02-12,4380000.0,64105707.480000004,154.0,19554395.0,Department of Defense,0.15163131442201205,LOW — no committee link; likely just a widely-held stock
Thomas R. Carper,LHX,defense,,False,2,2020-04-02,2020-07-09,2002.0,0.4513433179235754,0.4118921785317844,2020-07-09,1840000.0,224357.0,82.0,164000.0,DEPARTMENT OF DEFENSE (DOD),0.11977471839799736,LOW — no committee link; likely just a widely-held stock
Julie Johnson,RTX,defense,,False,1,2025-02-14,2025-02-14,1001.0,0.45026394743235887,0.45026394743235887,2025-02-14,750000.0,454425889.11,167.0,96311341.38,Department of Defense,0.1964708765623724,LOW — no committee link; likely just a widely-held stock
Ro Khanna,LLY,pharma,,False,28,2017-01-24,2026-01-23,98028.0,0.45023521297630825,0.08558008622687428,2025-07-02,7410000.0,229740.8,96.0,229740.8,Department of Veterans Affairs,0.08369263935940863,LOW — no committee link; likely just a widely-held stock
Dwight Evans,IBM,fedtech,,False,2,2020-10-29,2025-04-03,2002.0,0.447008335402629,0.23885128060794333,2025-04-03,2140000.0,167988601.55,176.0,77398572.0,Social Security Administration,0.02694155817487376,LOW — no committee link; likely just a widely-held stock
James Comer,PLTR,defense,,False,1,2025-01-21,2025-01-21,1001.0,0.4459121764082111,0.4459121764082111,2025-01-21,4380000.0,71358252.05,176.0,19554395.0,Department of Defense,0.6501984398521967,LOW — no committee link; likely just a widely-held stock
Jared Moskowitz,ABBV,pharma,,False,2,2025-01-15,2025-04-07,2002.0,0.4454058225811771,0.41676993934125406,2025-01-15,3300000.0,201466.79,91.0,61781.04,Department of Veterans Affairs,0.06028596440035017,LOW — no committee link; likely just a widely-held stock
Kenneth R. Buck,ABBV,pharma,,False,1,2017-10-27,2017-10-27,1001.0,0.44348991414663863,0.44348991414663863,2017-10-27,3180000.0,140292.43,89.0,43997.8,DEPARTMENT OF VETERANS AFFAIRS (VA),0.3220928967692809,LOW — no committee link; likely just a widely-held stock
Jefferson Shreve,NEE,energy,,False,1,2025-04-17,2025-04-17,15001.0,0.4428748850703913,0.4428748850703913,2025-04-17,5609140.0,3656784.12,167.0,1577638.9,Department of Veterans Affairs,0.13723420298597477,LOW — no committee link; likely just a widely-held stock
Donald Sternoff Beyer Jr,MSFT,fedtech,,False,7,2019-11-22,2020-11-24,7007.0,0.44272917233360776,0.2443873930903098,2020-11-24,6140000.0,14931781.85,157.0,6872057.0,DEPARTMENT OF DEFENSE (DOD),0.10100065463387264,LOW — no committee link; likely just a widely-held stock
John A. Yarmuth,MSFT,fedtech,,False,1,2017-12-07,2017-12-07,1001.0,0.4421908299858094,0.4421908299858094,2017-12-07,6367500.0,11618593.060000002,154.0,7023833.83,DEPARTMENT OF DEFENSE (DOD),0.09382955509758761,LOW — no committee link; likely just a widely-held stock
Bob Gibbs,MRK,pharma,,False,1,2021-11-26,2021-11-26,1001.0,0.4419930183639088,0.4419930183639088,2021-11-26,4290000.0,79522.22,88.0,20000.0,DEPARTMENT OF JUSTICE (DOJ),0.025896917635169325,LOW — no committee link; likely just a widely-held stock
Marjorie Taylor Greene,NEE,energy,,False,9,2021-04-16,2025-06-06,9009.0,0.4398887221766023,0.26280544780639215,2025-06-06,5781640.0,8797807.27,151.0,3000000.0,Department of Veterans Affairs,0.13788802660753885,LOW — no committee link; likely just a widely-held stock
Bruce Westerman,JNJ,pharma,,False,1,2025-03-03,2025-03-03,1001.0,0.4382817367733831,0.4382817367733831,2025-03-03,6280000.0,18516311.349999998,170.0,891053.07,Department of Defense,-0.06791009086561461,LOW — no committee link; likely just a widely-held stock
Lisa Mcclain,MRK,pharma,,False,1,2025-06-24,2025-06-24,1001.0,0.4378442703248518,0.4378442703248518,2025-06-24,10630000.0,257261.93,113.0,66154.17,Department of Veterans Affairs,0.09076195219123506,LOW — no committee link; likely just a widely-held stock
HON. GREG STANTON,ABBV,pharma,,False,1,2023-09-26,2023-09-26,1001.0,0.4353141949375253,0.4353141949375253,2023-09-26,2150000.0,62846.0,85.0,47933.0,Department of Health and Human Services,0.06698720031187055,LOW — no committee link; likely just a widely-held stock
Valerie Hoyle,BA,defense,,False,1,2024-10-29,2024-10-29,1001.0,0.4335767966404335,0.4335767966404335,2024-10-29,6790000.0,1427911.3599999999,134.0,532996.23,National Aeronautics and Space Administration,0.13112825205909262,LOW — no committee link; likely just a widely-held stock
Ritchie John Torres,NOC,defense,,False,1,2024-09-26,2024-09-26,1001.0,0.4317563315365236,0.4317563315365236,2024-09-26,3535000.0,1948607.75,131.0,745840.0,National Aeronautics and Space Administration,-0.05204936011138439,LOW — no committee link; likely just a widely-held stock
Kevin Hern,CVX,energy,,False,2,2019-10-15,2021-10-20,51002.0,0.4315760346786426,0.31997831164847257,2021-10-20,1470000.0,3864767.76,180.0,2445124.5,DEPARTMENT OF DEFENSE (DOD),0.18071756804524575,LOW — no committee link; likely just a widely-held stock
Markwayne Mullin,LLY,pharma,,False,4,2023-09-13,2025-12-29,81004.0,0.4308308156599897,0.18573075180262058,2025-12-29,22005000.0,52118.88,137.0,52118.88,Department of Veterans Affairs,-0.18978799143437186,LOW — no committee link; likely just a widely-held stock
John A. Yarmuth,ORCL,fedtech,,False,2,2017-09-19,2017-11-09,2002.0,0.4308009526009516,0.40813967755242503,2017-11-09,8560000.0,67361.97,103.0,25195.0,DEPARTMENT OF DEFENSE (DOD),0.07575142160844828,LOW — no committee link; likely just a widely-held stock
Thomas R. Carper,JNJ,pharma,,False,1,2022-01-18,2022-01-18,1001.0,0.4304795862003894,0.4304795862003894,2022-01-18,4040000.0,18045923.72,175.0,585202.15,DEPARTMENT OF DEFENSE (DOD),0.050269299820466795,LOW — no committee link; likely just a widely-held stock
Valerie Hoyle,MRK,pharma,,False,1,2024-10-29,2024-10-29,1001.0,0.42995172691822603,0.42995172691822603,2024-10-29,5020000.0,1224433.0,132.0,241958.26,Department of Veterans Affairs,-0.1383399209486167,LOW — no committee link; likely just a widely-held stock
HON. GREG STANTON,JNJ,pharma,,False,1,2023-09-26,2023-09-26,1001.0,0.4298434149010092,0.4298434149010092,2023-09-26,4230000.0,157352.24,105.0,39385.0,Department of Veterans Affairs,-0.00037731103005911315,LOW — no committee link; likely just a widely-held stock
Virginia Foxx,PFE,pharma,,False,2,2016-01-20,2017-08-01,30002.0,0.4273198706571171,0.32945305168716066,2017-08-01,16740000.0,141748.91,154.0,47455.2,DEPARTMENT OF HEALTH AND HUMAN SERVICES (HHS),0.09461910519951644,LOW — no committee link; likely just a widely-held stock
K. Michael Conaway,CVX,energy,,False,1,2020-04-22,2020-04-22,15001.0,0.4259424710046238,0.4259424710046238,2020-04-22,5470000.0,1095387.72,174.0,1095387.72,DEPARTMENT OF DEFENSE (DOD),0.004381809568924755,LOW — no committee link; likely just a widely-held stock
Susan W. Brooks,MSFT,fedtech,,False,1,2020-04-06,2020-04-06,1001.0,0.4247854994463254,0.4247854994463254,2020-04-06,6804000.0,6448973.89,176.0,3912274.53,DEPARTMENT OF STATE (DOS),0.290554849639983,LOW — no committee link; likely just a widely-held stock
Bob Gibbs,XOM,energy,,False,3,2016-07-05,2021-11-09,17003.0,0.4230568589465182,0.2890796258311499,2021-11-09,4330000.0,8486562.0,175.0,8486562.0,DEPARTMENT OF DEFENSE (DOD),0.24758890898131414,LOW — no committee link; likely just a widely-held stock
Joe Courtney,CVX,energy,,False,1,2020-05-13,2020-05-13,1001.0,0.4224929933388468,0.4224929933388468,2020-05-13,5470000.0,2115511.44,153.0,1095387.72,DEPARTMENT OF DEFENSE (DOD),-0.1189402480270575,LOW — no committee link; likely just a widely-held stock
Cleo Fields,ORCL,fedtech,,False,3,2025-09-17,2025-09-23,80003.0,0.4223272170814196,0.41700652533348476,2025-09-17,7390000.0,194271.21,170.0,194271.21,Federal Communications Commission,-0.3701270694402974,LOW — no committee link; likely just a widely-held stock
Kenneth R. Buck,JNJ,pharma,,False,1,2017-10-27,2017-10-27,1001.0,0.421806625885754,0.421806625885754,2017-10-27,5620000.0,5259958.5200000005,173.0,279909.44,DEPARTMENT OF DEFENSE (DOD),-0.06848638736069979,LOW — no committee link; likely just a widely-held stock
Josh Gottheimer,MRNA,pharma,,False,1,2023-03-31,2023-03-31,1001.0,0.4182675035366223,0.4182675035366223,2023-03-31,350000.0,25343.0,75.0,17182.0,Department of Health and Human Services,-0.2338846203932805,LOW — no committee link; likely just a widely-held stock
Jonathan Jackson,LLY,pharma,,False,2,2025-04-21,2025-04-23,16002.0,0.41780539694177543,0.40742590272026685,2025-04-21,9130000.0,229740.8,168.0,229740.8,Department of Veterans Affairs,-0.14035109166035054,LOW — no committee link; likely just a widely-held stock
Virginia Foxx,JNJ,pharma,,False,2,2016-11-23,2024-12-06,51002.0,0.416104444554683,0.3262211156089121,2024-12-06,5080000.0,2503054.82,166.0,98782.0,Department of Defense,0.008773692317996185,LOW — no committee link; likely just a widely-held stock
John Hoeven,BA,defense,Senate Committee on Appropriations,True,1,2014-04-28,2014-04-28,100001.0,0.41522735624229296,0.41522735624229296,2014-04-28,27970000.0,0.0,,,,0.012279596977329943,LOW — no committee link; likely just a widely-held stock
Angus King,LLY,pharma,,False,1,2025-12-29,2025-12-29,1001.0,0.40880498186655373,0.40880498186655373,2025-12-29,22005000.0,52118.88,137.0,52118.88,Department of Veterans Affairs,-0.18978799143437186,LOW — no committee link; likely just a widely-held stock
Marjorie Taylor Greene,LLY,pharma,,False,4,2024-12-24,2025-05-14,4004.0,0.40688876893705506,0.30433813165676926,2025-05-14,7410000.0,229740.8,145.0,229740.8,Department of Veterans Affairs,0.05690647884174638,LOW — no committee link; likely just a widely-held stock
Virginia Foxx,ABBV,pharma,,False,1,2024-12-06,2024-12-06,1001.0,0.40603179980896,0.40603179980896,2024-12-06,3240000.0,201466.79,131.0,61781.04,Department of Veterans Affairs,0.05880015891934853,LOW — no committee link; likely just a widely-held stock
Bob Gibbs,JNJ,pharma,,False,2,2016-07-28,2020-08-21,2002.0,0.40551470895650527,0.3049829545741618,2020-08-21,3920000.0,29051.97,110.0,21000.0,DEPARTMENT OF HEALTH AND HUMAN SERVICES (HHS),0.0017020162346164103,LOW — no committee link; likely just a widely-held stock
Josh Gottheimer,LLY,pharma,,False,18,2022-03-16,2025-05-01,18018.0,0.40145583017832265,0.05129209272242793,2025-05-01,9310000.0,229740.8,158.0,229740.8,Department of Veterans Affairs,-0.0774713512152122,LOW — no committee link; likely just a widely-held stock
Tom Malinowski,MRK,pharma,,False,1,2020-08-24,2020-08-24,15001.0,0.4012208526386368,0.4012208526386368,2020-08-24,4737000.0,110000.0,170.0,110000.0,DEPARTMENT OF JUSTICE (DOJ),-0.07024116132053382,LOW — no committee link; likely just a widely-held stock
Rob Bresnahan,MRNA,pharma,,False,1,2025-02-25,2025-02-25,1001.0,0.39977519473653944,0.39977519473653944,2025-02-25,700000.0,115502.2,111.0,91361.2,Department of Health and Human Services,-0.19290865384615385,LOW — no committee link; likely just a widely-held stock
Scott H. Peters,CVS,pharma,House Committee on Energy and Commerce,True,3,2015-06-23,2015-07-10,80003.0,0.39961825197847,0.3930859456283633,2015-06-26,11750000.0,0.0,,,,-0.022392290249433122,LOW — no committee link; likely just a widely-held stock
Ro Khanna,AMZN,fedtech,House Committee on Armed Services; House Committee on Oversight and Government Reform,True,79,2017-06-12,2026-04-02,478079.0,0.39834740641764876,0.37245042060032263,2024-06-07,10520000.0,0.0,,,,-0.018990775908844237,LOW — no committee link; likely just a widely-held stock
Michael C. Burgess,ABBV,pharma,,False,1,2023-07-06,2023-07-06,15001.0,0.3977396430205822,0.3977396430205822,2023-07-06,2830000.0,119487.0,167.0,47933.0,Department of Health and Human Services,0.03038251366120215,LOW — no committee link; likely just a widely-held stock
Ashley B. Moody,LLY,pharma,"Senate Committee on Health, Education, Labor, and Pensions",True,1,2025-03-06,2025-03-06,100001.0,0.3972638989129445,0.3972638989129445,2025-03-06,5860000.0,0.0,,,,-0.15326044086068624,LOW — no committee link; likely just a widely-held stock
Ron Wyden,AMZN,fedtech,Senate Select Committee on Intelligence,True,10,2020-04-06,2020-09-01,220010.0,0.3969059851515945,0.38909157724679744,2020-04-06,9280000.0,0.0,,,,0.5713084266541182,LOW — no committee link; likely just a widely-held stock
Kevin Hern,UNH,pharma,House Committee on Ways and Means,True,12,2021-09-02,2024-06-25,310012.0,0.39643700721905933,0.364436321869327,2021-09-23,2850000.0,0.0,,,,0.1302355218978999,LOW — no committee link; likely just a widely-held stock
John Hoeven,ABBV,pharma,Senate Committee on Appropriations,True,3,2014-03-31,2015-02-25,200003.0,0.3956674087696121,0.38844138500440556,2015-02-25,5100000.0,0.0,,,,0.15176509402837346,LOW — no committee link; likely just a widely-held stock
Richard Dean Mccormick,JNJ,pharma,,False,2,2023-03-15,2025-11-05,2002.0,0.3955935918569483,0.39383947907177663,2025-11-05,5380000.0,294196.98,162.0,133500.0,Department of Veterans Affairs,0.28833333333333333,LOW — no committee link; likely just a widely-held stock
John Hoeven,PFE,pharma,Senate Committee on Appropriations,True,1,2016-11-25,2016-11-25,50001.0,0.3955631470412787,0.3955631470412787,2016-11-25,8256679.5,0.0,,,,0.0785736825497001,LOW — no committee link; likely just a widely-held stock
John Hoeven,AMZN,fedtech,Senate Committee on Appropriations,True,2,2017-12-29,2018-06-01,100002.0,0.39515700509084895,0.3950183519241495,2017-12-29,7970000.0,0.0,,,,0.33917928634338623,LOW — no committee link; likely just a widely-held stock
Susan M. Collins,AMZN,fedtech,Senate Select Committee on Intelligence; Senate Committee on Appropriations,True,2,2018-10-02,2022-01-06,30002.0,0.39304762177699826,0.3890865467478163,2022-01-06,15560000.0,0.0,,,,-0.2969697526553714,LOW — no committee link; likely just a widely-held stock
HON. GREG STANTON,MRK,pharma,,False,1,2023-09-26,2023-09-26,1001.0,0.39294444962311975,0.39294444962311975,2023-09-26,6170000.0,199648.59999999998,162.0,139754.02,Department of Veterans Affairs,0.12800075908530206,LOW — no committee link; likely just a widely-held stock
John Hoeven,MRK,pharma,Senate Committee on Appropriations,True,1,2016-01-28,2016-01-28,50001.0,0.39224285367590384,0.39224285367590384,2016-01-28,6185000.0,0.0,,,,0.1479674796747965,LOW — no committee link; likely just a widely-held stock
Ron Wyden,LLY,pharma,Senate Committee on Finance,True,1,2025-01-22,2025-01-22,50001.0,0.39162248816677103,0.39162248816677103,2025-01-22,5860000.0,0.0,,,,-0.051433725032494215,LOW — no committee link; likely just a widely-held stock
John Hoeven,XOM,energy,Senate Committee on Appropriations; Senate Committee on Energy and Natural Resources,True,2,2019-11-04,2019-11-05,100002.0,0.389958192166608,0.389958192166608,2019-11-04,5070000.0,0.0,,,,-0.2842193386354124,LOW — no committee link; likely just a widely-held stock
John Hoeven,CVX,energy,Senate Committee on Appropriations; Senate Committee on Energy and Natural Resources,True,1,2019-11-04,2019-11-04,50001.0,0.3888899569855868,0.3888899569855868,2019-11-04,4620000.0,0.0,,,,-0.22357489512215178,LOW — no committee link; likely just a widely-held stock
William R. Keating,AMZN,fedtech,House Committee on Armed Services,True,3,2024-05-17,2025-01-07,17003.0,0.38854894689248887,0.37394834007906524,2024-05-17,10520000.0,0.0,,,,0.001028695181375161,LOW — no committee link; likely just a widely-held stock
Pete Sessions,AMZN,fedtech,House Committee on Oversight and Government Reform,True,8,2017-03-22,2021-08-18,50008.0,0.38851612518366363,0.37240807566752004,2021-05-04,10490000.0,0.0,,,,0.050463937292224426,LOW — no committee link; likely just a widely-held stock
Gilbert Cisneros,AMZN,fedtech,House Committee on Armed Services,True,11,2019-02-26,2026-04-22,39011.0,0.38772240332323615,0.3692143397894921,2020-10-29,9790000.0,0.0,,,,-0.036773476258248894,LOW — no committee link; likely just a widely-held stock
Debbie Dingell,PFE,pharma,House Committee on Energy and Commerce,True,2,2016-02-23,2016-08-08,16002.0,0.3873647065962368,0.3763335948656742,2016-02-23,9490000.0,0.0,,,,0.1505340453938584,LOW — no committee link; likely just a widely-held stock
Josh Gottheimer,AMZN,fedtech,House Permanent Select Committee on Intelligence,True,2,2020-02-26,2020-03-17,30002.0,0.3871075256264346,0.3871075256264346,2020-02-26,9280000.0,0.0,,,,0.39149015705272316,LOW — no committee link; likely just a widely-held stock
John Hoeven,CVS,pharma,Senate Committee on Appropriations,True,1,2018-06-07,2018-06-07,50001.0,0.38680347673228466,0.38680347673228466,2018-06-07,3853000.0,0.0,,,,0.20993540449092607,LOW — no committee link; likely just a widely-held stock
Debbie Dingell,CVS,pharma,House Committee on Energy and Commerce,True,2,2015-12-22,2016-02-18,30002.0,0.38527169583092324,0.383750191814795,2015-12-22,7910000.0,0.0,,,,0.04314643329602119,LOW — no committee link; likely just a widely-held stock
Kathy Manning,ABBV,pharma,,False,5,2022-07-15,2024-07-02,5005.0,0.38452199638248197,0.24167035815897037,2024-07-02,2970000.0,64205.32,142.0,49850.32,Department of Health and Human Services,0.21414798746685948,LOW — no committee link; likely just a widely-held stock
Austin Scott,MSFT,fedtech,House Permanent Select Committee on Intelligence; House Committee on Armed Services,True,2,2013-07-19,2013-09-15,30002.0,0.38448161031947203,0.3843338156790891,2013-07-19,7384500.0,0.0,,,,0.18471337579617852,LOW — no committee link; likely just a widely-held stock
Scott H. Peters,UNH,pharma,House Committee on Energy and Commerce,True,3,2015-06-23,2015-07-10,115003.0,0.3843413264379121,0.3810009041324511,2015-07-10,3110000.0,0.0,,,,-0.06459271387638155,LOW — no committee link; likely just a widely-held stock
James E. Banks,AMZN,fedtech,Senate Committee on Armed Services,True,1,2017-06-26,2017-06-26,15001.0,0.3842226917199424,0.3842226917199424,2017-06-26,7220000.0,0.0,,,,-0.01818950079478454,LOW — no committee link; likely just a widely-held stock
Bill Cassidy,CVX,energy,Senate Committee on Energy and Natural Resources,True,1,2014-12-16,2014-12-16,15001.0,0.38380117824304716,0.38380117824304716,2014-12-16,6960000.0,0.0,,,,0.08564405113077678,LOW — no committee link; likely just a widely-held stock
Thomas Suozzi,MRK,pharma,House Committee on Ways and Means,True,1,2017-08-17,2017-08-17,15001.0,0.3827107254729344,0.3827107254729344,2017-08-17,6330000.0,0.0,,,,-0.09055627425614488,LOW — no committee link; likely just a widely-held stock
Richard W. Allen,MRK,pharma,House Committee on Energy and Commerce,True,1,2020-07-02,2020-07-02,15001.0,0.3820896302703628,0.3820896302703628,2020-07-02,5997000.0,0.0,,,,-0.04531607006854543,LOW — no committee link; likely just a widely-held stock
Carol Devine Miller,CVS,pharma,House Committee on Ways and Means,True,1,2019-04-11,2019-04-11,15001.0,0.38193722321646495,0.38193722321646495,2019-04-11,5918000.0,0.0,,,,0.12526096033402934,LOW — no committee link; likely just a widely-held stock
Ron Wyden,XOM,energy,Senate Committee on Energy and Natural Resources,True,1,2020-04-06,2020-04-06,15001.0,0.38158623271720427,0.38158623271720427,2020-04-06,5740000.0,0.0,,,,0.07412898443291338,LOW — no committee link; likely just a widely-held stock
Debbie Dingell,CVX,energy,House Committee on Energy and Commerce; House Committee on Natural Resources,True,1,2017-03-15,2017-03-15,15001.0,0.38153606651075456,0.38153606651075456,2017-03-15,5715000.0,0.0,,,,-0.043626010286553996,LOW — no committee link; likely just a widely-held stock
Thomas Suozzi,CVS,pharma,House Committee on Ways and Means,True,5,2020-03-02,2021-10-20,33005.0,0.38142492396902206,0.36731058637929853,2021-04-14,5660000.0,0.0,,,,0.13399041022908897,LOW — no committee link; likely just a widely-held stock
Scott H. Peters,MRK,pharma,House Committee on Energy and Commerce,True,3,2015-06-23,2015-07-10,45003.0,0.3810744357991195,0.37967487169297237,2015-07-10,5490000.0,0.0,,,,-0.06402070750647115,LOW — no committee link; likely just a widely-held stock
Zoe Lofgren,MRK,pharma,,False,2,2017-06-15,2021-09-30,2002.0,0.38049658933647834,0.2955084498906019,2021-09-30,3910000.0,40000.0,145.0,20000.0,DEPARTMENT OF JUSTICE (DOJ),0.07708693915590481,LOW — no committee link; likely just a widely-held stock
Scott H. Peters,JNJ,pharma,House Committee on Energy and Commerce,True,3,2015-06-23,2015-07-10,45003.0,0.37997693659134546,0.37993059304500393,2015-06-23,4990000.0,0.0,,,,0.003010839020473721,LOW — no committee link; likely just a widely-held stock
Debbie Dingell,JNJ,pharma,House Committee on Energy and Commerce,True,1,2016-02-18,2016-02-18,15001.0,0.3786347595138525,0.3786347595138525,2016-02-18,4440000.0,0.0,,,,0.10782808902532626,LOW — no committee link; likely just a widely-held stock
Carol Devine Miller,ABBV,pharma,House Committee on Ways and Means,True,1,2019-07-02,2019-07-02,15001.0,0.37837294730333726,0.37837294730333726,2019-07-02,4340000.0,0.0,,,,0.07315101710898553,LOW — no committee link; likely just a widely-held stock
Richard W. Allen,ABBV,pharma,House Committee on Energy and Commerce,True,2,2020-05-12,2020-11-16,30002.0,0.37834643504473975,0.37588214716441304,2020-05-12,4330000.0,0.0,,,,0.012933893433561883,LOW — no committee link; likely just a widely-held stock
Shelley Moore Capito,LLY,pharma,Senate Committee on Appropriations,True,1,2025-10-24,2025-10-24,1001.0,0.37500489425947736,0.37500489425947736,2025-10-24,22005000.0,0.0,,,,0.28240353746441316,LOW — no committee link; likely just a widely-held stock
Rob Bresnahan,CVS,pharma,,False,1,2025-02-25,2025-02-25,1001.0,0.3733954071393916,0.3733954071393916,2025-02-25,6240000.0,11250.0,143.0,11250.0,Department of Veterans Affairs,0.04256990260760296,LOW — no committee link; likely just a widely-held stock
Katherine M. Clark,LHX,defense,,False,1,2020-04-03,2020-04-03,1001.0,0.3728946722678277,0.3728946722678277,2020-04-03,2730000.0,164000.0,179.0,164000.0,DEPARTMENT OF DEFENSE (DOD),-0.05949579831932772,LOW — no committee link; likely just a widely-held stock
Richard W. Allen,NEE,energy,House Committee on Energy and Commerce,True,3,2020-04-17,2021-03-10,31003.0,0.3727789006768377,0.3648304546350889,2020-09-25,2667500.0,0.0,,,,0.23298559364133142,LOW — no committee link; likely just a widely-held stock
Debbie Dingell,UNH,pharma,House Committee on Energy and Commerce,True,1,2016-12-05,2016-12-05,15001.0,0.3717543674416883,0.3717543674416883,2016-12-05,2440000.0,0.0,,,,0.04656474021442625,LOW — no committee link; likely just a widely-held stock
Seth Moulton,AMZN,fedtech,House Committee on Armed Services,True,1,2022-08-08,2022-08-08,1001.0,0.37125575150155055,0.37125575150155055,2022-08-08,15880000.0,0.0,,,,-0.36697510938957034,LOW — no committee link; likely just a widely-held stock
Robert J. Wittman,AMZN,fedtech,House Committee on Armed Services,True,3,2022-06-16,2022-11-18,3003.0,0.37125575150155055,0.3698348080574128,2022-08-10,15880000.0,0.0,,,,-0.36680916672506836,LOW — no committee link; likely just a widely-held stock
Dan Newhouse,AMZN,fedtech,House Committee on Appropriations,True,1,2022-03-08,2022-03-08,1001.0,0.37116857236599565,0.37116857236599565,2022-03-08,15760000.0,0.0,,,,-0.15942785511838808,LOW — no committee link; likely just a widely-held stock
Dan Sullivan,AMZN,fedtech,Senate Committee on Armed Services,True,2,2022-11-22,2023-01-10,2002.0,0.37114302005231437,0.37114302005231437,2022-11-22,15725000.0,0.0,,,,0.22610437298319797,LOW — no committee link; likely just a widely-held stock
Daniel Crenshaw,AMZN,fedtech,House Permanent Select Committee on Intelligence,True,2,2020-03-12,2022-10-25,2002.0,0.37108807304283864,0.3680848824379186,2022-10-25,15650000.0,0.0,,,,-0.20572139303482573,LOW — no committee link; likely just a widely-held stock
Katie Britt,AMZN,fedtech,Senate Committee on Appropriations,True,2,2025-04-14,2025-04-30,2002.0,0.3705928645757439,0.3704315274013671,2025-04-14,14990000.0,0.0,,,,0.21606632989237862,LOW — no committee link; likely just a widely-held stock
C. Scott Franklin,AMZN,fedtech,House Committee on Appropriations,True,1,2025-02-26,2025-02-26,1001.0,0.3705313630998195,0.3705313630998195,2025-02-26,14910000.0,0.0,,,,0.012922789829717729,LOW — no committee link; likely just a widely-held stock
Byron Donalds,AMZN,fedtech,House Committee on Oversight and Government Reform,True,1,2025-03-20,2025-03-20,1001.0,0.3705313630998195,0.3705313630998195,2025-03-20,14910000.0,0.0,,,,0.1599384457553219,LOW — no committee link; likely just a widely-held stock
John Boozman,AMZN,fedtech,Senate Committee on Appropriations,True,4,2025-02-04,2025-11-13,4004.0,0.3705313630998195,0.36942393178529076,2025-02-04,14910000.0,0.0,,,,0.012922789829717729,LOW — no committee link; likely just a widely-held stock
Robert J. Wittman,BA,defense,House Committee on Armed Services,True,1,2015-09-15,2015-09-15,1001.0,0.37021485901553697,0.37021485901553697,2015-09-15,14505000.0,0.0,,,,-0.06001467351430667,LOW — no committee link; likely just a widely-held stock
Julia Letlow,UNH,pharma,House Committee on Appropriations,True,2,2024-10-23,2025-04-22,2002.0,0.36854181550627796,0.36252336546630665,2025-04-22,12540000.0,0.0,,,,-0.29809448007865547,LOW — no committee link; likely just a widely-held stock
Ro Khanna,CEG,energy,,False,7,2024-08-02,2026-04-13,56007.0,0.3680057404933704,0.22904222841496055,2025-01-16,2890000.0,1000.0,146.0,1000.0,Department of Defense,-0.07651313285116101,LOW — no committee link; likely just a widely-held stock
Scott H. Peters,NEE,energy,House Committee on Energy and Commerce,True,2,2015-08-17,2015-08-27,30002.0,0.36799976726097505,0.36799976726097505,2015-08-17,1760000.0,0.0,,,,-0.09869442161964759,LOW — no committee link; likely just a widely-held stock
James Comer,AMZN,fedtech,House Committee on Oversight and Government Reform,True,1,2025-01-02,2025-01-02,1001.0,0.36667505378976295,0.36667505378976295,2025-01-02,10660000.0,0.0,,,,-0.1373172282263192,LOW — no committee link; likely just a widely-held stock
Michael Patrick Guest,AMZN,fedtech,House Committee on Appropriations,True,2,2023-08-07,2024-11-08,2002.0,0.3666210195549439,0.3663151329670894,2024-11-08,10610000.0,0.0,,,,-0.06552022288404269,LOW — no committee link; likely just a widely-held stock
Julia Letlow,AMZN,fedtech,House Committee on Appropriations,True,2,2024-10-23,2025-10-01,2002.0,0.3666210195549439,0.3663889165914766,2024-10-23,10610000.0,0.0,,,,0.2066482594337069,LOW — no committee link; likely just a widely-held stock
John Fetterman,AMZN,fedtech,Senate Committee on Homeland Security and Governmental Affairs,True,1,2026-03-30,2026-03-30,1001.0,0.36650124237777526,0.36650124237777526,2026-03-30,10500000.0,0.0,,,,,LOW — no committee link; likely just a widely-held stock
Patrick Fallon,AMZN,fedtech,House Permanent Select Committee on Intelligence; House Committee on Armed Services; House Committee on Oversight and Government Reform,True,1,2021-05-21,2021-05-21,1001.0,0.3664902913902277,0.3664902913902277,2021-05-21,10490000.0,0.0,,,,0.04765725489216632,LOW — no committee link; likely just a widely-held stock
John Boozman,UNH,pharma,Senate Committee on Appropriations,True,1,2025-04-16,2025-04-16,1001.0,0.36632476197271,0.36632476197271,2025-04-16,10340000.0,0.0,,,,-0.5359462600847804,LOW — no committee link; likely just a widely-held stock
Katie Britt,UNH,pharma,Senate Committee on Appropriations,True,1,2025-04-14,2025-04-14,1001.0,0.36632476197271,0.36632476197271,2025-04-14,10340000.0,0.0,,,,-0.5544407726637822,LOW — no committee link; likely just a widely-held stock
Ashley Hinson Arenholz,AMZN,fedtech,House Committee on Appropriations,True,1,2021-03-08,2021-03-08,1001.0,0.36630251015444426,0.36630251015444426,2021-03-08,10320000.0,0.0,,,,0.24519046731821348,LOW — no committee link; likely just a widely-held stock
Patty Murray,BA,defense,Senate Committee on Appropriations,True,1,2017-03-16,2017-03-16,1001.0,0.36559634728500384,0.36559634728500384,2017-03-16,9705000.0,0.0,,,,0.17015545204556926,LOW — no committee link; likely just a widely-held stock
Dwight Evans,CVS,pharma,House Committee on Ways and Means,True,1,2023-06-22,2023-06-22,1001.0,0.365411308297507,0.365411308297507,2023-06-22,9550000.0,0.0,,,,-0.0051865725399797835,LOW — no committee link; likely just a widely-held stock
Kathy Castor,PFE,pharma,House Committee on Energy and Commerce,True,1,2016-02-12,2016-02-12,1001.0,0.36533887280280086,0.36533887280280086,2016-02-12,9490000.0,0.0,,,,0.18324250681198917,LOW — no committee link; likely just a widely-held stock
William R. Timmons Iv,AMZN,fedtech,House Committee on Oversight and Government Reform,True,1,2020-05-28,2020-05-28,1001.0,0.36514344942609855,0.36514344942609855,2020-05-28,9330000.0,0.0,,,,0.28904668693515445,LOW — no committee link; likely just a widely-held stock
Ro Khanna,HII,defense,House Committee on Armed Services,True,4,2017-02-27,2019-09-16,4004.0,0.36493561428380505,0.3561557522288477,2017-02-27,9162797.0,0.0,,,,-0.14285059368266628,LOW — no committee link; likely just a widely-held stock
Joe Courtney,AMZN,fedtech,House Committee on Armed Services,True,1,2019-12-31,2019-12-31,1001.0,0.3647423422703877,0.3647423422703877,2019-12-31,9010000.0,0.0,,,,0.2840451554247121,LOW — no committee link; likely just a widely-held stock
Susan M. Collins,BA,defense,Senate Select Committee on Intelligence; Senate Committee on Appropriations,True,1,2014-03-19,2014-03-19,1001.0,0.36441844512128563,0.36441844512128563,2014-03-19,8759625.0,0.0,,,,0.0297774869109948,LOW — no committee link; likely just a widely-held stock
Robert J. Wittman,LMT,defense,House Committee on Armed Services,True,1,2016-05-06,2016-05-06,1001.0,0.36441286755834845,0.36441286755834845,2016-05-06,8755375.0,0.0,,,,0.011404311995338423,LOW — no committee link; likely just a widely-held stock
Jerry Moran,AMZN,fedtech,Senate Select Committee on Intelligence; Senate Committee on Appropriations,True,1,2019-09-25,2019-09-25,1001.0,0.36436633721895306,0.36436633721895306,2019-09-25,8720000.0,0.0,,,,0.06573999196982472,LOW — no committee link; likely just a widely-held stock
Joseph D. Morelle,AMZN,fedtech,House Committee on Appropriations,True,1,2019-09-05,2019-09-05,1001.0,0.36436633721895306,0.36436633721895306,2019-09-05,8720000.0,0.0,,,,0.018606849493676414,LOW — no committee link; likely just a widely-held stock
Michael K. Simpson,BA,defense,House Committee on Appropriations,True,1,2020-03-25,2020-03-25,1001.0,0.3640509998103256,0.3640509998103256,2020-03-25,8484000.0,0.0,,,,0.11163611163611153,LOW — no committee link; likely just a widely-held stock
Daniel Crenshaw,BA,defense,House Permanent Select Committee on Intelligence,True,1,2020-03-27,2020-03-27,1001.0,0.3640509998103256,0.3640509998103256,2020-03-27,8484000.0,0.0,,,,0.050679012345679064,LOW — no committee link; likely just a widely-held stock
Angus King,AMZN,fedtech,Senate Select Committee on Intelligence; Senate Committee on Armed Services,True,1,2019-01-31,2019-01-31,1001.0,0.3636876831697512,0.3636876831697512,2019-01-31,8220000.0,0.0,,,,0.03278001780384354,LOW — no committee link; likely just a widely-held stock
Gary Palmer,AMZN,fedtech,House Committee on Oversight and Government Reform,True,2,2018-03-13,2018-07-31,2002.0,0.3632458620374873,0.36317274998134286,2018-03-13,7910000.0,0.0,,,,0.10503847170975567,LOW — no committee link; likely just a widely-held stock
Sheldon Whitehouse,PFE,pharma,Senate Committee on Finance,True,1,2017-02-10,2017-02-10,1001.0,0.36300974813614667,0.36300974813614667,2017-02-10,7749154.5,0.0,,,,0.010819165378670892,LOW — no committee link; likely just a widely-held stock
Patty Murray,GD,defense,Senate Committee on Appropriations,True,1,2017-03-16,2017-03-16,1001.0,0.3629737070655813,0.3629737070655813,2017-03-16,7724892.0,0.0,,,,0.05507474429583015,LOW — no committee link; likely just a widely-held stock
Patty Murray,PFE,pharma,"Senate Committee on Appropriations; Senate Committee on Health, Education, Labor, and Pensions",True,1,2017-03-16,2017-03-16,1001.0,0.3628754845802361,0.3628754845802361,2017-03-16,7659154.5,0.0,,,,-0.029044437990124905,LOW — no committee link; likely just a widely-held stock
Susan M. Collins,XOM,energy,Senate Committee on Appropriations,True,1,2014-11-10,2014-11-10,1001.0,0.36278259360804843,0.36278259360804843,2014-11-10,7597500.0,0.0,,,,-0.12484420440382216,LOW — no committee link; likely just a widely-held stock
Susan M. Collins,MSFT,fedtech,Senate Select Committee on Intelligence; Senate Committee on Appropriations,True,5,2014-01-29,2014-04-03,5005.0,0.362239757350315,0.36221433897557487,2014-04-03,7247000.0,0.0,,,,0.04511094854913433,LOW — no committee link; likely just a widely-held stock
David P. Joyce,AMZN,fedtech,House Committee on Appropriations,True,2,2017-06-28,2017-07-03,2002.0,0.3621968579265064,0.3621968579265064,2017-06-28,7220000.0,0.0,,,,0.15898747981460915,LOW — no committee link; likely just a widely-held stock
John F. Reed,MSFT,fedtech,Senate Select Committee on Intelligence; Senate Committee on Appropriations; Senate Committee on Armed Services,True,2,2014-03-28,2015-04-23,2002.0,0.3621920814243675,0.3610000392281233,2014-03-28,7217000.0,0.0,,,,0.09106699751861047,LOW — no committee link; likely just a widely-held stock
Joe Courtney,LMT,defense,House Committee on Armed Services,True,1,2019-12-31,2019-12-31,1001.0,0.36216371750139,0.36216371750139,2019-12-31,7199211.0,0.0,,,,-0.0037752324207713794,LOW — no committee link; likely just a widely-held stock
Patty Murray,MSFT,fedtech,Senate Committee on Appropriations,True,1,2017-03-16,2017-03-16,1001.0,0.36207684576686505,0.36207684576686505,2017-03-16,7145000.0,0.0,,,,0.1259282178217822,LOW — no committee link; likely just a widely-held stock
Patty Murray,XOM,energy,Senate Committee on Appropriations,True,1,2017-03-16,2017-03-16,1001.0,0.36174227087282174,0.36174227087282174,2017-03-16,6940000.0,0.0,,,,-0.009625929084927431,LOW — no committee link; likely just a widely-held stock
Lois Frankel,MSFT,fedtech,House Committee on Appropriations,True,1,2014-04-30,2014-04-30,1001.0,0.3614979065258308,0.3614979065258308,2014-04-30,6794000.0,0.0,,,,0.11089108910891099,LOW — no committee link; likely just a widely-held stock
Joe Courtney,MSFT,fedtech,House Committee on Armed Services,True,1,2019-12-31,2019-12-31,1001.0,0.3613206146336019,0.3613206146336019,2019-12-31,6690000.0,0.0,,,,0.1251109701965758,LOW — no committee link; likely just a widely-held stock
John Boozman,CVS,pharma,Senate Committee on Appropriations,True,1,2026-01-29,2026-01-29,1001.0,0.3612430458806658,0.3612430458806658,2026-01-29,6645000.0,0.0,,,,0.22219236969371314,LOW — no committee link; likely just a widely-held stock
John Rutherford,XOM,energy,House Committee on Appropriations,True,1,2017-07-17,2017-07-17,1001.0,0.3611823505910121,0.3611823505910121,2017-07-17,6610000.0,0.0,,,,0.017066534751422058,LOW — no committee link; likely just a widely-held stock
John Rutherford,MSFT,fedtech,House Committee on Appropriations,True,1,2017-07-17,2017-07-17,1001.0,0.3610402026665479,0.3610402026665479,2017-07-17,6528750.0,0.0,,,,0.14587593728698023,LOW — no committee link; likely just a widely-held stock
John Rutherford,CVS,pharma,House Committee on Appropriations,True,1,2020-01-15,2020-01-15,1001.0,0.360841777493189,0.360841777493189,2020-01-15,6417000.0,0.0,,,,-0.17218015145476273,LOW — no committee link; likely just a widely-held stock
Sheldon Whitehouse,CVS,pharma,Senate Committee on Finance,True,4,2014-04-29,2019-08-27,4004.0,0.360730193511288,0.343519657601036,2019-08-27,6355000.0,0.0,,,,0.25832066227403283,LOW — no committee link; likely just a widely-held stock
Shelley Moore Capito,MRK,pharma,Senate Committee on Appropriations,True,1,2017-09-05,2017-09-05,1001.0,0.36068489167949846,0.36068489167949846,2017-09-05,6330000.0,0.0,,,,-0.11757309022320017,LOW — no committee link; likely just a widely-held stock
John James,UNH,pharma,House Committee on Energy and Commerce,True,1,2023-11-10,2023-11-10,1001.0,0.36068489167949846,0.36068489167949846,2023-11-10,6330000.0,0.0,,,,-0.09619186637349653,LOW — no committee link; likely just a widely-held stock
John Rutherford,MRK,pharma,House Committee on Appropriations,True,1,2017-07-17,2017-07-17,1001.0,0.3604463998375348,0.3604463998375348,2017-07-17,6200000.0,0.0,,,,-0.1217057977958792,LOW — no committee link; likely just a widely-held stock
Kathy Castor,MRK,pharma,House Committee on Energy and Commerce,True,1,2016-02-12,2016-02-12,1001.0,0.3604185603573079,0.3604185603573079,2016-02-12,6185000.0,0.0,,,,0.14440138690597593,LOW — no committee link; likely just a widely-held stock
Katherine M. Clark,ORCL,fedtech,,False,2,2016-10-11,2020-11-05,2002.0,0.3603631709976179,0.2852735375942806,2020-11-05,6365000.0,6359.4400000000005,154.0,4239.63,DEPARTMENT OF DEFENSE (DOD),0.23490998941051888,LOW — no committee link; likely just a widely-held stock
Donald Sternoff Beyer Jr,CVS,pharma,House Committee on Ways and Means,True,2,2021-12-21,2022-01-13,2002.0,0.3598763792292936,0.35983728703873435,2022-01-13,5900000.0,0.0,,,,-0.07461553066261628,LOW — no committee link; likely just a widely-held stock
Bill Cassidy,CVS,pharma,"Senate Committee on Finance; Senate Committee on Health, Education, Labor, and Pensions",True,4,2016-10-31,2019-01-25,4004.0,0.3598724826163699,0.3561221966274233,2019-01-25,5898000.0,0.0,,,,-0.19480519480519476,LOW — no committee link; likely just a widely-held stock
Patty Murray,CVX,energy,Senate Committee on Appropriations,True,1,2017-03-16,2017-03-16,1001.0,0.35951023271731863,0.35951023271731863,2017-03-16,5715000.0,0.0,,,,-0.03170776933061381,LOW — no committee link; likely just a widely-held stock
Gary Peters,ABBV,pharma,Senate Committee on Appropriations,True,1,2015-09-10,2015-09-10,1001.0,0.35931757877279435,0.35931757877279435,2015-09-10,5620000.0,0.0,,,,-0.0659617321248741,LOW — no committee link; likely just a widely-held stock
Sheldon Whitehouse,MRK,pharma,Senate Committee on Finance,True,3,2015-05-27,2016-01-14,3003.0,0.35904860200568356,0.3577665230077609,2015-07-10,5490000.0,0.0,,,,-0.06402070750647115,LOW — no committee link; likely just a widely-held stock
Julie Johnson,CEG,energy,,False,1,2025-02-12,2025-02-12,1001.0,0.35882475418141235,0.35882475418141235,2025-02-12,3415000.0,1000.0,119.0,1000.0,Department of Defense,-0.04276609305290002,LOW — no committee link; likely just a widely-held stock
Shelley Moore Capito,UNH,pharma,Senate Committee on Appropriations,True,2,2020-12-31,2023-09-22,2002.0,0.35881598384423274,0.35535324272615365,2023-09-22,5380000.0,0.0,,,,0.013613910294408171,LOW — no committee link; likely just a widely-held stock
Jerry Moran,CVS,pharma,Senate Committee on Appropriations,True,2,2018-12-19,2020-08-21,2002.0,0.35873021434533814,0.35805740470239045,2020-08-21,5340000.0,0.0,,,,0.07460118861432585,LOW — no committee link; likely just a widely-held stock
Julia Letlow,NEE,energy,House Committee on Appropriations,True,2,2024-10-23,2024-11-01,2002.0,0.35867087431467143,0.35867087431467143,2024-10-23,5312500.0,0.0,,,,-0.17443502824858748,LOW — no committee link; likely just a widely-held stock
Dan Newhouse,NEE,energy,House Committee on Appropriations,True,1,2022-03-08,2022-03-08,1001.0,0.35849538770786743,0.35849538770786743,2022-03-08,5232000.0,0.0,,,,-0.029042098840756703,LOW — no committee link; likely just a widely-held stock
Lois Frankel,OXY,energy,House Committee on Appropriations,True,2,2015-04-15,2015-10-14,2002.0,0.35848530928969663,0.35744165554224583,2015-10-14,5227414.0,0.0,,,,-0.10419485791610283,LOW — no committee link; likely just a widely-held stock
Greg Landsman,NEE,energy,House Committee on Energy and Commerce,True,1,2024-09-10,2024-09-10,1001.0,0.3584469587321649,0.3584469587321649,2024-09-10,5210000.0,0.0,,,,-0.14143377885783714,LOW — no committee link; likely just a widely-held stock
Michael Patrick Guest,NEE,energy,House Committee on Appropriations,True,1,2023-08-07,2023-08-07,1001.0,0.35809302248227093,0.35809302248227093,2023-08-07,5052000.0,0.0,,,,-0.15166083916083917,LOW — no committee link; likely just a widely-held stock
Gary Peters,PFE,pharma,Senate Committee on Appropriations,True,1,2015-09-16,2015-09-16,1001.0,0.35795110279790954,0.35795110279790954,2015-09-16,4990000.0,0.0,,,,-0.06238698010849908,LOW — no committee link; likely just a widely-held stock
Jerry Moran,OXY,energy,Senate Committee on Appropriations,True,1,2019-09-25,2019-09-25,1001.0,0.3578022744052688,0.3578022744052688,2019-09-25,4925799.0,0.0,,,,-0.06198985219501418,LOW — no committee link; likely just a widely-held stock
Katie Britt,XOM,energy,Senate Committee on Appropriations,True,1,2025-04-14,2025-04-14,1001.0,0.3576477150879537,0.3576477150879537,2025-04-14,4860000.0,0.0,,,,0.026501595899023123,LOW — no committee link; likely just a widely-held stock
Susie Lee,LHX,defense,House Committee on Appropriations,True,1,2019-10-31,2019-10-31,1001.0,0.35757655040680636,0.35757655040680636,2019-10-31,4830000.0,0.0,,,,-0.041587901701323315,LOW — no committee link; likely just a widely-held stock
Bruce Westerman,XOM,energy,House Committee on Natural Resources,True,1,2025-03-03,2025-03-03,1001.0,0.35757655040680636,0.35757655040680636,2025-03-03,4830000.0,0.0,,,,0.013734224201930045,LOW — no committee link; likely just a widely-held stock
Diana Harshbarger,NEE,energy,House Committee on Energy and Commerce,True,2,2022-06-16,2022-08-12,2002.0,0.35750973010654763,0.3572652640817738,2022-08-12,4802000.0,0.0,,,,-0.04332928042445017,LOW — no committee link; likely just a widely-held stock
Zoe Lofgren,NEE,energy,"House Committee on Science, Space, and Technology",True,2,2017-10-27,2021-09-30,2002.0,0.35747377306629075,0.3536713765751778,2021-09-30,4787000.0,0.0,,,,-0.0766683647478349,LOW — no committee link; likely just a widely-held stock
John Boozman,CEG,energy,Senate Committee on Appropriations,True,1,2026-04-02,2026-04-02,1001.0,0.35736037364007833,0.35736037364007833,2026-04-02,4740000.0,0.0,,,,,LOW — no committee link; likely just a widely-held stock
Patty Murray,CVS,pharma,"Senate Committee on Appropriations; Senate Committee on Health, Education, Labor, and Pensions",True,1,2017-03-16,2017-03-16,1001.0,0.35663478188221304,0.35663478188221304,2017-03-16,4450000.0,0.0,,,,-0.020487682252388062,LOW — no committee link; likely just a widely-held stock
Bill Cassidy,JNJ,pharma,"Senate Committee on Finance; Senate Committee on Health, Education, Labor, and Pensions",True,2,2016-03-31,2020-03-09,2002.0,0.3566089257204166,0.35603787887138166,2016-03-31,4440000.0,0.0,,,,0.15739371534195934,LOW — no committee link; likely just a widely-held stock
Robert J. Wittman,CVX,energy,House Committee on Natural Resources,True,1,2015-09-15,2015-09-15,1001.0,0.3565635369937571,0.3565635369937571,2015-09-15,4422500.0,0.0,,,,0.053906958662692794,LOW — no committee link; likely just a widely-held stock
John Boozman,XOM,energy,Senate Committee on Appropriations,True,1,2026-01-08,2026-01-08,1001.0,0.3564262852972714,0.3564262852972714,2026-01-08,4370000.0,0.0,,,,0.17622650720039057,LOW — no committee link; likely just a widely-held stock
Dan Newhouse,XOM,energy,House Committee on Appropriations,True,1,2025-08-18,2025-08-18,1001.0,0.3561062722619741,0.3561062722619741,2025-08-18,4250000.0,0.0,,,,0.07458770614692667,LOW — no committee link; likely just a widely-held stock
Susan M. Collins,CVS,pharma,"Senate Committee on Appropriations; Senate Committee on Health, Education, Labor, and Pensions",True,2,2014-01-30,2015-01-13,2002.0,0.35605205961925673,0.3400234219028365,2015-01-13,4230000.0,0.0,,,,0.026429452900041284,LOW — no committee link; likely just a widely-held stock
Dwight Evans,ABBV,pharma,House Committee on Ways and Means,True,1,2022-08-05,2022-08-05,1001.0,0.35588787027088065,0.35588787027088065,2022-08-05,4170000.0,0.0,,,,0.18762677484787016,LOW — no committee link; likely just a widely-held stock
Diana Harshbarger,ABBV,pharma,House Committee on Energy and Commerce,True,2,2021-10-29,2021-12-20,2002.0,0.35580488753571676,0.35580488753571676,2021-10-29,4140000.0,0.0,,,,0.2886543995814075,LOW — no committee link; likely just a widely-held stock
C. Scott Franklin,UNH,pharma,House Committee on Appropriations,True,1,2024-08-07,2024-08-07,1001.0,0.3557213012845969,0.3557213012845969,2024-08-07,4110000.0,0.0,,,,0.02277063312605998,LOW — no committee link; likely just a widely-held stock
Gary Peters,CVS,pharma,Senate Committee on Appropriations,True,3,2016-10-17,2018-04-26,3003.0,0.35500004466944496,0.3538820284791197,2016-11-30,3860000.0,0.0,,,,0.025490961113278532,LOW — no committee link; likely just a widely-held stock
Lois Frankel,CVS,pharma,House Committee on Appropriations,True,1,2016-11-16,2016-11-16,1001.0,0.35500004466944496,0.35500004466944496,2016-11-16,3860000.0,0.0,,,,0.06706008583690992,LOW — no committee link; likely just a widely-held stock
Gary Palmer,CVS,pharma,House Committee on Energy and Commerce,True,3,2017-08-07,2018-08-06,3003.0,0.3549791834136887,0.35435567036227206,2018-07-12,3853000.0,0.0,,,,0.17414325636122974,LOW — no committee link; likely just a widely-held stock
Gilbert Cisneros,CVS,pharma,,False,2,2019-05-09,2025-01-24,2002.0,0.35497725269768365,0.2824121875384832,2025-01-24,6190000.0,11250.0,175.0,11250.0,Department of Veterans Affairs,0.12447296058661794,LOW — no committee link; likely just a widely-held stock
Dan Newhouse,UNH,pharma,House Committee on Appropriations,True,1,2022-08-05,2022-08-05,1001.0,0.35497023127094923,0.35497023127094923,2022-08-05,3850000.0,0.0,,,,-3.737898553435315e-05,LOW — no committee link; likely just a widely-held stock
John James,XOM,energy,House Committee on Energy and Commerce,True,1,2023-11-10,2023-11-10,1001.0,0.35497023127094923,0.35497023127094923,2023-11-10,3850000.0,0.0,,,,0.050795180722891464,LOW — no committee link; likely just a widely-held stock
John James,CVX,energy,House Committee on Energy and Commerce,True,1,2023-11-10,2023-11-10,1001.0,0.3548803242258157,0.3548803242258157,2023-11-10,3820000.0,0.0,,,,0.06330884924798896,LOW — no committee link; likely just a widely-held stock
John Rutherford,ABBV,pharma,House Committee on Appropriations,True,1,2017-07-17,2017-07-17,1001.0,0.35451349334454524,0.35451349334454524,2017-07-17,3700000.0,0.0,,,,0.3033012379642366,LOW — no committee link; likely just a widely-held stock
Patty Murray,JNJ,pharma,"Senate Committee on Appropriations; Senate Committee on Health, Education, Labor, and Pensions",True,1,2017-03-16,2017-03-16,1001.0,0.3544512001918184,0.3544512001918184,2017-03-16,3680000.0,0.0,,,,0.03222793087342346,LOW — no committee link; likely just a widely-held stock
Patty Murray,MRK,pharma,"Senate Committee on Appropriations; Senate Committee on Health, Education, Labor, and Pensions",True,1,2017-03-16,2017-03-16,1001.0,0.35384194148685777,0.35384194148685777,2017-03-16,3490000.0,0.0,,,,-0.01745091928949838,LOW — no committee link; likely just a widely-held stock
Valerie Hoyle,XOM,energy,House Committee on Natural Resources,True,1,2024-10-29,2024-10-29,1001.0,0.35380896281757607,0.35380896281757607,2024-10-29,3480000.0,0.0,,,,-0.06667803547066853,LOW — no committee link; likely just a widely-held stock
Sheldon Whitehouse,ABBV,pharma,Senate Committee on Finance,True,1,2014-12-18,2014-12-18,1001.0,0.3534398109634827,0.3534398109634827,2014-12-18,3370000.0,0.0,,,,-0.08289163722025916,LOW — no committee link; likely just a widely-held stock
Shelley Moore Capito,NEE,energy,Senate Committee on Appropriations,True,4,2016-04-19,2018-04-24,4004.0,0.3531985685008088,0.35098776579173974,2018-04-05,3300000.0,0.0,,,,0.04359756097560985,LOW — no committee link; likely just a widely-held stock
David P. Joyce,UNH,pharma,House Committee on Appropriations,True,1,2018-03-29,2018-03-29,1001.0,0.35305840751795436,0.35305840751795436,2018-03-29,3260000.0,0.0,,,,0.19602803738317753,LOW — no committee link; likely just a widely-held stock
Bill Cassidy,OXY,energy,Senate Committee on Energy and Natural Resources,True,1,2015-07-08,2015-07-08,1001.0,0.35303198897520705,0.35303198897520705,2015-07-08,3252515.0,0.0,,,,0.043700027570995115,LOW — no committee link; likely just a widely-held stock
Susan M. Collins,JNJ,pharma,"Senate Committee on Appropriations; Senate Committee on Health, Education, Labor, and Pensions",True,1,2014-07-23,2014-07-23,1001.0,0.3529876807832433,0.3529876807832433,2014-07-23,3240000.0,0.0,,,,0.05861630296506526,LOW — no committee link; likely just a widely-held stock
Susan M. Collins,UNH,pharma,"Senate Committee on Appropriations; Senate Committee on Health, Education, Labor, and Pensions",True,1,2018-06-04,2018-06-04,1001.0,0.35262736732328515,0.35262736732328515,2018-06-04,3140000.0,0.0,,,,0.10628295793647546,LOW — no committee link; likely just a widely-held stock
Donald Sternoff Beyer Jr,UNH,pharma,House Committee on Ways and Means,True,6,2019-11-19,2020-11-02,6006.0,0.3522553912333686,0.3521650811252271,2019-11-19,3040000.0,0.0,,,,-0.02453946026782694,LOW — no committee link; likely just a widely-held stock
Gary Peters,IBM,fedtech,Senate Committee on Appropriations; Senate Committee on Armed Services; Senate Committee on Homeland Security and Governmental Affairs,True,1,2022-01-03,2022-01-03,1001.0,0.34986898008406486,0.34986898008406486,2022-01-03,2470000.0,0.0,,,,-0.025874742722728494,LOW — no committee link; likely just a widely-held stock
Tommy Tuberville,IBM,fedtech,Senate Committee on Armed Services,True,1,2022-01-12,2022-01-12,1001.0,0.34986898008406486,0.34986898008406486,2022-01-12,2470000.0,0.0,,,,-0.005165057264765349,LOW — no committee link; likely just a widely-held stock
Shelley Moore Capito,OXY,energy,Senate Committee on Appropriations,True,1,2017-09-08,2017-09-08,1001.0,0.34958794239075686,0.34958794239075686,2017-09-08,2410334.0,0.0,,,,0.24817397078353243,LOW — no committee link; likely just a widely-held stock
John Rutherford,OXY,energy,House Committee on Appropriations,True,1,2017-07-17,2017-07-17,1001.0,0.3494924970224783,0.3494924970224783,2017-07-17,2390400.0,0.0,,,,0.12125249833444363,LOW — no committee link; likely just a widely-held stock
Angus King,XOM,energy,Senate Committee on Energy and Natural Resources,True,1,2025-07-21,2025-07-21,1001.0,0.34827431492613425,0.34827431492613425,2025-07-21,2150000.0,0.0,,,,0.10161962054604357,LOW — no committee link; likely just a widely-held stock
Robert J. Wittman,NEE,energy,House Committee on Natural Resources,True,1,2015-09-15,2015-09-15,1001.0,0.34597393346753913,0.34597393346753913,2015-09-15,1760000.0,0.0,,,,0.0871869479372338,LOW — no committee link; likely just a widely-held stock
William R. Timmons Iv,JNJ,pharma,,False,1,2020-05-28,2020-05-28,1001.0,0.34161286428752247,0.34161286428752247,2020-05-28,4470000.0,4450.28,174.0,4450.28,DEPARTMENT OF DEFENSE (DOD),-0.008913383683744946,LOW — no committee link; likely just a widely-held stock
Susie Lee,BAH,fedtech,House Committee on Appropriations,True,3,2019-02-27,2021-09-24,3003.0,0.32673484740191283,0.2780546402056944,2021-08-20,330000.0,0.0,,,,-0.01288753799392095,LOW — no committee link; likely just a widely-held stock
Mo Brooks,PFE,pharma,,False,3,2020-03-17,2020-09-16,3003.0,0.3156538879376879,0.24893699498791108,2020-09-16,6510000.0,356.3,180.0,150.8,DEPARTMENT OF DEFENSE (DOD),-0.0008156606851550396,LOW — no committee link; likely just a widely-held stock
Susie Lee,LDOS,defense,House Committee on Appropriations,True,4,2020-08-03,2021-06-10,4004.0,0.3089138650943819,0.3055935902323576,2021-06-10,70000.0,0.0,,,,-0.07311586051743546,LOW — no committee link; likely just a widely-held stock
Ro Khanna,LDOS,defense,House Committee on Armed Services,True,1,2020-04-14,2020-04-14,1001.0,0.30714222919071543,0.30714222919071543,2020-04-14,60000.0,0.0,,,,-0.012137700115098848,LOW — no committee link; likely just a widely-held stock
Nancy Pelosi,AMZN,fedtech,,False,8,2018-07-27,2026-01-16,4350008.0,0.2709232612732255,0.26382202168002566,2020-01-16,8990000.0,0.0,,,,0.28320393622799456,LOW — no committee link; likely just a widely-held stock
Michael T. McCaul,AMZN,fedtech,,False,33,2014-11-05,2025-04-08,1440033.0,0.25964016306201604,0.2397579463503699,2020-01-14,8990000.0,0.0,,,,0.266646696336871,LOW — no committee link; likely just a widely-held stock
Cleo Fields,AMZN,fedtech,,False,12,2025-06-05,2025-09-17,866012.0,0.25773195088432077,0.2505172826043304,2025-07-29,14570000.0,0.0,,,,-0.008008311328513873,LOW — no committee link; likely just a widely-held stock
Markwayne Mullin,AMZN,fedtech,,False,4,2023-09-13,2025-12-29,166004.0,0.253934062126661,0.2400835112742455,2025-12-29,10470000.0,0.0,,,,0.11905890464084101,LOW — no committee link; likely just a widely-held stock
Kevin Hern,AMZN,fedtech,,False,4,2019-11-07,2021-07-30,152004.0,0.252547395897768,0.23275091909651288,2020-03-26,9280000.0,0.0,,,,0.5386987404691408,LOW — no committee link; likely just a widely-held stock
Michael T. McCaul,UNH,pharma,,False,29,2015-01-30,2025-11-04,994029.0,0.25036610882487387,0.22972239924624266,2025-05-20,12540000.0,0.0,,,,0.062286211829093885,LOW — no committee link; likely just a widely-held stock
Kevin Hern,NEE,energy,,False,17,2020-07-27,2024-06-17,315017.0,0.24925210968099704,0.21163102607316422,2021-05-18,3641000.0,0.0,,,,0.1704246783787522,LOW — no committee link; likely just a widely-held stock
Rodney Leland Blum,XOM,energy,,False,1,2016-09-26,2016-09-26,100001.0,0.2475352485086782,0.2475352485086782,2016-09-26,6000000.0,0.0,,,,0.024440163737057485,LOW — no committee link; likely just a widely-held stock
Ro Khanna,UNH,pharma,,False,44,2017-11-30,2026-05-15,408044.0,0.24731953670298742,0.21725571851491193,2023-03-14,9620000.0,0.0,,,,-0.027723965732489586,LOW — no committee link; likely just a widely-held stock
Kelly Loeffler,ORCL,fedtech,,False,1,2020-02-14,2020-02-14,100001.0,0.24702610298853772,0.24702610298853772,2020-02-14,5740000.0,0.0,,,,-0.040021633315305505,LOW — no committee link; likely just a widely-held stock
K. Michael Conaway,AMZN,fedtech,,False,7,2014-09-04,2020-07-01,133007.0,0.24696774274469444,0.2258421791794336,2020-05-19,9330000.0,0.0,,,,0.2567110189317079,LOW — no committee link; likely just a widely-held stock
Pete Sessions,BA,defense,,False,2,2014-01-29,2017-01-04,51002.0,0.2468002295869877,0.23060933735413663,2017-01-04,9195000.0,0.0,,,,0.15414197453032408,LOW — no committee link; likely just a widely-held stock
Kelly Loeffler,CVX,energy,,False,4,2020-03-10,2020-04-07,300004.0,0.24636682207256122,0.24354611669947446,2020-03-10,5420000.0,0.0,,,,0.01612144033890317,LOW — no committee link; likely just a widely-held stock
Pete Sessions,LMT,defense,,False,1,2017-05-12,2017-05-12,50001.0,0.24634628331333636,0.24634628331333636,2017-05-12,8838900.0,0.0,,,,0.12246553122465542,LOW — no committee link; likely just a widely-held stock
Scott H. Peters,BA,defense,,False,3,2015-06-23,2015-07-10,45003.0,0.2452081155741135,0.24517533308422776,2015-06-23,18778000.0,0.0,,,,0.02961819202695115,LOW — no committee link; likely just a widely-held stock
Barbara J Comstock,AMZN,fedtech,,False,3,2018-03-09,2018-09-07,80003.0,0.24507015535608323,0.23844036626445067,2018-03-09,7910000.0,0.0,,,,0.10141935156977344,LOW — no committee link; likely just a widely-held stock
Markwayne Mullin,UNH,pharma,,False,4,2023-09-13,2026-02-25,81004.0,0.24381232679915008,0.22929711085996274,2026-02-25,7090000.0,0.0,,,,0.4621041520056297,LOW — no committee link; likely just a widely-held stock
Bill Flores,LMT,defense,,False,6,2013-12-30,2016-03-28,20006.0,0.24355937352651205,0.22123856663742217,2014-06-10,16268497.0,0.0,,,,0.05384247639536266,LOW — no committee link; likely just a widely-held stock
Michael T. McCaul,JNJ,pharma,,False,2,2015-01-20,2015-02-06,200002.0,0.24306754111240836,0.24306754111240836,2015-01-20,4067500.0,0.0,,,,-0.031058358061325397,LOW — no committee link; likely just a widely-held stock
Marie Newman,AMZN,fedtech,,False,1,2021-10-29,2021-10-29,15001.0,0.243010630882765,0.243010630882765,2021-10-29,15510000.0,0.0,,,,-0.08930355856163064,LOW — no committee link; likely just a widely-held stock
Alan S. Lowenthal,LMT,defense,,False,1,2016-08-10,2016-08-10,15001.0,0.24299565347240806,0.24299565347240806,2016-08-10,15489801.0,0.0,,,,-0.007845388442403456,LOW — no committee link; likely just a widely-held stock
Michael T. McCaul,OXY,energy,,False,6,2014-05-13,2024-02-01,265006.0,0.2429543630313712,0.23759380584119275,2024-01-29,6580000.0,0.0,,,,0.06853315012023353,LOW — no committee link; likely just a widely-held stock
Thomas Macarthur,CVS,pharma,,False,3,2016-10-14,2017-07-28,102003.0,0.24258423492480702,0.21615712963244604,2017-01-11,3900000.0,0.0,,,,-0.005920019330675319,LOW — no committee link; likely just a widely-held stock
Greg Landsman,AMZN,fedtech,,False,3,2024-04-12,2025-02-20,17003.0,0.24255719689325542,0.22510526834220604,2025-02-20,14910000.0,0.0,,,,-0.05917982770997843,LOW — no committee link; likely just a widely-held stock
Bruce Westerman,AMZN,fedtech,,False,1,2025-03-03,2025-03-03,15001.0,0.24255719689325542,0.24255719689325542,2025-03-03,14910000.0,0.0,,,,0.07530972588040186,LOW — no committee link; likely just a widely-held stock
Brian Mast,CVS,pharma,,False,1,2019-04-11,2019-04-11,50001.0,0.2417356827416249,0.2417356827416249,2019-04-11,5918000.0,0.0,,,,0.12526096033402934,LOW — no committee link; likely just a widely-held stock
Scott H. Peters,MSFT,fedtech,,False,3,2015-06-23,2015-07-10,115003.0,0.24168117625872393,0.23836592775268306,2015-06-26,5890000.0,0.0,,,,0.1986301369863015,LOW — no committee link; likely just a widely-held stock
Gilbert Cisneros,XOM,energy,,False,1,2026-02-10,2026-02-10,50001.0,0.2415634988515216,0.2415634988515216,2026-02-10,5830000.0,0.0,,,,-0.006398838973547094,LOW — no committee link; likely just a widely-held stock
James M. Inhofe,MRK,pharma,,False,2,2015-07-09,2015-08-12,65002.0,0.24087289532427944,0.23543642052557473,2015-07-09,5490000.0,0.0,,,,-0.04827466016033466,LOW — no committee link; likely just a widely-held stock
David Perdue,MRK,pharma,,False,14,2017-09-08,2018-04-24,155014.0,0.24073371723718925,0.21639698098556817,2018-01-16,3320000.0,0.0,,,,-0.03737715482519732,LOW — no committee link; likely just a widely-held stock
Marjorie Taylor Greene,UNH,pharma,,False,4,2025-05-14,2025-08-28,18004.0,0.2405676492997139,0.2219332214300633,2025-05-14,12540000.0,0.0,,,,0.14804714132658048,LOW — no committee link; likely just a widely-held stock
Tim Moore,UNH,pharma,,False,4,2025-07-16,2025-08-08,32004.0,0.2405676492997139,0.22767894295917832,2025-07-16,12540000.0,0.0,,,,0.13685937980785656,LOW — no committee link; likely just a widely-held stock
Patrick Fallon,UNH,pharma,,False,1,2021-04-05,2021-04-05,100001.0,0.24018421427658027,0.24018421427658027,2021-04-05,3165000.0,0.0,,,,0.1397158139283592,LOW — no committee link; likely just a widely-held stock
Daniel Goldman,CVS,pharma,,False,2,2023-01-31,2023-03-06,16002.0,0.2399171918555804,0.22887510469144334,2023-03-06,11850000.0,0.0,,,,-0.16126310714716152,LOW — no committee link; likely just a widely-held stock
Pete Sessions,CVS,pharma,,False,4,2015-05-01,2015-08-25,32004.0,0.23981979245331,0.22839641318546808,2015-06-12,11750000.0,0.0,,,,0.00831539816082949,LOW — no committee link; likely just a widely-held stock
Scott H. Peters,ORCL,fedtech,,False,3,2015-06-23,2015-07-10,80003.0,0.23972923918961275,0.23324290562861696,2015-06-26,4970000.0,0.0,,,,-0.0639180287875093,LOW — no committee link; likely just a widely-held stock
Jefferson Shreve,XOM,energy,,False,2,2025-02-24,2025-04-07,65002.0,0.23940084372540224,0.23450161396282226,2025-02-24,4830000.0,0.0,,,,-0.026332344747011738,LOW — no committee link; likely just a widely-held stock
Michael C. Burgess,AMZN,fedtech,,False,2,2022-06-14,2023-07-06,30002.0,0.23918643342128534,0.23879623548815646,2022-06-14,11120000.0,0.0,,,,0.10350894340729155,LOW — no committee link; likely just a widely-held stock
Scott H. Peters,AMZN,fedtech,,False,3,2015-06-23,2015-07-10,115003.0,0.23908726756878526,0.23582111439373196,2015-06-26,4700000.0,0.0,,,,0.3892033782241495,LOW — no committee link; likely just a widely-held stock
Tommy Tuberville,OXY,energy,,False,5,2021-02-16,2023-05-22,82005.0,0.2390382565810539,0.2254409651082335,2021-04-07,4680000.0,0.0,,,,0.03517786561264824,LOW — no committee link; likely just a widely-held stock
David Perdue,PFE,pharma,,False,16,2017-02-06,2020-02-28,44016.0,0.23890922671262774,0.21707956601307488,2020-02-27,10855000.0,0.0,,,,-0.060410557184750746,LOW — no committee link; likely just a widely-held stock
Daniel Goldman,AMZN,fedtech,,False,1,2023-04-10,2023-04-10,15001.0,0.23872243034598156,0.23872243034598156,2023-04-10,10680000.0,0.0,,,,0.36967798766761284,LOW — no committee link; likely just a widely-held stock
Jonathan Jackson,AMZN,fedtech,,False,5,2024-11-27,2026-02-05,19005.0,0.23870088758319888,0.22329911025884233,2024-11-27,10660000.0,0.0,,,,-0.021289005540974015,LOW — no committee link; likely just a widely-held stock
Jefferson Shreve,UNH,pharma,,False,2,2025-03-31,2025-04-07,30002.0,0.2383672564028582,0.23829184520290247,2025-03-31,10355000.0,0.0,,,,-0.5015369928400955,LOW — no committee link; likely just a widely-held stock
Gilbert Cisneros,UNH,pharma,,False,11,2019-03-14,2026-04-14,53011.0,0.2383672564028582,0.2163156643578474,2025-03-31,10355000.0,0.0,,,,-0.5015369928400955,LOW — no committee link; likely just a widely-held stock
Earl Blumenauer,AMZN,fedtech,,False,1,2024-02-12,2024-02-12,15001.0,0.23823890333665923,0.23823890333665923,2024-02-12,10240000.0,0.0,,,,0.08639897876291047,LOW — no committee link; likely just a widely-held stock
Rob Bresnahan,UNH,pharma,,False,1,2025-04-08,2025-04-08,15001.0,0.23821643400294676,0.23821643400294676,2025-04-08,10220000.0,0.0,,,,-0.5556158241122442,LOW — no committee link; likely just a widely-held stock
Pat Roberts,AMZN,fedtech,,False,11,2017-06-20,2020-06-26,109011.0,0.2372796174470417,0.22792560729341774,2020-04-24,9420000.0,0.0,,,,0.37226477251039314,LOW — no committee link; likely just a widely-held stock
John Curtis,AMZN,fedtech,,False,4,2019-04-29,2020-03-27,18004.0,0.23710752562643456,0.22018396824683528,2020-03-27,9280000.0,0.0,,,,0.607920635756013,LOW — no committee link; likely just a widely-held stock
Kelly Loeffler,AMZN,fedtech,,False,1,2020-02-24,2020-02-24,15001.0,0.23710752562643456,0.23710752562643456,2020-02-24,9280000.0,0.0,,,,0.3758143423796465,LOW — no committee link; likely just a widely-held stock
Richard L. Hanna,UNH,pharma,,False,4,2014-07-08,2015-07-16,166004.0,0.23705205375219623,0.22274494986220095,2014-07-08,2410000.0,0.0,,,,0.16929085804955446,LOW — no committee link; likely just a widely-held stock
E. Scott Rigell,BA,defense,,False,1,2016-11-30,2016-11-30,15001.0,0.23700177006182774,0.23700177006182774,2016-11-30,9195000.0,0.0,,,,0.18212008501594035,LOW — no committee link; likely just a widely-held stock
James M. Inhofe,UNH,pharma,,False,2,2017-06-09,2018-01-11,100002.0,0.2368540742496049,0.23585073306202464,2017-06-09,3870000.0,0.0,,,,0.081781108784305,LOW — no committee link; likely just a widely-held stock
Thomas J. Rooney,CVS,pharma,,False,1,2016-12-21,2016-12-21,50001.0,0.23682433798804087,0.23682433798804087,2016-12-21,3860000.0,0.0,,,,-0.0052598622417030505,LOW — no committee link; likely just a widely-held stock
Tommy Tuberville,XOM,energy,,False,1,2022-10-06,2022-10-06,50001.0,0.23664428638938934,0.23664428638938934,2022-10-06,3800000.0,0.0,,,,0.09660983735057815,LOW — no committee link; likely just a widely-held stock
Cheri Bustos,AMZN,fedtech,,False,1,2019-10-18,2019-10-18,15001.0,0.23651018407792662,0.23651018407792662,2019-10-18,8810000.0,0.0,,,,0.22654778635683437,LOW — no committee link; likely just a widely-held stock
Richard W. Allen,AMZN,fedtech,,False,1,2019-09-10,2019-09-10,15001.0,0.23639217101238905,0.23639217101238905,2019-09-10,8720000.0,0.0,,,,0.039229903051275716,LOW — no committee link; likely just a widely-held stock
E. Scott Rigell,JNJ,pharma,,False,2,2016-11-21,2016-12-15,65002.0,0.23633778666314115,0.23143855690056117,2016-11-21,3700000.0,0.0,,,,0.10652173913043472,LOW — no committee link; likely just a widely-held stock
James M. Inhofe,CVS,pharma,,False,1,2017-09-15,2017-09-15,50001.0,0.23596527921355934,0.23596527921355934,2017-09-15,3582000.0,0.0,,,,-0.04484790188769994,LOW — no committee link; likely just a widely-held stock
Alan S. Lowenthal,CVS,pharma,,False,1,2015-02-10,2015-02-10,15001.0,0.23569952662639243,0.23569952662639243,2015-02-10,8210000.0,0.0,,,,0.004425649095200601,LOW — no committee link; likely just a widely-held stock
Sheldon Whitehouse,LMT,defense,,False,1,2016-01-06,2016-01-06,15001.0,0.23545281199379234,0.23545281199379234,2016-01-06,8035639.0,0.0,,,,0.0942425217111611,LOW — no committee link; likely just a widely-held stock
Kelly Loeffler,RTX,defense,,False,1,2020-04-07,2020-04-07,50001.0,0.23541655681133164,0.23541655681133164,2020-04-07,3415000.0,0.0,,,,0.03930055401662047,LOW — no committee link; likely just a widely-held stock
David Perdue,AMZN,fedtech,,False,3,2017-02-08,2017-12-04,45003.0,0.235358545565689,0.23446809416041733,2017-12-04,7970000.0,0.0,,,,0.22761144671281808,LOW — no committee link; likely just a widely-held stock
Justin Amash,AMZN,fedtech,,False,2,2018-11-01,2019-01-02,16002.0,0.2353296685147867,0.22431675161806874,2018-11-01,7950000.0,0.0,,,,0.00372253877144213,LOW — no committee link; likely just a widely-held stock
Brenda Lulenar Lawrence,AMZN,fedtech,,False,1,2018-10-11,2018-10-11,15001.0,0.23512547171863438,0.23512547171863438,2018-10-11,7810000.0,0.0,,,,-0.0762725665363857,LOW — no committee link; likely just a widely-held stock
Sheldon Whitehouse,AMZN,fedtech,,False,3,2016-04-12,2018-12-28,31003.0,0.2350812392322901,0.22708601902806325,2018-05-07,7780000.0,0.0,,,,0.274582224055395,LOW — no committee link; likely just a widely-held stock
Thomas Macarthur,NEE,energy,,False,18,2015-01-12,2018-12-17,81018.0,0.23502286181940468,0.20329505018659152,2018-02-05,3300000.0,0.0,,,,0.03247132024110444,LOW — no committee link; likely just a widely-held stock
Michael T. McCaul,XOM,energy,,False,1,2015-02-13,2015-02-13,15001.0,0.23467682458662256,0.23467682458662256,2015-02-13,7511000.0,0.0,,,,-0.10335225447145768,LOW — no committee link; likely just a widely-held stock
Alan S. Lowenthal,PFE,pharma,,False,1,2015-10-13,2015-10-13,15001.0,0.2344277895182312,0.2344277895182312,2015-10-13,7350000.0,0.0,,,,-0.10582171012734987,LOW — no committee link; likely just a widely-held stock
Alan S. Lowenthal,GD,defense,,False,2,2016-11-22,2016-12-19,16002.0,0.23436947443102824,0.2233722524401687,2016-11-22,7312801.0,0.0,,,,0.11411446703490413,LOW — no committee link; likely just a widely-held stock
Robert P Corker Jr,XOM,energy,,False,3,2014-01-08,2014-05-20,31003.0,0.2339767833222793,0.22680360829393034,2014-01-08,7067160.0,0.0,,,,0.01568393885249164,LOW — no committee link; likely just a widely-held stock
Richard W. Allen,MSFT,fedtech,,False,1,2019-08-27,2019-08-27,15001.0,0.23394068871740656,0.23394068871740656,2019-08-27,7045000.0,0.0,,,,0.16892588772653583,LOW — no committee link; likely just a widely-held stock
Alan S. Lowenthal,ORCL,fedtech,,False,3,2015-01-22,2017-05-25,31003.0,0.2339243633453091,0.22503723364693587,2017-05-24,7035000.0,0.0,,,,0.07004238233325899,LOW — no committee link; likely just a widely-held stock
Rob Bresnahan,OXY,energy,,False,2,2025-02-25,2025-05-15,16002.0,0.23389983172442383,0.2215366797603411,2025-02-25,7020000.0,0.0,,,,-0.1323379014113315,LOW — no committee link; likely just a widely-held stock
Jefferson Shreve,OXY,energy,,False,2,2025-02-24,2025-05-08,30002.0,0.23389983172442383,0.2325495966570591,2025-02-24,7020000.0,0.0,,,,-0.1480144404332131,LOW — no committee link; likely just a widely-held stock
Pat Toomey,CVX,energy,,False,3,2014-12-31,2015-08-07,17003.0,0.23380117824304716,0.2161228901150798,2014-12-31,6960000.0,0.0,,,,-0.00998395435906585,LOW — no committee link; likely just a widely-held stock
E. Scott Rigell,ABBV,pharma,,False,1,2016-03-03,2016-03-03,15001.0,0.2337681046662577,0.2337681046662577,2016-03-03,6940000.0,0.0,,,,0.12122295726801369,LOW — no committee link; likely just a widely-held stock
Kelly Loeffler,MSFT,fedtech,,False,1,2020-03-19,2020-03-19,15001.0,0.233540644366977,0.233540644366977,2020-03-19,6804000.0,0.0,,,,0.4216242730011912,LOW — no committee link; likely just a widely-held stock
John Curtis,MSFT,fedtech,,False,2,2020-03-11,2020-03-27,16002.0,0.233540644366977,0.222527727470259,2020-03-27,6804000.0,0.0,,,,0.36172344689378755,LOW — no committee link; likely just a widely-held stock
Daniel Meuser,MSFT,fedtech,,False,2,2020-03-26,2020-03-30,16002.0,0.233540644366977,0.222527727470259,2020-03-26,6804000.0,0.0,,,,0.2894753699314585,LOW — no committee link; likely just a widely-held stock
Cheri Bustos,MSFT,fedtech,,False,1,2019-10-29,2019-10-29,15001.0,0.23334644842703786,0.23334644842703786,2019-10-29,6690000.0,0.0,,,,0.1914163691101307,LOW — no committee link; likely just a widely-held stock
Dwight Evans,HII,defense,,False,1,2017-10-20,2017-10-20,15001.0,0.23327482616153403,0.23327482616153403,2017-10-20,6648439.0,0.0,,,,0.13036275592558,LOW — no committee link; likely just a widely-held stock
E. Scott Rigell,XOM,energy,,False,3,2015-05-28,2016-03-16,45003.0,0.233238572095991,0.23308495103755425,2016-03-10,6627500.0,0.0,,,,0.13823314675103426,LOW — no committee link; likely just a widely-held stock
Bill Flores,XOM,energy,,False,4,2016-01-29,2017-03-13,18004.0,0.23320383671656283,0.2168135450563217,2016-01-29,6607500.0,0.0,,,,0.14348105330764294,LOW — no committee link; likely just a widely-held stock
Thomas J. Rooney,AMZN,fedtech,,False,5,2016-06-02,2017-06-14,33005.0,0.23289087116508278,0.21975840478850825,2016-06-02,6430000.0,0.0,,,,0.14977205316928477,LOW — no committee link; likely just a widely-held stock
Debbie Dingell,MSFT,fedtech,,False,1,2016-02-18,2016-02-18,15001.0,0.23287298313054894,0.23287298313054894,2016-02-18,6420000.0,0.0,,,,-0.03947116305805698,LOW — no committee link; likely just a widely-held stock
Jeffry Flake,AMZN,fedtech,,False,3,2014-04-11,2017-12-29,17003.0,0.23287298313054894,0.21551026951455485,2016-02-11,6420000.0,0.0,,,,0.4249335079988885,LOW — no committee link; likely just a widely-held stock
E. Scott Rigell,MSFT,fedtech,,False,1,2016-03-08,2016-03-08,15001.0,0.23287298313054894,0.23287298313054894,2016-03-08,6420000.0,0.0,,,,-0.005227492739593331,LOW — no committee link; likely just a widely-held stock
Debbie Dingell,AMZN,fedtech,,False,1,2016-02-18,2016-02-18,15001.0,0.23287298313054894,0.23287298313054894,2016-02-18,6420000.0,0.0,,,,0.34550476190476176,LOW — no committee link; likely just a widely-held stock
Bill Flores,MSFT,fedtech,,False,2,2013-12-30,2014-07-08,16002.0,0.23279033766678583,0.22263277622407163,2014-07-08,6374000.0,0.0,,,,0.14552417424605069,LOW — no committee link; likely just a widely-held stock
David Perdue,ORCL,fedtech,,False,2,2016-02-05,2017-02-08,16002.0,0.23261042839995408,0.22446203492438657,2017-02-08,6275000.0,0.0,,,,0.1349325337331333,LOW — no committee link; likely just a widely-held stock
Alan S. Lowenthal,MRK,pharma,,False,1,2016-01-21,2016-01-21,15001.0,0.23244439415074383,0.23244439415074383,2016-01-21,6185000.0,0.0,,,,0.08228593872741552,LOW — no committee link; likely just a widely-held stock
E. Scott Rigell,MRK,pharma,,False,2,2015-05-28,2016-03-16,16002.0,0.2324071696330351,0.21998590815026592,2016-03-16,6165000.0,0.0,,,,0.1484405082787832,LOW — no committee link; likely just a widely-held stock
Lou Barletta,AMZN,fedtech,,False,1,2016-10-28,2016-10-28,15001.0,0.23237917190959093,0.23237917190959093,2016-10-28,6150000.0,0.0,,,,0.09315746084089027,LOW — no committee link; likely just a widely-held stock
Dwight Evans,AMZN,fedtech,,False,2,2016-12-30,2025-04-03,16002.0,0.23237917190959093,0.22645526750470518,2016-12-30,6150000.0,0.0,,,,0.26452585114753213,LOW — no committee link; likely just a widely-held stock
Maria Elvira Salazar,OXY,energy,,False,1,2024-10-25,2024-10-25,15001.0,0.23205700404564097,0.23205700404564097,2024-10-25,5980000.0,0.0,,,,-0.03334625823962778,LOW — no committee link; likely just a widely-held stock
Tom Rice,XOM,energy,,False,1,2020-03-09,2020-03-09,15001.0,0.2316859129575126,0.2316859129575126,2020-03-09,5790000.0,0.0,,,,0.03296703296703307,LOW — no committee link; likely just a widely-held stock
David Perdue,CVX,energy,,False,2,2017-03-22,2017-04-04,30002.0,0.23153606651075456,0.23153606651075456,2017-03-22,5715000.0,0.0,,,,0.01656543346217565,LOW — no committee link; likely just a widely-held stock
Thomas Macarthur,OXY,energy,,False,7,2015-01-09,2016-01-15,21007.0,0.23110386971454253,0.21054035603178423,2015-01-09,5504078.0,0.0,,,,-0.011091049780758255,LOW — no committee link; likely just a widely-held stock
Katherine M. Clark,OXY,energy,,False,1,2014-12-17,2014-12-17,15001.0,0.23110386971454253,0.23110386971454253,2014-12-17,5504078.0,0.0,,,,0.04588688946015429,LOW — no committee link; likely just a widely-held stock
Kelly Loeffler,MRK,pharma,,False,1,2020-04-07,2020-04-07,15001.0,0.2308354070809236,0.2308354070809236,2020-04-07,5377000.0,0.0,,,,0.03920570264765777,LOW — no committee link; likely just a widely-held stock
John A. Boehner,ABBV,pharma,,False,1,2015-03-11,2015-03-11,15001.0,0.23022753849827862,0.23022753849827862,2015-03-11,5100000.0,0.0,,,,0.200459201695514,LOW — no committee link; likely just a widely-held stock
Thad Cochran,MRK,pharma,,False,1,2015-08-28,2015-08-28,15001.0,0.2300458262642978,0.2300458262642978,2015-08-28,5020000.0,0.0,,,,-0.04569261332851715,LOW — no committee link; likely just a widely-held stock
Pete Sessions,OXY,energy,,False,1,2017-01-06,2017-01-06,15001.0,0.22967332185575398,0.22967332185575398,2017-01-06,4859904.0,0.0,,,,-0.14743950478334267,LOW — no committee link; likely just a widely-held stock
Brad Ashford,AMZN,fedtech,,False,1,2015-09-01,2015-09-01,15001.0,0.22964987624832536,0.22964987624832536,2015-09-01,4850000.0,0.0,,,,0.38774318282514986,LOW — no committee link; likely just a widely-held stock
Virginia Foxx,TXT,defense,,False,2,2015-04-28,2015-07-30,30002.0,0.2294587190888053,0.22761363655261346,2015-04-28,4770000.0,0.0,,,,-0.1433724075743913,LOW — no committee link; likely just a widely-held stock
Kelly Loeffler,ABBV,pharma,,False,1,2020-04-07,2020-04-07,15001.0,0.2290914974604269,0.2290914974604269,2020-04-07,4620000.0,0.0,,,,0.23690144581509487,LOW — no committee link; likely just a widely-held stock
Ro Khanna,OXY,energy,,False,19,2017-01-24,2020-07-28,33019.0,0.2288918945421146,0.2065162993447093,2019-06-03,4540456.0,0.0,,,,-0.11253041362530403,LOW — no committee link; likely just a widely-held stock
Thad Cochran,CVS,pharma,,False,1,2014-11-05,2014-11-05,15001.0,0.2280778934126927,0.2280778934126927,2014-11-05,4230000.0,0.0,,,,0.18125714285714278,LOW — no committee link; likely just a widely-held stock
Richard L. Hanna,BA,defense,,False,1,2014-08-20,2014-08-20,1001.0,0.2280697738605094,0.2280697738605094,2014-08-20,28730000.0,0.0,,,,-0.013191990577149482,LOW — no committee link; likely just a widely-held stock
Thad Cochran,ABBV,pharma,,False,2,2014-09-15,2017-02-15,16002.0,0.22783072132915272,0.21519232516618886,2017-02-15,4140000.0,0.0,,,,0.14517437145174372,LOW — no committee link; likely just a widely-held stock
E. Scott Rigell,CVX,energy,,False,1,2016-03-08,2016-03-08,15001.0,0.22776641381601365,0.22776641381601365,2016-03-08,4116900.0,0.0,,,,0.17849898580121715,LOW — no committee link; likely just a widely-held stock
Katherine M. Clark,BA,defense,,False,1,2014-05-13,2014-05-13,1001.0,0.22776165217752353,0.22776165217752353,2014-05-13,27970000.0,0.0,,,,-0.03919070813038583,LOW — no committee link; likely just a widely-held stock
Pete Sessions,JNJ,pharma,,False,3,2015-06-12,2015-07-29,17003.0,0.22754970344552758,0.21261052068696015,2015-07-29,4040000.0,0.0,,,,0.026471472977038113,LOW — no committee link; likely just a widely-held stock
Thomas J. Rooney,UNH,pharma,,False,4,2015-11-12,2017-06-14,32004.0,0.22705561472444494,0.21306301661686056,2017-06-14,3870000.0,0.0,,,,0.05790743584119307,LOW — no committee link; likely just a widely-held stock
K. Michael Conaway,OXY,energy,,False,2,2014-06-24,2016-09-12,16002.0,0.2270381034316442,0.21646948763784407,2016-09-12,3864108.0,0.0,,,,-0.08569545154911007,LOW — no committee link; likely just a widely-held stock
Michael C. Burgess,XOM,energy,,False,1,2024-01-02,2024-01-02,15001.0,0.2269960650643852,0.2269960650643852,2024-01-02,3850000.0,0.0,,,,0.13354826103946849,LOW — no committee link; likely just a widely-held stock
Sheldon Whitehouse,NEE,energy,,False,1,2014-02-10,2014-02-10,15001.0,0.2260798604455334,0.2260798604455334,2014-02-10,3555000.0,0.0,,,,0.048609590540836356,LOW — no committee link; likely just a widely-held stock
Alan S. Lowenthal,JNJ,pharma,,False,1,2017-01-18,2017-01-18,15001.0,0.22599875172208755,0.22599875172208755,2017-01-18,3530000.0,0.0,,,,0.10697471665213598,LOW — no committee link; likely just a widely-held stock
Virginia Foxx,MRK,pharma,,False,2,2017-03-17,2017-10-11,16002.0,0.22586777528029375,0.21829446134957253,2017-03-17,3490000.0,0.0,,,,-0.020187793427229983,LOW — no committee link; likely just a widely-held stock
John A. Boehner,MRK,pharma,,False,1,2014-02-07,2014-02-07,15001.0,0.2256349122976476,0.2256349122976476,2014-02-07,3420000.0,0.0,,,,0.057878400584261414,LOW — no committee link; likely just a widely-held stock
Cheri Bustos,LHX,defense,,False,1,2019-10-18,2019-10-18,15001.0,0.22553365121721566,0.22553365121721566,2019-10-18,3390000.0,0.0,,,,0.15473546042003217,LOW — no committee link; likely just a widely-held stock
Alan S. Lowenthal,UNH,pharma,,False,4,2015-03-30,2018-11-29,18004.0,0.22457976279666098,0.20760569629068504,2015-03-30,3120000.0,0.0,,,,0.004297520661157073,LOW — no committee link; likely just a widely-held stock
David B. Mckinley,UNH,pharma,,False,4,2015-09-18,2020-04-30,18004.0,0.22439408738608993,0.20726499137184948,2017-10-16,3070000.0,0.0,,,,0.17308488612836448,LOW — no committee link; likely just a widely-held stock
Kathy Castor,BA,defense,,False,1,2016-02-12,2016-02-12,1001.0,0.22438744191853233,0.22438744191853233,2016-02-12,20854000.0,0.0,,,,0.19598637577096567,LOW — no committee link; likely just a widely-held stock
Carlos Curbelo,BA,defense,,False,1,2016-03-09,2016-03-09,1001.0,0.2243266582429593,0.2243266582429593,2016-03-09,20744000.0,0.0,,,,0.03508057952140642,LOW — no committee link; likely just a widely-held stock
Bill Flores,JNJ,pharma,,False,5,2013-12-30,2015-10-21,19005.0,0.22412899686951784,0.20659776823660153,2013-12-30,3000000.0,0.0,,,,0.09458288190682551,LOW — no committee link; likely just a widely-held stock
K. Michael Conaway,CVS,pharma,,False,1,2016-09-12,2016-09-12,15001.0,0.22400670216293178,0.22400670216293178,2016-09-12,2968247.0,0.0,,,,-0.1018035636679705,LOW — no committee link; likely just a widely-held stock
Katherine M. Clark,LMT,defense,,False,1,2014-07-30,2014-07-30,1001.0,0.22386895326055908,0.22386895326055908,2014-07-30,19934115.0,0.0,,,,0.12563168409918912,LOW — no committee link; likely just a widely-held stock
Bob Gibbs,ABBV,pharma,,False,2,2020-11-17,2021-11-26,16002.0,0.22341785928408636,0.21461137340990155,2020-11-17,2820000.0,0.0,,,,0.058764237476061076,LOW — no committee link; likely just a widely-held stock
John A. Yarmuth,PFE,pharma,,False,1,2017-06-12,2017-06-12,1001.0,0.222588495786901,0.222588495786901,2017-06-12,17832475.0,0.0,,,,0.11314984709480114,LOW — no committee link; likely just a widely-held stock
Thad Cochran,TXT,defense,,False,1,2014-01-31,2014-01-31,15001.0,0.22257240047500731,0.22257240047500731,2014-01-31,2620000.0,0.0,,,,0.10619718309859172,LOW — no committee link; likely just a widely-held stock
Robert P Corker Jr,LMT,defense,,False,3,2014-01-08,2014-04-11,3003.0,0.22153168370980192,0.21940368126744392,2014-01-08,16265870.0,0.0,,,,0.10700336700336699,LOW — no committee link; likely just a widely-held stock
Kathy Manning,AMZN,fedtech,,False,5,2022-05-27,2022-10-12,5005.0,0.22127744334995325,0.2187593791993705,2022-10-12,15910000.0,0.0,,,,-0.12984942426926493,LOW — no committee link; likely just a widely-held stock
Zoe Lofgren,AMZN,fedtech,,False,2,2021-09-30,2022-03-04,2002.0,0.22116857236599563,0.2188376431635492,2022-03-04,15760000.0,0.0,,,,-0.2206864825152257,LOW — no committee link; likely just a widely-held stock
Diana Harshbarger,AMZN,fedtech,,False,4,2022-02-28,2022-03-17,4004.0,0.22116857236599563,0.22116857236599563,2022-02-28,15760000.0,0.0,,,,-0.23004800744432619,LOW — no committee link; likely just a widely-held stock
Cindy Axne,AMZN,fedtech,,False,3,2021-06-10,2022-11-23,3003.0,0.22114302005231434,0.21804667513454826,2022-11-23,15725000.0,0.0,,,,0.04865611388505253,LOW — no committee link; likely just a widely-held stock
Ed Perlmutter,AMZN,fedtech,,False,4,2018-11-05,2022-11-10,4004.0,0.22108807304283865,0.21575253865071728,2022-11-10,15650000.0,0.0,,,,-0.0610576425540722,LOW — no committee link; likely just a widely-held stock
Thomas H. Kean Jr,AMZN,fedtech,,False,4,2025-01-16,2025-05-08,4004.0,0.22053136309981947,0.21943400270017474,2025-02-26,14910000.0,0.0,,,,0.012922789829717729,LOW — no committee link; likely just a widely-held stock
Valerie Hoyle,AMZN,fedtech,,False,6,2024-10-29,2025-09-10,6006.0,0.22053136309981947,0.21840760672328882,2025-04-02,14910000.0,0.0,,,,0.19437783786541507,LOW — no committee link; likely just a widely-held stock
Rob Bresnahan,AMZN,fedtech,,False,1,2025-04-08,2025-04-08,1001.0,0.22053136309981947,0.22053136309981947,2025-04-08,14910000.0,0.0,,,,0.30264854095863125,LOW — no committee link; likely just a widely-held stock
Marjorie Taylor Greene,AMZN,fedtech,,False,12,2024-08-21,2025-10-24,12012.0,0.22053136309981947,0.21745071762052162,2025-04-04,14910000.0,0.0,,,,0.237719298245614,LOW — no committee link; likely just a widely-held stock
Jared Moskowitz,AMZN,fedtech,,False,3,2024-07-05,2025-04-07,3003.0,0.22053136309981947,0.21789183191793873,2025-04-07,14910000.0,0.0,,,,0.21961656966792198,LOW — no committee link; likely just a widely-held stock
Tim Walberg,AMZN,fedtech,,False,1,2025-02-07,2025-02-07,1001.0,0.22053136309981947,0.22053136309981947,2025-02-07,14910000.0,0.0,,,,-0.053109317041239446,LOW — no committee link; likely just a widely-held stock
David J. Taylor,AMZN,fedtech,,False,4,2025-03-27,2026-02-26,4004.0,0.22053136309981947,0.21750877255828632,2025-03-27,14910000.0,0.0,,,,0.14938418752483096,LOW — no committee link; likely just a widely-held stock
Lisa Mcclain,AMZN,fedtech,,False,4,2024-12-11,2025-09-11,4004.0,0.22023069513359866,0.2183233144212424,2025-06-09,14525000.0,0.0,,,,0.02212185454880644,LOW — no committee link; likely just a widely-held stock
Raúl M. Grijalva,BA,defense,,False,1,2015-09-03,2015-09-03,1001.0,0.220214859015537,0.220214859015537,2015-09-03,14505000.0,0.0,,,,0.07235536559303912,LOW — no committee link; likely just a widely-held stock
Robert P Corker Jr,PFE,pharma,,False,2,2014-01-08,2014-03-03,2002.0,0.21942361751726844,0.21904651686990906,2014-03-03,13540000.0,0.0,,,,-0.059412132582864374,LOW — no committee link; likely just a widely-held stock
Michael T. McCaul,HII,defense,,False,4,2020-09-02,2022-02-15,4004.0,0.21933946174602134,0.2110076121577673,2020-12-16,13441218.0,0.0,,,,0.1931622952697285,LOW — no committee link; likely just a widely-held stock
Lisa Mcclain,UNH,pharma,,False,3,2025-06-17,2025-10-30,3003.0,0.21854181550627794,0.21499767951558849,2025-06-17,12540000.0,0.0,,,,0.169262149124227,LOW — no committee link; likely just a widely-held stock
Valerie Hoyle,UNH,pharma,,False,3,2024-10-29,2025-04-29,3003.0,0.21854181550627794,0.2137904976351078,2025-04-29,12540000.0,0.0,,,,-0.25743469442611744,LOW — no committee link; likely just a widely-held stock
K. Michael Conaway,NEE,energy,,False,3,2014-01-30,2016-09-12,17003.0,0.21746511016397235,0.20852438782272242,2016-09-12,1680000.0,0.0,,,,-0.03820261172844519,LOW — no committee link; likely just a widely-held stock
Alan S. Lowenthal,AMZN,fedtech,,False,5,2019-10-29,2022-06-07,5005.0,0.2171605996278494,0.21529386365440226,2022-06-07,11120000.0,0.0,,,,-0.016666666666666607,LOW — no committee link; likely just a widely-held stock
Robert J. Wittman,CVS,pharma,,False,2,2015-09-15,2019-01-22,2002.0,0.21698353946041146,0.21342801103839068,2015-09-15,10950000.0,0.0,,,,-0.07372047244094482,LOW — no committee link; likely just a widely-held stock
Mikie Sherrill,PFE,pharma,,False,1,2020-01-21,2020-01-21,1001.0,0.2168515855356159,0.2168515855356159,2020-01-21,10825000.0,0.0,,,,-0.0671789786812097,LOW — no committee link; likely just a widely-held stock
Morgan Mcgarvey,AMZN,fedtech,,False,1,2023-02-07,2023-02-07,1001.0,0.216750277456222,0.216750277456222,2023-02-07,10730000.0,0.0,,,,0.18724904514739005,LOW — no committee link; likely just a widely-held stock
Blake Moore,AMZN,fedtech,,False,5,2021-02-24,2021-05-03,5005.0,0.2164902913902277,0.216340066401601,2021-05-03,10490000.0,0.0,,,,0.024893030837238594,LOW — no committee link; likely just a widely-held stock
Bruce Westerman,UNH,pharma,,False,1,2025-03-03,2025-03-03,1001.0,0.21634142260942224,0.21634142260942224,2025-03-03,10355000.0,0.0,,,,-0.30170217321485926,LOW — no committee link; likely just a widely-held stock
Garret Graves,AMZN,fedtech,,False,1,2021-04-12,2021-04-12,1001.0,0.2163025101544443,0.2163025101544443,2021-04-12,10320000.0,0.0,,,,-0.017372957841504055,LOW — no committee link; likely just a widely-held stock
Jared Moskowitz,UNH,pharma,,False,2,2023-07-14,2024-02-13,2002.0,0.21622428775839886,0.21394172794153665,2023-07-14,10250000.0,0.0,,,,0.12995397463398395,LOW — no committee link; likely just a widely-held stock
John Mcguire,UNH,pharma,,False,1,2025-04-10,2025-04-10,1001.0,0.21622428775839886,0.21622428775839886,2025-04-10,10250000.0,0.0,,,,-0.5779104979811575,LOW — no committee link; likely just a widely-held stock
John Curtis,UNH,pharma,,False,2,2020-03-27,2023-06-21,2002.0,0.21622428775839886,0.21027493975153022,2023-06-21,10250000.0,0.0,,,,0.11511274252753023,LOW — no committee link; likely just a widely-held stock
HON. GREG STANTON,AMZN,fedtech,,False,1,2023-09-26,2023-09-26,1001.0,0.21600924637923485,0.21600924637923485,2023-09-26,10060000.0,0.0,,,,0.24519765042070163,LOW — no committee link; likely just a widely-held stock
John James,AMZN,fedtech,,False,1,2023-11-10,2023-11-10,1001.0,0.21597492163342516,0.21597492163342516,2023-11-10,10030000.0,0.0,,,,0.19782669267205355,LOW — no committee link; likely just a widely-held stock
Richard Dean Mccormick,UNH,pharma,,False,3,2023-03-15,2026-03-19,3003.0,0.21549524338439152,0.21233452011884513,2023-03-15,9620000.0,0.0,,,,-0.037986378187912284,LOW — no committee link; likely just a widely-held stock
Dean Phillips,AMZN,fedtech,,False,2,2020-04-02,2020-09-23,2002.0,0.21526597788333035,0.2151738348581645,2020-09-23,9430000.0,0.0,,,,0.10238144446740849,LOW — no committee link; likely just a widely-held stock
Susan W. Brooks,AMZN,fedtech,,False,1,2020-04-06,2020-04-06,1001.0,0.2150816918329986,0.2150816918329986,2020-04-06,9280000.0,0.0,,,,0.5713084266541182,LOW — no committee link; likely just a widely-held stock
Harley E. Rouda Jr.,AMZN,fedtech,,False,1,2020-02-20,2020-02-20,1001.0,0.2150816918329986,0.2150816918329986,2020-02-20,9280000.0,0.0,,,,0.24239933119687884,LOW — no committee link; likely just a widely-held stock
Donald Sternoff Beyer Jr,AMZN,fedtech,,False,4,2019-11-19,2020-02-19,4004.0,0.2150816918329986,0.21484941620726716,2020-02-19,9280000.0,0.0,,,,0.2229082765802548,LOW — no committee link; likely just a widely-held stock
Rubén Hinojosa,BA,defense,,False,1,2016-12-27,2016-12-27,1001.0,0.2149759362683918,0.2149759362683918,2016-12-27,9195000.0,0.0,,,,0.15386080772161548,LOW — no committee link; likely just a widely-held stock
Roger W. Marshall,AMZN,fedtech,,False,2,2018-08-03,2019-11-15,2002.0,0.21474234227038774,0.21392099009779308,2019-11-15,9010000.0,0.0,,,,-0.02893951675491102,LOW — no committee link; likely just a widely-held stock
Mikie Sherrill,AMZN,fedtech,,False,1,2020-01-15,2020-01-15,1001.0,0.21471680212570032,0.21471680212570032,2020-01-15,8990000.0,0.0,,,,0.2829346623559359,LOW — no committee link; likely just a widely-held stock
Ed Perlmutter,PFE,pharma,,False,1,2020-06-10,2020-06-10,1001.0,0.21427370410685348,0.21427370410685348,2020-06-10,8650000.0,0.0,,,,0.027004454342984374,LOW — no committee link; likely just a widely-held stock
Thomas R. Carper,PFE,pharma,,False,1,2020-07-09,2020-07-09,1001.0,0.21427370410685348,0.21427370410685348,2020-07-09,8650000.0,0.0,,,,0.08786610878661083,LOW — no committee link; likely just a widely-held stock
James R. Langevin,AMZN,fedtech,,False,1,2019-07-03,2019-07-03,1001.0,0.21418031830895481,0.21418031830895481,2019-07-03,8580000.0,0.0,,,,-0.08372356884992271,LOW — no committee link; likely just a widely-held stock
John Curtis,LMT,defense,,False,1,2020-03-27,2020-03-27,1001.0,0.21379529782712925,0.21379529782712925,2020-03-27,8297329.0,0.0,,,,0.09676215626614604,LOW — no committee link; likely just a widely-held stock
John A. Yarmuth,AMZN,fedtech,,False,3,2017-03-31,2018-12-07,3003.0,0.21330383472135075,0.21243263468334728,2018-12-07,7950000.0,0.0,,,,0.13548949439271252,LOW — no committee link; likely just a widely-held stock
Dean Heller,AMZN,fedtech,,False,1,2018-11-28,2018-11-28,1001.0,0.21330383472135075,0.21330383472135075,2018-11-28,7950000.0,0.0,,,,0.0570227983907019,LOW — no committee link; likely just a widely-held stock
Lamar Smith,AMZN,fedtech,,False,4,2014-04-03,2018-10-17,4004.0,0.21312903195704422,0.20745398607091775,2017-08-24,7830000.0,0.0,,,,0.2266890650427844,LOW — no committee link; likely just a widely-held stock
Carlos Curbelo,AMZN,fedtech,,False,1,2018-06-08,2018-06-08,1001.0,0.21305540543885415,0.21305540543885415,2018-06-08,7780000.0,0.0,,,,0.10714434171224307,LOW — no committee link; likely just a widely-held stock
Thomas Suozzi,LLY,pharma,House Committee on Ways and Means,True,2,2017-08-17,2021-03-03,51002.0,0.21251851913185354,0.19660637247255558,2021-03-03,0.0,0.0,,,,0.14420792079207922,LOW — no committee link; likely just a widely-held stock
John Hoeven,IBM,fedtech,Senate Committee on Appropriations,True,4,2014-02-19,2019-10-21,200004.0,0.21251851913185354,0.21251851913185354,2014-02-19,0.0,0.0,,,,-0.1227994146304644,LOW — no committee link; likely just a widely-held stock
Marjorie Taylor Greene,OXY,energy,,False,4,2024-11-20,2025-10-24,4004.0,0.21243318688557622,0.20962569784293822,2025-10-24,7370000.0,0.0,,,,0.2316185106882782,LOW — no committee link; likely just a widely-held stock
Robert P Corker Jr,MSFT,fedtech,,False,2,2014-01-08,2014-03-03,2002.0,0.21238160986516286,0.2122868456447652,2014-01-08,7337000.0,0.0,,,,0.10850111856823275,LOW — no committee link; likely just a widely-held stock
Gilbert Cisneros,OXY,energy,,False,2,2025-08-05,2026-02-10,2002.0,0.2123784765336031,0.21082754089423117,2026-02-10,7335000.0,0.0,,,,0.23406094661767884,LOW — no committee link; likely just a widely-held stock
Thomas J. Rooney,GD,defense,,False,3,2016-06-01,2016-11-02,3003.0,0.21234364063759228,0.2120775571884926,2016-11-02,7312801.0,0.0,,,,0.27647491147190495,LOW — no committee link; likely just a widely-held stock
Raúl M. Grijalva,GD,defense,,False,1,2015-04-10,2015-04-10,1001.0,0.2122210506476127,0.2122210506476127,2015-04-10,7235214.0,0.0,,,,0.11809285556618354,LOW — no committee link; likely just a widely-held stock
Jackie Speier,AMZN,fedtech,,False,1,2017-06-16,2017-06-16,1001.0,0.21219685792650642,0.21219685792650642,2017-06-16,7220000.0,0.0,,,,0.01886181166536738,LOW — no committee link; likely just a widely-held stock
Thomas R. Carper,CVS,pharma,,False,4,2020-03-27,2022-10-17,4004.0,0.21215219985175998,0.21047370156518158,2020-03-27,7192000.0,0.0,,,,0.055717998700454796,LOW — no committee link; likely just a widely-held stock
Kelly Loeffler,CVS,pharma,,False,1,2020-04-07,2020-04-07,1001.0,0.21215219985175998,0.21215219985175998,2020-04-07,7192000.0,0.0,,,,0.1324072445929314,LOW — no committee link; likely just a widely-held stock
Josh Gottheimer,UNH,pharma,,False,8,2017-05-15,2026-02-05,8008.0,0.21198803348055417,0.20609416525708868,2026-02-05,7090000.0,0.0,,,,0.4875069819400484,LOW — no committee link; likely just a widely-held stock
K. Michael Conaway,GD,defense,,False,4,2014-07-24,2016-05-20,4004.0,0.21188941480907797,0.2118670701133868,2014-07-24,7029423.0,0.0,,,,0.1902370760619032,LOW — no committee link; likely just a widely-held stock
Thomas J. Rooney,MSFT,fedtech,,False,8,2015-11-12,2017-06-14,8008.0,0.21187399793098788,0.21096757853768924,2016-11-02,7020000.0,0.0,,,,0.05324111307704693,LOW — no committee link; likely just a widely-held stock
Earl Blumenauer,GD,defense,,False,2,2020-03-03,2020-03-10,2002.0,0.2117316555923167,0.2117316555923167,2020-03-03,6933593.0,0.0,,,,-0.08637069233157424,LOW — no committee link; likely just a widely-held stock
Mikie Sherrill,GD,defense,,False,1,2020-01-21,2020-01-21,1001.0,0.2116818199768814,0.2116818199768814,2020-01-21,6903593.0,0.0,,,,-0.2526051612199246,LOW — no committee link; likely just a widely-held stock
Earl Blumenauer,MSFT,fedtech,,False,1,2020-03-03,2020-03-03,1001.0,0.21151481057354105,0.21151481057354105,2020-03-03,6804000.0,0.0,,,,0.2443012582821713,LOW — no committee link; likely just a widely-held stock
Earl Blumenauer,CVS,pharma,,False,1,2020-05-08,2020-05-08,1001.0,0.21137203780638067,0.21137203780638067,2020-05-08,6720000.0,0.0,,,,-0.05687579214195182,LOW — no committee link; likely just a widely-held stock
Jared Moskowitz,NEE,energy,,False,3,2023-02-24,2024-07-01,3003.0,0.21119451531875733,0.20937885272738466,2023-02-24,6617000.0,0.0,,,,0.018787712561711523,LOW — no committee link; likely just a widely-held stock
Zoe Lofgren,MSFT,fedtech,,False,1,2017-06-15,2017-06-15,1001.0,0.21117147833599914,0.21117147833599914,2017-06-15,6603750.0,0.0,,,,0.10858369098712428,LOW — no committee link; likely just a widely-held stock
Thomas Macarthur,XOM,energy,,False,4,2016-05-09,2016-12-09,4004.0,0.2111300697127753,0.21050686047950787,2016-12-09,6580000.0,0.0,,,,-0.06595505617977537,LOW — no committee link; likely just a widely-held stock
Mikie Sherrill,CVS,pharma,,False,1,2019-11-18,2019-11-18,1001.0,0.21108982602731458,0.21108982602731458,2019-11-18,6557000.0,0.0,,,,-0.22769640479360842,LOW — no committee link; likely just a widely-held stock
James R. Langevin,ORCL,fedtech,,False,1,2019-07-03,2019-07-03,1001.0,0.21096292697514532,0.21096292697514532,2019-07-03,6485000.0,0.0,,,,-0.07424396873938155,LOW — no committee link; likely just a widely-held stock
Bill Cassidy,MSFT,fedtech,,False,1,2016-03-31,2016-03-31,1001.0,0.210847149337113,0.210847149337113,2016-03-31,6420000.0,0.0,,,,0.026253847546623188,LOW — no committee link; likely just a widely-held stock
Ed Whitfield,AMZN,fedtech,,False,4,2015-12-11,2016-02-08,4004.0,0.210847149337113,0.21021377679585232,2016-01-29,6420000.0,0.0,,,,0.4827699241958614,LOW — no committee link; likely just a widely-held stock
Lamar Smith,MSFT,fedtech,,False,6,2015-11-04,2016-07-13,6006.0,0.210847149337113,0.21066359529108913,2016-01-27,6420000.0,0.0,,,,0.0340299611614574,LOW — no committee link; likely just a widely-held stock
Ed Whitfield,MSFT,fedtech,,False,1,2016-01-15,2016-01-15,1001.0,0.21046492209747353,0.21046492209747353,2016-01-15,6210000.0,0.0,,,,0.016473818395763784,LOW — no committee link; likely just a widely-held stock
Thomas J. Rooney,XOM,energy,,False,1,2016-06-01,2016-06-01,1001.0,0.2104139138806737,0.2104139138806737,2016-06-01,6182500.0,0.0,,,,-0.03115194979829672,LOW — no committee link; likely just a widely-held stock
Michael G. Fitzpatrick,CVX,energy,,False,1,2014-02-21,2014-02-21,1001.0,0.21030839940871784,0.21030839940871784,2014-02-21,6126000.0,0.0,,,,0.1801561945331911,LOW — no committee link; likely just a widely-held stock
John A. Yarmuth,CVS,pharma,,False,1,2016-02-01,2016-02-01,1001.0,0.21024066015697404,0.21024066015697404,2016-02-01,6090000.0,0.0,,,,-0.008939580764488197,LOW — no committee link; likely just a widely-held stock
Raúl M. Grijalva,MSFT,fedtech,,False,1,2015-09-15,2015-09-15,1001.0,0.2101554207568903,0.2101554207568903,2015-09-15,6045000.0,0.0,,,,0.17417007730786738,LOW — no committee link; likely just a widely-held stock
K. Michael Conaway,ORCL,fedtech,,False,5,2014-01-13,2016-08-10,5005.0,0.20997336765058372,0.20804382282220332,2016-08-03,5950000.0,0.0,,,,-0.04937361827560793,LOW — no committee link; likely just a widely-held stock
Bill Flores,CVS,pharma,,False,2,2019-03-25,2019-05-08,2002.0,0.2098724826163699,0.20985980249782632,2019-03-25,5898000.0,0.0,,,,0.024021838034576914,LOW — no committee link; likely just a widely-held stock
Dean Phillips,CVS,pharma,,False,1,2019-05-13,2019-05-13,1001.0,0.2098471223792827,0.2098471223792827,2019-05-13,5885000.0,0.0,,,,0.1817168338907469,LOW — no committee link; likely just a widely-held stock
Bob Gibbs,ORCL,fedtech,,False,1,2020-01-08,2020-01-08,1001.0,0.2098275763546701,0.2098275763546701,2020-01-08,5875000.0,0.0,,,,-0.028265287271383777,LOW — no committee link; likely just a widely-held stock
Bruce Westerman,LLY,pharma,,False,1,2025-03-03,2025-03-03,1001.0,0.20979819484817508,0.20979819484817508,2025-03-03,5860000.0,0.0,,,,-0.16544766166157554,LOW — no committee link; likely just a widely-held stock
Josh Gottheimer,XOM,energy,,False,2,2026-02-02,2026-02-04,2002.0,0.2097392055329257,0.2097392055329257,2026-02-02,5830000.0,0.0,,,,0.08063583815028896,LOW — no committee link; likely just a widely-held stock
Richard L. Hanna,MSFT,fedtech,,False,1,2015-02-02,2015-02-02,1001.0,0.20969971044360572,0.20969971044360572,2015-02-02,5810000.0,0.0,,,,0.1366279069767442,LOW — no committee link; likely just a widely-held stock
John A. Yarmuth,XOM,energy,,False,1,2020-03-31,2020-03-31,1001.0,0.20966007916407664,0.20966007916407664,2020-03-31,5790000.0,0.0,,,,0.15959968396102187,LOW — no committee link; likely just a widely-held stock
Dwight Evans,XOM,energy,,False,1,2020-03-02,2020-03-02,1001.0,0.20966007916407664,0.20966007916407664,2020-03-02,5790000.0,0.0,,,,-0.17000742390497403,LOW — no committee link; likely just a widely-held stock
Robert J. Wittman,ABBV,pharma,,False,3,2015-09-15,2022-06-16,3003.0,0.20964021215883577,0.20867448486620702,2022-06-16,5780000.0,0.0,,,,0.027236794825727495,LOW — no committee link; likely just a widely-held stock
Zoe Lofgren,CVS,pharma,,False,1,2021-08-09,2021-08-09,1001.0,0.20958040425459165,0.20958040425459165,2021-08-09,5750000.0,0.0,,,,0.138150642988365,LOW — no committee link; likely just a widely-held stock
Bob Gibbs,AMZN,fedtech,,False,1,2015-12-08,2015-12-08,1001.0,0.20958040425459165,0.20958040425459165,2015-12-08,5750000.0,0.0,,,,-0.11109798768694734,LOW — no committee link; likely just a widely-held stock
Susan W. Brooks,XOM,energy,,False,1,2020-04-06,2020-04-06,1001.0,0.20956039892376832,0.20956039892376832,2020-04-06,5740000.0,0.0,,,,0.07412898443291338,LOW — no committee link; likely just a widely-held stock
Mikie Sherrill,XOM,energy,,False,2,2019-06-17,2020-01-21,2002.0,0.2095403587100549,0.20946972444282053,2020-01-21,5730000.0,0.0,,,,-0.32864752885469073,LOW — no committee link; likely just a widely-held stock
Robert P Corker Jr,MRK,pharma,,False,2,2014-01-08,2014-03-03,2002.0,0.20944468756255905,0.20652688303338534,2014-01-08,5682500.0,0.0,,,,0.10122514561156848,LOW — no committee link; likely just a widely-held stock
William R. Keating,CVS,pharma,,False,1,2021-03-17,2021-03-17,1001.0,0.20939909017558614,0.20939909017558614,2021-03-17,5660000.0,0.0,,,,0.10890420213484653,LOW — no committee link; likely just a widely-held stock
Lisa Mcclain,CVS,pharma,,False,1,2025-10-30,2025-10-30,1001.0,0.2090695174974707,0.2090695174974707,2025-10-30,5500000.0,0.0,,,,0.04185682618333564,LOW — no committee link; likely just a widely-held stock
Susan W. Brooks,CVX,energy,,False,1,2020-04-06,2020-04-06,1001.0,0.20890111800779182,0.20890111800779182,2020-04-06,5420000.0,0.0,,,,0.07588008458763529,LOW — no committee link; likely just a widely-held stock
John Curtis,CVX,energy,,False,1,2020-03-27,2020-03-27,1001.0,0.20890111800779182,0.20890111800779182,2020-03-27,5420000.0,0.0,,,,0.3236405931956965,LOW — no committee link; likely just a widely-held stock
HON. GREG STANTON,UNH,pharma,,False,1,2023-09-26,2023-09-26,1001.0,0.20881598384423272,0.20881598384423272,2023-09-26,5380000.0,0.0,,,,0.015392224750222727,LOW — no committee link; likely just a widely-held stock
Robert J. Wittman,MRK,pharma,,False,1,2020-03-30,2020-03-30,1001.0,0.20880957328748764,0.20880957328748764,2020-03-30,5377000.0,0.0,,,,0.03560753736192335,LOW — no committee link; likely just a widely-held stock
John Curtis,MRK,pharma,,False,1,2020-03-27,2020-03-27,1001.0,0.20880957328748764,0.20880957328748764,2020-03-27,5377000.0,0.0,,,,0.10037641154328747,LOW — no committee link; likely just a widely-held stock
Julie Johnson,NEE,energy,,False,1,2025-01-15,2025-01-15,1001.0,0.208627524675389,0.208627524675389,2025-01-15,5292500.0,0.0,,,,0.07591283013421846,LOW — no committee link; likely just a widely-held stock
Ritchie John Torres,NEE,energy,,False,1,2024-09-26,2024-09-26,1001.0,0.20844695873216493,0.20844695873216493,2024-09-26,5210000.0,0.0,,,,-0.1273664030673376,LOW — no committee link; likely just a widely-held stock
Thomas R. Carper,ABBV,pharma,,False,3,2015-02-12,2020-11-20,3003.0,0.20820170470484267,0.20555313128749467,2015-02-12,5100000.0,0.0,,,,0.17528483786152504,LOW — no committee link; likely just a widely-held stock
Lisa Mcclain,XOM,energy,,False,3,2025-06-24,2025-10-30,3003.0,0.20813389884801212,0.2068800421212047,2025-06-24,5070000.0,0.0,,,,0.05879638176112234,LOW — no committee link; likely just a widely-held stock
Thomas R. Carper,NEE,energy,,False,1,2023-08-29,2023-08-29,1001.0,0.20809302248227093,0.20809302248227093,2023-08-29,5052000.0,0.0,,,,-0.1026514590431048,LOW — no committee link; likely just a widely-held stock
HON. GREG STANTON,NEE,energy,,False,1,2023-09-26,2023-09-26,1001.0,0.208070250413439,0.208070250413439,2023-09-26,5042000.0,0.0,,,,-0.12748699112335482,LOW — no committee link; likely just a widely-held stock
Robert J. Wittman,PFE,pharma,,False,1,2015-09-15,2015-09-15,1001.0,0.20795110279790957,0.20795110279790957,2015-09-15,4990000.0,0.0,,,,-0.0844136267711788,LOW — no committee link; likely just a widely-held stock
K. Michael Conaway,ABBV,pharma,,False,1,2015-06-08,2015-06-08,1001.0,0.20788179770741744,0.20788179770741744,2015-06-08,4960000.0,0.0,,,,-0.18749078035108435,LOW — no committee link; likely just a widely-held stock
Brian Mast,AMZN,fedtech,,False,1,2024-03-04,2024-03-04,350.78,0.20769351983375547,0.20769351983375547,2024-03-04,10240000.0,0.0,,,,0.12625295641401046,LOW — no committee link; likely just a widely-held stock
John A. Yarmuth,MRK,pharma,,False,2,2015-01-20,2017-11-09,2002.0,0.20768902523002714,0.2057489940238016,2015-01-20,4877500.0,0.0,,,,-0.034339562370228394,LOW — no committee link; likely just a widely-held stock
Robert P Corker Jr,OXY,energy,,False,2,2014-01-08,2014-03-03,2002.0,0.20759485571029068,0.20747885840965147,2014-03-03,4837699.0,0.0,,,,0.07027589796980749,LOW — no committee link; likely just a widely-held stock
Rob Bresnahan,XOM,energy,,False,1,2025-04-08,2025-04-08,1001.0,0.20757655040680634,0.20757655040680634,2025-04-08,4830000.0,0.0,,,,0.056961397241242606,LOW — no committee link; likely just a widely-held stock
Cindy Axne,JNJ,pharma,,False,3,2019-07-18,2020-02-13,3003.0,0.20751690803491507,0.20567862555293567,2019-07-18,4805000.0,0.0,,,,0.021730900280154453,LOW — no committee link; likely just a widely-held stock
Thomas J. Rooney,CVX,energy,,False,1,2016-06-01,2016-06-01,1001.0,0.20749631930075307,0.20749631930075307,2016-06-01,4796400.0,0.0,,,,0.001384356768515671,LOW — no committee link; likely just a widely-held stock
Thomas R. Carper,OXY,energy,,False,1,2024-05-09,2024-05-09,1001.0,0.20731177712274054,0.20731177712274054,2024-05-09,4720000.0,0.0,,,,-0.19006849315068486,LOW — no committee link; likely just a widely-held stock
David B. Mckinley,RTX,defense,,False,3,2020-04-13,2020-04-30,3003.0,0.207213963262458,0.2060067300058839,2020-04-24,4680000.0,0.0,,,,-0.02443638656787006,LOW — no committee link; likely just a widely-held stock
Sheldon Whitehouse,ORCL,fedtech,,False,3,2014-02-19,2014-12-18,3003.0,0.20696572339239075,0.20671664826391956,2014-12-18,4580000.0,0.0,,,,-0.051819184123484074,LOW — no committee link; likely just a widely-held stock
Robert P Corker Jr,ORCL,fedtech,,False,2,2014-03-19,2014-04-11,2002.0,0.2068901937067219,0.20681391122077647,2014-03-19,4550000.0,0.0,,,,0.035278858625162224,LOW — no committee link; likely just a widely-held stock
Donna Shalala,OXY,energy,,False,1,2019-05-20,2019-05-20,1001.0,0.20686606074867864,0.20686606074867864,2019-05-20,4540456.0,0.0,,,,-0.1554433221099888,LOW — no committee link; likely just a widely-held stock
Kathy Manning,NEE,energy,,False,1,2022-07-15,2022-07-15,1001.0,0.2068192486720467,0.2068192486720467,2022-07-15,4522000.0,0.0,,,,0.037479354592809155,LOW — no committee link; likely just a widely-held stock
Daniel Goldman,CEG,energy,,False,1,2023-03-01,2023-03-01,1001.0,0.20657003208240612,0.20657003208240612,2023-03-01,4425000.0,0.0,,,,0.22219233355749846,LOW — no committee link; likely just a widely-held stock
Pete Sessions,CVX,energy,,False,1,2015-08-26,2015-08-26,1001.0,0.20656353699375707,0.20656353699375707,2015-08-26,4422500.0,0.0,,,,0.25940621152004373,LOW — no committee link; likely just a widely-held stock
HON. GREG STANTON,CVX,energy,,False,1,2023-09-26,2023-09-26,1001.0,0.20597025814275707,0.20597025814275707,2023-09-26,4200000.0,0.0,,,,-0.1363528009535162,LOW — no committee link; likely just a widely-held stock
Lisa Mcclain,CEG,energy,,False,1,2025-10-30,2025-10-30,1001.0,0.20595656777911492,0.20595656777911492,2025-10-30,4195000.0,0.0,,,,-0.13752353064212508,LOW — no committee link; likely just a widely-held stock
Valerie Hoyle,CVS,pharma,,False,1,2024-10-29,2024-10-29,1001.0,0.20584645379760869,0.20584645379760869,2024-10-29,4155000.0,0.0,,,,0.1352888888888888,LOW — no committee link; likely just a widely-held stock
Ritchie John Torres,UNH,pharma,,False,1,2024-09-26,2024-09-26,1001.0,0.20572130128459687,0.20572130128459687,2024-09-26,4110000.0,0.0,,,,-0.07358953393295165,LOW — no committee link; likely just a widely-held stock
Rubén Hinojosa,CVX,energy,,False,1,2016-12-27,2016-12-27,1001.0,0.20569330356342616,0.20569330356342616,2016-12-27,4100000.0,0.0,,,,-0.1026899001860937,LOW — no committee link; likely just a widely-held stock
Robert P Corker Jr,ABBV,pharma,,False,2,2014-01-08,2014-03-03,2002.0,0.20560889883516187,0.20509217475937475,2014-01-08,4070000.0,0.0,,,,0.03554408260524222,LOW — no committee link; likely just a widely-held stock
Richard L. Hanna,JNJ,pharma,,False,1,2015-02-02,2015-02-02,1001.0,0.20560183704763896,0.20560183704763896,2015-02-02,4067500.0,0.0,,,,-0.008430030744817962,LOW — no committee link; likely just a widely-held stock
Kathy Manning,UNH,pharma,,False,2,2022-07-15,2022-08-05,2002.0,0.2055664628774332,0.20526834707419123,2022-07-15,4055000.0,0.0,,,,-0.03020292590844742,LOW — no committee link; likely just a widely-held stock
Robert J. Wittman,JNJ,pharma,,False,1,2015-09-15,2015-09-15,1001.0,0.20552386965209163,0.20552386965209163,2015-09-15,4040000.0,0.0,,,,0.02775423728813542,LOW — no committee link; likely just a widely-held stock
Rick Larsen,UNH,pharma,,False,1,2022-01-06,2022-01-06,1001.0,0.205294000813928,0.205294000813928,2022-01-06,3960000.0,0.0,,,,0.06381347812200588,LOW — no committee link; likely just a widely-held stock
Thomas J. Rooney,JNJ,pharma,,False,3,2016-06-01,2016-11-02,3003.0,0.20520660070647412,0.20436639574018944,2016-06-01,3930000.0,0.0,,,,0.03981202340840562,LOW — no committee link; likely just a widely-held stock
Zoe Lofgren,UNH,pharma,,False,3,2017-06-15,2021-09-02,3003.0,0.205029780931009,0.20268569116549873,2017-06-15,3870000.0,0.0,,,,0.06730236168089587,LOW — no committee link; likely just a widely-held stock
Carlos Curbelo,CVS,pharma,,False,1,2016-12-30,2016-12-30,1001.0,0.20500004466944496,0.20500004466944496,2016-12-30,3860000.0,0.0,,,,0.038651628437460284,LOW — no committee link; likely just a widely-held stock
Robert P Corker Jr,JNJ,pharma,,False,2,2014-01-08,2014-03-03,2002.0,0.20491037145509214,0.20344901272011823,2014-03-03,3830000.0,0.0,,,,0.15629095674967242,LOW — no committee link; likely just a widely-held stock
Maria Elvira Salazar,UNH,pharma,,False,1,2026-04-22,2026-04-22,1001.0,0.2048501982357117,0.2048501982357117,2026-04-22,3810000.0,0.0,,,,,LOW — no committee link; likely just a widely-held stock
Roger Williams,CVX,energy,,False,1,2015-10-31,2015-10-31,1001.0,0.2047441310222745,0.2047441310222745,2015-10-31,3775000.0,0.0,,,,-0.12131423757371518,LOW — no committee link; likely just a widely-held stock
Donald Sternoff Beyer Jr,NEE,energy,,False,12,2019-11-18,2021-06-08,12012.0,0.2043759999768118,0.2011302800912943,2021-06-08,3656000.0,0.0,,,,0.12531189354033834,LOW — no committee link; likely just a widely-held stock
Dean Phillips,UNH,pharma,,False,5,2019-05-13,2020-03-13,5005.0,0.20432559174466156,0.20317975213416117,2020-03-13,3640000.0,0.0,,,,0.10171298338479628,LOW — no committee link; likely just a widely-held stock
K. Michael Conaway,UNH,pharma,,False,3,2015-02-09,2017-12-08,3003.0,0.2041826216545577,0.20237789278922969,2017-03-24,3595000.0,0.0,,,,0.1569090909090909,LOW — no committee link; likely just a widely-held stock
Lamar Smith,UNH,pharma,,False,4,2017-03-16,2017-04-19,4004.0,0.2041826216545577,0.2040892069453123,2017-03-16,3595000.0,0.0,,,,0.14650062862958757,LOW — no committee link; likely just a widely-held stock
Katherine M. Clark,NEE,energy,,False,1,2014-03-13,2014-03-13,1001.0,0.20411850400736575,0.20411850400736575,2014-03-13,3575000.0,0.0,,,,0.055342290467050415,LOW — no committee link; likely just a widely-held stock
Mikie Sherrill,JNJ,pharma,,False,1,2019-11-18,2019-11-18,1001.0,0.20403785063475932,0.20403785063475932,2019-11-18,3550000.0,0.0,,,,0.01305347474597629,LOW — no committee link; likely just a widely-held stock
Zoe Lofgren,ABBV,pharma,,False,1,2021-08-09,2021-08-09,1001.0,0.2039729179286516,0.2039729179286516,2021-08-09,3530000.0,0.0,,,,0.0653165000876732,LOW — no committee link; likely just a widely-held stock
Katherine M. Clark,ABBV,pharma,,False,2,2014-10-27,2014-11-13,2002.0,0.2034398109634827,0.2034398109634827,2014-10-27,3370000.0,0.0,,,,-0.08848027659908853,LOW — no committee link; likely just a widely-held stock
Jared Moskowitz,XOM,energy,,False,1,2023-07-14,2023-07-14,1001.0,0.20340565623332058,0.20340565623332058,2023-07-14,3360000.0,0.0,,,,0.03863681394888063,LOW — no committee link; likely just a widely-held stock
Zoe Lofgren,JNJ,pharma,,False,1,2017-06-15,2017-06-15,1001.0,0.2033370407565263,0.2033370407565263,2017-06-15,3340000.0,0.0,,,,0.02548105832832248,LOW — no committee link; likely just a widely-held stock
John A. Yarmuth,NEE,energy,,False,1,2021-03-05,2021-03-05,1001.0,0.20296993088302537,0.20296993088302537,2021-03-05,3235000.0,0.0,,,,0.06265912305516252,LOW — no committee link; likely just a widely-held stock
HON. GREG STANTON,XOM,energy,,False,1,2023-09-26,2023-09-26,1001.0,0.2027728510129686,0.2027728510129686,2023-09-26,3180000.0,0.0,,,,-0.14440340176960742,LOW — no committee link; likely just a widely-held stock
Sheldon Whitehouse,LLY,pharma,Senate Committee on Finance,True,3,2023-09-20,2024-10-30,31003.0,0.2027200596066936,0.1953781150088816,2023-09-20,0.0,0.0,,,,0.06888041283374458,LOW — no committee link; likely just a widely-held stock
William R. Keating,UNH,pharma,,False,1,2021-03-17,2021-03-17,1001.0,0.20271851021181087,0.20271851021181087,2021-03-17,3165000.0,0.0,,,,0.19271395309216888,LOW — no committee link; likely just a widely-held stock
Robert P Corker Jr,HII,defense,,False,2,2014-01-08,2014-03-03,2002.0,0.20270389584369342,0.20148043458081993,2014-01-08,3160978.0,0.0,,,,0.11030303030303035,LOW — no committee link; likely just a widely-held stock
Donald Sternoff Beyer Jr,ACN,fedtech,,False,9,2019-11-19,2022-02-02,9009.0,0.20259070682014127,0.04979383481402249,2022-02-02,3130000.0,0.0,,,,-0.1470220046179097,LOW — no committee link; likely just a widely-held stock
Carlos Curbelo,HII,defense,,False,1,2018-08-28,2018-08-28,1001.0,0.20247723749296664,0.20247723749296664,2018-08-28,3099250.0,0.0,,,,-0.2601658748691521,LOW — no committee link; likely just a widely-held stock
Cindy Axne,UNH,pharma,,False,1,2019-10-04,2019-10-04,1001.0,0.2023307558174433,0.2023307558174433,2019-10-04,3060000.0,0.0,,,,0.24667879890809807,LOW — no committee link; likely just a widely-held stock
Dean Heller,UNH,pharma,,False,2,2018-10-04,2018-10-26,2002.0,0.20202628614855545,0.20183013984214637,2018-10-26,2980000.0,0.0,,,,0.02486637229839661,LOW — no committee link; likely just a widely-held stock
Katherine M. Clark,JNJ,pharma,,False,1,2014-01-10,2014-01-10,1001.0,0.2019876539851443,0.2019876539851443,2014-01-10,2970000.0,0.0,,,,0.06100907747519524,LOW — no committee link; likely just a widely-held stock
Carlos Curbelo,UNH,pharma,,False,1,2018-08-28,2018-08-28,1001.0,0.2016339935357373,0.2016339935357373,2018-08-28,2880000.0,0.0,,,,-0.09370228296897698,LOW — no committee link; likely just a widely-held stock
Alan S. Lowenthal,NEE,energy,,False,2,2020-03-20,2020-03-24,1821.31,0.20158400190555825,0.2007747640512489,2020-03-24,2867500.0,0.0,,,,0.35776884714085133,LOW — no committee link; likely just a widely-held stock
Kurt Schrader,UNH,pharma,,False,1,2021-06-08,2021-06-08,1001.0,0.2015136462827436,0.2015136462827436,2021-06-08,2850000.0,0.0,,,,-0.018643899039179623,LOW — no committee link; likely just a widely-held stock
Gilbert Cisneros,ABBV,pharma,,False,1,2020-12-22,2020-12-22,1001.0,0.2013920254906504,0.2013920254906504,2020-12-22,2820000.0,0.0,,,,0.0778210116731517,LOW — no committee link; likely just a widely-held stock
Richard L. Hanna,AMZN,fedtech,,False,2,2014-02-28,2014-04-17,2002.0,0.20032511364086256,0.19985955321114998,2014-02-28,2570000.0,0.0,,,,-0.10306545153272573,LOW — no committee link; likely just a widely-held stock
Rubén Hinojosa,AMZN,fedtech,,False,1,2014-01-24,2014-01-24,1001.0,0.20032511364086256,0.20032511364086256,2014-01-24,2570000.0,0.0,,,,-0.19809081527347772,LOW — no committee link; likely just a widely-held stock
Robert P Corker Jr,UNH,pharma,,False,1,2014-01-08,2014-01-08,1001.0,0.20019016425686317,0.20019016425686317,2014-01-08,2540000.0,0.0,,,,0.01679449880983852,LOW — no committee link; likely just a widely-held stock
Joe Courtney,NEE,energy,,False,1,2019-12-31,2019-12-31,1001.0,0.20014482669462724,0.20014482669462724,2019-12-31,2530000.0,0.0,,,,-0.02903039312851008,LOW — no committee link; likely just a widely-held stock
Katherine M. Clark,UNH,pharma,,False,1,2016-10-11,2016-10-11,1001.0,0.20014482669462724,0.20014482669462724,2016-10-11,2530000.0,0.0,,,,0.18968460111317254,LOW — no committee link; likely just a widely-held stock
Angus King,UNH,pharma,,False,1,2014-04-28,2014-04-28,1001.0,0.19986898008406484,0.19986898008406484,2014-04-28,2470000.0,0.0,,,,0.12384473197781909,LOW — no committee link; likely just a widely-held stock
John A. Yarmuth,UNH,pharma,,False,2,2015-01-12,2015-01-13,2002.0,0.19919836155995235,0.19919836155995235,2015-01-12,2330000.0,0.0,,,,0.1240904239837004,LOW — no committee link; likely just a widely-held stock
Thomas J. Rooney,NEE,energy,,False,3,2016-06-01,2016-11-02,3003.0,0.1990992828713291,0.19689153257547795,2016-06-01,2310000.0,0.0,,,,0.02954640033291711,LOW — no committee link; likely just a widely-held stock
Robert J. Wittman,UNH,pharma,,False,1,2015-09-15,2015-09-15,1001.0,0.19894904469735933,0.19894904469735933,2015-09-15,2280000.0,0.0,,,,-0.08997750562359408,LOW — no committee link; likely just a widely-held stock
David J. Taylor,CVX,energy,,False,1,2026-06-15,2026-06-15,1001.0,0.19848617449856842,0.19848617449856842,2026-06-15,2190000.0,0.0,,,,,LOW — no committee link; likely just a widely-held stock
Raúl M. Grijalva,TXT,defense,,False,1,2016-04-06,2016-04-06,1001.0,0.19848617449856842,0.19848617449856842,2016-04-06,2190000.0,0.0,,,,0.04497426171769181,LOW — no committee link; likely just a widely-held stock
Suzan K. Delbene,FSLR,energy,,False,1,2014-05-12,2014-05-12,15001.0,0.19804213312468985,0.19804213312468985,2014-05-12,310000.0,0.0,,,,0.11068463105122972,LOW — no committee link; likely just a widely-held stock
Dwight Evans,NEE,energy,,False,1,2018-08-17,2018-08-17,1001.0,0.19732762043287846,0.19732762043287846,2018-08-17,1980000.0,0.0,,,,0.002740195238910781,LOW — no committee link; likely just a widely-held stock
Thomas Suozzi,NEE,energy,,False,1,2019-01-07,2019-01-07,1001.0,0.19691394395113274,0.19691394395113274,2019-01-07,1910000.0,0.0,,,,0.10140469003947072,LOW — no committee link; likely just a widely-held stock
Zoe Lofgren,ACN,fedtech,,False,2,2021-08-09,2021-09-02,2002.0,0.19398251212700854,0.19398251212700854,2021-08-09,1480000.0,0.0,,,,0.21568914956011742,LOW — no committee link; likely just a widely-held stock
Ro Khanna,FSLR,energy,,False,7,2020-07-28,2025-04-23,7007.0,0.1934744491312395,0.18607716847556466,2025-04-23,1416000.0,0.0,,,,0.46453089244851276,LOW — no committee link; likely just a widely-held stock
Gilbert Cisneros,FSLR,energy,,False,1,2026-01-09,2026-01-09,1001.0,0.18760891391874512,0.18760891391874512,2026-01-09,850000.0,0.0,,,,-0.02258442973267405,LOW — no committee link; likely just a widely-held stock
Josh Gottheimer,FSLR,energy,,False,6,2023-04-06,2023-10-16,6006.0,0.18537746977116465,0.1838191394225165,2023-04-24,700000.0,0.0,,,,-0.22581898226077946,LOW — no committee link; likely just a widely-held stock
Diana Harshbarger,BAH,fedtech,,False,1,2021-12-20,2021-12-20,1001.0,0.18434755324540195,0.18434755324540195,2021-12-20,640000.0,0.0,,,,0.07624091636901098,LOW — no committee link; likely just a widely-held stock
Dan Newhouse,LLY,pharma,House Committee on Appropriations,True,1,2022-03-08,2022-03-08,1001.0,0.18069422581325764,0.18069422581325764,2022-03-08,0.0,0.0,,,,0.27014965567652816,LOW — no committee link; likely just a widely-held stock
Pete Sessions,IBM,fedtech,House Committee on Oversight and Government Reform,True,1,2013-04-22,2013-04-22,1001.0,0.18069422581325764,0.18069422581325764,2013-04-22,0.0,0.0,,,,-0.017409386210821554,LOW — no committee link; likely just a widely-held stock
Lois Frankel,BAH,fedtech,House Committee on Appropriations,True,4,2018-03-14,2019-01-14,4004.0,0.18069422581325764,0.18069422581325764,2018-03-14,0.0,0.0,,,,0.2954741379310346,LOW — no committee link; likely just a widely-held stock
Pete Sessions,ACN,fedtech,House Committee on Oversight and Government Reform,True,1,2018-08-01,2018-08-01,1001.0,0.18069422581325764,0.18069422581325764,2018-08-01,0.0,0.0,,,,0.008515434224531937,LOW — no committee link; likely just a widely-held stock
Greg Landsman,LLY,pharma,House Committee on Energy and Commerce,True,2,2023-01-18,2023-05-11,2002.0,0.18069422581325764,0.18069422581325764,2023-01-18,0.0,0.0,,,,0.24397034175165477,LOW — no committee link; likely just a widely-held stock
Carlos Curbelo,FSLR,energy,,False,12,2016-04-29,2018-06-06,12012.0,0.17990983608576347,0.17160681359839824,2016-04-29,435000.0,0.0,,,,-0.3268266475644699,LOW — no committee link; likely just a widely-held stock
Robert P Corker Jr,CVS,pharma,,False,2,2014-01-08,2014-03-03,2002.0,0.17524981380901736,0.1746222989977168,2014-01-08,290000.0,0.0,,,,0.08728679948401896,LOW — no committee link; likely just a widely-held stock
Katherine M. Clark,FSLR,energy,,False,2,2020-11-05,2021-06-04,2002.0,0.1746811384703864,0.1688471207157362,2021-06-04,276000.0,0.0,,,,0.2527689873417722,LOW — no committee link; likely just a widely-held stock
Marie Newman,MRNA,pharma,,False,2,2021-01-14,2021-01-22,2002.0,0.17399478418641623,0.17248710648298082,2021-01-22,260000.0,0.0,,,,0.2530148068997098,LOW — no committee link; likely just a widely-held stock
Alan S. Lowenthal,KTOS,defense,,False,8,2020-09-03,2020-09-17,3393.87,0.16976852026190986,0.1557111362909983,2020-09-04,180000.0,0.0,,,,0.3725034835113794,LOW — no committee link; likely just a widely-held stock
Peter Welch,FSLR,energy,,False,1,2018-12-18,2018-12-18,1001.0,0.15714222919071547,0.15714222919071547,2018-12-18,60000.0,0.0,,,,0.40319222761970863,LOW — no committee link; likely just a widely-held stock
Bob Gibbs,KTOS,defense,,False,1,2015-11-09,2015-11-09,1001.0,0.1445161935095405,0.1445161935095405,2015-11-09,20000.0,0.0,,,,-0.26190476190476186,LOW — no committee link; likely just a widely-held stock
Thomas Macarthur,ACN,fedtech,,False,11,2015-11-20,2018-11-15,110011.0,0.06815992987802705,0.03410019891005486,2016-02-09,0.0,0.0,,,,0.2786112301757395,LOW — no committee link; likely just a widely-held stock
Greg Gianforte,IBM,fedtech,,False,2,2018-03-26,2018-12-21,101002.0,0.06815992987802705,0.04942707784564235,2018-12-21,0.0,0.0,,,,0.25193756057823236,LOW — no committee link; likely just a widely-held stock
Richard W. Allen,ACN,fedtech,,False,3,2019-08-28,2021-05-13,80003.0,0.06251851913185355,0.05598621278174692,2021-05-13,0.0,0.0,,,,0.19837375578298055,LOW — no committee link; likely just a widely-held stock
David B. Mckinley,ACN,fedtech,,False,4,2017-09-14,2020-04-30,32004.0,0.0527200596066936,0.04170714270997562,2017-09-14,0.0,0.0,,,,-0.15324724648689692,LOW — no committee link; likely just a widely-held stock
David Perdue,BAH,fedtech,,False,1,2019-12-31,2019-12-31,15001.0,0.0527200596066936,0.0527200596066936,2019-12-31,0.0,0.0,,,,0.052720371151412815,LOW — no committee link; likely just a widely-held stock
Bill Flores,LLY,pharma,,False,10,2013-12-30,2016-03-28,24010.0,0.0527200596066936,0.03289680919260124,2014-06-10,0.0,0.0,,,,0.09188284518828449,LOW — no committee link; likely just a widely-held stock
Bill Flores,IBM,fedtech,,False,8,2013-12-30,2019-10-02,50008.0,0.0527200596066936,0.038953913485796125,2013-12-30,0.0,0.0,,,,0.09245258814523893,LOW — no committee link; likely just a widely-held stock
Alan S. Lowenthal,IBM,fedtech,,False,1,2015-02-24,2015-02-24,15001.0,0.0527200596066936,0.0527200596066936,2015-02-24,0.0,0.0,,,,0.01298313949688179,LOW — no committee link; likely just a widely-held stock
Sheldon Whitehouse,IBM,fedtech,,False,6,2016-06-07,2018-05-24,20006.0,0.0527200596066936,0.03436519811216363,2016-06-07,0.0,0.0,,,,0.024457148314652732,LOW — no committee link; likely just a widely-held stock
Thomas J. Rooney,ACN,fedtech,,False,3,2015-11-12,2017-06-14,17003.0,0.0527200596066936,0.03803617041106963,2017-06-14,0.0,0.0,,,,0.0939096267190569,LOW — no committee link; likely just a widely-held stock
Daniel Goldman,LLY,pharma,,False,2,2023-01-31,2023-03-07,16002.0,0.0527200596066936,0.04170714270997562,2023-01-31,0.0,0.0,,,,0.2478860961789917,LOW — no committee link; likely just a widely-held stock
Thad Cochran,LLY,pharma,,False,1,2016-06-02,2016-06-02,15001.0,0.0527200596066936,0.0527200596066936,2016-06-02,0.0,0.0,,,,0.06360985952822706,LOW — no committee link; likely just a widely-held stock
Carlos Curbelo,ACN,fedtech,,False,2,2016-12-30,2018-08-28,2002.0,0.030694225813257644,0.030694225813257644,2016-12-30,0.0,0.0,,,,-0.170930995407646,LOW — no committee link; likely just a widely-held stock
Lamar Smith,BAH,fedtech,,False,3,2016-06-01,2018-10-31,3003.0,0.030694225813257644,0.030694225813257644,2016-06-01,0.0,0.0,,,,0.06701655228098513,LOW — no committee link; likely just a widely-held stock
Kenneth R. Buck,IBM,fedtech,,False,1,2017-10-27,2017-10-27,1001.0,0.030694225813257644,0.030694225813257644,2017-10-27,0.0,0.0,,,,0.031884351926469545,LOW — no committee link; likely just a widely-held stock
Roger Williams,LLY,pharma,,False,1,2022-06-30,2022-06-30,1001.0,0.030694225813257644,0.030694225813257644,2022-06-30,0.0,0.0,,,,0.11001449588255241,LOW — no committee link; likely just a widely-held stock
Marie Newman,IBM,fedtech,,False,3,2021-01-21,2021-02-22,3003.0,0.030694225813257644,0.030694225813257644,2021-01-21,0.0,0.0,,,,0.09943079793167664,LOW — no committee link; likely just a widely-held stock
Kelly Loeffler,LLY,pharma,,False,1,2020-04-07,2020-04-07,1001.0,0.030694225813257644,0.030694225813257644,2020-04-07,0.0,0.0,,,,0.08782069354383992,LOW — no committee link; likely just a widely-held stock
Kathy Manning,LLY,pharma,,False,1,2022-07-15,2022-07-15,1001.0,0.030694225813257644,0.030694225813257644,2022-07-15,0.0,0.0,,,,0.07376357056694816,LOW — no committee link; likely just a widely-held stock
Dean Phillips,IBM,fedtech,,False,3,2019-01-04,2019-11-22,3003.0,0.030694225813257644,0.030694225813257644,2019-01-04,0.0,0.0,,,,-0.29455097284868814,LOW — no committee link; likely just a widely-held stock
Raúl M. Grijalva,IBM,fedtech,,False,1,2016-05-20,2016-05-20,1001.0,0.030694225813257644,0.030694225813257644,2016-05-20,0.0,0.0,,,,0.051748755455537365,LOW — no committee link; likely just a widely-held stock
Raúl M. Grijalva,LLY,pharma,,False,1,2015-05-13,2015-05-13,1001.0,0.030694225813257644,0.030694225813257644,2015-05-13,0.0,0.0,,,,0.11043956043956049,LOW — no committee link; likely just a widely-held stock
Debbie Dingell,IBM,fedtech,,False,1,2017-08-14,2017-08-14,1001.0,0.030694225813257644,0.030694225813257644,2017-08-14,0.0,0.0,,,,0.1013205822085943,LOW — no committee link; likely just a widely-held stock
Thomas Suozzi,IBM,fedtech,,False,1,2017-08-17,2017-08-17,1001.0,0.030694225813257644,0.030694225813257644,2017-08-17,0.0,0.0,,,,0.08386661750143465,LOW — no committee link; likely just a widely-held stock
Jared Moskowitz,LLY,pharma,,False,2,2023-09-01,2023-12-28,2002.0,0.030694225813257644,0.030694225813257644,2023-09-01,0.0,0.0,,,,0.26282172677971927,LOW — no committee link; likely just a widely-held stock
HON. GREG STANTON,LLY,pharma,,False,1,2023-09-26,2023-09-26,1001.0,0.030694225813257644,0.030694225813257644,2023-09-26,0.0,0.0,,,,0.15216086980236732,LOW — no committee link; likely just a widely-held stock
Valerie Hoyle,LLY,pharma,,False,1,2024-10-29,2024-10-29,1001.0,0.030694225813257644,0.030694225813257644,2024-10-29,0.0,0.0,,,,0.01264968237455455,LOW — no committee link; likely just a widely-held stock
Bill Cassidy,IBM,fedtech,,False,2,2017-11-17,2018-04-23,2002.0,0.030694225813257644,0.030694225813257644,2017-11-17,0.0,0.0,,,,0.0007544166000337249,LOW — no committee link; likely just a widely-held stock
Katherine M. Clark,LLY,pharma,,False,3,2014-08-25,2014-09-17,3003.0,0.030694225813257644,0.030694225813257644,2014-08-25,0.0,0.0,,,,0.058109543316643864,LOW — no committee link; likely just a widely-held stock
K. Michael Conaway,IBM,fedtech,,False,2,2015-11-13,2017-04-19,2002.0,0.030694225813257644,0.030694225813257644,2015-11-13,0.0,0.0,,,,-0.12981621730723314,LOW — no committee link; likely just a widely-held stock
K. Michael Conaway,LLY,pharma,,False,1,2016-01-22,2016-01-22,1001.0,0.030694225813257644,0.030694225813257644,2016-01-22,0.0,0.0,,,,-0.10184287099903011,LOW — no committee link; likely just a widely-held stock
Tammy Duckworth,ABBV,pharma,,False,1,2013-01-02,2013-01-02,1001.0,0.030694225813257644,0.030694225813257644,2013-01-02,0.0,0.0,,,,0.2525626423690206,LOW — no committee link; likely just a widely-held stock
John Curtis,LLY,pharma,,False,1,2023-09-13,2023-09-13,1001.0,0.030694225813257644,0.030694225813257644,2023-09-13,0.0,0.0,,,,0.06151482767833305,LOW — no committee link; likely just a widely-held stock
Ed Whitfield,LLY,pharma,,False,2,2016-01-28,2016-02-04,2002.0,0.030694225813257644,0.030694225813257644,2016-01-28,0.0,0.0,,,,-0.02369483140216122,LOW — no committee link; likely just a widely-held stock
Frank A. Lobiondo,ACN,fedtech,,False,1,2017-11-02,2017-11-02,1001.0,0.030694225813257644,0.030694225813257644,2017-11-02,0.0,0.0,,,,0.0980966325036603,LOW — no committee link; likely just a widely-held stock
Bob Gibbs,IBM,fedtech,,False,1,2021-02-08,2021-02-08,1001.0,0.030694225813257644,0.030694225813257644,2021-02-08,0.0,0.0,,,,0.20597001032375983,LOW — no committee link; likely just a widely-held stock
Rubén Hinojosa,LLY,pharma,,False,1,2015-12-23,2015-12-23,1001.0,0.030694225813257644,0.030694225813257644,2015-12-23,0.0,0.0,,,,-0.10243619489559164,LOW — no committee link; likely just a widely-held stock
Earl Blumenauer,ACN,fedtech,,False,1,2020-03-26,2020-03-26,1001.0,0.030694225813257644,0.030694225813257644,2020-03-26,0.0,0.0,,,,0.2924010738881755,LOW — no committee link; likely just a widely-held stock
Brenda Lulenar Lawrence,IBM,fedtech,,False,1,2018-02-27,2018-02-27,1001.0,0.030694225813257644,0.030694225813257644,2018-02-27,0.0,0.0,,,,-0.12181439397482652,LOW — no committee link; likely just a widely-held stock
K. Michael Conaway,ACN,fedtech,,False,4,2015-02-09,2018-02-26,4004.0,0.030694225813257644,0.030694225813257644,2015-02-09,0.0,0.0,,,,-0.02835550558990707,LOW — no committee link; likely just a widely-held stock
John A. Yarmuth,ACN,fedtech,,False,1,2016-07-31,2016-07-31,1001.0,0.030694225813257644,0.030694225813257644,2016-07-31,0.0,0.0,,,,0.06980864635010642,LOW — no committee link; likely just a widely-held stock
Thomas J. Rooney,IBM,fedtech,,False,1,2016-06-01,2016-06-01,1001.0,0.030694225813257644,0.030694225813257644,2016-06-01,0.0,0.0,,,,0.03671869802493921,LOW — no committee link; likely just a widely-held stock
Bill Flores,ACN,fedtech,,False,3,2013-12-30,2016-02-17,3003.0,0.030694225813257644,0.030694225813257644,2013-12-30,0.0,0.0,,,,0.16549203863221074,LOW — no committee link; likely just a widely-held stock
Zoe Lofgren,LLY,pharma,,False,1,2017-06-15,2017-06-15,1001.0,0.030694225813257644,0.030694225813257644,2017-06-15,0.0,0.0,,,,0.054844606946983454,LOW — no committee link; likely just a widely-held stock
Mikie Sherrill,IBM,fedtech,,False,1,2020-02-04,2020-02-04,1001.0,0.030694225813257644,0.030694225813257644,2020-02-04,0.0,0.0,,,,-0.1345313940257843,LOW — no committee link; likely just a widely-held stock
Michael G. Fitzpatrick,LLY,pharma,,False,1,2014-08-07,2014-08-07,1001.0,0.030694225813257644,0.030694225813257644,2014-08-07,0.0,0.0,,,,0.19055509527754744,LOW — no committee link; likely just a widely-held stock
Alan S. Lowenthal,LLY,pharma,,False,1,2019-02-28,2019-02-28,1001.0,0.030694225813257644,0.030694225813257644,2019-02-28,0.0,0.0,,,,-0.12273339140074435,LOW — no committee link; likely just a widely-held stock
