Representative,BioGuideID,Ticker,Sector,BuyDate,ReportDate,TradeUSD,Committees,CommitteeMatch,LobbyUSD_±90d,LobbyFilings_±90d,ContractUSD_180d,ContractCount_180d,DaysToLargestAward,LargestAwardUSD,LargestAwardAgency,StockMove_120d,Score
C. Scott Franklin,F000472,LMT,defense,2022-09-12,2022-10-11,50001.0,House Committee on Appropriations,True,11242940.0,39,82444068.53,26,1.0,52375548.61,DEPARTMENT OF DEFENSE (DOD),0.10426619529906378,0.8943835353853749
Ro Khanna,K000389,LMT,defense,2019-01-18,2019-02-12,1001.0,House Committee on Armed Services,True,17423563.0,40,2505528032.5,1754,6.0,528044959.0,DEPARTMENT OF DEFENSE (DOD),0.20907130483967906,0.8887575947632135
Gilbert Cisneros,C001123,PLTR,defense,2026-04-14,2026-05-08,15001.0,House Committee on Armed Services,True,5455000.0,28,269617217.84999996,7,3.0,94687811.42,Department of Agriculture,,0.8826620335590964
William R. Keating,K000375,NOC,defense,2021-03-17,2021-04-27,1001.0,House Committee on Armed Services,True,7855000.0,19,1638932882.9,1291,7.0,291930500.0,DEPARTMENT OF DEFENSE (DOD),0.17242489615867607,0.8718759237987641
Ro Khanna,K000389,NOC,defense,2019-06-03,2019-07-11,1001.0,House Committee on Armed Services,True,9255000.0,21,308527949.59,108,4.0,194747348.02,DEPARTMENT OF DEFENSE (DOD),0.19824721443930415,0.8649743078222343
Ro Khanna,K000389,MSFT,fedtech,2023-09-06,2023-10-06,15001.0,House Committee on Armed Services; House Committee on Oversight and Government Reform,True,8855000.0,42,30994933.31,20,5.0,16036780.0,Department of State,0.1053232396058641,0.8582853542657363
Lois Frankel,F000462,GD,defense,2022-07-20,2022-08-31,1001.0,House Committee on Appropriations,True,4137500.0,27,1002742861.9300001,350,8.0,562520000.0,DEPARTMENT OF DEFENSE (DOD),0.13750461424880034,0.8560886654674397
Ro Khanna,K000389,LMT,defense,2018-04-03,2018-05-10,1001.0,House Committee on Armed Services,True,11891070.0,45,425615501.73999995,28454,9.0,25271065.92,DEPARTMENT OF DEFENSE (DOD),-0.029219324191090745,0.855852476801797
Josh Gottheimer,G000583,MSFT,fedtech,2021-10-28,2021-11-15,15001.0,House Permanent Select Committee on Intelligence,True,7380000.0,56,4670455.59,6,1.0,2374491.9,DEPARTMENT OF DEFENSE (DOD),-0.0833667334669339,0.848469277535163
Ro Khanna,K000389,BA,defense,2019-06-03,2019-07-11,1001.0,House Committee on Armed Services,True,9280000.0,48,350741886.53,283,10.0,295282161.43,DEPARTMENT OF DEFENSE (DOD),0.10637670040426106,0.8478956192110371
Ro Khanna,K000389,MSFT,fedtech,2022-06-17,2022-07-07,15001.0,House Committee on Armed Services; House Committee on Oversight and Government Reform,True,6980000.0,50,20201168.130000003,38,6.0,4799642.8,DEPARTMENT OF DEFENSE (DOD),-0.04086412275388651,0.8477511267565881
Ro Khanna,K000389,MSFT,fedtech,2019-04-23,2019-05-10,1001.0,House Committee on Armed Services; House Committee on Oversight and Government Reform,True,7450000.0,58,30571100.62,12,1.0,14541770.59,DEPARTMENT OF DEFENSE (DOD),0.10642538265306123,0.8470211539738167
Ro Khanna,K000389,MSFT,fedtech,2023-09-08,2023-10-06,1001.0,House Committee on Armed Services; House Committee on Oversight and Government Reform,True,8855000.0,42,30694933.31,19,3.0,16036780.0,Department of State,0.12092021419810339,0.8425305451089954
Ro Khanna,K000389,GD,defense,2018-11-13,2018-12-10,1001.0,House Committee on Armed Services,True,7724692.0,41,718234865.87,1725,14.0,77288868.03,DEPARTMENT OF DEFENSE (DOD),-0.04642381163927156,0.8419262337887563
John Boozman,B001236,MSFT,fedtech,2024-06-20,2024-07-11,1001.0,Senate Committee on Appropriations,True,6669000.0,46,21409322.119999997,15,1.0,8431014.74,Department of Justice,-0.06179044200134609,0.8418673100107704
Ro Khanna,K000389,LMT,defense,2019-06-03,2019-07-11,1001.0,House Committee on Armed Services,True,8028397.0,43,162921240.54,93,10.0,36657519.0,DEPARTMENT OF DEFENSE (DOD),0.11498389296804712,0.8378765557539585
Michael Patrick Guest,G000591,ORCL,fedtech,2023-08-07,2023-08-23,1001.0,House Committee on Appropriations,True,8325000.0,45,27614074.15,5,4.0,24638342.53,Department of Veterans Affairs,-0.01352282515073211,0.8374626243107062
Ro Khanna,K000389,ORCL,fedtech,2025-01-17,2025-02-06,1001.0,House Committee on Armed Services; House Committee on Oversight and Government Reform,True,7445000.0,44,39800830.21000001,5,5.0,37194885.42,Department of Veterans Affairs,-0.008631931938148263,0.8369905766060527
Ro Khanna,K000389,MSFT,fedtech,2023-09-05,2023-09-06,1001.0,House Committee on Armed Services; House Committee on Oversight and Government Reform,True,8855000.0,42,33977953.31,21,6.0,16036780.0,Department of State,0.11107779943037022,0.8341248819776146
Ro Khanna,K000389,BA,defense,2019-05-28,2019-06-11,1001.0,House Committee on Armed Services,True,9280000.0,48,428417295.40999997,491,16.0,295282161.43,DEPARTMENT OF DEFENSE (DOD),0.0882551848512172,0.832761835390206
Josh Gottheimer,G000583,MSFT,fedtech,2023-08-15,2023-09-16,1000001.0,House Permanent Select Committee on Intelligence,True,8870000.0,42,35860681.31,24,27.0,16036780.0,Department of State,0.1631454669732182,0.8325317184096966
Ro Khanna,K000389,MSFT,fedtech,2019-04-29,2019-05-10,50001.0,House Committee on Armed Services; House Committee on Oversight and Government Reform,True,7490000.0,58,16029330.03,11,14.0,9418344.09,DEPARTMENT OF DEFENSE (DOD),0.04600446944594272,0.831969639450178
Kevin Hern,H001082,JNJ,pharma,2021-12-07,2022-01-11,1001.0,House Committee on Ways and Means,True,4120000.0,30,17834632.880000003,2109,2.0,290000.0,DEPARTMENT OF DEFENSE (DOD),0.11551175318315354,0.8310634894340807
Ro Khanna,K000389,MSFT,fedtech,2023-03-14,2023-04-07,15001.0,House Committee on Armed Services; House Committee on Oversight and Government Reform,True,13942000.0,46,18597512.95,29,16.0,3243967.0,Department of Homeland Security,0.29299436328080053,0.8252879740586149
C. Scott Franklin,F000472,GD,defense,2024-08-07,2025-07-03,1001.0,House Committee on Appropriations,True,7805000.0,42,705150148.65,114,20.0,99350257.88,Department of Commerce,-0.041856739910157925,0.825284154644338
Josh Gottheimer,G000583,MSFT,fedtech,2018-04-30,2018-10-02,1001.0,House Permanent Select Committee on Intelligence,True,7112500.0,49,56546260.339999996,59,10.0,7023833.83,DEPARTMENT OF DEFENSE (DOD),0.17899914456800703,0.8249553818631089
Josh Gottheimer,G000583,MSFT,fedtech,2019-04-16,2019-05-20,1001.0,House Permanent Select Committee on Intelligence,True,6995000.0,52,30571100.62,12,8.0,14541770.59,DEPARTMENT OF DEFENSE (DOD),0.1093814689078414,0.8240959312693071
Gilbert Cisneros,C001123,LMT,defense,2025-08-05,2025-09-12,1001.0,House Committee on Armed Services,True,12991240.0,34,410415698.8399999,364,21.0,92505324.0,Department of Defense,0.043340183074911165,0.8225889146794282
Richard Dean Mccormick,M001218,LHX,defense,2023-03-15,2025-09-17,1001.0,House Committee on Armed Services,True,1440000.0,8,139745352.47,27,8.0,56000000.0,Department of Commerce,-0.011554935750572759,0.8224881684985413
Ro Khanna,K000389,NOC,defense,2018-11-13,2018-12-10,15001.0,House Committee on Armed Services,True,6332000.0,24,763633679.78,1577,30.0,83930719.0,DEPARTMENT OF DEFENSE (DOD),0.02017248940213423,0.8205124786172044
Ro Khanna,K000389,GD,defense,2018-11-05,2018-12-10,1001.0,House Committee on Armed Services,True,7724692.0,41,729836802.43,1700,22.0,77288868.03,DEPARTMENT OF DEFENSE (DOD),-0.05585210990616396,0.8202608077172586
Ro Khanna,K000389,BA,defense,2018-03-06,2018-04-13,1001.0,House Committee on Armed Services,True,9570000.0,42,933590085.73,6148,24.0,235981481.0,DEPARTMENT OF DEFENSE (DOD),-0.04511062707784019,0.820241893625935
Tommy Tuberville,T000278,PFE,pharma,2023-06-12,2023-07-14,1001.0,"Senate Committee on Health, Education, Labor, and Pensions",True,13815000.0,45,1328716.8400000003,7,1.0,586224.0,Department of Health and Human Services,-0.16867167919799486,0.8199540995978405
Gary Palmer,P000609,MSFT,fedtech,2018-08-06,2018-09-29,1001.0,House Committee on Oversight and Government Reform,True,6845000.0,46,26819992.61,29,9.0,6229600.96,DEPARTMENT OF DEFENSE (DOD),0.003606769629150186,0.8193876343932014
Josh Gottheimer,G000583,MSFT,fedtech,2019-05-06,2019-06-15,1001.0,House Permanent Select Committee on Intelligence,True,7490000.0,58,13129387.03,8,7.0,9418344.09,DEPARTMENT OF DEFENSE (DOD),0.06156847444401081,0.8187402355755703
Ro Khanna,K000389,BA,defense,2018-03-05,2018-03-09,1001.0,House Committee on Armed Services,True,9570000.0,42,939774517.0699999,6181,25.0,235981481.0,DEPARTMENT OF DEFENSE (DOD),-0.056187101346562685,0.817774863934306
Josh Gottheimer,G000583,MSFT,fedtech,2024-11-19,2024-12-05,1000001.0,House Permanent Select Committee on Intelligence,True,6770000.0,43,14403117.23,6,29.0,7888724.2,Department of Justice,-0.07173460350894001,0.8146040389892685
Ro Khanna,K000389,LMT,defense,2019-03-26,2019-04-11,1001.0,House Committee on Armed Services,True,7973563.0,41,1203320831.51,766,27.0,173499139.72,DEPARTMENT OF DEFENSE (DOD),0.25084768750847664,0.8133764972192165
Ro Khanna,K000389,MSFT,fedtech,2025-05-28,2025-06-10,15001.0,House Committee on Armed Services; House Committee on Oversight and Government Reform,True,6687500.0,47,43205994.84,23,21.0,14312199.47,Department of State,0.1086015392688473,0.8124565786652992
C. Scott Franklin,F000472,GD,defense,2024-08-02,2024-08-20,1001.0,House Committee on Appropriations,True,7805000.0,42,702073659.3199999,107,25.0,99350257.88,Department of Commerce,-0.05455042922124553,0.8122548353472
Ro Khanna,K000389,MSFT,fedtech,2020-09-21,2020-10-21,1001.0,House Committee on Armed Services; House Committee on Oversight and Government Reform,True,6905000.0,58,9929438.74,9,8.0,3912274.53,DEPARTMENT OF STATE (DOS),0.06862841907771311,0.8116952913345948
Josh Gottheimer,G000583,ORCL,fedtech,2021-07-23,2021-08-09,1001.0,House Permanent Select Committee on Intelligence,True,9540000.0,42,12022500.0,2,10.0,12000000.0,DEPARTMENT OF DEFENSE (DOD),0.07891435739537012,0.8114619440002865
Ro Khanna,K000389,LMT,defense,2018-12-17,2019-01-11,1001.0,House Committee on Armed Services,True,24299391.0,43,2831183299.96,2289,38.0,528044959.0,DEPARTMENT OF DEFENSE (DOD),0.11041077248146691,0.8099362099167012
Angus King,K000383,MSFT,fedtech,2025-07-21,2025-08-18,1001.0,Senate Select Committee on Intelligence; Senate Committee on Armed Services,True,3847500.0,33,18257598.419999998,20,9.0,3949570.2,Department of Defense,-0.03189820805395438,0.808576753351208
Ro Khanna,K000389,MSFT,fedtech,2019-06-10,2019-07-11,1001.0,House Committee on Armed Services; House Committee on Oversight and Government Reform,True,7500000.0,58,1193872.0,1,2.0,1193872.0,DEPARTMENT OF HOMELAND SECURITY (DHS),0.02315233785822013,0.8084894095718932
Shelley Moore Capito,C001047,MSFT,fedtech,2018-04-24,2018-05-14,1001.0,Senate Committee on Appropriations,True,7112500.0,49,56546260.339999996,59,16.0,7023833.83,DEPARTMENT OF DEFENSE (DOD),0.14969931271477654,0.807642116227027
Ro Khanna,K000389,ACN,fedtech,2026-04-13,2026-05-11,1001.0,House Committee on Armed Services; House Committee on Oversight and Government Reform,True,2650000.0,28,41704372.68,16,11.0,11899229.08,Social Security Administration,,0.8073250958659838
Josh Gottheimer,G000583,MSFT,fedtech,2023-11-14,2023-12-08,5000001.0,House Permanent Select Committee on Intelligence,True,8600000.0,41,11450352.0,8,38.0,5613556.0,Department of Justice,0.1210738110027818,0.8072690081622913
Julia Letlow,L000595,MSFT,fedtech,2024-12-06,2026-01-13,1001.0,House Committee on Appropriations,True,6770000.0,44,19746297.53,8,12.0,7888724.2,Department of Justice,-0.1932276754514507,0.8070259813840753
Ro Khanna,K000389,MSFT,fedtech,2022-06-10,2022-07-07,1001.0,House Committee on Armed Services; House Committee on Oversight and Government Reform,True,6980000.0,50,20473670.13,38,13.0,4799642.8,DEPARTMENT OF DEFENSE (DOD),-0.09383770109490497,0.8048700784837391
Josh Gottheimer,G000583,MSFT,fedtech,2019-05-31,2019-06-15,15001.0,House Permanent Select Committee on Intelligence,True,7500000.0,58,1862278.0,2,12.0,1193872.0,DEPARTMENT OF HOMELAND SECURITY (DHS),0.12411060802069862,0.804504206297692
Ro Khanna,K000389,NOC,defense,2018-05-15,2018-07-11,1001.0,House Committee on Armed Services,True,7495000.0,20,568309799.93,1195,27.0,66382992.0,DEPARTMENT OF DEFENSE (DOD),-0.05137981685783055,0.8044921068596703
Josh Gottheimer,G000583,MSFT,fedtech,2019-04-09,2019-05-20,1001.0,House Permanent Select Committee on Intelligence,True,7085000.0,53,30571100.62,12,15.0,14541770.59,DEPARTMENT OF DEFENSE (DOD),0.13413816230717646,0.8037032104427808
Jerry Moran,M000934,XOM,energy,2018-12-06,2019-05-15,1001.0,Senate Committee on Appropriations,True,5720000.0,24,29527132.269999996,276,14.0,11253791.37,DEPARTMENT OF DEFENSE (DOD),0.0523025896160223,0.8037023606124661
Josh Gottheimer,G000583,MSFT,fedtech,2019-04-30,2019-05-20,1001.0,House Permanent Select Committee on Intelligence,True,7490000.0,58,14127581.03,9,13.0,9418344.09,DEPARTMENT OF DEFENSE (DOD),0.037978560490046,0.801638465071091
Carol Devine Miller,M001205,PFE,pharma,2023-03-03,2023-04-17,1001.0,House Committee on Ways and Means,True,14430000.0,46,189113656.02,5,27.0,188215349.18,Department of Health and Human Services,-0.10935601458080191,0.8000331069343075
Ro Khanna,K000389,MSFT,fedtech,2022-06-08,2022-07-07,1001.0,House Committee on Armed Services; House Committee on Oversight and Government Reform,True,6980000.0,50,20473670.13,38,15.0,4799642.8,DEPARTMENT OF DEFENSE (DOD),-0.08734884064938442,0.7991636975807703
Lloyd Doggett,D000399,JNJ,pharma,2022-09-06,2022-11-01,1001.0,House Committee on Ways and Means,True,4730000.0,35,2601015.14,188,6.0,275264.0,DEPARTMENT OF DEFENSE (DOD),0.10387302365485951,0.798920406378593
Shelley Moore Capito,C001047,JNJ,pharma,2018-04-05,2018-05-14,1001.0,Senate Committee on Appropriations,True,6060000.0,25,13512055.29,1934,13.0,279909.44,DEPARTMENT OF DEFENSE (DOD),0.009486649835513505,0.7987182275025618
Lois Frankel,F000462,GD,defense,2022-08-03,2022-08-31,1001.0,House Committee on Appropriations,True,7127500.0,39,428370018.89999986,317,28.0,93224680.53,DEPARTMENT OF DEFENSE (DOD),0.09364026531408509,0.7983788138271218
Josh Gottheimer,G000583,MSFT,fedtech,2024-05-14,2024-06-08,1000001.0,House Permanent Select Committee on Intelligence,True,6669000.0,46,21647122.12,16,38.0,8431014.74,Department of Justice,0.015555982331476814,0.798185498711308
Pete Sessions,S000250,MSFT,fedtech,2021-09-08,2022-02-11,1001.0,House Committee on Oversight and Government Reform,True,7265000.0,54,59621419.089999996,14,20.0,33979056.0,DEPARTMENT OF DEFENSE (DOD),0.04553479231204838,0.7975455724767028
Dan Sullivan,S001198,MSFT,fedtech,2022-11-30,2022-12-21,15001.0,Senate Committee on Armed Services,True,6590000.0,43,13785804.71,12,22.0,3697577.0,DEPARTMENT OF JUSTICE (DOJ),0.11331033942149427,0.7972171497522654
Ro Khanna,K000389,LMT,defense,2018-12-10,2019-01-11,1001.0,House Committee on Armed Services,True,28089391.0,44,2899148356.94,2288,45.0,528044959.0,DEPARTMENT OF DEFENSE (DOD),0.014343163538873993,0.7971431691894929
Ro Khanna,K000389,ACN,fedtech,2024-03-01,2024-04-05,1001.0,House Committee on Armed Services; House Committee on Oversight and Government Reform,True,2200000.0,20,173822349.51,53,20.0,29984147.4,Department of the Treasury,-0.2058846688889472,0.7954735259122865
Ro Khanna,K000389,LMT,defense,2018-02-27,2018-03-09,1001.0,House Committee on Armed Services,True,11883345.0,44,365442581.86,35755,31.0,44212901.71,DEPARTMENT OF DEFENSE (DOD),-0.17698299690091313,0.7953172879403879
Josh Gottheimer,G000583,MSFT,fedtech,2021-08-16,2021-09-20,500001.0,House Permanent Select Committee on Intelligence,True,7275000.0,55,60864114.09,19,43.0,33979056.0,DEPARTMENT OF DEFENSE (DOD),0.11452817379497615,0.7941778089672102
Ro Khanna,K000389,GD,defense,2018-10-25,2018-11-09,1001.0,House Committee on Armed Services,True,7724692.0,41,728810616.5500001,1675,33.0,77288868.03,DEPARTMENT OF DEFENSE (DOD),0.01137162954279014,0.7932158158162342
Bill Cassidy,C001075,XOM,energy,2019-01-25,2019-02-21,1001.0,Senate Committee on Energy and Natural Resources,True,6250000.0,22,17108380.44,233,16.0,3894207.62,DEPARTMENT OF DEFENSE (DOD),0.012409369771333001,0.793131700162407
Ro Khanna,K000389,ACN,fedtech,2026-03-30,2026-04-07,15001.0,House Committee on Armed Services; House Committee on Oversight and Government Reform,True,2650000.0,28,49470635.2,21,25.0,11899229.08,Social Security Administration,,0.7929655088623427
Tommy Tuberville,T000278,PFE,pharma,2024-02-27,2024-03-15,1001.0,"Senate Committee on Health, Education, Labor, and Pensions",True,8000000.0,35,340519421.84999996,5,30.0,339830553.64,Department of Health and Human Services,0.019709929341762855,0.7923751650108951
Josh Gottheimer,G000583,MSFT,fedtech,2019-04-26,2019-05-20,1001.0,House Permanent Select Committee on Intelligence,True,7490000.0,58,16029330.03,11,17.0,9418344.09,DEPARTMENT OF DEFENSE (DOD),0.042805450766032926,0.7917270355328737
Ro Khanna,K000389,MSFT,fedtech,2019-06-03,2019-07-11,1001.0,House Committee on Armed Services; House Committee on Oversight and Government Reform,True,7500000.0,58,1862278.0,2,9.0,1193872.0,DEPARTMENT OF HOMELAND SECURITY (DHS),0.14377503337783692,0.7913776022021598
Josh Gottheimer,G000583,MSFT,fedtech,2023-02-14,2023-03-17,1000001.0,House Permanent Select Committee on Intelligence,True,13927000.0,45,13223764.95,23,44.0,3243967.0,Department of Homeland Security,0.239445934526215,0.7885946640281739
Josh Gottheimer,G000583,MSFT,fedtech,2026-05-19,2026-06-03,250001.0,House Permanent Select Committee on Intelligence,True,3272500.0,20,22858531.619999997,6,34.0,8148580.17,Department of Justice,,0.78825189231238
Josh Gottheimer,G000583,MSFT,fedtech,2021-10-19,2021-11-15,1001.0,House Permanent Select Committee on Intelligence,True,4090000.0,36,3252330.59,4,10.0,2374491.9,DEPARTMENT OF DEFENSE (DOD),-0.028323005547805313,0.7874839122477755
Gilbert Cisneros,C001123,ACN,fedtech,2025-12-19,2026-01-12,1001.0,House Committee on Armed Services,True,2470000.0,29,203423137.68999997,24,25.0,151939116.0,Department of Defense,-0.2835261707988981,0.7855355511066576
Gilbert Cisneros,C001123,PLTR,defense,2026-03-16,2026-04-07,1001.0,House Committee on Armed Services,True,5605000.0,28,294883332.91999996,12,32.0,94687811.42,Department of Agriculture,,0.781994260979766
Josh Gottheimer,G000583,MSFT,fedtech,2023-02-13,2023-03-17,500001.0,House Permanent Select Committee on Intelligence,True,13927000.0,45,13223764.95,23,45.0,3243967.0,Department of Homeland Security,0.23208757187085371,0.7809200641526137
Ro Khanna,K000389,NOC,defense,2018-11-05,2018-12-10,1001.0,House Committee on Armed Services,True,6332000.0,24,671616441.74,1549,38.0,83930719.0,DEPARTMENT OF DEFENSE (DOD),0.012274549098196363,0.7788048463787397
Ro Khanna,K000389,ORCL,fedtech,2018-05-08,2018-06-08,15001.0,House Committee on Armed Services; House Committee on Oversight and Government Reform,True,5200000.0,37,3091849.55,15,22.0,1977672.14,GENERAL SERVICES ADMINISTRATION (GSA),0.045711797997388004,0.7782081352340241
Josh Gottheimer,G000583,MSFT,fedtech,2019-05-20,2019-06-15,15001.0,House Permanent Select Committee on Intelligence,True,7500000.0,58,2472417.35,4,23.0,1193872.0,DEPARTMENT OF HOMELAND SECURITY (DHS),0.08849627634289337,0.7773855950921804
Richard Dean Mccormick,M001218,NEE,energy,2025-11-05,2025-12-09,1001.0,"House Committee on Science, Space, and Technology",True,5958000.0,45,1939457.52,8,13.0,1431019.15,Department of Veterans Affairs,0.10944728512296065,0.7773743543565663
Ro Khanna,K000389,MSFT,fedtech,2019-05-28,2019-06-11,1001.0,House Committee on Armed Services; House Committee on Oversight and Government Reform,True,7500000.0,58,2462230.0,3,15.0,1193872.0,DEPARTMENT OF HOMELAND SECURITY (DHS),0.10462904248573257,0.7769134624225432
Ro Khanna,K000389,ACN,fedtech,2026-03-23,2026-04-07,15001.0,House Committee on Armed Services; House Committee on Oversight and Government Reform,True,2650000.0,28,49470635.2,22,32.0,11899229.08,Social Security Administration,,0.7759611735210126
Ro Khanna,K000389,IBM,fedtech,2023-03-14,2023-04-07,15001.0,House Committee on Armed Services; House Committee on Oversight and Government Reform,True,2680000.0,4,167106949.82999998,40,38.0,58795728.0,Department of Veterans Affairs,0.06570397111913362,0.7757936488169253
Gilbert Cisneros,C001123,ACN,fedtech,2026-06-16,2026-07-02,1001.0,House Committee on Armed Services,True,1350000.0,14,10262921.61,6,14.0,7395963.97,Department of the Treasury,,0.7755945830480266
Josh Gottheimer,G000583,MSFT,fedtech,2025-05-22,2025-06-11,1001.0,House Permanent Select Committee on Intelligence,True,6687500.0,47,43205994.84,23,27.0,14312199.47,Department of State,0.1386580486303477,0.7751093411753441
Ro Khanna,K000389,ORCL,fedtech,2018-05-15,2018-06-08,1001.0,House Committee on Armed Services; House Committee on Oversight and Government Reform,True,5100000.0,35,3091849.55,15,15.0,1977672.14,GENERAL SERVICES ADMINISTRATION (GSA),0.054048280281991046,0.7749617972211325
Ro Khanna,K000389,GD,defense,2018-10-17,2018-11-09,1001.0,House Committee on Armed Services,True,7406841.0,40,676773089.53,1709,41.0,77288868.03,DEPARTMENT OF DEFENSE (DOD),-0.11215435410647967,0.7742423270834694
Kevin Hern,H001082,RTX,defense,2021-09-23,2021-10-07,250001.0,,False,8570000.0,35,2109597191.5300002,914,6.0,627062332.0,DEPARTMENT OF DEFENSE (DOD),0.005302593659942234,0.7736520485120252
Ro Khanna,K000389,IBM,fedtech,2026-03-10,2026-04-07,1001.0,House Committee on Armed Services; House Committee on Oversight and Government Reform,True,1410000.0,2,45539201.419999994,14,21.0,11842802.72,General Services Administration,,0.7731130784403016
Josh Gottheimer,G000583,MSFT,fedtech,2025-05-21,2025-06-11,1001.0,House Permanent Select Committee on Intelligence,True,6687500.0,47,43640830.14,24,28.0,14312199.47,Department of State,0.12347261197162873,0.7727627154565354
Lloyd Doggett,D000399,JNJ,pharma,2019-06-12,2019-07-05,1001.0,House Committee on Ways and Means,True,4650000.0,31,45834.44,11,1.0,16258.87,DEPARTMENT OF DEFENSE (DOD),-0.08907396950875213,0.7707574711731257
Ro Khanna,K000389,BA,defense,2019-04-29,2019-05-10,1001.0,House Committee on Armed Services,True,9280000.0,48,762218337.4000001,1788,45.0,295282161.43,DEPARTMENT OF DEFENSE (DOD),-0.0641604010025062,0.7698594074190213
Ro Khanna,K000389,PLTR,defense,2025-08-26,2025-09-09,1001.0,House Committee on Armed Services,True,4480000.0,20,58023719.8,18,29.0,14244448.96,Department of the Treasury,0.20699944054205255,0.7688332991618235
Ro Khanna,K000389,NOC,defense,2017-11-30,2017-12-12,1001.0,House Committee on Armed Services,True,6285000.0,21,138082381.61,815,35.0,14265814.02,DEPARTMENT OF DEFENSE (DOD),0.12400780741704631,0.7681517284026378
Ro Khanna,K000389,MSFT,fedtech,2018-07-18,2018-08-10,1001.0,House Committee on Armed Services; House Committee on Oversight and Government Reform,True,7012500.0,45,26825989.61,30,28.0,6229600.96,DEPARTMENT OF DEFENSE (DOD),0.020547945205479312,0.7680064391976938
Gilbert Cisneros,C001123,MSFT,fedtech,2026-05-15,2026-06-08,50001.0,House Committee on Armed Services,True,3272500.0,20,22858531.619999997,6,38.0,8148580.17,Department of Justice,,0.7662144884576997
Gilbert Cisneros,C001123,NOC,defense,2025-05-30,2025-06-06,1001.0,House Committee on Armed Services,True,5355000.0,13,429209278.94,503,41.0,45134321.0,Department of Defense,0.22530272087794212,0.7655528674348768
Ro Khanna,K000389,PLTR,defense,2026-05-15,2026-06-09,15001.0,House Committee on Armed Services,True,3000000.0,18,84744629.78,4,40.0,45848616.8,Department of Homeland Security,,0.7653701226558932
Michael Patrick Guest,G000591,MSFT,fedtech,2023-08-07,2023-08-23,1001.0,House Committee on Appropriations,True,16120000.0,45,35950057.31,25,35.0,16036780.0,Department of State,0.128472327406016,0.764315578888383
Ro Khanna,K000389,IBM,fedtech,2025-08-26,2025-09-09,1001.0,House Committee on Armed Services; House Committee on Oversight and Government Reform,True,1980000.0,2,127271068.88,30,31.0,77398572.0,Social Security Administration,0.25524461113629804,0.7632294851040714
Ro Khanna,K000389,ORCL,fedtech,2026-05-27,2026-06-09,1001.0,House Committee on Armed Services; House Committee on Oversight and Government Reform,True,3420000.0,22,1380000.0,2,15.0,1380000.0,Office of Personnel Management,,0.7615804590800124
Josh Gottheimer,G000583,MSFT,fedtech,2023-02-27,2023-03-17,1001.0,House Permanent Select Committee on Intelligence,True,13927000.0,45,13586484.95,24,31.0,3243967.0,Department of Homeland Security,0.3374240486088902,0.7612749538561079
Ro Khanna,K000389,MSFT,fedtech,2025-07-01,2025-08-07,1001.0,House Committee on Armed Services; House Committee on Oversight and Government Reform,True,6647500.0,45,18850207.419999998,20,29.0,3949570.2,Department of Defense,0.10059953256782839,0.7611192896548324
Shelley Moore Capito,C001047,MSFT,fedtech,2018-04-05,2018-05-14,1001.0,Senate Committee on Appropriations,True,6747500.0,50,57283355.339999996,61,35.0,7023833.83,DEPARTMENT OF DEFENSE (DOD),0.16951721151764465,0.7593820853051979
Josh Gottheimer,G000583,MSFT,fedtech,2019-03-22,2019-04-05,1001.0,House Permanent Select Committee on Intelligence,True,7145000.0,53,31366294.12,14,33.0,14541770.59,DEPARTMENT OF DEFENSE (DOD),0.1826569841947887,0.7580475650998465
Richard W. Allen,A000372,JNJ,pharma,2021-05-04,2021-06-12,15001.0,House Committee on Energy and Commerce,True,4500000.0,28,34168780.17,3086,41.0,571018.22,DEPARTMENT OF DEFENSE (DOD),0.035584431066340905,0.7580086068749361
Tommy Tuberville,T000278,MSFT,fedtech,2022-11-23,2022-12-14,1001.0,Senate Committee on Armed Services,True,6590000.0,43,13626704.71,11,29.0,3697577.0,DEPARTMENT OF JUSTICE (DOJ),0.12149608207448104,0.7574841497551832
Ro Khanna,K000389,PLTR,defense,2026-05-21,2026-06-09,1001.0,House Committee on Armed Services,True,3000000.0,18,84744629.78,4,34.0,45848616.8,Department of Homeland Security,,0.7566050096427672
Tommy Tuberville,T000278,JNJ,pharma,2021-09-30,2021-10-15,1001.0,"Senate Committee on Health, Education, Labor, and Pensions",True,4010000.0,31,19767795.37,2254,29.0,409788.09,DEPARTMENT OF DEFENSE (DOD),0.06371517027863782,0.7558279613352348
Dan Sullivan,S001198,MSFT,fedtech,2022-11-22,2022-12-21,1001.0,Senate Committee on Armed Services,True,6590000.0,43,13626704.71,11,30.0,3697577.0,DEPARTMENT OF JUSTICE (DOJ),0.11125168346733072,0.7550823936733007
Ro Khanna,K000389,MSFT,fedtech,2018-04-03,2018-05-10,1001.0,House Committee on Armed Services; House Committee on Oversight and Government Reform,True,6822500.0,52,56604656.93,58,37.0,7023833.83,DEPARTMENT OF DEFENSE (DOD),0.1847062757775053,0.7549103824034721
Ro Khanna,K000389,NOC,defense,2018-10-25,2018-11-09,1001.0,House Committee on Armed Services,True,6245000.0,23,573992580.74,1470,49.0,83930719.0,DEPARTMENT OF DEFENSE (DOD),0.06937550929698477,0.7543072779473655
Gary Palmer,P000609,MSFT,fedtech,2018-07-12,2018-09-29,1001.0,House Committee on Oversight and Government Reform,True,7112500.0,48,27087812.2,32,34.0,6229600.96,DEPARTMENT OF DEFENSE (DOD),0.05163643343890967,0.7541000909708215
Donna Shalala,S001206,LMT,defense,2019-02-05,2020-04-27,1001.0,,False,18093563.0,43,1939786586.24,1464,1.0,488419750.0,DEPARTMENT OF DEFENSE (DOD),0.17778668269551856,0.7524360560734713
C. Scott Franklin,F000472,LMT,defense,2024-08-07,2025-07-03,1001.0,House Committee on Appropriations,True,6992245.0,29,323752020.98,15,48.0,294247361.0,Department of Commerce,-0.05657143898926176,0.7513120861321981
Ro Khanna,K000389,MSFT,fedtech,2019-03-19,2019-04-11,1001.0,House Committee on Armed Services; House Committee on Oversight and Government Reform,True,7145000.0,53,31366294.12,14,36.0,14541770.59,DEPARTMENT OF DEFENSE (DOD),0.15826604334891625,0.7512313928846058
Ro Khanna,K000389,ORCL,fedtech,2023-07-06,2023-07-11,1001.0,House Committee on Armed Services; House Committee on Oversight and Government Reform,True,7695000.0,48,27614074.15,5,36.0,24638342.53,Department of Veterans Affairs,-0.06409701169337378,0.7506956014088716
Pete Sessions,S000250,MSFT,fedtech,2021-08-19,2022-02-11,1001.0,House Committee on Oversight and Government Reform,True,7275000.0,55,60864114.09,19,40.0,33979056.0,DEPARTMENT OF DEFENSE (DOD),0.09108063483505746,0.7499190250924456
Ro Khanna,K000389,MSFT,fedtech,2026-05-21,2026-06-09,1001.0,House Committee on Armed Services; House Committee on Oversight and Government Reform,True,3272500.0,20,22858531.619999997,6,32.0,8148580.17,Department of Justice,,0.747948897244528
Gilbert Cisneros,C001123,MSFT,fedtech,2025-04-29,2025-05-06,15001.0,House Committee on Armed Services,True,6727500.0,48,45896830.14,25,50.0,14312199.47,Department of State,0.28601157242919495,0.7477425052266
Diana Harshbarger,H001086,JNJ,pharma,2022-06-08,2022-06-29,1001.0,House Committee on Energy and Commerce,True,4750000.0,32,17407210.48,1590,34.0,585202.15,DEPARTMENT OF DEFENSE (DOD),-0.08669900722021662,0.7446425450909092
Bob Gibbs,G000563,BA,defense,2019-06-11,2019-06-18,15001.0,,False,9280000.0,48,325837733.69000006,52,2.0,295282161.43,DEPARTMENT OF DEFENSE (DOD),0.07336902069676232,0.7440741028312097
Ro Khanna,K000389,MSFT,fedtech,2022-05-06,2022-06-10,15001.0,House Committee on Armed Services; House Committee on Oversight and Government Reform,True,6980000.0,50,20891725.130000003,37,48.0,4799642.8,DEPARTMENT OF DEFENSE (DOD),-0.07818585520329058,0.7434591023906855
John Boozman,B001236,PLTR,defense,2026-05-15,2026-06-16,1001.0,Senate Committee on Appropriations,True,3000000.0,18,84744629.78,4,40.0,45848616.8,Department of Homeland Security,,0.7433442888624573
Julia Letlow,L000595,MSFT,fedtech,2025-05-08,2026-01-13,1001.0,House Committee on Appropriations,True,6687500.0,47,43640830.14,24,41.0,14312199.47,Department of State,0.12969851883971972,0.7432016535584003
Lloyd Doggett,D000399,JNJ,pharma,2022-06-07,2022-07-11,1001.0,House Committee on Ways and Means,True,4750000.0,32,17712605.18,1613,35.0,585202.15,DEPARTMENT OF DEFENSE (DOD),-0.07418414264887285,0.7425600645650636
Kevin Hern,H001082,JNJ,pharma,2022-06-07,2022-07-15,1001.0,House Committee on Ways and Means,True,4750000.0,32,17712605.18,1613,35.0,585202.15,DEPARTMENT OF DEFENSE (DOD),-0.07418414264887285,0.7425600645650636
Ro Khanna,K000389,MSFT,fedtech,2025-06-23,2025-07-09,1001.0,House Committee on Armed Services; House Committee on Oversight and Government Reform,True,6687500.0,46,17051902.54,19,37.0,3949570.2,Department of Defense,0.0651440329218107,0.7416087314311107
Gilbert Cisneros,C001123,BA,defense,2025-05-30,2025-06-06,1001.0,House Committee on Armed Services,True,6840000.0,25,1156125860.9299998,3335,61.0,200887330.0,Department of Defense,0.047076982442600945,0.7412559528536979
Ro Khanna,K000389,ORCL,fedtech,2019-01-14,2019-02-12,1001.0,House Committee on Armed Services; House Committee on Oversight and Government Reform,True,5340000.0,32,18956711.83,3,37.0,18850000.0,DEPARTMENT OF DEFENSE (DOD),0.12349522623495224,0.7401763499077597
Ro Khanna,K000389,PLTR,defense,2026-02-24,2026-03-09,1001.0,House Committee on Armed Services,True,5605000.0,26,294883332.91999996,12,52.0,94687811.42,Department of Agriculture,-0.1190624029804409,0.740102248396253
Ro Khanna,K000389,ACN,fedtech,2024-10-24,2024-11-08,1001.0,House Committee on Armed Services; House Committee on Oversight and Government Reform,True,2180000.0,26,102090923.48000002,21,41.0,32294050.29,Department of Health and Human Services,8.236553825868853e-05,0.7395781154979292
Ro Khanna,K000389,NOC,defense,2019-03-26,2019-04-11,1001.0,House Committee on Armed Services,True,9286000.0,22,1084173194.7400002,884,64.0,237597723.0,DEPARTMENT OF DEFENSE (DOD),0.2900883957118676,0.7390757943515515
Ro Khanna,K000389,IBM,fedtech,2026-02-24,2026-03-09,1001.0,House Committee on Armed Services; House Committee on Oversight and Government Reform,True,1410000.0,2,45625100.2,17,35.0,11842802.72,General Services Administration,0.14669457526600382,0.7389096130893062
Ro Khanna,K000389,ORCL,fedtech,2024-08-02,2024-09-06,1001.0,House Committee on Armed Services; House Committee on Oversight and Government Reform,True,7625000.0,49,366853446.22,5,56.0,299999848.61,Department of Veterans Affairs,0.36111944777911154,0.7387006586234678
Ro Khanna,K000389,IBM,fedtech,2024-10-11,2024-11-08,1001.0,House Committee on Armed Services; House Committee on Oversight and Government Reform,True,3000000.0,4,166085775.32000002,24,46.0,120024000.04,General Services Administration,0.0686358569836234,0.7382695170858772
Josh Gottheimer,G000583,MSFT,fedtech,2019-03-13,2019-04-05,1001.0,House Permanent Select Committee on Intelligence,True,7145000.0,53,31366294.12,14,42.0,14541770.59,DEPARTMENT OF DEFENSE (DOD),0.20873362445414845,0.7382621046558308
Lloyd Doggett,D000399,JNJ,pharma,2024-09-10,2024-10-10,1001.0,House Committee on Ways and Means,True,4580000.0,30,198799.75999999998,7,17.0,90300.0,Department of Veterans Affairs,-0.15001792328832586,0.7382469799020778
Kevin Hern,H001082,JNJ,pharma,2023-09-07,2023-10-13,1001.0,House Committee on Ways and Means,True,4230000.0,30,339149.88,13,19.0,108023.24,Department of Veterans Affairs,0.0068737111791539185,0.7376943911770468
Lloyd Doggett,D000399,JNJ,pharma,2023-09-07,2023-10-05,1001.0,House Committee on Ways and Means,True,4230000.0,30,339149.88,13,19.0,108023.24,Department of Veterans Affairs,0.0068737111791539185,0.7376943911770468
Julia Letlow,L000595,ACN,fedtech,2024-10-23,2026-01-13,1001.0,House Committee on Appropriations,True,2180000.0,26,102090923.48000002,21,42.0,32294050.29,Department of Health and Human Services,0.03834012357337491,0.7374761626562164
Josh Gottheimer,G000583,IBM,fedtech,2024-10-10,2024-11-06,1001.0,House Permanent Select Committee on Intelligence,True,3000000.0,4,166085775.32000002,24,47.0,120024000.04,General Services Administration,0.0829113380825679,0.7362811548920635
C. Scott Franklin,F000472,MRK,pharma,2024-08-07,2025-07-03,1001.0,House Committee on Appropriations,True,6180000.0,26,154256288.10999998,17,51.0,153000000.0,Department of Health and Human Services,-0.0794737309983109,0.73604609216472
Kevin Hern,H001082,JNJ,pharma,2021-09-02,2021-10-07,50001.0,House Committee on Ways and Means,True,4010000.0,31,33300632.950000003,2978,57.0,409788.09,DEPARTMENT OF DEFENSE (DOD),-0.022065969244840833,0.7352188433263601
Ro Khanna,K000389,MSFT,fedtech,2018-03-07,2018-04-13,50001.0,House Committee on Armed Services; House Committee on Oversight and Government Reform,True,6822500.0,52,49122938.75,45,64.0,7023833.83,DEPARTMENT OF DEFENSE (DOD),0.06285957809503517,0.7336456545341457
Ro Khanna,K000389,MSFT,fedtech,2024-11-08,2024-12-05,1001.0,House Committee on Armed Services; House Committee on Oversight and Government Reform,True,6770000.0,43,14503117.23,7,40.0,7888724.2,Department of Justice,-0.10029819662043826,0.7334659279820015
Gilbert Cisneros,C001123,ACN,fedtech,2026-03-13,2026-04-07,1001.0,House Committee on Armed Services,True,2650000.0,28,57097098.989999995,23,42.0,11899229.08,Social Security Administration,,0.733388899679443
Patrick Fallon,F000246,MSFT,fedtech,2021-02-23,2021-06-17,250001.0,House Permanent Select Committee on Intelligence; House Committee on Armed Services; House Committee on Oversight and Government Reform,True,6965000.0,60,18553682.45,15,66.0,6872057.0,DEPARTMENT OF DEFENSE (DOD),0.13720152612852043,0.7331365760271783
Lois Frankel,F000462,PFE,pharma,2023-02-01,2023-03-13,1001.0,House Committee on Appropriations,True,9360000.0,45,189848982.02,6,57.0,188215349.18,Department of Health and Human Services,-0.13531953604730484,0.7321008227457678
Ro Khanna,K000389,MRK,pharma,2023-03-24,2023-04-07,15001.0,,False,6400000.0,25,484449130.84999996,2,6.0,483275481.39,Department of Health and Human Services,0.03807251908396947,0.7313699694757336
Suzan K. Delbene,D000617,MSFT,fedtech,2018-08-29,2018-09-14,250001.0,,False,6847500.0,46,15794812.940000001,25,2.0,2535628.0,DEPARTMENT OF DEFENSE (DOD),-0.09676843420817705,0.7305023801934847
William R. Keating,K000375,MSFT,fedtech,2021-03-17,2021-04-27,1001.0,House Committee on Armed Services,True,6975000.0,61,21465425.98,21,44.0,6872057.0,DEPARTMENT OF DEFENSE (DOD),0.1855804927438407,0.7297185530289693
Lois Frankel,F000462,GD,defense,2022-05-18,2022-06-16,1001.0,House Committee on Appropriations,True,7532500.0,39,1392998312.3200002,682,71.0,562520000.0,DEPARTMENT OF DEFENSE (DOD),0.010974422515266813,0.7283765439416722
Diana Harshbarger,H001086,RTX,defense,2022-06-10,2022-06-29,1001.0,,False,7110000.0,30,1361779720.34,569,4.0,634522630.0,DEPARTMENT OF DEFENSE (DOD),-0.11865116766153527,0.7281199846921539
Ro Khanna,K000389,MSFT,fedtech,2026-05-01,2026-06-09,15001.0,House Committee on Armed Services; House Committee on Oversight and Government Reform,True,3272500.0,20,22858531.619999997,6,52.0,8148580.17,Department of Justice,,0.7280827184544508
Blake Moore,M001213,JNJ,pharma,2021-04-30,2021-07-17,1001.0,House Committee on Ways and Means,True,4500000.0,28,33628484.72,3051,45.0,571018.22,DEPARTMENT OF DEFENSE (DOD),0.06716647207030046,0.7275396407855178
Kurt Schrader,S001180,LMT,defense,2021-03-15,2021-04-01,15001.0,,False,7741756.0,36,4037337002.3100004,1515,16.0,610465499.0,DEPARTMENT OF DEFENSE (DOD),0.09073063710631901,0.7271445243106059
Josh Gottheimer,G000583,NOC,defense,2024-07-19,2024-08-15,1001.0,House Permanent Select Committee on Intelligence,True,5757500.0,15,9424784.61,19,40.0,2493567.0,National Aeronautics and Space Administration,0.11586062017627996,0.726908175959136
C. Scott Franklin,F000472,MRK,pharma,2024-08-02,2024-08-20,1001.0,House Committee on Appropriations,True,6180000.0,26,154256288.10999998,17,56.0,153000000.0,Department of Health and Human Services,-0.12664930555555554,0.7268470913613146
Lois Frankel,F000462,NOC,defense,2021-01-13,2021-01-21,1001.0,House Committee on Appropriations,True,5325000.0,18,1464295151.2999997,957,70.0,291930500.0,DEPARTMENT OF DEFENSE (DOD),0.23575769718827222,0.7264573513050803
Gilbert Cisneros,C001123,LHX,defense,2025-05-30,2025-06-06,1001.0,House Committee on Armed Services,True,1400000.0,13,419754855.38,256,53.0,41244612.0,Department of Defense,0.2153147253826635,0.7261459755984729
Kevin Hern,H001082,LMT,defense,2021-08-25,2021-09-15,100001.0,,False,8462890.0,36,2822380242.09,1451,21.0,394728591.0,DEPARTMENT OF DEFENSE (DOD),-0.0326968641114983,0.7261359271469179
Ro Khanna,K000389,BA,defense,2018-07-18,2018-08-10,1001.0,House Committee on Armed Services,True,9145000.0,40,1515233149.3,5577,75.0,285126803.25,DEPARTMENT OF DEFENSE (DOD),-0.05180023873636297,0.7255970036939968
Michael Patrick Guest,G000591,CVX,energy,2023-08-07,2023-08-23,1001.0,House Committee on Appropriations,True,4200000.0,9,31325.0,1,14.0,31325.0,General Services Administration,-0.1065107261242102,0.7255377401041962
Dwight Evans,E000296,PFE,pharma,2018-08-17,2018-09-26,1001.0,House Committee on Ways and Means,True,10200000.0,36,1069634.49,29,33.0,443481.61,DEPARTMENT OF DEFENSE (DOD),0.024233784746970688,0.7253314974133988
Ro Khanna,K000389,PFE,pharma,2024-03-20,2024-04-05,15001.0,,False,8000000.0,35,340519421.84999996,5,8.0,339830553.64,Department of Health and Human Services,0.072563176895307,0.7239257742512035
Cleo Fields,F000110,MSFT,fedtech,2025-07-28,2025-08-06,100001.0,,False,6395000.0,43,18220098.419999998,19,2.0,3949570.2,Department of Defense,-0.06928780487804875,0.7238152346372624
Ritchie John Torres,T000486,ORCL,fedtech,2024-09-26,2025-08-20,1001.0,,False,7625000.0,49,338589282.78000003,4,1.0,299999848.61,Department of Veterans Affairs,0.09220701963117195,0.723487185734389
Ro Khanna,K000389,LMT,defense,2018-10-25,2018-11-09,1001.0,House Committee on Armed Services,True,28089391.0,42,2549640051.17,2502,91.0,528044959.0,DEPARTMENT OF DEFENSE (DOD),0.0023497927613327363,0.7229287221919478
Ro Khanna,K000389,MSFT,fedtech,2025-04-09,2025-05-12,50001.0,House Committee on Armed Services; House Committee on Oversight and Government Reform,True,6415000.0,48,45436585.39,24,70.0,14312199.47,Department of State,0.33381136520781585,0.7225862199961101
Ro Khanna,K000389,MSFT,fedtech,2025-04-15,2025-05-12,15001.0,House Committee on Armed Services; House Committee on Oversight and Government Reform,True,6415000.0,48,45896830.14,25,64.0,14312199.47,Department of State,0.3495968682757369,0.7223992849949608
Ro Khanna,K000389,NOC,defense,2018-04-03,2018-05-10,1001.0,House Committee on Armed Services,True,8175000.0,21,525696322.09000003,1199,69.0,66382992.0,DEPARTMENT OF DEFENSE (DOD),-0.13044734712749984,0.7217632803391786
Tommy Tuberville,T000278,MSFT,fedtech,2022-10-13,2022-11-10,250001.0,Senate Committee on Armed Services,True,6490000.0,43,12263524.71,11,70.0,3697577.0,DEPARTMENT OF JUSTICE (DOJ),0.12320696721311486,0.7215500316153377
Cleo Fields,F000110,MSFT,fedtech,2025-07-29,2025-08-06,50001.0,,False,6395000.0,43,18220098.419999998,19,1.0,3949570.2,Department of Defense,-0.052812298807967784,0.7214520789338854
Gilbert Cisneros,C001123,MSFT,fedtech,2025-11-18,2025-12-15,50001.0,House Committee on Armed Services,True,6255000.0,40,8059419.9,6,59.0,2207391.0,Department of Transportation,-0.2065655440571903,0.7213718845508824
Ron Wyden,W000779,MSFT,fedtech,2020-07-31,2020-08-29,50001.0,Senate Select Committee on Intelligence,True,6915000.0,58,7916815.74,5,60.0,3912274.53,DEPARTMENT OF STATE (DOS),0.04419296619677082,0.7206093406427755
Lloyd Doggett,D000399,JNJ,pharma,2026-06-09,2026-07-06,1001.0,House Committee on Ways and Means,True,4240000.0,17,100390.0,1,21.0,100390.0,Department of Veterans Affairs,,0.7191200888590924
Kevin Hern,H001082,RTX,defense,2022-06-16,2022-07-15,1001.0,,False,7130000.0,31,716075856.8799999,527,5.0,116287813.35,DEPARTMENT OF DEFENSE (DOD),-0.07741286863270769,0.7179787010102169
Ro Khanna,K000389,PFE,pharma,2024-03-25,2024-04-05,1001.0,,False,8000000.0,35,340519421.84999996,5,3.0,339830553.64,Department of Health and Human Services,0.07546481954064888,0.71758060198336
Josh Gottheimer,G000583,MSFT,fedtech,2021-02-12,2021-03-10,250001.0,House Permanent Select Committee on Intelligence,True,6965000.0,61,19131557.45,16,77.0,6872057.0,DEPARTMENT OF DEFENSE (DOD),0.06081880893097669,0.7168932368825472
Tommy Tuberville,T000278,MSFT,fedtech,2022-10-24,2022-11-10,15001.0,Senate Committee on Armed Services,True,6565000.0,41,12263524.71,11,59.0,3697577.0,DEPARTMENT OF JUSTICE (DOJ),0.021921132457027204,0.7167028813987969
John A. Yarmuth,Y000062,NOC,defense,2021-09-23,2021-11-04,1001.0,,False,4390000.0,18,1058716839.3699999,749,5.0,169603862.0,DEPARTMENT OF DEFENSE (DOD),0.13650223704083664,0.7166649493479167
Josh Gottheimer,G000583,IBM,fedtech,2024-09-23,2024-10-03,1001.0,House Permanent Select Committee on Intelligence,True,6020000.0,6,210818711.4,34,64.0,120024000.04,General Services Administration,0.01705215419501127,0.7162533508543044
Ro Khanna,K000389,IBM,fedtech,2026-05-27,2026-06-09,1001.0,House Committee on Armed Services; House Committee on Oversight and Government Reform,True,800000.0,1,10179356.549999999,3,35.0,8803092.53,Department of the Treasury,,0.7160528085533544
William R. Keating,K000375,MSFT,fedtech,2024-10-31,2024-11-06,1001.0,House Committee on Armed Services,True,6750000.0,44,12247117.23,6,48.0,7888724.2,Department of Justice,-0.023034330011074244,0.7152296503523766
Josh Gottheimer,G000583,MSFT,fedtech,2025-04-04,2025-05-14,50001.0,House Permanent Select Committee on Intelligence,True,6415000.0,48,45436585.39,24,75.0,14312199.47,Department of State,0.48855046687416626,0.7151379353374555
Ro Khanna,K000389,BA,defense,2021-11-02,2021-12-07,15001.0,House Committee on Armed Services,True,9140000.0,46,2026389830.7700002,3987,105.0,597198635.0,DEPARTMENT OF DEFENSE (DOD),-0.07031066409738218,0.7138250399038624
Ro Khanna,K000389,MSFT,fedtech,2022-05-02,2022-06-10,1001.0,House Committee on Armed Services; House Committee on Oversight and Government Reform,True,6990000.0,51,20891725.130000003,37,52.0,4799642.8,DEPARTMENT OF DEFENSE (DOD),-0.07557914718599501,0.7137990472568467
Ro Khanna,K000389,MSFT,fedtech,2023-06-29,2023-07-11,15001.0,House Committee on Armed Services; House Committee on Oversight and Government Reform,True,13722000.0,46,37004154.31,38,74.0,16036780.0,Department of State,-0.0156394567974929,0.7132985196462707
John Boozman,B001236,MSFT,fedtech,2025-04-22,2025-05-14,1001.0,Senate Committee on Appropriations,True,6727500.0,47,45896830.14,25,57.0,14312199.47,Department of State,0.3786598331606783,0.7128364803805386
Ro Khanna,K000389,LMT,defense,2018-10-17,2018-11-09,1001.0,House Committee on Armed Services,True,28294391.0,38,2305124862.13,2667,99.0,528044959.0,DEPARTMENT OF DEFENSE (DOD),-0.09718056388722252,0.7126308764971321
Ritchie John Torres,T000486,MRK,pharma,2024-09-26,2025-08-20,1001.0,,False,6210000.0,27,154481193.29999995,19,1.0,153000000.0,Department of Health and Human Services,-0.155097709788664,0.7125786379637964
Kevin Hern,H001082,JNJ,pharma,2021-09-07,2021-10-07,1001.0,House Committee on Ways and Means,True,4010000.0,31,32936761.64,2942,52.0,409788.09,DEPARTMENT OF DEFENSE (DOD),-0.0005803156917362218,0.712372203858234
Ro Khanna,K000389,MSFT,fedtech,2022-04-11,2022-05-06,50001.0,House Committee on Armed Services; House Committee on Oversight and Government Reform,True,7200000.0,54,22309850.13,39,73.0,4799642.8,DEPARTMENT OF DEFENSE (DOD),-0.010376498632826081,0.7116450863688946
Ro Khanna,K000389,IBM,fedtech,2023-06-29,2023-07-11,15001.0,House Committee on Armed Services; House Committee on Oversight and Government Reform,True,2560000.0,4,92852221.24,42,69.0,35872639.9,Department of Homeland Security,0.06310607190810091,0.711556282696561
Lois Frankel,F000462,GD,defense,2022-05-04,2022-06-09,1001.0,House Committee on Appropriations,True,7532500.0,39,1779525847.24,756,85.0,562520000.0,DEPARTMENT OF DEFENSE (DOD),-0.07224600691585703,0.7114084300688436
Patrick Fallon,F000246,CVX,energy,2021-04-20,2021-06-17,100001.0,,False,3590000.0,13,104332990.8,86,10.0,53515839.09,DEPARTMENT OF DEFENSE (DOD),-0.045692292509622034,0.7112366646475083
Ron Wyden,W000779,MSFT,fedtech,2020-07-23,2020-07-31,100001.0,Senate Select Committee on Intelligence,True,6885000.0,57,6451033.89,4,68.0,3912274.53,DEPARTMENT OF STATE (DOS),0.038757776241729935,0.710869812823951
Josh Gottheimer,G000583,NOC,defense,2023-12-29,2024-01-07,15001.0,House Permanent Select Committee on Intelligence,True,4812500.0,15,13490655.59,9,61.0,12996303.56,Department of Health and Human Services,0.03862092536420736,0.7107500415548319
Ro Khanna,K000389,IBM,fedtech,2026-01-29,2026-02-06,15001.0,House Committee on Armed Services; House Committee on Oversight and Government Reform,True,1410000.0,2,45710917.62,19,61.0,11842802.72,General Services Administration,-0.03699392057948514,0.7099362645413949
Jerry Moran,M000934,ABBV,pharma,2018-12-06,2019-05-15,1001.0,Senate Committee on Appropriations,True,2990000.0,15,77763.96,6,22.0,13088.16,DEPARTMENT OF VETERANS AFFAIRS (VA),-0.07616517214657359,0.7096983160101206
Ro Khanna,K000389,MSFT,fedtech,2023-10-31,2023-11-08,1001.0,House Committee on Armed Services; House Committee on Oversight and Government Reform,True,8585000.0,40,11450352.0,8,52.0,5613556.0,Department of Justice,0.20587974327881464,0.7096098599596578
Ro Khanna,K000389,XOM,energy,2018-12-17,2019-01-11,15001.0,,False,5720000.0,24,29772360.69999999,285,3.0,11253791.37,DEPARTMENT OF DEFENSE (DOD),0.09670448406266874,0.7092012775778502
Ro Khanna,K000389,MSFT,fedtech,2018-02-27,2018-03-09,15001.0,House Committee on Armed Services; House Committee on Oversight and Government Reform,True,6822500.0,52,40110092.17999999,42,72.0,7023833.83,DEPARTMENT OF DEFENSE (DOD),0.03545647558386422,0.7091080512964374
Markwayne Mullin,M001190,LHX,defense,2025-05-13,2025-06-11,15001.0,,False,1400000.0,13,512090490.71,277,8.0,76888344.75,Department of Defense,0.26226129962906986,0.7083391408855161
Ro Khanna,K000389,PLTR,defense,2026-02-05,2026-03-09,1001.0,House Committee on Armed Services,True,5605000.0,26,297281538.35,16,71.0,94687811.42,Department of Agriculture,0.042458272440581535,0.7081521084725688
Josh Gottheimer,G000583,MSFT,fedtech,2026-03-25,2026-04-08,500001.0,House Permanent Select Committee on Intelligence,True,6605000.0,40,23108531.619999997,7,89.0,8148580.17,Department of Justice,,0.708065301111884
Ro Khanna,K000389,BA,defense,2019-03-19,2019-04-11,1001.0,House Committee on Armed Services,True,9040000.0,47,1139190766.73,3147,86.0,295282161.43,DEPARTMENT OF DEFENSE (DOD),-0.010470503173285572,0.7073565774672234
John Boozman,B001236,RTX,defense,2025-05-30,2025-06-14,1001.0,Senate Committee on Appropriations,True,610000.0,17,688709158.18,452,62.0,96311341.38,Department of Defense,0.19893024618991806,0.7061495151769546
Josh Gottheimer,G000583,IBM,fedtech,2024-09-17,2024-10-03,1001.0,House Permanent Select Committee on Intelligence,True,6020000.0,6,194774077.4,34,70.0,120024000.04,General Services Administration,0.027553355438285188,0.7058892123969159
Ro Khanna,K000389,XOM,energy,2018-02-27,2018-03-09,15001.0,,False,6240000.0,25,63568101.099999994,12,7.0,18646803.61,DEPARTMENT OF DEFENSE (DOD),0.05432258064516127,0.7058515522731079
Lois Frankel,F000462,GD,defense,2023-05-24,2023-06-24,1001.0,House Committee on Appropriations,True,7985000.0,42,284832200.7,157,75.0,131119181.0,Department of Veterans Affairs,0.07432334285575948,0.7058281517429296
Marjorie Taylor Greene,G000596,PLTR,defense,2025-07-15,2025-07-22,1001.0,,False,4950000.0,21,96842953.79999998,21,1.0,19554395.0,Department of Defense,0.23953425763898228,0.7048846265220402
Ro Khanna,K000389,MSFT,fedtech,2022-04-27,2022-05-06,1001.0,House Committee on Armed Services; House Committee on Oversight and Government Reform,True,6990000.0,51,20891725.130000003,37,57.0,4799642.8,DEPARTMENT OF DEFENSE (DOD),-0.015429701292281606,0.704701691831204
Ro Khanna,K000389,MSFT,fedtech,2023-02-03,2023-03-03,1001.0,House Committee on Armed Services; House Committee on Oversight and Government Reform,True,6677000.0,42,14502738.95,23,55.0,3243967.0,Department of Homeland Security,0.3003290110315462,0.7037767961553878
Ro Khanna,K000389,MSFT,fedtech,2018-06-13,2018-07-11,1001.0,House Committee on Armed Services; House Committee on Oversight and Government Reform,True,7112500.0,49,47790764.669999994,54,63.0,6229600.96,DEPARTMENT OF DEFENSE (DOD),0.050173525037183975,0.7036463751215986
Bill Hagerty,H000601,BA,defense,2021-06-08,2021-07-08,1001.0,Senate Committee on Appropriations,True,8112500.0,49,3041253866.59,7382,97.0,238527268.77,DEPARTMENT OF DEFENSE (DOD),-0.10986706757398312,0.7035364078371883
Ro Khanna,K000389,MSFT,fedtech,2018-03-08,2018-04-13,1001.0,House Committee on Armed Services; House Committee on Oversight and Government Reform,True,6822500.0,52,49122938.75,45,63.0,7023833.83,DEPARTMENT OF DEFENSE (DOD),0.07126972360478656,0.703467483502326
Ro Khanna,K000389,MSFT,fedtech,2022-04-26,2022-05-06,1001.0,House Committee on Armed Services; House Committee on Oversight and Government Reform,True,6990000.0,51,20891725.130000003,37,58.0,4799642.8,DEPARTMENT OF DEFENSE (DOD),0.02061283398712166,0.7029420873460267
Kevin Hern,H001082,RTX,defense,2021-09-02,2021-10-07,50001.0,,False,8570000.0,35,2242824540.29,1108,27.0,627062332.0,DEPARTMENT OF DEFENSE (DOD),0.017979654601372186,0.7028135408500579
Gilbert Cisneros,C001123,LMT,defense,2025-04-29,2025-05-06,1001.0,House Committee on Armed Services,True,8490690.0,33,1753594195.6599998,982,93.0,572683529.0,Department of Defense,-0.04499033369757077,0.7027017229131797
Josh Gottheimer,G000583,MSFT,fedtech,2023-10-27,2023-11-11,1001.0,House Permanent Select Committee on Intelligence,True,8585000.0,40,11450352.0,7,56.0,5613556.0,Department of Justice,0.23568114975288812,0.7022917692011067
John Boozman,B001236,MSFT,fedtech,2025-04-16,2025-05-14,1001.0,Senate Committee on Appropriations,True,6415000.0,48,45896830.14,25,63.0,14312199.47,Department of State,0.405990150964721,0.7020195734883011
Richard W. Allen,A000372,PFE,pharma,2021-07-15,2023-08-10,15001.0,House Committee on Energy and Commerce,True,3900000.0,40,9237975087.869999,350,125.0,5737132500.0,DEPARTMENT OF DEFENSE (DOD),0.2404589673235218,0.7019494867648082
Ro Khanna,K000389,MSFT,fedtech,2023-07-06,2023-07-11,1001.0,House Committee on Armed Services; House Committee on Oversight and Government Reform,True,13672000.0,45,37004154.31,38,67.0,16036780.0,Department of State,0.033785565681132335,0.701893964236527
Ro Khanna,K000389,PLTR,defense,2025-04-23,2025-05-12,15001.0,House Committee on Armed Services,True,4920000.0,21,133878965.66000001,24,84.0,19554395.0,Department of Defense,0.5490974013092642,0.701655938698375
Josh Gottheimer,G000583,MSFT,fedtech,2023-01-04,2023-02-17,250001.0,House Permanent Select Committee on Intelligence,True,6590000.0,43,13405383.66,11,85.0,3243967.0,Department of Homeland Security,0.33308598865124406,0.7015366269855118
Julia Letlow,L000595,MSFT,fedtech,2024-10-23,2026-01-13,1001.0,House Committee on Appropriations,True,6750000.0,44,13486643.570000002,7,56.0,7888724.2,Department of Justice,-0.019948186528497502,0.7013112478042486
Michael T. McCaul,M001157,MSFT,fedtech,2018-08-06,2018-08-13,50001.0,,False,6845000.0,46,26819992.61,29,9.0,6229600.96,DEPARTMENT OF DEFENSE (DOD),0.003606769629150186,0.7012119277117973
John A. Yarmuth,Y000062,BA,defense,2018-10-12,2018-11-12,1001.0,,False,9250000.0,43,1052533958.4200001,5950,13.0,122599734.0,DEPARTMENT OF DEFENSE (DOD),0.12174057926744597,0.7010299071644943
Cleo Fields,F000110,MSFT,fedtech,2025-06-03,2025-07-01,250001.0,,False,6687500.0,47,38297649.84,22,15.0,14312199.47,Department of State,0.12255653714063541,0.7004179365222748
Ro Khanna,K000389,MSFT,fedtech,2024-04-23,2024-05-06,1001.0,House Committee on Armed Services; House Committee on Oversight and Government Reform,True,6664000.0,45,20407595.78,16,59.0,8431014.74,Department of Justice,0.04065559290428644,0.7003975695358855
Ro Khanna,K000389,MSFT,fedtech,2018-06-11,2018-07-11,1001.0,House Committee on Armed Services; House Committee on Oversight and Government Reform,True,7112500.0,49,47790764.669999994,54,65.0,6229600.96,DEPARTMENT OF DEFENSE (DOD),0.11093518060366159,0.7003723195584896
Ro Khanna,K000389,MSFT,fedtech,2025-11-24,2025-12-08,1001.0,House Committee on Armed Services; House Committee on Oversight and Government Reform,True,6255000.0,40,8059419.9,6,53.0,2207391.0,Department of Transportation,-0.2136286919831224,0.7002845859626404
Bob Gibbs,G000563,BA,defense,2018-10-04,2018-10-04,15001.0,,False,9250000.0,43,965715171.46,6047,21.0,122599734.0,DEPARTMENT OF DEFENSE (DOD),-0.0065642708787404525,0.7000338093884738
Josh Gottheimer,G000583,IBM,fedtech,2024-09-13,2024-10-03,1001.0,House Permanent Select Committee on Intelligence,True,6020000.0,6,196693351.76000002,35,74.0,120024000.04,General Services Administration,0.012151403696633922,0.7000044970820155
Ro Khanna,K000389,ACN,fedtech,2023-10-10,2023-11-08,15001.0,House Committee on Armed Services; House Committee on Oversight and Government Reform,True,2095000.0,26,163381806.82,35,80.0,40429213.05,Department of Veterans Affairs,0.17395619877049184,0.6993749020827559
Kurt Schrader,S001180,JNJ,pharma,2021-06-08,2021-07-07,15001.0,,False,4500000.0,29,35761580.94,3139,6.0,571018.22,DEPARTMENT OF DEFENSE (DOD),-0.02129873309260044,0.6989284124818159
Katie Britt,B001319,MSFT,fedtech,2025-04-14,2026-01-26,1001.0,Senate Committee on Appropriations,True,6415000.0,48,45896830.14,25,65.0,14312199.47,Department of State,0.36468889404605354,0.698745517925192
Ro Khanna,K000389,MRK,pharma,2026-03-10,2026-04-07,15001.0,,False,7510000.0,30,363672028.7899999,11,17.0,361340129.54,Department of Health and Human Services,,0.6977953865702776
Lloyd Doggett,D000399,JNJ,pharma,2026-03-10,2026-04-06,1001.0,House Committee on Ways and Means,True,6480000.0,35,315000.33999999997,4,37.0,133500.0,Department of Veterans Affairs,,0.6977603636388552
Ro Khanna,K000389,MSFT,fedtech,2023-10-10,2023-11-08,15001.0,House Committee on Armed Services; House Committee on Oversight and Government Reform,True,8870000.0,43,11879034.66,8,73.0,5613556.0,Department of Justice,0.2608483814976097,0.6973774985141524
Ro Khanna,K000389,ORCL,fedtech,2024-01-10,2024-02-05,1001.0,House Committee on Armed Services; House Committee on Oversight and Government Reform,True,7960000.0,45,950021.0,1,44.0,950021.0,Federal Communications Commission,0.12240184757505768,0.6972697491562735
Suzan K. Delbene,D000617,MSFT,fedtech,2021-08-31,2021-09-15,5000001.0,,False,7275000.0,55,60513617.089999996,17,28.0,33979056.0,DEPARTMENT OF DEFENSE (DOD),0.1327348615343844,0.6965975018096795
Josh Gottheimer,G000583,MSFT,fedtech,2023-05-16,2023-06-11,1000001.0,House Permanent Select Committee on Intelligence,True,13722000.0,46,36707427.25999999,42,118.0,16036780.0,Department of State,0.07801372938987616,0.6964113554280966
Gilbert Cisneros,C001123,RTX,defense,2020-12-22,2021-01-11,1001.0,House Committee on Armed Services,True,5570000.0,41,1676961956.5600002,862,94.0,291502486.0,DEPARTMENT OF DEFENSE (DOD),0.13891696750902538,0.6961902135501185
Michael T. McCaul,M001157,CVX,energy,2020-10-05,2020-11-30,250001.0,,False,3650000.0,13,6727433.53,22,8.0,1095387.72,DEPARTMENT OF DEFENSE (DOD),0.1975240715268225,0.6950501399700629
Lisa Mcclain,M001136,MSFT,fedtech,2025-06-09,2025-08-13,15001.0,,False,6687500.0,46,38297649.84,22,9.0,14312199.47,Department of State,0.10836594394500265,0.6950271173229987
Julia Letlow,L000595,IBM,fedtech,2026-02-02,2026-03-12,1001.0,House Committee on Appropriations,True,1410000.0,2,45710917.62,19,57.0,11842802.72,General Services Administration,0.04607123566231364,0.6948330479953294
Ro Khanna,K000389,NOC,defense,2019-02-20,2019-03-08,1001.0,House Committee on Armed Services,True,9286000.0,22,1214664830.08,1187,98.0,237597723.0,DEPARTMENT OF DEFENSE (DOD),0.12351675803205864,0.6939616124765557
Lois Frankel,F000462,GD,defense,2022-10-19,2022-11-18,1001.0,House Committee on Appropriations,True,3695000.0,29,119868194.38000001,71,71.0,26000000.0,DEPARTMENT OF HOMELAND SECURITY (DHS),-0.03371349793207168,0.6934675558068422
Thomas Suozzi,S001201,BA,defense,2018-10-01,2021-09-23,15001.0,,False,9250000.0,42,961121947.1,5999,24.0,122599734.0,DEPARTMENT OF DEFENSE (DOD),-0.04546286850296899,0.6921934983095337
John Boozman,B001236,LLY,pharma,2025-08-22,2025-09-12,1001.0,Senate Committee on Appropriations,True,22475000.0,37,229740.8,2,45.0,229740.8,Department of Veterans Affairs,0.5125899280575541,0.6917006663135171
Cleo Fields,F000110,PLTR,defense,2025-06-30,2025-07-01,50001.0,,False,4920000.0,20,101724025.04999998,22,16.0,19554395.0,Department of Defense,0.39084507042253525,0.6916281963409385
Ro Khanna,K000389,GD,defense,2018-08-28,2018-09-12,1001.0,House Committee on Armed Services,True,7496841.0,42,570851199.39,2023,91.0,77288868.03,DEPARTMENT OF DEFENSE (DOD),-0.22211430324097747,0.6914424298730634
Ro Khanna,K000389,CVX,energy,2025-06-20,2025-07-09,1001.0,,False,5950000.0,14,40684857.82,20,3.0,4380984.72,Department of Defense,0.03296556335673673,0.69103072022098
Ro Khanna,K000389,GD,defense,2018-05-08,2018-06-08,15001.0,House Committee on Armed Services,True,7470362.0,45,400784627.15000004,2750,108.0,32472125.0,DEPARTMENT OF DEFENSE (DOD),-0.028253681995792035,0.6907879532542603
Josh Gottheimer,G000583,MSFT,fedtech,2021-06-22,2021-07-15,50001.0,House Permanent Select Committee on Intelligence,True,7320000.0,57,62492358.85,24,98.0,33979056.0,DEPARTMENT OF DEFENSE (DOD),0.157809498700614,0.690724786383819
Tommy Tuberville,T000278,MSFT,fedtech,2022-09-19,2022-10-12,250001.0,Senate Committee on Armed Services,True,6520000.0,44,13481014.91,16,94.0,3697577.0,DEPARTMENT OF JUSTICE (DOJ),-0.01705381972844766,0.6903726955044851
Ro Khanna,K000389,IBM,fedtech,2025-01-17,2025-02-06,1001.0,House Committee on Armed Services; House Committee on Oversight and Government Reform,True,2040000.0,4,52259514.40999999,21,63.0,16231834.0,General Services Administration,0.19404777792606454,0.6902665336319159
Josh Gottheimer,G000583,MSFT,fedtech,2023-05-15,2023-06-11,500001.0,House Permanent Select Committee on Intelligence,True,13722000.0,46,36707427.25999999,42,119.0,16036780.0,Department of State,0.0720933238544561,0.6898763694586587
Patrick Fallon,F000246,BA,defense,2021-04-05,2021-06-17,100001.0,House Permanent Select Committee on Intelligence; House Committee on Armed Services,True,8114500.0,48,3238771657.1,7515,161.0,238527268.77,DEPARTMENT OF DEFENSE (DOD),-0.11671036397285628,0.6897289235480137
Greg Gianforte,G000584,XOM,energy,2019-01-28,2019-03-06,100001.0,,False,6250000.0,22,17108380.44,233,13.0,3894207.62,DEPARTMENT OF DEFENSE (DOD),0.019230769230769384,0.6891097731891003
Ro Khanna,K000389,CVX,energy,2018-12-17,2019-01-11,15001.0,,False,4500000.0,10,4220548.73,112,2.0,3294676.02,DEPARTMENT OF DEFENSE (DOD),0.07754557581147181,0.6884018947195815
Ro Khanna,K000389,ORCL,fedtech,2024-07-01,2024-08-07,1001.0,House Committee on Armed Services; House Committee on Oversight and Government Reform,True,6975000.0,44,329658560.8,4,88.0,299999848.61,Department of Veterans Affairs,0.21203438395415475,0.688330629537542
Ro Khanna,K000389,BA,defense,2017-11-30,2017-12-12,15001.0,House Committee on Armed Services,True,9710000.0,43,631084225.17,4364,120.0,235981481.0,DEPARTMENT OF DEFENSE (DOD),0.1648843930635837,0.6874688821603461
Earl Blumenauer,B000574,XOM,energy,2018-02-28,2018-03-06,1001.0,,False,6240000.0,25,63568101.099999994,12,6.0,18646803.61,DEPARTMENT OF DEFENSE (DOD),0.08225508317929764,0.6869268148788967
Patrick Fallon,F000246,BA,defense,2021-02-23,2021-06-17,100001.0,House Permanent Select Committee on Intelligence; House Committee on Armed Services,True,8114500.0,48,1799215672.35,6836,155.0,231514652.0,DEPARTMENT OF DEFENSE (DOD),0.14826513294361687,0.6867813277901549
John Mcguire,M001239,MSFT,fedtech,2026-04-15,2026-05-13,1001.0,House Committee on Armed Services; House Committee on Oversight and Government Reform,True,6555000.0,39,22858531.619999997,6,68.0,8148580.17,Department of Justice,,0.686622493326274
Ro Khanna,K000389,BA,defense,2018-11-13,2018-12-10,1001.0,House Committee on Armed Services,True,9240000.0,44,1117705618.17,6089,104.0,65222588.52,DEPARTMENT OF DEFENSE (DOD),0.0790535320877801,0.6864858778490551
Patrick Fallon,F000246,MSFT,fedtech,2021-01-19,2021-06-17,500001.0,House Permanent Select Committee on Intelligence; House Committee on Armed Services; House Committee on Oversight and Government Reform,True,3735000.0,46,20136516.8,14,101.0,6872057.0,DEPARTMENT OF DEFENSE (DOD),0.12326741822214005,0.6860832132437269
Pete Sessions,S000250,MSFT,fedtech,2022-04-15,2022-04-17,1001.0,House Committee on Oversight and Government Reform,True,7160000.0,54,22309850.13,39,69.0,4799642.8,DEPARTMENT OF DEFENSE (DOD),0.04616426636246995,0.6858152546078158
Ro Khanna,K000389,IBM,fedtech,2023-06-26,2023-07-11,1001.0,House Committee on Armed Services; House Committee on Oversight and Government Reform,True,2560000.0,4,92852221.24,42,72.0,35872639.9,Department of Homeland Security,0.049109182275011376,0.6849614320300181
Ro Khanna,K000389,ORCL,fedtech,2026-04-24,2026-05-11,1001.0,House Committee on Armed Services; House Committee on Oversight and Government Reform,True,3480000.0,23,1501500.0,3,48.0,1380000.0,Office of Personnel Management,,0.6847490100038199
Jerry Moran,M000934,CVX,energy,2020-08-21,2020-09-08,1001.0,Senate Committee on Appropriations,True,3650000.0,13,3210661.23,5,53.0,1095387.72,DEPARTMENT OF DEFENSE (DOD),0.011871180065820441,0.6840665781306624
Ro Khanna,K000389,ORCL,fedtech,2019-03-26,2019-04-11,1001.0,House Committee on Armed Services; House Committee on Oversight and Government Reform,True,5070000.0,31,6750.0,1,24.0,6750.0,DEPARTMENT OF JUSTICE (DOJ),0.09065315315315314,0.6839770815717195
Abigail Spanberger,S001209,LHX,defense,2022-09-01,2022-09-04,1001.0,,False,2240000.0,8,136975882.47,43,6.0,87228043.0,DEPARTMENT OF DEFENSE (DOD),-0.0847509780649699,0.6835160217074122
Ro Khanna,K000389,IBM,fedtech,2026-04-24,2026-05-11,15001.0,House Committee on Armed Services; House Committee on Oversight and Government Reform,True,800000.0,1,20044775.339999996,6,68.0,8803092.53,Department of the Treasury,,0.6830430579035023
Lisa Mcclain,M001136,CVX,energy,2025-06-17,2025-08-13,1001.0,,False,5950000.0,14,46646316.38,25,6.0,4380984.72,Department of Defense,0.021901242861941617,0.6830077242748969
Diana Harshbarger,H001086,JNJ,pharma,2022-05-05,2022-05-26,1001.0,House Committee on Energy and Commerce,True,4750000.0,32,22536499.11,2226,68.0,585202.15,DEPARTMENT OF DEFENSE (DOD),-0.0793165874632269,0.682766189793945
Dan Newhouse,N000189,ACN,fedtech,2024-04-10,2024-04-25,1001.0,House Committee on Appropriations,True,2420000.0,21,153389718.76999998,62,77.0,29619221.01,Department of the Treasury,-0.026263871763255175,0.6824993857495242
Ro Khanna,K000389,PFE,pharma,2023-06-26,2023-07-11,15001.0,,False,13815000.0,45,712774.84,4,2.0,282364.84,Department of Health and Human Services,-0.1751152073732719,0.6819163407686898
Ro Khanna,K000389,MSFT,fedtech,2024-10-11,2024-11-08,1001.0,House Committee on Armed Services; House Committee on Oversight and Government Reform,True,6976000.0,44,13486643.570000002,7,68.0,7888724.2,Department of Justice,-0.00984819369715595,0.6815895220739041
John Rutherford,R000609,RTX,defense,2022-02-24,2022-03-16,1001.0,House Committee on Appropriations,True,7430000.0,31,1448016667.77,717,110.0,634522630.0,DEPARTMENT OF DEFENSE (DOD),-0.0005305039787798504,0.6807087463335965
Ro Khanna,K000389,GD,defense,2019-01-18,2019-02-12,15001.0,House Committee on Armed Services,True,10184719.0,40,743224556.8500001,1518,131.0,54931621.0,DEPARTMENT OF DEFENSE (DOD),0.004211650255071753,0.6807014977936824
Michael T. McCaul,M001157,CVX,energy,2025-06-05,2025-07-07,50001.0,,False,5950000.0,14,47668597.419999994,28,18.0,4380984.72,Department of Defense,0.12162162162162171,0.680035336029916
Patrick Fallon,F000246,BA,defense,2021-01-19,2021-06-17,100001.0,House Permanent Select Committee on Intelligence; House Committee on Armed Services,True,4572000.0,30,1292539349.1,5177,150.0,169460000.0,DEPARTMENT OF DEFENSE (DOD),0.06506573015044359,0.6796464371101791
Daniel Goldman,G000599,PFE,pharma,2023-03-06,2023-04-17,15001.0,,False,14430000.0,46,189113656.02,5,24.0,188215349.18,Department of Health and Human Services,-0.11311116516662612,0.6795919760326227
Gilbert Cisneros,C001123,MSFT,fedtech,2025-11-12,2025-12-15,1001.0,House Committee on Armed Services,True,6255000.0,40,8059419.9,6,65.0,2207391.0,Department of Transportation,-0.21379661149587192,0.6795030576637927
Josh Gottheimer,G000583,MSFT,fedtech,2018-02-06,2019-08-13,15001.0,House Permanent Select Committee on Intelligence,True,6815000.0,51,33599065.2,40,93.0,7023833.83,DEPARTMENT OF DEFENSE (DOD),0.12219424066571771,0.679112595887575
John Boozman,B001236,PFE,pharma,2023-12-20,2024-01-08,1001.0,Senate Committee on Appropriations,True,8860000.0,40,339861928.64,4,99.0,339830553.64,Department of Health and Human Services,-0.08107129931234158,0.6784295417492485
Patrick Fallon,F000246,MSFT,fedtech,2021-05-26,2021-07-02,250001.0,House Permanent Select Committee on Intelligence; House Committee on Armed Services; House Committee on Oversight and Government Reform,True,7260000.0,57,66388661.85,27,125.0,33979056.0,DEPARTMENT OF DEFENSE (DOD),0.19114080082707052,0.6782167822364193
Lloyd Doggett,D000399,JNJ,pharma,2025-06-10,2025-07-07,1001.0,House Committee on Ways and Means,True,5860000.0,39,18087672.25,1372,71.0,891053.07,Department of Defense,0.21246404602109314,0.6781638865039767
Ro Khanna,K000389,IBM,fedtech,2026-01-23,2026-02-06,1001.0,House Committee on Armed Services; House Committee on Oversight and Government Reform,True,1410000.0,2,45710917.62,19,67.0,11842802.72,General Services Administration,-0.14276432772534542,0.6780866471745327
Josh Gottheimer,G000583,MSFT,fedtech,2025-02-14,2025-03-06,500001.0,House Permanent Select Committee on Intelligence,True,6455000.0,47,38760300.84,13,124.0,14312199.47,Department of State,0.17312636192248365,0.6774805739693142
Ro Khanna,K000389,MSFT,fedtech,2026-03-23,2026-04-07,15001.0,House Committee on Armed Services; House Committee on Oversight and Government Reform,True,6605000.0,40,23108531.619999997,7,91.0,8148580.17,Department of Justice,,0.6770736529307032
Roger W. Marshall,M001198,MSFT,fedtech,2018-08-22,2018-09-05,1001.0,,False,6847500.0,46,22824419.34,29,6.0,3421477.44,DEPARTMENT OF DEFENSE (DOD),-0.05184008966934428,0.6768351823474565
Christopher L. Jacobs,J000020,XOM,energy,2022-07-18,2022-09-09,1001.0,,False,3990000.0,15,9054990.0,1,1.0,9054990.0,DEPARTMENT OF DEFENSE (DOD),0.3255516840882695,0.6765884454432357
Gilbert Cisneros,C001123,IBM,fedtech,2026-04-14,2026-05-08,15001.0,House Committee on Armed Services,True,1410000.0,2,23741111.819999997,8,78.0,8803092.53,Department of the Treasury,,0.6765806357616404
Ro Khanna,K000389,MSFT,fedtech,2025-11-10,2025-12-08,1001.0,House Committee on Armed Services; House Committee on Oversight and Government Reform,True,6255000.0,40,8059419.9,6,67.0,2207391.0,Department of Transportation,-0.19810276679841898,0.6763009564372866
Ro Khanna,K000389,GD,defense,2018-05-15,2018-06-08,1001.0,House Committee on Armed Services,True,7470362.0,45,391315314.22999996,2735,101.0,32472125.0,DEPARTMENT OF DEFENSE (DOD),-0.027027027027027084,0.6758100144898547
Ro Khanna,K000389,BA,defense,2018-04-03,2018-05-10,1001.0,House Committee on Armed Services,True,9570000.0,42,990264241.31,6041,114.0,91237020.0,DEPARTMENT OF DEFENSE (DOD),0.06632005320113654,0.6756362593529168
Josh Gottheimer,G000583,ORCL,fedtech,2021-05-19,2021-06-15,1001.0,House Permanent Select Committee on Intelligence,True,8120000.0,41,17412669.02,5,75.0,12000000.0,DEPARTMENT OF DEFENSE (DOD),0.10807721615443233,0.675572998616357
Michael T. McCaul,M001157,MRK,pharma,2021-04-28,2021-05-26,250001.0,,False,5746000.0,32,1208041510.2,2,40.0,1207999848.0,DEPARTMENT OF DEFENSE (DOD),-0.006745362563237878,0.6746857234765199
Julia Letlow,L000595,BAH,fedtech,2024-10-23,2026-01-13,1001.0,House Committee on Appropriations,True,1260000.0,13,108401060.45,58,75.0,16285359.0,Department of Veterans Affairs,-0.3040548817836579,0.6740816636618303
Michael T. McCaul,M001157,MSFT,fedtech,2025-07-11,2025-08-13,100001.0,,False,6617500.0,43,18850207.419999998,20,19.0,3949570.2,Department of Defense,0.00532464436144009,0.6740770882781886
Julie Johnson,J000310,CVX,energy,2025-07-25,2025-08-14,1001.0,,False,5310000.0,14,22656251.98,14,6.0,3548936.16,Department of Defense,-0.0328726427279773,0.673832022691666
Susie Lee,L000590,NOC,defense,2019-01-30,2019-03-04,1001.0,House Committee on Appropriations,True,9286000.0,22,1264562738.46,1395,119.0,237597723.0,DEPARTMENT OF DEFENSE (DOD),0.10323338793533221,0.6733858350113721
Valerie Hoyle,H001094,MSFT,fedtech,2025-06-09,2025-09-12,1001.0,,False,6687500.0,46,38297649.84,22,9.0,14312199.47,Department of State,0.10836594394500265,0.6730012835295628
Ro Khanna,K000389,ORCL,fedtech,2023-05-23,2023-06-12,1001.0,House Committee on Armed Services; House Committee on Oversight and Government Reform,True,7735000.0,51,27614074.15,5,80.0,24638342.53,Department of Veterans Affairs,0.14542317840470864,0.6729928630117108
Suzan K. Delbene,D000617,MSFT,fedtech,2020-08-31,2020-09-14,5000001.0,,False,6905000.0,58,8994319.74,7,29.0,3912274.53,DEPARTMENT OF STATE (DOS),-0.006118919877621587,0.6728004296277
Josh Gottheimer,G000583,ORCL,fedtech,2022-07-15,2022-08-29,1001.0,House Permanent Select Committee on Intelligence,True,7085000.0,49,1506065.01,7,59.0,510107.76,DEPARTMENT OF DEFENSE (DOD),0.11012157195363304,0.6727052492896518
Cleo Fields,F000110,MSFT,fedtech,2025-07-16,2025-08-06,15001.0,,False,6597500.0,43,18850207.419999998,20,14.0,3949570.2,Department of Defense,-0.004608203789407073,0.6724790579863968
Ro Khanna,K000389,ORCL,fedtech,2026-04-13,2026-05-11,1001.0,House Committee on Armed Services; House Committee on Oversight and Government Reform,True,6950000.0,44,1501500.0,3,59.0,1380000.0,Office of Personnel Management,,0.6724510700342307
Roger W. Marshall,M001198,MSFT,fedtech,2018-08-07,2018-09-05,1001.0,,False,6845000.0,46,26819992.61,29,8.0,6229600.96,DEPARTMENT OF DEFENSE (DOD),0.002847171197648768,0.6724205776014227
Ro Khanna,K000389,LMT,defense,2018-06-15,2018-07-11,15001.0,House Committee on Armed Services,True,7834111.0,42,677235696.9300001,14502,137.0,111535109.0,DEPARTMENT OF DEFENSE (DOD),0.06803379119107511,0.6721594166770763
Ro Khanna,K000389,ORCL,fedtech,2026-03-30,2026-04-07,15001.0,House Committee on Armed Services; House Committee on Oversight and Government Reform,True,7000000.0,45,1501500.0,3,73.0,1380000.0,Office of Personnel Management,,0.6721224387600385
Lisa Mcclain,M001136,MSFT,fedtech,2024-12-11,2025-08-13,1001.0,,False,6770000.0,44,19746297.53,8,7.0,7888724.2,Department of Justice,-0.1506492349495534,0.6720249847814517
Ron Wyden,W000779,MSFT,fedtech,2020-07-06,2020-07-31,15001.0,Senate Select Committee on Intelligence,True,7414000.0,55,6451033.89,4,85.0,3912274.53,DEPARTMENT OF STATE (DOS),-0.02026578073089691,0.6720245141314781
Jared Moskowitz,M001217,MSFT,fedtech,2023-09-01,2024-08-21,1001.0,,False,8855000.0,42,34262553.31,22,10.0,16036780.0,Department of State,0.12843059696951253,0.6720154568622125
Ro Khanna,K000389,ACN,fedtech,2023-10-06,2023-11-08,1001.0,House Committee on Armed Services; House Committee on Oversight and Government Reform,True,2095000.0,26,163302100.82,34,84.0,40429213.05,Department of Veterans Affairs,0.1862647746564592,0.6719822810397735
Ro Khanna,K000389,NOC,defense,2018-02-27,2018-03-09,1001.0,House Committee on Armed Services,True,8175000.0,21,306440952.52,1111,104.0,66382992.0,DEPARTMENT OF DEFENSE (DOD),-0.133093932025109,0.6709804089920802
John Boozman,B001236,LLY,pharma,2025-08-11,2025-09-12,1001.0,Senate Committee on Appropriations,True,22475000.0,37,229740.8,2,56.0,229740.8,Department of Veterans Affairs,0.5462674349044425,0.6707665682354229
Gilbert Cisneros,C001123,PLTR,defense,2026-01-09,2026-02-13,1001.0,House Committee on Armed Services,True,4675000.0,23,297281538.35,16,98.0,94687811.42,Department of Agriculture,-0.22874528142430572,0.6707392022272216
Michael T. McCaul,M001157,MSFT,fedtech,2018-07-24,2018-08-13,100001.0,,False,6845000.0,46,26825989.61,30,22.0,6229600.96,DEPARTMENT OF DEFENSE (DOD),-0.042262678803641096,0.6703463973536083
Josh Gottheimer,G000583,MSFT,fedtech,2024-02-12,2024-03-07,1000001.0,House Permanent Select Committee on Intelligence,True,6203000.0,44,18925748.59,11,130.0,8431014.74,Department of Justice,0.04194962192361418,0.6699758883048607
Blake Moore,M001213,JNJ,pharma,2021-03-26,2021-07-17,1001.0,House Committee on Ways and Means,True,5130000.0,26,32080306.740000002,3275,80.0,571018.22,DEPARTMENT OF DEFENSE (DOD),0.042078457527435775,0.669906559483981
Ro Khanna,K000389,ACN,fedtech,2025-06-23,2025-07-09,1001.0,House Committee on Armed Services; House Committee on Oversight and Government Reform,True,2700000.0,30,258303909.68000004,43,92.0,78150743.4,Department of the Treasury,-0.15081355932203389,0.6698598512618034
Suzan K. Delbene,D000617,MSFT,fedtech,2021-08-30,2021-09-15,250001.0,,False,7275000.0,55,60858117.09,18,29.0,33979056.0,DEPARTMENT OF DEFENSE (DOD),0.12404888171547168,0.6698483452215964
Patrick Fallon,F000246,CVX,energy,2021-04-05,2021-06-17,100001.0,,False,3570000.0,12,103048504.08,82,25.0,53515839.09,DEPARTMENT OF DEFENSE (DOD),-0.018275763084872332,0.6698252374957132
Sheldon Whitehouse,W000802,MSFT,fedtech,2024-06-13,2024-07-16,1001.0,,False,6669000.0,46,21409322.119999997,15,8.0,8431014.74,Department of Justice,-0.05720367770279444,0.669666361841603
Ro Khanna,K000389,ACN,fedtech,2023-06-29,2023-07-11,1001.0,House Committee on Armed Services; House Committee on Oversight and Government Reform,True,2460000.0,29,259804904.81,59,92.0,37059405.65,Department of State,-0.059319560211461675,0.6688530840222233
Diana Harshbarger,H001086,JNJ,pharma,2022-04-25,2022-05-26,1001.0,House Committee on Energy and Commerce,True,4750000.0,33,24297362.29,2419,78.0,585202.15,DEPARTMENT OF DEFENSE (DOD),-0.10687597440997798,0.6687660706522724
Richard Dean Mccormick,M001218,MSFT,fedtech,2025-11-05,2025-12-09,1001.0,House Committee on Armed Services; House Committee on Oversight and Government Reform,True,6255000.0,40,8059419.9,6,72.0,2207391.0,Department of Transportation,-0.19023582301443331,0.6686002113246455
Michael Patrick Guest,G000591,JNJ,pharma,2023-08-07,2023-08-23,1001.0,House Committee on Appropriations,True,4230000.0,32,392219.2,12,50.0,108023.24,Department of Veterans Affairs,-0.08405545927209701,0.6684990623070973
HON. GREG STANTON,S001211,ORCL,fedtech,2023-09-26,2023-11-09,1001.0,,False,8325000.0,45,3547036.58,2,3.0,2597015.58,Department of Health and Human Services,0.0899122807017545,0.6683102978207739
Kevin Hern,H001082,JNJ,pharma,2024-03-05,2024-04-12,1001.0,House Committee on Ways and Means,True,4980000.0,30,222699.41999999998,8,48.0,101000.0,Department of Health and Human Services,-0.08926673751328373,0.6680764532377348
Lloyd Doggett,D000399,JNJ,pharma,2024-03-05,2024-04-09,1001.0,House Committee on Ways and Means,True,4980000.0,30,222699.41999999998,8,48.0,101000.0,Department of Health and Human Services,-0.08926673751328373,0.6680764532377348
Ro Khanna,K000389,BA,defense,2018-10-25,2018-11-09,1001.0,House Committee on Armed Services,True,9240000.0,44,1044474270.66,6093,123.0,65222588.52,DEPARTMENT OF DEFENSE (DOD),0.16570910190505006,0.6677694485849609
Ro Khanna,K000389,MSFT,fedtech,2026-04-02,2026-05-11,1001.0,House Committee on Armed Services; House Committee on Oversight and Government Reform,True,6605000.0,40,22858531.619999997,6,81.0,8148580.17,Department of Justice,,0.6677558538782501
Ro Khanna,K000389,JNJ,pharma,2019-06-03,2019-07-11,15001.0,,False,4650000.0,31,812696.2500000001,167,3.0,111045.0,DEPARTMENT OF VETERANS AFFAIRS (VA),-0.011031649421789358,0.6675889694522746
Josh Gottheimer,G000583,MSFT,fedtech,2022-08-11,2022-09-16,1000001.0,House Permanent Select Committee on Intelligence,True,6615000.0,47,16946182.91,29,133.0,3697577.0,DEPARTMENT OF JUSTICE (DOJ),-0.14493763500801338,0.667191408291864
Kathy Manning,M001135,XOM,energy,2022-07-15,2022-08-10,1001.0,,False,3990000.0,15,9054990.0,1,4.0,9054990.0,DEPARTMENT OF DEFENSE (DOD),0.3410220014194463,0.6668619503859677
Ro Khanna,K000389,ACN,fedtech,2025-06-20,2025-07-09,1001.0,House Committee on Armed Services; House Committee on Oversight and Government Reform,True,2700000.0,30,258293909.68000004,42,95.0,78150743.4,Department of the Treasury,-0.15134737358517014,0.6663207893726953
Gilbert Cisneros,C001123,BA,defense,2025-03-31,2025-04-07,1001.0,House Committee on Armed Services,True,5900000.0,23,1228636689.57,3846,121.0,200887330.0,Department of Defense,0.32559366754617414,0.666101740799243
Ro Khanna,K000389,LMT,defense,2018-08-28,2018-09-12,1001.0,House Committee on Armed Services,True,21831991.0,42,2083182384.82,4239,149.0,528044959.0,DEPARTMENT OF DEFENSE (DOD),-0.22420916322377749,0.6659823510091497
Gilbert Cisneros,C001123,MSFT,fedtech,2026-03-13,2026-04-07,15001.0,House Committee on Armed Services,True,6605000.0,40,23108531.619999997,7,101.0,8148580.17,Department of Justice,,0.6655959579964219
Ro Khanna,K000389,IBM,fedtech,2025-09-29,2025-10-03,1001.0,House Committee on Armed Services; House Committee on Oversight and Government Reform,True,1980000.0,2,17887607.51,21,71.0,5517136.12,Department of the Treasury,0.05025017869907078,0.6655721346512887
Kevin Hern,H001082,JNJ,pharma,2021-06-25,2021-07-14,250001.0,House Committee on Ways and Means,True,4500000.0,29,36807863.019999996,3225,126.0,409788.09,DEPARTMENT OF DEFENSE (DOD),-0.0007916692040679241,0.6654671114717542
Julie Johnson,J000310,MRK,pharma,2025-06-13,2025-07-14,1001.0,,False,10630000.0,33,2101355.6399999997,16,3.0,1854638.73,Department of Health and Human Services,0.048831232407294145,0.665415626465694
Ro Khanna,K000389,XOM,energy,2018-12-10,2019-01-11,1001.0,,False,5720000.0,24,29507285.339999996,280,10.0,11253791.37,DEPARTMENT OF DEFENSE (DOD),0.07042069506140591,0.6653649731040756
Dan Newhouse,N000189,RTX,defense,2024-04-10,2024-04-25,1001.0,House Committee on Appropriations,True,1190000.0,24,76390474.47,26,78.0,50200000.0,National Aeronautics and Space Administration,0.1355564325177585,0.66533741651363
Josh Gottheimer,G000583,MSFT,fedtech,2024-02-13,2024-03-07,500001.0,House Permanent Select Committee on Intelligence,True,6203000.0,43,18925748.59,11,129.0,8431014.74,Department of Justice,0.0854991139988186,0.6651249723208397
Ro Khanna,K000389,JNJ,pharma,2018-04-03,2018-05-10,15001.0,,False,6060000.0,25,13571504.719999999,1951,15.0,279909.44,DEPARTMENT OF DEFENSE (DOD),0.03342423061939992,0.6650855096404514
C. Scott Franklin,F000472,JNJ,pharma,2024-08-07,2025-07-03,1001.0,House Committee on Appropriations,True,4580000.0,30,287928.97000000003,9,51.0,90300.0,Department of Veterans Affairs,-0.05903083700440526,0.6641431380577238
Valerie Hoyle,H001094,MSFT,fedtech,2025-06-06,2025-09-12,1001.0,,False,6687500.0,46,38297649.84,22,12.0,14312199.47,Department of State,0.12370849100727077,0.6641020538316592
Markwayne Mullin,M001190,RTX,defense,2025-12-29,2026-01-16,15001.0,,False,550000.0,15,23301814.380000003,15,8.0,10948099.73,Department of Transportation,-0.047391823012688294,0.6639363437207055
John Fetterman,F000479,MSFT,fedtech,2026-03-30,2026-04-03,1001.0,Senate Committee on Homeland Security and Governmental Affairs,True,6605000.0,40,22858531.619999997,6,84.0,8148580.17,Department of Justice,,0.6637571722166498
Ro Khanna,K000389,MSFT,fedtech,2023-01-09,2023-02-07,1001.0,House Committee on Armed Services; House Committee on Oversight and Government Reform,True,6590000.0,43,13405383.66,11,80.0,3243967.0,Department of Homeland Security,0.3517083480098626,0.6632782840045854
Ro Khanna,K000389,IBM,fedtech,2023-10-02,2023-11-08,1001.0,House Committee on Armed Services; House Committee on Oversight and Government Reform,True,2720000.0,4,85036626.61999999,30,88.0,26450000.0,Agency for International Development,0.3343039772727272,0.6627453679606963
Ro Khanna,K000389,ACN,fedtech,2023-09-29,2023-10-06,1001.0,House Committee on Armed Services; House Committee on Oversight and Government Reform,True,2095000.0,26,155225159.51,30,91.0,40429213.05,Department of Veterans Affairs,0.21568818989938454,0.6626017771427416
Ro Khanna,K000389,MSFT,fedtech,2023-10-02,2023-11-08,1001.0,House Committee on Armed Services; House Committee on Oversight and Government Reform,True,8870000.0,43,10189734.66,7,81.0,5613556.0,Department of Justice,0.26970167806090717,0.6623421405135451
Ro Khanna,K000389,LMT,defense,2018-08-21,2018-09-12,1001.0,House Committee on Armed Services,True,21831991.0,42,2097130361.33,5296,156.0,528044959.0,DEPARTMENT OF DEFENSE (DOD),-0.15546101914362342,0.6617676112987465
Lloyd Doggett,D000399,JNJ,pharma,2022-12-07,2023-01-05,1001.0,House Committee on Ways and Means,True,5900000.0,32,343369.51,14,55.0,50277.7,DEPARTMENT OF VETERANS AFFAIRS (VA),-0.06784444319015626,0.6615724406131104
Dwight Evans,E000296,MSFT,fedtech,2018-08-17,2018-09-26,1001.0,,False,6845000.0,46,22557603.0,29,11.0,3421477.44,DEPARTMENT OF DEFENSE (DOD),-0.04359546384086255,0.6615362867756688
Daniel Goldman,G000599,MSFT,fedtech,2023-03-06,2023-04-17,50001.0,,False,13942000.0,46,15029892.95,26,24.0,3243967.0,Department of Homeland Security,0.3164246506014714,0.6614059485029267
Shelley Moore Capito,C001047,ACN,fedtech,2023-09-22,2023-10-14,1001.0,Senate Committee on Appropriations,True,2095000.0,26,293947899.52,46,98.0,40429213.05,Department of Veterans Affairs,0.1617260906703788,0.661391142857708
Ro Khanna,K000389,MRK,pharma,2022-06-16,2022-07-07,15001.0,,False,5530000.0,22,4826771.010000001,7,12.0,4703860.87,DEPARTMENT OF HEALTH AND HUMAN SERVICES (HHS),0.08587583932147491,0.6613780923524484
Julia Letlow,L000595,PFE,pharma,2025-06-17,2026-01-13,1001.0,House Committee on Appropriations,True,20270000.0,27,907516.0499999999,256,70.0,787274.8,Department of Defense,0.016250000000000098,0.6613492813302148
C. Scott Franklin,F000472,MSFT,fedtech,2022-09-13,2022-10-11,15001.0,House Committee on Appropriations,True,6520000.0,44,13633204.91,17,100.0,3697577.0,DEPARTMENT OF JUSTICE (DOJ),-0.06436763363625542,0.6607891923749666
Gilbert Cisneros,C001123,MSFT,fedtech,2025-02-26,2025-03-06,15001.0,House Committee on Armed Services,True,6405000.0,46,41289504.34,18,112.0,14312199.47,Department of State,0.2444650138843718,0.66032962170254
John Fetterman,F000479,MSFT,fedtech,2026-03-27,2026-04-03,1001.0,Senate Committee on Homeland Security and Governmental Affairs,True,6605000.0,40,23108531.619999997,7,87.0,8148580.17,Department of Justice,,0.6600080911461262
Kevin Hern,H001082,JNJ,pharma,2022-12-06,2023-01-13,1001.0,House Committee on Ways and Means,True,5900000.0,32,343369.51,14,56.0,50277.7,DEPARTMENT OF VETERANS AFFAIRS (VA),-0.05956842703009646,0.6597732960995397
Ron Wyden,W000779,MSFT,fedtech,2020-06-26,2020-07-02,15001.0,Senate Select Committee on Intelligence,True,7414000.0,55,6451033.89,4,95.0,3912274.53,DEPARTMENT OF STATE (DOS),0.07003514490908169,0.6597555571723878
Josh Gottheimer,G000583,MSFT,fedtech,2022-02-10,2022-03-18,500001.0,House Permanent Select Committee on Intelligence,True,7215000.0,54,13014874.93,19,133.0,4799642.8,DEPARTMENT OF DEFENSE (DOD),-0.16333752232290488,0.6596720161112838
Tommy Tuberville,T000278,MSFT,fedtech,2021-02-03,2021-07-23,1001.0,Senate Committee on Armed Services,True,6965000.0,61,18728430.75,15,86.0,6872057.0,DEPARTMENT OF DEFENSE (DOD),0.011152263374485605,0.6596032836888633
Ro Khanna,K000389,MSFT,fedtech,2025-02-25,2025-03-06,15001.0,House Committee on Armed Services; House Committee on Oversight and Government Reform,True,6405000.0,46,41071634.14,17,113.0,14312199.47,Department of State,0.23717014325207342,0.6593169603414156
John James,J000307,ABBV,pharma,2023-11-10,2024-09-02,1001.0,House Committee on Energy and Commerce,True,2330000.0,17,47933.0,2,40.0,47933.0,Department of Health and Human Services,0.2961252615628833,0.6589725143728491
Ro Khanna,K000389,JNJ,pharma,2026-04-13,2026-05-11,15001.0,,False,6390000.0,31,258470.0,3,3.0,133500.0,Department of Veterans Affairs,,0.6587613739515842
Ro Khanna,K000389,ORCL,fedtech,2018-03-07,2018-04-13,15001.0,House Committee on Armed Services; House Committee on Oversight and Government Reform,True,5930000.0,42,2048845.1199999999,10,84.0,1977672.14,GENERAL SERVICES ADMINISTRATION (GSA),-0.12200309358081984,0.6582651439644321
Ro Khanna,K000389,LMT,defense,2017-11-30,2017-12-12,1001.0,House Committee on Armed Services,True,11927190.0,47,259341640.42,39642,120.0,44212901.71,DEPARTMENT OF DEFENSE (DOD),0.04349461017798939,0.6581180540913608
Ro Khanna,K000389,ORCL,fedtech,2025-03-12,2025-04-10,1001.0,House Committee on Armed Services; House Committee on Oversight and Government Reform,True,6805000.0,47,2338301.54,5,71.0,649115.45,Department of Defense,0.5574259394260721,0.6575934642678637
Ron Wyden,W000779,MSFT,fedtech,2020-06-24,2020-07-02,15001.0,Senate Select Committee on Intelligence,True,7414000.0,55,6451033.89,4,97.0,3912274.53,DEPARTMENT OF STATE (DOS),0.08618075212292764,0.6574611513839694
Josh Gottheimer,G000583,RTX,defense,2025-04-23,2025-05-14,1001.0,House Permanent Select Committee on Intelligence,True,670000.0,18,713411550.9,476,99.0,96311341.38,Department of Defense,0.29963418689723964,0.6568329254169349
William R. Keating,K000375,BA,defense,2021-04-14,2021-04-27,1001.0,House Committee on Armed Services,True,8114500.0,48,3013657879.2799997,7346,152.0,238527268.77,DEPARTMENT OF DEFENSE (DOD),-0.05645129342788102,0.6567520225577907
Ro Khanna,K000389,XOM,energy,2018-12-07,2019-01-11,1001.0,,False,5720000.0,24,29539222.349999998,277,13.0,11253791.37,DEPARTMENT OF DEFENSE (DOD),0.06903657908294702,0.656575862011064
Ro Khanna,K000389,MSFT,fedtech,2022-09-29,2022-10-07,1001.0,House Committee on Armed Services; House Committee on Oversight and Government Reform,True,6520000.0,44,11844187.0,14,84.0,3697577.0,DEPARTMENT OF JUSTICE (DOJ),0.04488421052631586,0.6564450885867688
Lisa Mcclain,M001136,NOC,defense,2025-06-17,2025-08-13,1001.0,,False,5355000.0,13,380310164.49,427,23.0,45134321.0,Department of Defense,0.20826636506141227,0.6563522087922701
Ron Wyden,W000779,MSFT,fedtech,2020-06-23,2020-07-02,15001.0,Senate Select Committee on Intelligence,True,7414000.0,55,6451033.89,4,98.0,3912274.53,DEPARTMENT OF STATE (DOS),0.06384032489723146,0.6563329274966804
Ro Khanna,K000389,PLTR,defense,2025-04-04,2025-05-12,1001.0,House Committee on Armed Services,True,4380000.0,20,135378965.66,25,103.0,19554395.0,Department of Defense,1.1707877313876502,0.6559633238822407
Donna Shalala,S001206,LMT,defense,2019-05-20,2020-04-27,1001.0,,False,8028397.0,43,300641157.03,211,24.0,36657519.0,DEPARTMENT OF DEFENSE (DOD),0.15195462120990633,0.6558779925197734
Donna Shalala,S001206,JNJ,pharma,2019-05-20,2020-04-27,1001.0,,False,4650000.0,31,2077272.58,334,3.0,145000.0,DEPARTMENT OF DEFENSE (DOD),-0.06321340846698453,0.6557874316244214
Ro Khanna,K000389,MSFT,fedtech,2022-09-08,2022-10-07,15001.0,House Committee on Armed Services; House Committee on Oversight and Government Reform,True,6520000.0,44,13896164.91,18,105.0,3697577.0,DEPARTMENT OF JUSTICE (DOJ),-0.12993192016091593,0.6556604041583304
Shelley Moore Capito,C001047,GD,defense,2018-04-24,2018-05-14,1001.0,Senate Committee on Appropriations,True,7580362.0,47,390951156.88,2778,122.0,32472125.0,DEPARTMENT OF DEFENSE (DOD),-0.13305107647959646,0.6556424198495723
Ro Khanna,K000389,NOC,defense,2017-09-25,2017-10-10,1001.0,House Committee on Armed Services,True,5955000.0,20,77354076.14999999,448,101.0,14265814.02,DEPARTMENT OF DEFENSE (DOD),0.11412019760457759,0.6555425463311584
Josh Gottheimer,G000583,MSFT,fedtech,2023-06-01,2023-07-11,1001.0,House Permanent Select Committee on Intelligence,True,13722000.0,46,34185441.89999999,38,102.0,16036780.0,Department of State,-0.050604365866859014,0.6551607643997233
C. Scott Franklin,F000472,JNJ,pharma,2024-08-02,2024-08-20,1001.0,House Committee on Appropriations,True,4580000.0,30,287928.97000000003,9,56.0,90300.0,Department of Veterans Affairs,-0.05690264408431811,0.6549441372543187
Michael T. McCaul,M001157,CVX,energy,2021-09-13,2021-10-20,15001.0,,False,3080000.0,11,10764241.08,54,15.0,2123764.27,DEPARTMENT OF DEFENSE (DOD),0.3062161886291721,0.6547824346922253
Ro Khanna,K000389,GD,defense,2018-07-24,2018-08-10,1001.0,House Committee on Armed Services,True,7446841.0,41,495415643.40999997,2298,126.0,77288868.03,DEPARTMENT OF DEFENSE (DOD),-0.1016518424396442,0.6546561124890065
Michael Patrick Guest,G000591,XOM,energy,2021-01-22,2021-11-03,1001.0,House Committee on Appropriations,True,3900000.0,14,1816610.27,55,67.0,228264.04,DEPARTMENT OF DEFENSE (DOD),0.2567994939911449,0.6546396962376472
Ro Khanna,K000389,ORCL,fedtech,2024-05-29,2024-06-05,1001.0,House Committee on Armed Services; House Committee on Oversight and Government Reform,True,7100000.0,50,329658560.8,4,121.0,299999848.61,Department of Veterans Affairs,0.3584936156457088,0.6538963069523919
Ro Khanna,K000389,MSFT,fedtech,2022-09-06,2022-10-07,15001.0,House Committee on Armed Services; House Committee on Oversight and Government Reform,True,6520000.0,44,14049714.91,19,107.0,3697577.0,DEPARTMENT OF JUSTICE (DOJ),-0.095360315893386,0.6537270053294721
Josh Gottheimer,G000583,MSFT,fedtech,2023-05-30,2023-06-11,1001.0,House Permanent Select Committee on Intelligence,True,13722000.0,46,35185147.26,40,104.0,16036780.0,Department of State,-0.05561426285438231,0.6533520836961948
Ro Khanna,K000389,IBM,fedtech,2026-04-13,2026-05-11,1001.0,House Committee on Armed Services; House Committee on Oversight and Government Reform,True,1410000.0,2,23741111.819999997,8,79.0,8803092.53,Department of the Treasury,,0.6531613895355132
Josh Gottheimer,G000583,MSFT,fedtech,2022-08-17,2022-09-16,100001.0,House Permanent Select Committee on Intelligence,True,6600000.0,46,16926682.910000004,29,127.0,3697577.0,DEPARTMENT OF JUSTICE (DOJ),-0.1452354798846629,0.6531304336528543
Ro Khanna,K000389,ORCL,fedtech,2024-05-28,2024-06-05,1001.0,House Committee on Armed Services; House Committee on Oversight and Government Reform,True,7100000.0,50,329658560.8,4,122.0,299999848.61,Department of Veterans Affairs,0.3356896136235843,0.6530321683050972
Josh Gottheimer,G000583,IBM,fedtech,2023-01-11,2023-02-17,1001.0,House Permanent Select Committee on Intelligence,True,2950000.0,4,108305642.99000001,24,100.0,58795728.0,Department of Veterans Affairs,-0.16769929781082193,0.6522275703421471
Kevin Hern,H001082,MSFT,fedtech,2022-06-09,2022-07-15,1001.0,,False,6980000.0,50,20473670.13,38,14.0,4799642.8,DEPARTMENT OF DEFENSE (DOD),-0.11537444767551652,0.6520010371372656
Ritchie John Torres,T000486,LMT,defense,2024-09-26,2025-08-20,1001.0,,False,6992245.0,28,20017211.94,3,14.0,20000000.0,Department of Commerce,-0.13931416695531695,0.6517755338112579
Gilbert Cisneros,C001123,PLTR,defense,2025-03-31,2025-04-07,1001.0,House Committee on Armed Services,True,4380000.0,21,130899309.14000002,25,107.0,19554395.0,Department of Defense,0.8511848341232227,0.6514443320399521
Kathy Manning,M001135,LMT,defense,2022-07-27,2022-08-10,1001.0,,False,11242940.0,39,998670534.72,256,33.0,520273671.0,DEPARTMENT OF DEFENSE (DOD),0.21307773372810757,0.6509613684295086
Ro Khanna,K000389,PFE,pharma,2022-08-08,2022-10-07,1001.0,,False,18855000.0,45,930185.6199999999,112,7.0,896013.99,DEPARTMENT OF DEFENSE (DOD),0.00282428888440589,0.6505096584348119
Lisa Mcclain,M001136,MSFT,fedtech,2025-07-16,2025-08-13,1001.0,,False,6597500.0,43,18850207.419999998,20,14.0,3949570.2,Department of Defense,-0.004608203789407073,0.6504532241929609
Lloyd Doggett,D000399,IBM,fedtech,2023-12-11,2024-01-08,1001.0,,False,2850000.0,4,126207032.47000001,36,18.0,26450000.0,Agency for International Development,0.15778851446394726,0.6503590932446911
Ro Khanna,K000389,MSFT,fedtech,2024-03-20,2024-04-05,1001.0,House Committee on Armed Services; House Committee on Oversight and Government Reform,True,6203000.0,43,19995960.56,13,93.0,8431014.74,Department of Justice,0.03560426122333782,0.6503512715772011
Richard Dean Mccormick,M001218,MSFT,fedtech,2026-03-19,2026-04-07,1001.0,House Committee on Armed Services; House Committee on Oversight and Government Reform,True,6605000.0,40,23108531.619999997,7,95.0,8148580.17,Department of Justice,,0.6503031764070253
Kevin Hern,H001082,MSFT,fedtech,2021-09-09,2021-10-07,1001.0,,False,7265000.0,54,59621419.089999996,14,19.0,33979056.0,DEPARTMENT OF DEFENSE (DOD),0.05648444070647618,0.6502295806966732
Ron Wyden,W000779,MSFT,fedtech,2020-06-17,2020-07-02,15001.0,Senate Select Committee on Intelligence,True,7414000.0,55,6451033.89,4,104.0,3912274.53,DEPARTMENT OF STATE (DOS),0.13086902800658962,0.6498206109995477
Roger Williams,W000816,PFE,pharma,2024-03-01,2024-06-12,1001.0,,False,8000000.0,35,340519421.84999996,5,27.0,339830553.64,Department of Health and Human Services,0.061301241068070667,0.6496612380432737
Thomas Suozzi,S001201,BA,defense,2019-05-13,2021-09-23,1001.0,,False,9280000.0,48,700227025.73,1225,31.0,295282161.43,DEPARTMENT OF DEFENSE (DOD),0.09520704271274871,0.649560192586488
Michael T. McCaul,M001157,ORCL,fedtech,2025-09-11,2025-10-10,1001.0,,False,7390000.0,49,939358.61,2,4.0,745087.4,Department of Health and Human Services,-0.3551614370168258,0.6492592139115637
Ro Khanna,K000389,ACN,fedtech,2025-09-29,2025-10-03,1001.0,House Committee on Armed Services; House Committee on Oversight and Government Reform,True,2420000.0,30,179727582.69,15,106.0,151939116.0,Department of Defense,0.11659919028340093,0.6491003922727984
Josh Gottheimer,G000583,MSFT,fedtech,2021-05-18,2021-06-15,15001.0,House Permanent Select Committee on Intelligence,True,7260000.0,58,66388661.85,27,133.0,33979056.0,DEPARTMENT OF DEFENSE (DOD),0.25399045581701496,0.6489568261799005
Ro Khanna,K000389,ORCL,fedtech,2025-03-06,2025-04-10,1001.0,House Committee on Armed Services; House Committee on Oversight and Government Reform,True,6805000.0,47,2338301.54,5,77.0,649115.45,Department of Defense,0.5387571220352458,0.6488027564864867
Ro Khanna,K000389,MSFT,fedtech,2026-02-24,2026-03-09,15001.0,House Committee on Armed Services; House Committee on Oversight and Government Reform,True,6605000.0,40,23108531.619999997,7,118.0,8148580.17,Department of Justice,-0.0605141388174808,0.6487854248075718
Ro Khanna,K000389,ORCL,fedtech,2018-02-27,2018-03-09,15001.0,House Committee on Armed Services; House Committee on Oversight and Government Reform,True,5930000.0,42,2048845.1199999999,10,92.0,1977672.14,GENERAL SERVICES ADMINISTRATION (GSA),-0.14350482948945387,0.6482312800386097
Ed Case,C001055,MSFT,fedtech,2021-05-03,2021-05-09,50001.0,House Committee on Appropriations,True,7260000.0,59,66151461.85,26,148.0,33979056.0,DEPARTMENT OF DEFENSE (DOD),0.19860239815770653,0.6482090026431647
Pete Sessions,S000250,MSFT,fedtech,2023-09-20,2023-09-23,1001.0,House Committee on Oversight and Government Reform,True,8855000.0,42,11140014.66,10,93.0,5613556.0,Department of Justice,0.22788914175265784,0.6480688797745862
Ro Khanna,K000389,MSFT,fedtech,2025-03-07,2025-04-10,1001.0,House Committee on Armed Services; House Committee on Oversight and Government Reform,True,6405000.0,46,42081350.89,20,103.0,14312199.47,Department of State,0.2654649004601968,0.64760070144703
Kevin Hern,H001082,MSFT,fedtech,2022-12-08,2023-01-13,1001.0,,False,6590000.0,43,14433137.07,11,14.0,3697577.0,DEPARTMENT OF JUSTICE (DOJ),0.16972514147130147,0.6475312596884142
Josh Gottheimer,G000583,MSFT,fedtech,2024-12-20,2025-01-14,1000001.0,House Permanent Select Committee on Intelligence,True,6770000.0,44,34963201.95,12,180.0,14312199.47,Department of State,-0.17746220797068257,0.6475055810994121
Ro Khanna,K000389,NOC,defense,2020-11-03,2020-12-16,1001.0,House Committee on Armed Services,True,5385000.0,19,1008432898.44,467,141.0,291930500.0,DEPARTMENT OF DEFENSE (DOD),-0.01876517288891799,0.6473168065796063
Kevin Hern,H001082,RTX,defense,2024-06-13,2024-07-15,1001.0,,False,1320000.0,25,76300560.04000002,22,14.0,50200000.0,National Aeronautics and Space Administration,0.17994858611825193,0.6471929086288137
Tommy Tuberville,T000278,PFE,pharma,2023-07-25,2023-08-14,1001.0,"Senate Committee on Health, Education, Labor, and Pensions",True,13410000.0,42,430410.0,3,71.0,215205.0,Department of Veterans Affairs,-0.18186724230976803,0.6469508358053458
Tommy Tuberville,T000278,NOC,defense,2022-03-30,2022-04-08,1001.0,Senate Committee on Armed Services,True,7005000.0,19,657311517.15,664,140.0,131212000.0,DEPARTMENT OF DEFENSE (DOD),0.002492665387245463,0.6463763042137433
Daniel Goldman,G000599,LHX,defense,2023-03-06,2023-04-17,1001.0,,False,1440000.0,8,138647491.87,25,17.0,56000000.0,Department of Commerce,-0.07821046234397644,0.6462816167982697
Cleo Fields,F000110,PLTR,defense,2025-06-25,2025-07-01,1001.0,,False,4920000.0,20,101724025.04999998,22,21.0,19554395.0,Department of Defense,0.26298110566829935,0.646232243515148
Michael Patrick Guest,G000591,GD,defense,2023-08-07,2023-08-23,1001.0,House Committee on Appropriations,True,7760000.0,40,356794148.23999995,132,133.0,118744144.71,Department of Veterans Affairs,0.10431797174171398,0.6460175817669026
Michael T. McCaul,M001157,CVX,energy,2021-08-13,2021-10-20,15001.0,,False,3080000.0,11,20267167.13,67,21.0,2184244.65,DEPARTMENT OF DEFENSE (DOD),0.13652412710867012,0.6452987438389508
Bob Gibbs,G000563,MSFT,fedtech,2018-04-11,2018-04-24,15001.0,,False,6732500.0,50,56546260.339999996,59,29.0,7023833.83,DEPARTMENT OF DEFENSE (DOD),0.19388199433921183,0.6452595175047237
Markwayne Mullin,M001190,RTX,defense,2023-09-13,2023-10-12,15001.0,,False,1490000.0,38,9288374.35,32,15.0,3286295.2,Department of Defense,0.12916887241926922,0.6448300924783529
Ro Khanna,K000389,ORCL,fedtech,2018-10-25,2018-11-09,15001.0,House Committee on Armed Services; House Committee on Oversight and Government Reform,True,5570000.0,37,19192094.83,10,118.0,18850000.0,DEPARTMENT OF DEFENSE (DOD),0.09424520433694727,0.6448034316673726
Thomas Macarthur,M001193,CVX,energy,2018-12-10,2019-01-11,1001.0,,False,4500000.0,10,4209523.680000001,113,9.0,3294676.02,DEPARTMENT OF DEFENSE (DOD),0.0922220288846356,0.6443919275126997
Ro Khanna,K000389,CVX,energy,2018-12-10,2019-01-11,1001.0,,False,4500000.0,10,4209523.680000001,113,9.0,3294676.02,DEPARTMENT OF DEFENSE (DOD),0.0922220288846356,0.6443919275126997
Ro Khanna,K000389,MSFT,fedtech,2026-02-05,2026-03-09,50001.0,House Committee on Armed Services; House Committee on Oversight and Government Reform,True,6605000.0,39,25052374.319999997,8,137.0,8148580.17,Department of Justice,0.05842456880128033,0.6440756181940103
Jefferson Shreve,S001229,MSFT,fedtech,2025-05-08,2025-06-22,500001.0,,False,6687500.0,47,43640830.14,24,41.0,14312199.47,Department of State,0.12969851883971972,0.6437665554613238
John James,J000307,MRK,pharma,2023-11-10,2024-09-02,1001.0,House Committee on Energy and Commerce,True,5080000.0,27,679427538.49,6,139.0,679068171.01,Department of Health and Human Services,0.21086892198441665,0.643751470445682
Kevin Hern,H001082,LMT,defense,2021-12-27,2022-01-11,1001.0,,False,11028061.0,36,792932720.5799999,759,35.0,105161234.3,DEPARTMENT OF DEFENSE (DOD),0.2735240379125272,0.6436569766046041
John Curtis,C001114,JNJ,pharma,2022-06-28,2022-07-08,1001.0,,False,4750000.0,32,14151318.850000001,1246,14.0,585202.15,DEPARTMENT OF DEFENSE (DOD),-0.02673222561320221,0.6435534970930475
Ro Khanna,K000389,MSFT,fedtech,2023-09-15,2023-10-06,1001.0,House Committee on Armed Services; House Committee on Oversight and Government Reform,True,8855000.0,42,12197602.66,12,98.0,5613556.0,Department of Justice,0.18184846465992344,0.6432884039696798
Ro Khanna,K000389,ACN,fedtech,2025-05-28,2025-06-10,1001.0,House Committee on Armed Services; House Committee on Oversight and Government Reform,True,2700000.0,30,251525531.79,41,118.0,78150743.4,Department of the Treasury,-0.2640273426374252,0.6424879064951899
Nancy Pelosi,P000197,MSFT,fedtech,2022-05-24,2022-06-03,50001.0,,False,6980000.0,50,20891725.130000003,37,30.0,4799642.8,DEPARTMENT OF DEFENSE (DOD),-0.07961636237578007,0.6422230892349727
Cleo Fields,F000110,MSFT,fedtech,2026-06-11,2026-06-26,1001.0,,False,3272500.0,20,8259764.17,2,11.0,8148580.17,Department of Justice,,0.6421090330649387
Bruce Westerman,W000821,CVX,energy,2025-03-03,2025-04-16,1001.0,House Committee on Natural Resources,True,6140000.0,17,60867722.97,31,112.0,4380984.72,Department of Defense,-0.0491214318374813,0.6420463883193397
Tim Walberg,W000798,CVX,energy,2025-02-07,2026-06-03,15001.0,House Committee on Natural Resources,True,6140000.0,17,50670324.57,26,136.0,4380984.72,Department of Defense,-0.07770934346743552,0.6418436371752902
Ro Khanna,K000389,PFE,pharma,2026-05-15,2026-06-09,1001.0,,False,9940000.0,18,5348106.850000001,3,14.0,4607966.7,Department of Health and Human Services,,0.6414388397223013
Kathy Manning,M001135,PFE,pharma,2022-08-05,2022-09-14,1001.0,,False,18855000.0,45,930185.6199999999,112,10.0,896013.99,DEPARTMENT OF DEFENSE (DOD),0.029632636492794573,0.6414104543688622
C. Scott Franklin,F000472,LMT,defense,2025-02-18,2025-03-18,1001.0,House Committee on Appropriations,True,7458089.0,31,1386708360.8600001,764,163.0,572683529.0,Department of Defense,0.09348018854716011,0.6409500530767128
Shelley Moore Capito,C001047,GD,defense,2018-04-05,2018-05-14,1001.0,Senate Committee on Appropriations,True,7613544.0,48,387538384.36,2807,141.0,32472125.0,DEPARTMENT OF DEFENSE (DOD),-0.12263809782117352,0.6408778342472204
Ro Khanna,K000389,MSFT,fedtech,2022-09-15,2022-10-07,1001.0,House Committee on Armed Services; House Committee on Oversight and Government Reform,True,6520000.0,44,13481014.91,16,98.0,3697577.0,DEPARTMENT OF JUSTICE (DOJ),-0.025063167332300962,0.6408602397284445
Ro Khanna,K000389,IBM,fedtech,2023-05-19,2023-06-12,1001.0,House Committee on Armed Services; House Committee on Oversight and Government Reform,True,2560000.0,4,113995291.74,43,110.0,35872639.9,Department of Homeland Security,0.14010686782964,0.6407702456468681
Pete Sessions,S000250,MSFT,fedtech,2024-09-09,2024-09-12,1001.0,House Committee on Oversight and Government Reform,True,6986000.0,45,15193144.290000003,12,100.0,7888724.2,Department of Justice,0.041038154392191606,0.6407370707027293
Blake Moore,M001213,JNJ,pharma,2021-03-04,2021-07-17,1001.0,House Committee on Ways and Means,True,5130000.0,26,24618542.5,3022,102.0,571018.22,DEPARTMENT OF DEFENSE (DOD),0.10393937414254917,0.6402760269676109
Ro Khanna,K000389,MRK,pharma,2025-05-28,2025-06-10,15001.0,,False,10630000.0,32,2112910.11,17,19.0,1854638.73,Department of Health and Human Services,0.018773795457529108,0.6402416012332259
Nancy Pelosi,P000197,MSFT,fedtech,2021-03-19,2021-04-09,1000001.0,,False,6975000.0,61,21509340.980000004,21,42.0,6872057.0,DEPARTMENT OF DEFENSE (DOD),0.20256131973084446,0.6400817636350923
Ro Khanna,K000389,GD,defense,2020-07-25,2020-08-17,1001.0,House Committee on Armed Services,True,7131478.0,42,4367311.369999999,16,90.0,1866602.0,DEPARTMENT OF HEALTH AND HUMAN SERVICES (HHS),0.013785646709014943,0.6389973206548759
Pat Roberts,R000307,BA,defense,2018-02-05,2018-03-03,50001.0,,False,9570000.0,42,891027962.39,6134,53.0,235981481.0,DEPARTMENT OF DEFENSE (DOD),0.09492824130381905,0.6382623779839329
Dean Heller,H001041,MSFT,fedtech,2018-07-26,2018-08-02,1001.0,,False,6845000.0,46,26825989.61,30,20.0,6229600.96,DEPARTMENT OF DEFENSE (DOD),-0.0597518700966978,0.6381600656919146
William R. Keating,K000375,BA,defense,2021-03-17,2021-04-27,1001.0,House Committee on Armed Services,True,8114500.0,48,2126306916.76,7348,180.0,238527268.77,DEPARTMENT OF DEFENSE (DOD),-0.15489965476687273,0.6381354378867744
Ro Khanna,K000389,ORCL,fedtech,2018-03-08,2018-04-13,1001.0,House Committee on Armed Services; House Committee on Oversight and Government Reform,True,5930000.0,42,2048845.1199999999,10,83.0,1977672.14,GENERAL SERVICES ADMINISTRATION (GSA),-0.1175906387876463,0.637557421855793
Lisa Mcclain,M001136,PLTR,defense,2024-08-14,2025-08-13,15001.0,,False,3380000.0,17,45954517.65,10,28.0,9022294.77,Department of the Treasury,1.3612903225806452,0.6375089111688735
Josh Gottheimer,G000583,MSFT,fedtech,2018-10-12,2018-11-16,50001.0,House Permanent Select Committee on Intelligence,True,6967500.0,48,14766646.02,10,139.0,5507858.17,DEPARTMENT OF DEFENSE (DOD),-0.03942685041525962,0.6374919030319534
Ro Khanna,K000389,IBM,fedtech,2024-05-29,2024-06-05,1001.0,House Committee on Armed Services; House Committee on Oversight and Government Reform,True,6370000.0,6,79998176.78999999,39,121.0,26500000.0,Social Security Administration,0.3375037413947919,0.6372216833843686
Ro Khanna,K000389,XOM,energy,2019-05-28,2019-06-11,1001.0,,False,5660000.0,26,969891.28,31,7.0,195656.56,DEPARTMENT OF DEFENSE (DOD),-0.01735298168296384,0.637134837413735
Josh Gottheimer,G000583,MSFT,fedtech,2024-08-12,2024-09-11,15001.0,House Permanent Select Committee on Intelligence,True,6936000.0,44,16029559.260000002,14,128.0,7888724.2,Department of Justice,0.08977163786534259,0.636859552381657
Ritchie John Torres,T000486,JNJ,pharma,2024-09-26,2025-08-20,1001.0,,False,4640000.0,30,198799.75999999998,7,1.0,90300.0,Department of Veterans Affairs,-0.09027820806741427,0.6367181366610305
Josh Gottheimer,G000583,MSFT,fedtech,2022-03-09,2022-04-17,1001.0,House Permanent Select Committee on Intelligence,True,7310000.0,57,17279692.93,30,106.0,4799642.8,DEPARTMENT OF DEFENSE (DOD),-0.06967071057192387,0.6362909476491213
Gilbert Cisneros,C001123,GD,defense,2026-01-09,2026-02-13,1001.0,House Committee on Armed Services,True,8826857.0,46,242767222.89000002,45,143.0,71419226.0,Department of Homeland Security,-0.027861764955212087,0.6361054185909472
Bill Cassidy,C001075,XOM,energy,2017-11-07,2017-12-12,1001.0,Senate Committee on Energy and Natural Resources,True,5730000.0,22,67885038.10000001,12,119.0,18646803.61,DEPARTMENT OF DEFENSE (DOD),-0.11150993060540793,0.6359732990210808
Ro Khanna,K000389,MRK,pharma,2024-02-13,2024-03-06,15001.0,,False,5090000.0,27,681569630.88,9,44.0,679068171.01,Department of Health and Human Services,0.03802917962209973,0.635797318570687
K. Michael Conaway,C001062,NOC,defense,2018-05-07,2018-06-04,1001.0,,False,7495000.0,20,568292114.78,1196,35.0,66382992.0,DEPARTMENT OF DEFENSE (DOD),-0.06142591366316663,0.6355891750165081
Julia Letlow,L000595,BA,defense,2026-02-02,2026-03-12,1001.0,House Committee on Appropriations,True,6380000.0,29,1226216.42,8,81.0,528593.0,National Aeronautics and Space Administration,-0.06574542957686047,0.6354858522480918
Kathy Manning,M001135,NOC,defense,2022-07-20,2022-08-10,1001.0,,False,2527500.0,11,385537515.80999994,273,28.0,131212000.0,DEPARTMENT OF DEFENSE (DOD),0.13765430745280338,0.635315857396445
Dan Newhouse,N000189,MSFT,fedtech,2022-03-08,2023-05-26,1001.0,House Committee on Appropriations,True,7310000.0,57,17279692.93,30,107.0,4799642.8,DEPARTMENT OF DEFENSE (DOD),-0.034946528910639985,0.6352700884599801
John Boozman,B001236,MSFT,fedtech,2026-03-05,2026-04-14,1001.0,Senate Committee on Appropriations,True,6605000.0,40,23108531.619999997,7,109.0,8148580.17,Department of Justice,,0.6352633041064433
Tommy Tuberville,T000278,MRK,pharma,2022-03-30,2022-04-08,1001.0,"Senate Committee on Health, Education, Labor, and Pensions",True,4600000.0,28,4886054.340000001,10,90.0,4703860.87,DEPARTMENT OF HEALTH AND HUMAN SERVICES (HHS),0.09150485436893185,0.6351808582276952
Mikie Sherrill,S001207,CVX,energy,2019-04-12,2019-05-15,1001.0,,False,5300000.0,11,269240.52,14,3.0,59183.28,DEPARTMENT OF DEFENSE (DOD),0.014946559786239044,0.6350308079401471
Ro Khanna,K000389,ACN,fedtech,2025-05-19,2025-06-10,1001.0,House Committee on Armed Services; House Committee on Oversight and Government Reform,True,2700000.0,30,251525531.79,41,127.0,78150743.4,Department of the Treasury,-0.2585553711763048,0.634793428697028
Ro Khanna,K000389,PFE,pharma,2022-08-23,2022-09-08,15001.0,,False,18855000.0,45,21721.81,79,6.0,1566.0,DEPARTMENT OF DEFENSE (DOD),0.0760258279525099,0.6347044230404922
Ro Khanna,K000389,JNJ,pharma,2022-06-16,2022-07-07,15001.0,,False,4750000.0,32,15419493.26,1410,26.0,585202.15,DEPARTMENT OF DEFENSE (DOD),-0.03304327375352778,0.6344611502237443
Ro Khanna,K000389,BA,defense,2020-11-03,2020-12-16,1001.0,House Committee on Armed Services,True,8454000.0,45,604142444.05,2157,161.0,143198723.0,DEPARTMENT OF DEFENSE (DOD),0.48753660917670016,0.6344403280937475
Jared Moskowitz,M001217,MRK,pharma,2023-02-24,2023-03-10,1001.0,,False,6400000.0,25,484449130.84999996,2,34.0,483275481.39,Department of Health and Human Services,0.02902902902902893,0.6343068774821087
Thomas Macarthur,M001193,CVX,energy,2018-01-08,2018-02-05,1001.0,,False,4760000.0,10,2060829.9,158,10.0,90885.36,DEPARTMENT OF DEFENSE (DOD),-0.015249358126507517,0.6342565280503585
Lois Frankel,F000462,PFE,pharma,2022-10-26,2022-11-18,1001.0,House Committee on Appropriations,True,18470000.0,45,188950675.18,2,155.0,188215349.18,Department of Health and Human Services,-0.08163265306122458,0.634215775858972
Lois Frankel,F000462,ACN,fedtech,2023-01-11,2023-02-03,1001.0,House Committee on Appropriations,True,2880000.0,28,60176089.31999999,55,111.0,9063467.88,Department of Energy,-0.03134338978226836,0.6341869325835917
Lisa Mcclain,M001136,JNJ,pharma,2025-08-04,2025-09-12,1001.0,,False,4970000.0,38,9551477.690000001,622,16.0,891053.07,Department of Defense,0.2010056127221702,0.6341476280265312
Ro Khanna,K000389,JNJ,pharma,2025-08-04,2025-09-09,1001.0,,False,4970000.0,38,9551477.690000001,622,16.0,891053.07,Department of Defense,0.2010056127221702,0.6341476280265312
Ro Khanna,K000389,MRK,pharma,2021-04-30,2021-05-14,1001.0,,False,5746000.0,32,1208041510.2,2,38.0,1207999848.0,DEPARTMENT OF DEFENSE (DOD),0.02684563758389258,0.6340847470835536
Gilbert Cisneros,C001123,MSFT,fedtech,2025-10-09,2025-11-18,1001.0,House Committee on Armed Services,True,6355000.0,40,8059419.9,6,99.0,2207391.0,Department of Transportation,-0.23212098009188364,0.6338451358708961
Gilbert Cisneros,C001123,PFE,pharma,2025-05-30,2025-06-06,1001.0,,False,20270000.0,27,2687957.0700000003,281,17.0,1759047.8,Department of Health and Human Services,0.01532567049808442,0.6337149697520802
Ro Khanna,K000389,PFE,pharma,2024-02-13,2024-03-06,15001.0,,False,8000000.0,35,340519421.84999996,5,44.0,339830553.64,Department of Health and Human Services,0.025583982202447286,0.6334338461769428
Carlos Curbelo,C001107,XOM,energy,2018-02-08,2018-03-27,1001.0,,False,6240000.0,25,78788546.45,14,26.0,18646803.61,DEPARTMENT OF DEFENSE (DOD),0.09898777441829898,0.6333419909830298
C. Scott Franklin,F000472,ACN,fedtech,2024-08-07,2025-07-03,1001.0,House Committee on Appropriations,True,2320000.0,27,137271166.98,46,119.0,32294050.29,Department of Health and Human Services,0.1261241431356519,0.63325339202054
Pat Roberts,R000307,MSFT,fedtech,2020-09-03,2020-09-30,15001.0,,False,6905000.0,58,8994319.74,7,26.0,3912274.53,DEPARTMENT OF STATE (DOS),0.0017947537965945504,0.6328879700617996
Ro Khanna,K000389,ACN,fedtech,2025-09-05,2025-10-03,1001.0,House Committee on Armed Services; House Committee on Oversight and Government Reform,True,2420000.0,30,293105353.08,26,130.0,151939116.0,Department of Defense,0.035418709550892435,0.6328033718379681
Lois Frankel,F000462,LMT,defense,2018-05-23,2018-06-22,1001.0,House Committee on Appropriations,True,7834111.0,42,524346901.29999995,18349,160.0,111535109.0,DEPARTMENT OF DEFENSE (DOD),0.024007131439813145,0.6325820391944966
Ro Khanna,K000389,JNJ,pharma,2019-05-28,2019-06-11,1001.0,,False,4650000.0,31,1345744.9699999997,253,9.0,111045.0,DEPARTMENT OF VETERANS AFFAIRS (VA),-0.04435689793536135,0.6323442912601389
Ro Khanna,K000389,ACN,fedtech,2023-05-23,2023-06-12,1001.0,House Committee on Armed Services; House Committee on Oversight and Government Reform,True,2460000.0,29,253331610.33999997,59,129.0,37059405.65,Department of State,0.09961818812912182,0.6321936031113005
Blake Moore,M001213,JNJ,pharma,2021-02-25,2021-07-17,1001.0,House Committee on Ways and Means,True,5130000.0,26,22306986.61,2900,109.0,571018.22,DEPARTMENT OF DEFENSE (DOD),0.008908822806586558,0.6319741541774352
Ro Khanna,K000389,ACN,fedtech,2024-08-05,2024-09-06,1001.0,House Committee on Armed Services; House Committee on Oversight and Government Reform,True,2320000.0,27,137271166.98,46,121.0,32294050.29,Department of Health and Human Services,0.12366928029578639,0.6314960416074824
Ro Khanna,K000389,ACN,fedtech,2023-01-09,2023-02-07,1001.0,House Committee on Armed Services; House Committee on Oversight and Government Reform,True,2660000.0,27,60176089.31999999,55,113.0,9063467.88,Department of Energy,-0.0375159817351598,0.6313529339742091
Ro Khanna,K000389,ORCL,fedtech,2022-06-17,2022-07-07,1001.0,House Committee on Armed Services; House Committee on Oversight and Government Reform,True,7140000.0,48,1506065.01,7,87.0,510107.76,DEPARTMENT OF DEFENSE (DOD),-0.010336680448907343,0.6311526818444907
Ro Khanna,K000389,JNJ,pharma,2025-07-25,2025-08-07,15001.0,,False,5050000.0,39,10535624.1,724,26.0,891053.07,Department of Defense,0.22430184194890068,0.6310155062647023
Blake Moore,M001213,JNJ,pharma,2021-02-24,2021-07-17,1001.0,House Committee on Ways and Means,True,5130000.0,26,22203009.82,2880,110.0,571018.22,DEPARTMENT OF DEFENSE (DOD),0.004797343010025212,0.63093586123655
Ro Khanna,K000389,MSFT,fedtech,2023-05-05,2023-06-12,1001.0,House Committee on Armed Services; House Committee on Oversight and Government Reform,True,13722000.0,46,36707427.25999999,42,129.0,16036780.0,Department of State,0.07371640109447952,0.6309025355920749
Zoe Lofgren,L000397,PFE,pharma,2021-09-30,2021-10-07,1001.0,,False,5700000.0,41,5737210296.069999,281,48.0,5737132500.0,DEPARTMENT OF DEFENSE (DOD),0.2631946059056034,0.6302835988223872
Gilbert Cisneros,C001123,IBM,fedtech,2025-12-19,2026-01-12,1001.0,House Committee on Armed Services,True,1370000.0,2,38766120.22999999,23,102.0,11842802.72,General Services Administration,-0.15705362482556984,0.6300485697643587
Ro Khanna,K000389,ORCL,fedtech,2022-06-16,2022-07-07,1001.0,House Committee on Armed Services; House Committee on Oversight and Government Reform,True,7140000.0,48,1506065.01,7,88.0,510107.76,DEPARTMENT OF DEFENSE (DOD),-0.06403725804104199,0.6298918701366352
Ro Khanna,K000389,RTX,defense,2020-10-03,2020-10-21,1001.0,House Committee on Armed Services,True,6185000.0,53,1000760836.5999999,252,174.0,291502486.0,DEPARTMENT OF DEFENSE (DOD),0.1251890438581751,0.6296031089139587
Kevin Hern,H001082,MSFT,fedtech,2020-09-10,2020-10-15,1001.0,,False,6905000.0,58,8994319.74,7,19.0,3912274.53,DEPARTMENT OF STATE (DOS),0.06938696012075773,0.6290387352819513
Kathy Manning,M001135,CVX,energy,2022-08-05,2022-09-14,1001.0,,False,3840000.0,11,55716304.43,18,24.0,37758242.16,DEPARTMENT OF DEFENSE (DOD),0.1491799010674304,0.6290368860647687
C. Scott Franklin,F000472,ACN,fedtech,2024-08-02,2024-08-20,1001.0,House Committee on Appropriations,True,2320000.0,27,137255240.0,45,124.0,32294050.29,Department of Health and Human Services,0.11830419309917994,0.628930901191734
Richard Dean Mccormick,M001218,LHX,defense,2025-11-05,2025-12-09,1001.0,House Committee on Armed Services,True,1170000.0,12,63968236.54000001,21,107.0,17085868.12,Department of Commerce,0.25426680599094387,0.6284718193338914
Josh Gottheimer,G000583,BA,defense,2017-10-05,2018-08-13,1001.0,House Permanent Select Committee on Intelligence,True,14480000.0,45,400195600.75,2499,176.0,235981481.0,DEPARTMENT OF DEFENSE (DOD),0.34771524585731406,0.628439981589537
Ro Khanna,K000389,PFE,pharma,2025-05-28,2025-06-10,1001.0,,False,20270000.0,27,2718436.5700000003,284,19.0,1759047.8,Department of Health and Human Services,0.018119068162208984,0.6283794968754991
Cleo Fields,F000110,MSFT,fedtech,2025-06-25,2025-07-01,50001.0,,False,6687500.0,46,17051902.54,19,35.0,3949570.2,Department of Defense,0.0574684624291546,0.6279019170078022
Markwayne Mullin,M001190,CVX,energy,2025-05-13,2025-06-11,50001.0,,False,5950000.0,14,61040630.769999996,33,41.0,4380984.72,Department of Defense,0.10846505093080427,0.6273387220399167
Ro Khanna,K000389,ACN,fedtech,2023-07-07,2023-08-07,15001.0,House Committee on Armed Services; House Committee on Oversight and Government Reform,True,2460000.0,29,294744420.71,54,175.0,40429213.05,Department of Veterans Affairs,0.02397305075876499,0.627235255628788
Josh Gottheimer,G000583,ORCL,fedtech,2023-01-11,2023-02-17,1001.0,House Permanent Select Committee on Intelligence,True,7550000.0,56,219604.80000000002,2,75.0,202960.6,Department of Justice,0.09977426636568842,0.6270920599925759
John Boozman,B001236,MSFT,fedtech,2025-02-14,2025-03-06,1001.0,Senate Committee on Appropriations,True,6455000.0,47,38760300.84,13,124.0,14312199.47,Department of State,0.17312636192248365,0.6269156720663907
Ro Khanna,K000389,MSFT,fedtech,2023-03-24,2023-04-07,15001.0,House Committee on Armed Services; House Committee on Oversight and Government Reform,True,13942000.0,46,38152431.6,38,171.0,16036780.0,Department of State,0.23003172113910986,0.6268486456748461
Michael T. McCaul,M001157,MRK,pharma,2025-05-19,2025-06-09,50001.0,,False,10630000.0,32,2091916.2699999998,17,28.0,1854638.73,Department of Health and Human Services,0.04998057749579177,0.6268157796862825
HON. GREG STANTON,S001211,PFE,pharma,2023-09-26,2023-11-09,1001.0,,False,8340000.0,42,327111.6,2,8.0,215205.0,Department of Veterans Affairs,-0.12561728395061733,0.626681776821987
Michael C. Burgess,B001248,MSFT,fedtech,2023-02-24,2023-03-03,15001.0,,False,13927000.0,45,13586484.95,24,34.0,3243967.0,Department of Homeland Security,0.31851376294037403,0.6263314493988701
Josh Gottheimer,G000583,MSFT,fedtech,2020-11-17,2020-12-09,100001.0,House Permanent Select Committee on Intelligence,True,6140000.0,60,14931781.85,8,164.0,6872057.0,DEPARTMENT OF DEFENSE (DOD),0.10528769933787174,0.6262720921663552
Josh Gottheimer,G000583,MSFT,fedtech,2022-01-25,2022-02-18,50001.0,House Permanent Select Committee on Intelligence,True,7215000.0,53,9409383.55,16,149.0,4799642.8,DEPARTMENT OF DEFENSE (DOD),-0.09002045131547032,0.6262498223381225
Lois Frankel,F000462,NOC,defense,2020-10-21,2020-11-24,1001.0,House Committee on Appropriations,True,2585000.0,12,672333350.3699999,355,154.0,291930500.0,DEPARTMENT OF DEFENSE (DOD),-0.03408243344034756,0.6260429276727615
Lisa Mcclain,M001136,PLTR,defense,2025-06-17,2025-08-13,1001.0,,False,4920000.0,20,101724025.04999998,22,29.0,19554395.0,Department of Defense,0.29971056439942134,0.6260265228681328
Ro Khanna,K000389,ACN,fedtech,2024-06-21,2024-07-08,15001.0,House Committee on Armed Services; House Committee on Oversight and Government Reform,True,2440000.0,27,172438895.73000002,52,166.0,32294050.29,Department of Health and Human Services,0.21700433685028142,0.6258150197936962
Lois Frankel,F000462,LMT,defense,2018-04-05,2018-04-27,1001.0,House Committee on Appropriations,True,11903070.0,46,451570406.33,27931,180.0,27102668.75,DEPARTMENT OF DEFENSE (DOD),-0.07529208135006482,0.6256583483692618
Josh Gottheimer,G000583,MSFT,fedtech,2018-12-17,2019-01-04,1001.0,House Permanent Select Committee on Intelligence,True,6560000.0,48,44794946.64000001,21,128.0,14541770.59,DEPARTMENT OF DEFENSE (DOD),0.17377782097385563,0.625389359491657
Ro Khanna,K000389,IBM,fedtech,2024-01-10,2024-02-05,1001.0,House Committee on Armed Services; House Committee on Oversight and Government Reform,True,2850000.0,4,100055452.67999999,32,127.0,24443923.0,Department of Homeland Security,0.03125969112448068,0.6253717437001246
Ro Khanna,K000389,ACN,fedtech,2024-06-20,2024-07-08,15001.0,House Committee on Armed Services; House Committee on Oversight and Government Reform,True,2440000.0,27,172875774.71,54,167.0,32294050.29,Department of Health and Human Services,0.2309250065325319,0.6253184607037074
Ro Khanna,K000389,PLTR,defense,2024-10-14,2024-11-08,1001.0,House Committee on Armed Services,True,3400000.0,17,12792969.2,6,105.0,7860997.0,Department of the Treasury,1.5949308755760372,0.6252502613663252
Ro Khanna,K000389,PFE,pharma,2025-05-19,2025-06-10,15001.0,,False,16560000.0,26,2720253.3500000006,291,28.0,1759047.8,Department of Health and Human Services,0.03913043478260869,0.6249737775731057
Suzan K. Delbene,D000617,MSFT,fedtech,2019-03-29,2019-04-12,1001.0,,False,7145000.0,53,30571100.62,12,26.0,14541770.59,DEPARTMENT OF DEFENSE (DOD),0.19577751399016452,0.6245842433225297
Cleo Fields,F000110,PLTR,defense,2025-08-13,2025-09-03,50001.0,,False,4480000.0,20,72519394.10000001,17,42.0,14244448.96,Department of the Treasury,0.01719368660845033,0.6238527418993031
Jared Moskowitz,M001217,ACN,fedtech,2024-11-08,2024-12-09,1001.0,,False,2180000.0,26,99858438.4,20,26.0,32294050.29,Department of Health and Human Services,-0.05690096475684181,0.6238371794116372
Ro Khanna,K000389,NEE,energy,2025-10-17,2025-11-06,1001.0,,False,5534000.0,34,5469461.5200000005,9,18.0,3000000.0,Department of Veterans Affairs,0.09677037738081151,0.6237896807333272
Marjorie Taylor Greene,G000596,MSFT,fedtech,2024-11-25,2024-11-27,1001.0,,False,6770000.0,43,14837952.530000001,7,23.0,7888724.2,Department of Justice,-0.05642446094701403,0.6237063149112383
Ro Khanna,K000389,ORCL,fedtech,2026-03-10,2026-04-07,1001.0,House Committee on Armed Services; House Committee on Oversight and Government Reform,True,7000000.0,45,1501500.0,3,93.0,1380000.0,Office of Personnel Management,,0.6235330643323768
Ro Khanna,K000389,JNJ,pharma,2021-10-07,2021-11-09,1001.0,,False,4040000.0,31,19704284.29,2242,22.0,409788.09,DEPARTMENT OF DEFENSE (DOD),0.06377835626626993,0.6234592635912782
Josh Gottheimer,G000583,MSFT,fedtech,2021-11-15,2021-12-13,500001.0,House Permanent Select Committee on Intelligence,True,7390000.0,56,2058763.69,4,158.0,1268125.0,CORPS OF ENGINEERS - CIVIL WORKS (USACE),-0.14556491207188982,0.6232576368363197
Lloyd Doggett,D000399,IBM,fedtech,2026-03-10,2026-04-06,1001.0,,False,1410000.0,2,45539201.419999994,14,21.0,11842802.72,General Services Administration,,0.6231130784403016
Lloyd Doggett,D000399,JNJ,pharma,2023-03-08,2023-04-10,1001.0,House Committee on Ways and Means,True,7290000.0,32,179241.44,9,76.0,39512.53,Department of Veterans Affairs,0.05648535564853541,0.6230359687122524
Josh Gottheimer,G000583,MSFT,fedtech,2018-12-14,2019-01-04,1001.0,House Permanent Select Committee on Intelligence,True,6560000.0,48,44794946.64000001,21,131.0,14541770.59,DEPARTMENT OF DEFENSE (DOD),0.14165802131472227,0.6230173380988784
Gilbert Cisneros,C001123,PLTR,defense,2025-11-18,2025-12-15,1001.0,House Committee on Armed Services,True,4675000.0,22,213136408.57,15,150.0,94687811.42,Department of Agriculture,-0.08701368553158428,0.6227995717347465
Ro Khanna,K000389,PFE,pharma,2023-05-19,2023-06-12,15001.0,,False,13875000.0,46,1328716.8400000003,7,25.0,586224.0,Department of Health and Human Services,-0.08512374218112595,0.6225841626143419
Ro Khanna,K000389,PLTR,defense,2024-10-11,2024-11-08,1001.0,House Committee on Armed Services,True,3400000.0,17,12792969.2,6,108.0,7860997.0,Department of the Treasury,1.6809928752011034,0.6221875577656065
Ro Khanna,K000389,JNJ,pharma,2019-04-29,2019-05-10,1001.0,,False,4650000.0,31,4387556.01,650,17.0,218455.06,DEPARTMENT OF DEFENSE (DOD),-0.07294050343249436,0.6221323992425506
Josh Gottheimer,G000583,MSFT,fedtech,2018-12-13,2019-01-04,1001.0,House Permanent Select Committee on Intelligence,True,6560000.0,47,43601074.64000001,20,132.0,14541770.59,DEPARTMENT OF DEFENSE (DOD),0.10507080858839646,0.6219497646470876
Kevin Hern,H001082,JNJ,pharma,2023-03-07,2023-04-10,1001.0,House Committee on Ways and Means,True,7290000.0,32,179241.44,9,77.0,39512.53,Department of Veterans Affairs,0.05659030436757728,0.6216112449436237
K. Michael Conaway,C001062,NOC,defense,2018-11-02,2018-12-05,1001.0,,False,6332000.0,24,617680522.5799999,1537,41.0,83930719.0,DEPARTMENT OF DEFENSE (DOD),0.03396639883126373,0.6214449507328689
Roger Williams,W000816,RTX,defense,2025-12-22,2026-01-15,1001.0,,False,550000.0,15,23301814.380000003,15,15.0,10948099.73,Department of Transportation,0.008024558380008484,0.6213708587754445
Lois Frankel,F000462,MRK,pharma,2020-10-07,2020-10-22,1001.0,House Committee on Appropriations,True,4737000.0,32,616910368.19,3,174.0,511400368.19,DEPARTMENT OF HEALTH AND HUMAN SERVICES (HHS),-0.05009995002498757,0.6212668074459005
Ro Khanna,K000389,GD,defense,2018-03-07,2018-04-13,1001.0,House Committee on Armed Services,True,7683544.0,50,306213402.96000004,2453,170.0,32472125.0,DEPARTMENT OF DEFENSE (DOD),-0.16607742619763133,0.6211669101612315
Marjorie Taylor Greene,G000596,LMT,defense,2021-12-16,2021-12-21,1001.0,,False,11041561.0,37,858128066.5799999,736,46.0,105161234.3,DEPARTMENT OF DEFENSE (DOD),0.3555272010207633,0.6211376391028386
Ro Khanna,K000389,ACN,fedtech,2023-03-24,2023-04-07,15001.0,House Committee on Armed Services; House Committee on Oversight and Government Reform,True,2750000.0,28,94086788.94999999,47,165.0,27377864.5,Department of Agriculture,0.15180147058823534,0.6211192341586818
Pete Sessions,S000250,MSFT,fedtech,2022-02-23,2022-02-18,1001.0,House Committee on Oversight and Government Reform,True,7230000.0,55,14402724.93,20,120.0,4799642.8,DEPARTMENT OF DEFENSE (DOD),-0.07639062332750546,0.6208708054697334
Ro Khanna,K000389,ACN,fedtech,2024-07-23,2024-08-07,1001.0,House Committee on Armed Services; House Committee on Oversight and Government Reform,True,2320000.0,27,133724219.62,48,134.0,32294050.29,Department of Health and Human Services,0.08094935367662637,0.6206924440153085
William R. Keating,K000375,MSFT,fedtech,2025-02-05,2025-02-25,1001.0,House Committee on Armed Services,True,6455000.0,47,38748110.620000005,12,133.0,14312199.47,Department of State,0.13160250671441354,0.6197140073437308
John Boozman,B001236,MSFT,fedtech,2025-02-05,2025-03-06,1001.0,Senate Committee on Appropriations,True,6455000.0,47,38748110.620000005,12,133.0,14312199.47,Department of State,0.13160250671441354,0.6197140073437308
Kevin Hern,H001082,ACN,fedtech,2024-02-20,2024-03-12,1001.0,,False,2200000.0,20,165469359.11,51,30.0,29984147.4,Department of the Treasury,-0.15646783303485323,0.6196751516263863
Ro Khanna,K000389,ACN,fedtech,2023-08-03,2023-09-06,1001.0,House Committee on Armed Services; House Committee on Oversight and Government Reform,True,2095000.0,26,307570027.9,55,148.0,40429213.05,Department of Veterans Affairs,0.06599817109702655,0.6188435459586348
Ro Khanna,K000389,BA,defense,2020-10-03,2020-10-21,1001.0,House Committee on Armed Services,True,8204000.0,45,326242275.95,994,179.0,53902442.0,DEPARTMENT OF DEFENSE (DOD),0.14392523364485998,0.6182927420557999
Ro Khanna,K000389,MSFT,fedtech,2017-11-30,2017-12-12,50001.0,House Committee on Armed Services; House Committee on Oversight and Government Reform,True,6367500.0,50,9887720.350000001,11,161.0,7023833.83,DEPARTMENT OF DEFENSE (DOD),0.051681121539741026,0.6182018958476613
Shelley Moore Capito,C001047,JNJ,pharma,2018-10-17,2018-11-08,1001.0,Senate Committee on Appropriations,True,4080000.0,28,19775460.64,2807,120.0,435000.0,DEPARTMENT OF DEFENSE (DOD),-0.03692815144127348,0.617749073310503
John Boozman,B001236,MSFT,fedtech,2026-02-13,2026-03-06,1001.0,Senate Committee on Appropriations,True,6605000.0,39,23108531.619999997,7,129.0,8148580.17,Department of Justice,-0.003887172331306643,0.6174572303256394
Rob Bresnahan,B001327,PFE,pharma,2025-05-15,2025-05-31,15001.0,,False,19390000.0,27,2720750.0500000003,298,32.0,1759047.8,Department of Health and Human Services,0.056194690265486624,0.6172344590100999
Michael T. McCaul,M001157,ORCL,fedtech,2025-08-20,2025-09-11,50001.0,,False,7390000.0,49,801407.23,3,26.0,745087.4,Department of Health and Human Services,-0.2341104398876882,0.6171231105827869
Josh Gottheimer,G000583,BA,defense,2017-08-23,2018-08-13,1001.0,House Permanent Select Committee on Intelligence,True,14480000.0,45,64623296.13999999,1147,160.0,21853448.0,DEPARTMENT OF DEFENSE (DOD),0.23915326137174997,0.6168328003986668
Ro Khanna,K000389,PFE,pharma,2022-07-19,2022-08-09,15001.0,,False,18135000.0,39,933137.9,134,27.0,896013.99,DEPARTMENT OF DEFENSE (DOD),-0.06462916098890403,0.6168170082908042
Jerry Moran,M000934,MSFT,fedtech,2018-12-06,2019-05-15,1001.0,Senate Select Committee on Intelligence; Senate Committee on Appropriations,True,6560000.0,47,43601074.64000001,20,139.0,14541770.59,DEPARTMENT OF DEFENSE (DOD),0.09799432182434287,0.6167709331933892
Josh Gottheimer,G000583,MSFT,fedtech,2018-12-06,2019-01-04,1001.0,House Permanent Select Committee on Intelligence,True,6560000.0,47,43601074.64000001,20,139.0,14541770.59,DEPARTMENT OF DEFENSE (DOD),0.09799432182434287,0.6167709331933892
Laurel Lee,L000597,PFE,pharma,2024-10-21,2024-11-21,15001.0,House Committee on Energy and Commerce,True,5340000.0,17,1167976.8,3,115.0,1167976.8,Department of Health and Human Services,-0.11648807466297961,0.6165622933014523
Pete Sessions,S000250,MSFT,fedtech,2021-05-03,2021-05-03,1001.0,House Committee on Oversight and Government Reform,True,7260000.0,59,66151461.85,26,148.0,33979056.0,DEPARTMENT OF DEFENSE (DOD),0.19860239815770653,0.6163847093245688
Gilbert Cisneros,C001123,PLTR,defense,2025-11-07,2025-12-15,1001.0,House Committee on Armed Services,True,4675000.0,22,213136408.57,15,161.0,94687811.42,Department of Agriculture,-0.12083403585679764,0.6162806261034837
Ro Khanna,K000389,PLTR,defense,2025-02-25,2025-03-06,1001.0,House Committee on Armed Services,True,4380000.0,21,71994673.02000001,16,141.0,19554395.0,Department of Defense,0.6268214936247722,0.6161851047413242
Ro Khanna,K000389,GD,defense,2018-02-27,2018-03-09,1001.0,House Committee on Armed Services,True,7683544.0,50,274043436.41999996,2434,178.0,32472125.0,DEPARTMENT OF DEFENSE (DOD),-0.16972620483273038,0.6160986220584652
Kathy Manning,M001135,PFE,pharma,2022-07-27,2022-08-10,1001.0,,False,18805000.0,44,930392.5,114,19.0,896013.99,DEPARTMENT OF DEFENSE (DOD),-0.052743022136669926,0.6158357932683275
Julia Letlow,L000595,ACN,fedtech,2025-04-22,2026-01-13,1001.0,House Committee on Appropriations,True,2700000.0,29,244002366.23,41,154.0,78150743.4,Department of the Treasury,-0.10181011410057739,0.6155004232308992
Ro Khanna,K000389,LHX,defense,2020-11-03,2020-12-16,1001.0,House Committee on Armed Services,True,1980000.0,11,143565803.61,101,140.0,64020376.0,DEPARTMENT OF DEFENSE (DOD),0.04060175605391203,0.6152794841247153
Kevin Hern,H001082,JNJ,pharma,2022-03-08,2022-04-12,1001.0,House Committee on Ways and Means,True,4500000.0,29,21753919.23,2350,126.0,585202.15,DEPARTMENT OF DEFENSE (DOD),0.0567804646752017,0.6148139620038233
Suzan K. Delbene,D000617,MSFT,fedtech,2019-02-28,2019-03-15,500001.0,,False,7095000.0,52,31366294.12,14,55.0,14541770.59,DEPARTMENT OF DEFENSE (DOD),0.19575113808801214,0.6134438153031081
Josh Gottheimer,G000583,MSFT,fedtech,2023-04-10,2023-05-19,1001.0,House Permanent Select Committee on Intelligence,True,13892000.0,45,35858744.599999994,40,154.0,16036780.0,Department of State,0.12668025847472286,0.6134349149365403
Gilbert Cisneros,C001123,CVX,energy,2025-11-18,2025-12-15,1001.0,,False,5440000.0,15,26438.56,2,2.0,13279.29,Department of State,0.29286551230308566,0.613288312311525
Tommy Tuberville,T000278,ABBV,pharma,2023-10-17,2023-11-16,1001.0,"Senate Committee on Health, Education, Labor, and Pensions",True,2150000.0,18,47933.0,2,64.0,47933.0,Department of Health and Human Services,0.1691915806408364,0.6130238200606911
Ro Khanna,K000389,XOM,energy,2019-04-23,2019-05-10,1001.0,,False,5660000.0,25,6263236.259999999,93,23.0,3692117.92,DEPARTMENT OF DEFENSE (DOD),-0.16382825617654106,0.6122514652002162
Ro Khanna,K000389,PLTR,defense,2025-02-19,2025-03-06,1001.0,House Committee on Armed Services,True,4380000.0,21,71994673.02000001,16,147.0,19554395.0,Department of Defense,0.22523648045689826,0.612146426575006
Lois Frankel,F000462,PFE,pharma,2023-06-28,2023-07-28,1001.0,House Committee on Appropriations,True,13815000.0,45,430410.0,3,98.0,215205.0,Department of Veterans Affairs,-0.1413612565445026,0.6119650816397487
Ro Khanna,K000389,GD,defense,2017-11-30,2017-12-12,1001.0,House Committee on Armed Services,True,7515370.0,50,81958183.45,1725,160.0,13073396.0,DEPARTMENT OF DEFENSE (DOD),0.056574628306622854,0.6118844298992995
Carlos Curbelo,C001107,MSFT,fedtech,2018-04-06,2018-08-02,1001.0,,False,6687500.0,49,56647210.339999996,60,34.0,7023833.83,DEPARTMENT OF DEFENSE (DOD),0.19838191288928275,0.6114297271518632
Ro Khanna,K000389,MSFT,fedtech,2022-07-05,2022-07-07,15001.0,House Committee on Armed Services; House Committee on Oversight and Government Reform,True,6980000.0,50,18266926.2,32,170.0,3697577.0,DEPARTMENT OF JUSTICE (DOJ),-0.16264028913829187,0.6113744116799166
Josh Gottheimer,G000583,MSFT,fedtech,2018-11-28,2018-12-13,1001.0,House Permanent Select Committee on Intelligence,True,6560000.0,47,42332716.64000001,18,147.0,14541770.59,DEPARTMENT OF DEFENSE (DOD),0.05228581713462921,0.6110034460102921
C. Scott Franklin,F000472,MSFT,fedtech,2024-08-07,2025-07-03,1001.0,House Committee on Appropriations,True,6936000.0,44,16029559.260000002,14,133.0,7888724.2,Department of Justice,0.11091032301784498,0.6109237110017255
Roger W. Marshall,M001198,MSFT,fedtech,2020-09-03,2020-10-13,1001.0,,False,6905000.0,58,8994319.74,7,26.0,3912274.53,DEPARTMENT OF STATE (DOS),0.0017947537965945504,0.6108621362683637
Gilbert Cisneros,C001123,PFE,pharma,2026-02-10,2026-03-09,1001.0,,False,15120000.0,32,193451893.38,5,45.0,187561181.57,Department of Health and Human Services,-0.07279971024990939,0.6105307704230787
Ro Khanna,K000389,TXT,defense,2017-11-30,2017-12-12,1001.0,House Committee on Armed Services,True,1360000.0,11,92385403.35,1725,134.0,37369944.0,DEPARTMENT OF DEFENSE (DOD),0.03482319152755342,0.6105251762568753
Bill Cassidy,C001075,XOM,energy,2018-04-25,2018-05-15,1001.0,Senate Committee on Energy and Natural Resources,True,6370000.0,26,38504144.28,10,146.0,4618194.0,DEPARTMENT OF DEFENSE (DOD),-0.005283018867924594,0.6102874373836441
Ro Khanna,K000389,MSFT,fedtech,2025-08-04,2025-09-09,15001.0,House Committee on Armed Services; House Committee on Oversight and Government Reform,True,6395000.0,43,14270528.219999999,18,165.0,2207391.0,Department of Transportation,-0.08520648196549918,0.6102705024002323
Robert J. Wittman,W000804,MSFT,fedtech,2022-08-10,2022-09-10,1001.0,House Committee on Armed Services,True,6615000.0,47,16946182.91,29,134.0,3697577.0,DEPARTMENT OF JUSTICE (DOJ),-0.14441831511965697,0.6102286780562727
Gilbert Cisneros,C001123,MSFT,fedtech,2025-01-24,2025-02-11,1001.0,House Committee on Armed Services,True,6425000.0,46,34939481.55,11,145.0,14312199.47,Department of State,0.03744989415844713,0.6099896967589364
Pete Sessions,S000250,MSFT,fedtech,2024-02-07,2024-02-29,1001.0,House Committee on Oversight and Government Reform,True,6203000.0,44,18925748.59,11,135.0,8431014.74,Department of Justice,0.02528680111097681,0.6099453523061544
Lois Frankel,F000462,MRK,pharma,2020-09-23,2020-10-22,1001.0,House Committee on Appropriations,True,4737000.0,32,105510000.0,2,159.0,105400000.0,DEPARTMENT OF HEALTH AND HUMAN SERVICES (HHS),-0.01754810601476453,0.6098983704873682
Dan Newhouse,N000189,TXT,defense,2025-12-11,2026-01-15,1001.0,House Committee on Appropriations,True,2585781.0,7,218355472.51000002,12,161.0,208393855.9,Department of Transportation,0.052274035693724796,0.6097379865507973
Shelley Moore Capito,C001047,XOM,energy,2018-04-24,2018-05-14,1001.0,Senate Committee on Appropriations,True,6370000.0,26,38504144.28,10,147.0,4618194.0,DEPARTMENT OF DEFENSE (DOD),0.020548819400127538,0.6096328824922184
Earl Blumenauer,B000574,PFE,pharma,2024-02-12,2024-03-02,1001.0,,False,8000000.0,35,340519421.84999996,5,45.0,339830553.64,Department of Health and Human Services,0.013376717281272654,0.6093749697525483
Tommy Tuberville,T000278,MSFT,fedtech,2021-04-20,2021-07-23,1001.0,Senate Committee on Armed Services,True,7010000.0,59,70649026.95,26,161.0,33979056.0,DEPARTMENT OF DEFENSE (DOD),0.12572601254549687,0.6089063905285841
Ro Khanna,K000389,NEE,energy,2026-04-13,2026-05-11,1001.0,,False,6024000.0,43,195000.0,2,11.0,180000.0,Department of Justice,,0.608308388930956
Ro Khanna,K000389,IBM,fedtech,2025-04-23,2025-05-12,1001.0,House Committee on Armed Services; House Committee on Oversight and Government Reform,True,2260000.0,3,166518300.92,31,156.0,77398572.0,Social Security Administration,-0.024767801857585092,0.6081021875528789
Kevin Hern,H001082,RTX,defense,2023-09-07,2023-10-13,1001.0,,False,1490000.0,38,10252924.459999999,34,21.0,3286295.2,Department of Defense,0.01245108502312342,0.6075030151974906
Josh Gottheimer,G000583,MSFT,fedtech,2023-03-31,2023-04-20,1001.0,House Permanent Select Committee on Intelligence,True,13942000.0,46,34908464.599999994,37,164.0,16036780.0,Department of State,0.16517516475893168,0.6074839368237203
Ro Khanna,K000389,MSFT,fedtech,2024-06-21,2024-07-08,15001.0,House Committee on Armed Services; House Committee on Oversight and Government Reform,True,6669000.0,46,20695966.73,14,180.0,7888724.2,Department of Justice,-0.0689225843745831,0.6074394119207441
Ro Khanna,K000389,ACN,fedtech,2024-07-02,2024-08-07,1001.0,House Committee on Armed Services; House Committee on Oversight and Government Reform,True,2440000.0,27,133774916.84,48,155.0,32294050.29,Department of Health and Human Services,0.14067076983839644,0.6071898151800336
Ro Khanna,K000389,PFE,pharma,2023-09-06,2023-10-06,50001.0,,False,8340000.0,42,430410.0,3,28.0,215205.0,Department of Veterans Affairs,-0.15362234506837358,0.606801579955796
Gary Palmer,P000609,ABBV,pharma,2017-11-06,2018-09-29,1001.0,House Committee on Energy and Commerce,True,3180000.0,14,140292.43,10,79.0,43997.8,DEPARTMENT OF VETERANS AFFAIRS (VA),0.23235800344234092,0.6066046820269401
Ro Khanna,K000389,ABBV,pharma,2019-02-15,2019-03-08,1001.0,,False,6390000.0,17,51740.64,4,7.0,12935.16,DEPARTMENT OF VETERANS AFFAIRS (VA),-0.027210884353741305,0.6065971308260971
Shelley Moore Capito,C001047,JNJ,pharma,2018-04-24,2018-05-14,1001.0,Senate Committee on Appropriations,True,3320000.0,25,13731846.99,1884,126.0,253001.94,DEPARTMENT OF DEFENSE (DOD),0.06672478009351002,0.6063063205893835
Michael T. McCaul,M001157,IBM,fedtech,2023-03-15,2023-04-19,1001.0,,False,2680000.0,4,167106949.82999998,40,37.0,58795728.0,Department of Veterans Affairs,0.08630759247242037,0.6059652950946933
Ro Khanna,K000389,MSFT,fedtech,2025-01-17,2025-02-06,1001.0,House Committee on Armed Services; House Committee on Oversight and Government Reform,True,6670000.0,43,34963201.95,11,152.0,14312199.47,Department of State,0.06955224576369967,0.6059449040357913
Gary Palmer,P000609,BA,defense,2018-08-06,2018-09-29,1001.0,,False,9250000.0,42,1423600663.69,5744,56.0,285126803.25,DEPARTMENT OF DEFENSE (DOD),-0.011743659289609631,0.6056942288194755
William R. Keating,K000375,MSFT,fedtech,2021-04-14,2021-04-27,1001.0,House Committee on Armed Services,True,6985000.0,60,70649026.95,26,167.0,33979056.0,DEPARTMENT OF DEFENSE (DOD),0.13388630228099685,0.6056314085111326
K. Michael Conaway,C001062,NOC,defense,2018-04-23,2018-05-10,1001.0,,False,7525000.0,21,523325901.37,1188,49.0,66382992.0,DEPARTMENT OF DEFENSE (DOD),-0.16269796697742334,0.6054433403264582
Ro Khanna,K000389,ACN,fedtech,2022-11-03,2022-12-06,15001.0,House Committee on Armed Services; House Committee on Oversight and Government Reform,True,2910000.0,28,41099208.05,42,180.0,9063467.88,Department of Energy,0.047960137028962846,0.605382430883697
Josh Gottheimer,G000583,MSFT,fedtech,2023-03-24,2023-04-20,1001.0,House Permanent Select Committee on Intelligence,True,13942000.0,46,38152431.6,38,171.0,16036780.0,Department of State,0.23003172113910986,0.6048228118814102
Ro Khanna,K000389,MRK,pharma,2023-02-10,2023-03-03,1001.0,,False,6400000.0,25,484449130.84999996,2,48.0,483275481.39,Department of Health and Human Services,0.011881735285990569,0.604685906025822
Virginia Foxx,F000450,MSFT,fedtech,2022-01-05,2022-02-04,15001.0,House Committee on Oversight and Government Reform,True,7280000.0,54,8822495.55,14,169.0,4799642.8,DEPARTMENT OF DEFENSE (DOD),-0.12336430874265114,0.6044358781368129
Ro Khanna,K000389,PLTR,defense,2022-05-03,2022-06-10,1001.0,House Committee on Armed Services,True,2132000.0,22,47473591.91,8,140.0,17292876.05,DEPARTMENT OF HOMELAND SECURITY (DHS),-0.26824644549763044,0.6040731037423035
David Perdue,P000612,XOM,energy,2018-01-16,2018-02-01,15001.0,,False,5730000.0,23,80395578.10000001,15,49.0,18646803.61,DEPARTMENT OF DEFENSE (DOD),-0.05691617799241122,0.6039284287384242
Ro Khanna,K000389,PFE,pharma,2025-08-04,2025-09-09,1001.0,,False,14790000.0,25,824260.7799999999,123,22.0,787274.8,Department of Defense,0.06884827879303002,0.6037925295880768
Ro Khanna,K000389,ORCL,fedtech,2023-03-14,2023-04-07,1001.0,House Committee on Armed Services; House Committee on Oversight and Government Reform,True,6685000.0,55,25220019.17,5,150.0,24638342.53,Department of Veterans Affairs,0.37204351939451263,0.60365711673442
Ro Khanna,K000389,ORCL,fedtech,2022-05-23,2022-06-10,1001.0,House Committee on Armed Services; House Committee on Oversight and Government Reform,True,7140000.0,50,1506065.01,7,112.0,510107.76,DEPARTMENT OF DEFENSE (DOD),-0.02755568246716167,0.6034783307913659
Ro Khanna,K000389,ORCL,fedtech,2026-02-17,2026-03-09,1001.0,House Committee on Armed Services; House Committee on Oversight and Government Reform,True,7000000.0,45,1695771.21,4,114.0,1380000.0,Office of Personnel Management,0.19198545171137238,0.6026437830123094
John Mcguire,M001239,MSFT,fedtech,2026-01-21,2026-02-10,1001.0,House Committee on Armed Services; House Committee on Oversight and Government Reform,True,6605000.0,39,25052374.319999997,8,152.0,8148580.17,Department of Justice,-0.056337393888901466,0.6022008027143554
Josh Gottheimer,G000583,IBM,fedtech,2025-03-10,2025-04-10,1001.0,House Permanent Select Committee on Intelligence,True,2140000.0,4,76926560.55000001,25,151.0,27605531.8,Department of Homeland Security,0.13047878551965764,0.6020897991751504
Ro Khanna,K000389,MSFT,fedtech,2020-05-19,2020-06-17,1001.0,House Committee on Armed Services; House Committee on Oversight and Government Reform,True,7424000.0,55,6451033.89,4,133.0,3912274.53,DEPARTMENT OF STATE (DOS),0.11664760660022888,0.6017887362502948
Lloyd Doggett,D000399,IBM,fedtech,2023-03-13,2023-04-10,1001.0,,False,2680000.0,4,167106949.82999998,40,39.0,58795728.0,Department of Veterans Affairs,0.07055263577002702,0.6015946162516066
John James,J000307,MSFT,fedtech,2023-11-10,2024-09-02,15001.0,,False,8600000.0,41,11450352.0,8,42.0,5613556.0,Department of Justice,0.09427327075499758,0.6014392922785661
Lois Frankel,F000462,MRK,pharma,2021-12-03,2022-01-16,1001.0,House Committee on Appropriations,True,4290000.0,32,79522.22,4,81.0,20000.0,DEPARTMENT OF JUSTICE (DOJ),0.13839650940823556,0.6011201010171665
Shelley Moore Capito,C001047,LMT,defense,2017-09-05,2017-10-16,1001.0,Senate Committee on Appropriations,True,8502378.0,48,53269290.24,19908,177.0,9872587.0,DEPARTMENT OF DEFENSE (DOD),0.0629053606882859,0.5998813415877403
Richard Dean Mccormick,M001218,MSFT,fedtech,2023-03-15,2025-09-17,1001.0,House Committee on Armed Services; House Committee on Oversight and Government Reform,True,13942000.0,46,35175492.95,31,180.0,16036780.0,Department of State,0.2909132007233275,0.5996677154818726
Lloyd Doggett,D000399,IBM,fedtech,2026-06-10,2026-07-06,1001.0,,False,800000.0,1,8803092.53,1,21.0,8803092.53,Department of the Treasury,,0.5986942344182257
Virginia Foxx,F000450,XOM,energy,2021-03-10,2022-04-05,1001.0,,False,3920000.0,15,1216913.33,46,20.0,228264.04,DEPARTMENT OF DEFENSE (DOD),-0.026388214343532446,0.5980552043879651
Kevin Hern,H001082,XOM,energy,2021-03-10,2021-04-09,1001.0,,False,3920000.0,15,1216913.33,46,20.0,228264.04,DEPARTMENT OF DEFENSE (DOD),-0.026388214343532446,0.5980552043879651
Marjorie Taylor Greene,G000596,CVX,energy,2025-05-14,2025-05-19,1001.0,,False,5950000.0,14,61040630.769999996,33,40.0,4380984.72,Department of Defense,0.1170325404108139,0.5976398668266776
Josh Gottheimer,G000583,MRK,pharma,2026-02-04,2026-03-16,1001.0,,False,7510000.0,30,363732807.94,14,51.0,361340129.54,Department of Health and Human Services,0.01631031860052401,0.5976319276531661
Kathy Manning,M001135,MRK,pharma,2024-01-23,2024-02-06,15001.0,,False,5130000.0,28,681504630.88,8,65.0,679068171.01,Department of Health and Human Services,0.09395861148197593,0.597595540229689
James Comer,C001108,MSFT,fedtech,2025-01-02,2025-01-10,1001.0,House Committee on Oversight and Government Reform,True,6760000.0,44,34963201.95,12,167.0,14312199.47,Department of State,0.039896793922308715,0.5975913625295459
Gilbert Cisneros,C001123,PLTR,defense,2025-01-24,2025-02-11,1001.0,House Committee on Armed Services,True,4380000.0,21,71358252.05,15,173.0,19554395.0,Department of Defense,0.5622942517092935,0.5973508801084256
Ro Khanna,K000389,ABBV,pharma,2018-06-11,2018-07-11,1001.0,,False,4375000.0,17,43627.2,2,8.0,30539.04,DEPARTMENT OF VETERANS AFFAIRS (VA),-0.05211987571414256,0.5973181955570929
Gilbert Cisneros,C001123,IBM,fedtech,2025-11-12,2025-12-15,1001.0,House Committee on Armed Services,True,1370000.0,2,36743562.23,23,139.0,11842802.72,General Services Administration,-0.21366435964188202,0.5969064262179005
Ed Perlmutter,P000593,BA,defense,2019-04-16,2019-05-17,1001.0,,False,9050000.0,47,892783774.65,2187,58.0,295282161.43,DEPARTMENT OF DEFENSE (DOD),-0.16058891333962066,0.5968205997007957
Gilbert Cisneros,C001123,LMT,defense,2025-11-18,2025-12-15,1001.0,House Committee on Armed Services,True,13060219.0,33,24842748.22,11,177.0,16409442.0,Department of Homeland Security,0.35296595888102456,0.596503929388588
Ro Khanna,K000389,GD,defense,2017-09-25,2017-10-10,1001.0,House Committee on Armed Services,True,7419089.0,51,22965364.459999997,887,163.0,965350.0,DEPARTMENT OF DEFENSE (DOD),0.012739786205886672,0.5962133067283104
Kevin Hern,H001082,ACN,fedtech,2024-05-17,2024-06-07,1001.0,,False,2440000.0,27,133433901.22,56,40.0,29619221.01,Department of the Treasury,0.16644158239731222,0.5959155239103326
Robert J. Wittman,W000804,ACN,fedtech,2022-10-08,2023-08-13,1001.0,House Committee on Armed Services,True,3010000.0,30,21847483.27,33,146.0,3893278.0,General Services Administration,0.10327709908861737,0.5954976672856236
Rob Bresnahan,B001327,MSFT,fedtech,2025-05-09,2025-06-09,1001.0,,False,6687500.0,47,43640830.14,24,40.0,14312199.47,Department of State,0.13555033847696762,0.5953270916637571
Josh Gottheimer,G000583,IBM,fedtech,2022-11-02,2022-12-17,1001.0,House Permanent Select Committee on Intelligence,True,2950000.0,4,78043534.34,12,170.0,58795728.0,Department of Veterans Affairs,-0.057735876635240824,0.5952714661823766
Ro Khanna,K000389,ABBV,pharma,2019-01-18,2019-02-12,1001.0,,False,4220000.0,16,64675.8,5,10.0,12935.16,DEPARTMENT OF VETERANS AFFAIRS (VA),-0.10815642458100572,0.5951605379329512
Ro Khanna,K000389,TXT,defense,2018-05-08,2018-06-08,1001.0,House Committee on Armed Services,True,1691250.0,7,119898771.63,2320,167.0,39330688.0,DEPARTMENT OF DEFENSE (DOD),0.07596302003081656,0.5950933754869828
Ro Khanna,K000389,TXT,defense,2020-07-28,2020-08-17,1001.0,House Committee on Armed Services,True,2310000.0,11,600808.3200000002,36,98.0,132325.0,DEPARTMENT OF JUSTICE (DOJ),0.3801169590643274,0.5950434930391582
Josh Gottheimer,G000583,MSFT,fedtech,2022-07-15,2022-08-29,1001.0,House Permanent Select Committee on Intelligence,True,6940000.0,50,18720166.200000003,32,160.0,3697577.0,DEPARTMENT OF JUSTICE (DOJ),-0.059091617326269885,0.5948816165926302
Gilbert Cisneros,C001123,PLTR,defense,2025-10-09,2025-11-18,1001.0,House Committee on Armed Services,True,4630000.0,20,28363820.49,13,160.0,18653251.8,Department of Homeland Security,-0.2672669434409878,0.5947568082156879
Ro Khanna,K000389,ACN,fedtech,2022-09-08,2022-10-07,15001.0,House Committee on Armed Services; House Committee on Oversight and Government Reform,True,3010000.0,30,12352969.459999999,19,176.0,3893278.0,General Services Administration,-0.06511321016807892,0.5945193112736538
William R. Keating,K000375,ACN,fedtech,2025-02-05,2025-02-25,1001.0,House Committee on Armed Services,True,2570000.0,28,105085484.82999998,19,176.0,60495031.5,Department of Education,-0.2080853735091024,0.5940017051475904
Ro Khanna,K000389,PLTR,defense,2025-10-07,2025-11-06,1001.0,House Committee on Armed Services,True,4710000.0,22,28363820.49,13,162.0,18653251.8,Department of Homeland Security,-0.23401218641927868,0.5938393681163426
Shelley Moore Capito,C001047,XOM,energy,2017-09-05,2017-10-16,1001.0,Senate Committee on Appropriations,True,5780000.0,23,30136815.000000004,7,168.0,10518358.42,DEPARTMENT OF DEFENSE (DOD),0.12334801762114522,0.5936545796936523
Cleo Fields,F000110,PLTR,defense,2025-07-28,2025-08-06,50001.0,,False,4480000.0,20,75033710.8,19,58.0,14244448.96,Department of the Treasury,0.03591335191284539,0.5935835809001696
Marjorie Taylor Greene,G000596,LMT,defense,2021-01-21,2021-02-19,1001.0,,False,7741756.0,37,4123837082.7899995,1117,69.0,610465499.0,DEPARTMENT OF DEFENSE (DOD),0.13998881267112195,0.5935788241853953
Suzan K. Delbene,D000617,MSFT,fedtech,2018-03-29,2018-04-13,1001.0,,False,6822500.0,52,53537371.45,54,42.0,7023833.83,DEPARTMENT OF DEFENSE (DOD),0.17979620905007132,0.593556160839803
Ro Khanna,K000389,PLTR,defense,2025-01-17,2025-02-06,1001.0,House Committee on Armed Services,True,4150000.0,20,71358252.05,15,180.0,19554395.0,Department of Defense,0.7602062142956667,0.593447065813401
Ro Khanna,K000389,MSFT,fedtech,2024-01-10,2024-02-05,1001.0,House Committee on Armed Services; House Committee on Oversight and Government Reform,True,8665000.0,43,14569515.59,11,163.0,8431014.74,Department of Justice,0.0772004075554511,0.5930396784096614
Kathy Manning,M001135,JNJ,pharma,2022-08-05,2022-09-14,1001.0,,False,4730000.0,35,9490208.21,703,32.0,396534.3,DEPARTMENT OF DEFENSE (DOD),0.04482496639588551,0.5926053451803633
Christopher L. Jacobs,J000020,PFE,pharma,2022-07-18,2022-09-09,1001.0,,False,18315000.0,42,933137.9,134,28.0,896013.99,DEPARTMENT OF DEFENSE (DOD),-0.04295566502463055,0.5924489612511876
Josh Gottheimer,G000583,ABBV,pharma,2025-04-03,2025-05-14,1001.0,,False,4170000.0,19,112353.54000000001,6,13.0,61781.04,Department of Veterans Affairs,-0.03183892084903783,0.5922394055993949
Cindy Axne,A000378,LMT,defense,2021-01-20,2021-10-08,1001.0,,False,7741756.0,37,4121440626.45,1109,70.0,610465499.0,DEPARTMENT OF DEFENSE (DOD),0.1365352533146018,0.5920325322048621
Virginia Foxx,F000450,XOM,energy,2022-06-13,2022-07-05,1001.0,,False,4020000.0,16,24179156.4,3,36.0,9054990.0,DEPARTMENT OF DEFENSE (DOD),0.02243088158581119,0.5917860736684064
Kevin Hern,H001082,LMT,defense,2022-06-24,2022-07-15,1001.0,,False,11328018.0,40,1505133323.0099998,438,66.0,520273671.0,DEPARTMENT OF DEFENSE (DOD),0.09168575792287115,0.5916966091682556
Rick Larsen,L000560,NEE,energy,2026-04-07,2026-04-15,1001.0,,False,6144000.0,44,195000.0,2,17.0,180000.0,Department of Justice,,0.5914131230590501
Daniel Goldman,G000599,LHX,defense,2023-01-31,2023-02-24,15001.0,,False,1440000.0,8,146197378.29,25,51.0,56000000.0,Department of Commerce,-0.18108183595568383,0.59074568128071
Josh Gottheimer,G000583,NOC,defense,2023-09-26,2023-10-15,1001.0,House Permanent Select Committee on Intelligence,True,4515000.0,18,15420437.850000001,8,155.0,12996303.56,Department of Health and Human Services,0.08753340522293596,0.5907248019405493
Ro Khanna,K000389,LMT,defense,2020-05-20,2020-06-17,1001.0,House Committee on Armed Services,True,8182704.0,39,1828557.9,2,131.0,1519557.9,DEPARTMENT OF HOMELAND SECURITY (DHS),0.09221814570632536,0.5907097882796793
Gilbert Cisneros,C001123,ORCL,fedtech,2025-11-18,2025-12-15,1001.0,House Committee on Armed Services,True,7180000.0,46,315771.20999999996,2,108.0,194271.21,Federal Communications Commission,-0.30654451449045306,0.5904502204478065
Ro Khanna,K000389,ABBV,pharma,2018-12-17,2019-01-11,1001.0,,False,2990000.0,15,77763.96,6,11.0,13088.16,DEPARTMENT OF VETERANS AFFAIRS (VA),-0.05557517955963753,0.5902419747538774
Christopher L. Jacobs,J000020,CVX,energy,2022-07-18,2022-09-09,1001.0,,False,4180000.0,10,63382936.379999995,24,42.0,37758242.16,DEPARTMENT OF DEFENSE (DOD),0.3472560538759135,0.5897647516606646
John Rutherford,R000609,CVX,energy,2022-02-17,2022-03-16,1001.0,House Committee on Appropriations,True,3470000.0,8,55583373.57,45,179.0,3954374.56,DEPARTMENT OF DEFENSE (DOD),0.11054561784297579,0.5891221270266316
Ro Khanna,K000389,MSFT,fedtech,2020-10-28,2020-11-20,1001.0,House Committee on Armed Services; House Committee on Oversight and Government Reform,True,6170000.0,59,8061784.85,8,152.0,4056800.0,DEPARTMENT OF DEFENSE (DOD),0.12981053878034343,0.589064864921906
Ro Khanna,K000389,BA,defense,2017-07-17,2017-08-10,1001.0,House Committee on Armed Services,True,14635000.0,44,8794743.87,293,172.0,2201101.59,DEPARTMENT OF DEFENSE (DOD),0.2524401913875598,0.5888970640814937
William R. Keating,K000375,CVX,energy,2021-03-17,2021-04-27,1001.0,,False,3570000.0,12,100684783.46999998,82,44.0,53515839.09,DEPARTMENT OF DEFENSE (DOD),-0.062297509950939634,0.5888594194489953
Lloyd Doggett,D000399,JNJ,pharma,2025-03-04,2025-04-07,1001.0,House Committee on Ways and Means,True,6280000.0,37,18516311.349999998,1503,169.0,891053.07,Department of Defense,-0.059605851771248886,0.588788680443951
Thomas Macarthur,M001193,LMT,defense,2018-11-06,2018-12-06,1001.0,,False,28089391.0,42,2617063590.05,2431,79.0,528044959.0,DEPARTMENT OF DEFENSE (DOD),-0.010568893528183798,0.5887804334686119
Kevin Hern,H001082,ACN,fedtech,2023-11-15,2023-12-07,1001.0,,False,1985000.0,19,185563232.76,42,44.0,40429213.05,Department of Veterans Affairs,0.16193548387096768,0.588774725160498
Gilbert Cisneros,C001123,MSFT,fedtech,2025-08-05,2025-09-12,1001.0,House Committee on Armed Services,True,6365000.0,42,14270528.219999999,18,164.0,2207391.0,Department of Transportation,-0.09477972524869727,0.5887265301252074
Josh Gottheimer,G000583,MSFT,fedtech,2024-06-28,2024-07-09,1001.0,House Permanent Select Committee on Intelligence,True,6669000.0,46,20695966.73,14,173.0,7888724.2,Department of Justice,-0.04555319386956036,0.5886974523380275
Thomas Macarthur,M001193,JNJ,pharma,2018-03-13,2018-04-09,1001.0,,False,6080000.0,26,11486284.829999998,1888,36.0,279909.44,DEPARTMENT OF DEFENSE (DOD),-0.06036471901749163,0.5884315778809881
John Boozman,B001236,MSFT,fedtech,2025-12-17,2026-01-13,1001.0,Senate Committee on Appropriations,True,6255000.0,40,21231085.55,10,173.0,6737720.0,Department of State,-0.11732336385785103,0.5882389949857916
Ro Khanna,K000389,MSFT,fedtech,2022-01-15,2022-02-08,1001.0,House Committee on Armed Services; House Committee on Oversight and Government Reform,True,7235000.0,53,9168383.55,15,159.0,4799642.8,DEPARTMENT OF DEFENSE (DOD),-0.1359656368742772,0.5881493982904963
Lois Frankel,F000462,JNJ,pharma,2023-02-08,2023-03-13,1001.0,House Committee on Appropriations,True,7290000.0,32,166155.44,8,104.0,39512.53,Department of Veterans Affairs,-0.020475521056170343,0.5877359814664551
Marjorie Taylor Greene,G000596,MSFT,fedtech,2025-05-05,2025-05-06,1001.0,,False,6727500.0,48,45896830.14,25,44.0,14312199.47,Department of State,0.15808056491734868,0.5875828857566827
Lois Frankel,F000462,JNJ,pharma,2018-05-30,2018-06-22,1001.0,House Committee on Appropriations,True,3320000.0,25,15970026.67,2027,155.0,408676.33,DEPARTMENT OF DEFENSE (DOD),0.14259733818302056,0.5875729072641356
Gilbert Cisneros,C001123,ORCL,fedtech,2026-01-30,2026-02-13,1001.0,House Committee on Armed Services,True,7000000.0,45,1695771.21,4,132.0,1380000.0,Office of Personnel Management,0.5077773727062826,0.5873209509603107
Shelley Moore Capito,C001047,CVX,energy,2018-04-24,2018-05-14,1001.0,Senate Committee on Appropriations,True,11320000.0,12,4199417.1,66,155.0,769171.2,DEPARTMENT OF DEFENSE (DOD),-0.02954137424514447,0.5871173880426763
Pete Sessions,S000250,MSFT,fedtech,2017-12-01,2017-12-01,1001.0,House Committee on Oversight and Government Reform,True,6367500.0,50,9887720.350000001,11,160.0,7023833.83,DEPARTMENT OF DEFENSE (DOD),0.0505577972940896,0.5869378619308795
Ro Khanna,K000389,ORCL,fedtech,2017-12-05,2017-12-12,15001.0,House Committee on Armed Services; House Committee on Oversight and Government Reform,True,8560000.0,43,2045034.1099999999,6,176.0,1977672.14,GENERAL SERVICES ADMINISTRATION (GSA),-0.05167743279849979,0.5869372253199913
Ro Khanna,K000389,PFE,pharma,2024-01-31,2024-02-05,1001.0,,False,8000000.0,35,340519421.84999996,5,57.0,339830553.64,Department of Health and Human Services,0.041358936484490405,0.5866616070073625
Ro Khanna,K000389,ORCL,fedtech,2026-01-29,2026-02-06,1001.0,House Committee on Armed Services; House Committee on Oversight and Government Reform,True,7000000.0,45,1695771.21,4,133.0,1380000.0,Office of Personnel Management,0.33589728418436793,0.5865562300033715
Josh Gottheimer,G000583,ABBV,pharma,2025-04-01,2025-05-14,1001.0,,False,4170000.0,19,112353.54000000001,6,15.0,61781.04,Department of Veterans Affairs,-0.08222232995588308,0.5865330246964262
Gilbert Cisneros,C001123,BA,defense,2025-12-19,2026-01-12,1001.0,House Committee on Armed Services,True,6430000.0,29,1110616.42,8,126.0,528593.0,National Aeronautics and Space Administration,0.05138266068759334,0.586504977184932
Ro Khanna,K000389,ACN,fedtech,2022-11-02,2022-12-06,1001.0,House Committee on Armed Services; House Committee on Oversight and Government Reform,True,2910000.0,28,32035740.169999994,41,168.0,8588539.69,Department of Commerce,-0.026390163332721595,0.5864331866268508
Ro Khanna,K000389,BA,defense,2020-07-23,2020-08-17,1001.0,House Committee on Armed Services,True,8254000.0,46,14649264.41,36,175.0,8769642.5,DEPARTMENT OF DEFENSE (DOD),0.13131198639841335,0.5864189418238074
Maria Elvira Salazar,S000168,BA,defense,2026-03-19,2026-04-21,15001.0,,False,6380000.0,29,1199788.9800000002,7,36.0,528593.0,National Aeronautics and Space Administration,,0.5863994290546495
Pete Sessions,S000250,MSFT,fedtech,2024-12-18,2024-12-19,1001.0,House Committee on Oversight and Government Reform,True,6770000.0,44,12360094.16,9,167.0,4908345.0,Department of State,-0.15914858593017678,0.5862796439737145
Lloyd Doggett,D000399,JNJ,pharma,2023-06-07,2023-07-10,1001.0,House Committee on Ways and Means,True,5720000.0,32,358379.22000000003,11,111.0,108023.24,Department of Veterans Affairs,-0.008705526116578488,0.5862541973847085
Shelley Moore Capito,C001047,PFE,pharma,2017-09-05,2017-10-16,1001.0,Senate Committee on Appropriations,True,16740000.0,36,227389.71,27,119.0,47455.2,DEPARTMENT OF HEALTH AND HUMAN SERVICES (HHS),0.08609467455621322,0.5862062137473175
Daniel Goldman,G000599,MRK,pharma,2023-01-31,2023-02-24,1001.0,,False,6400000.0,25,484449130.84999996,2,58.0,483275481.39,Department of Health and Human Services,0.02793036030164786,0.5861782708562393
K. Michael Conaway,C001062,NOC,defense,2017-11-15,2017-12-06,1001.0,,False,6285000.0,21,119046159.85,734,50.0,14265814.02,DEPARTMENT OF DEFENSE (DOD),0.136293925451757,0.5853187495125615
Kathy Manning,M001135,PFE,pharma,2022-07-15,2022-08-10,1001.0,,False,18435000.0,45,933137.9,134,31.0,896013.99,DEPARTMENT OF DEFENSE (DOD),-0.04850241545893719,0.5853184534812536
Kevin Hern,H001082,JNJ,pharma,2023-06-06,2023-07-12,1001.0,House Committee on Ways and Means,True,5720000.0,32,358379.22000000003,11,112.0,108023.24,Department of Veterans Affairs,-0.016816285244657947,0.58528850596832
Kevin Hern,H001082,XOM,energy,2022-06-10,2022-07-15,1001.0,,False,4020000.0,16,24179156.4,3,39.0,9054990.0,DEPARTMENT OF DEFENSE (DOD),-0.016125821222376935,0.5851933621581675
Ro Khanna,K000389,RTX,defense,2020-07-28,2020-08-17,1001.0,House Committee on Armed Services,True,6200000.0,52,19895398.45,17,178.0,9969420.0,DEPARTMENT OF DEFENSE (DOD),0.20999999999999996,0.5850580261844611
Lisa Mcclain,M001136,ABBV,pharma,2025-10-30,2025-11-21,1001.0,,False,3450000.0,20,116382.04000000001,4,15.0,51844.33,Department of Health and Human Services,0.017002629272568015,0.58473840672546
Suzan K. Delbene,D000617,MSFT,fedtech,2018-07-02,2018-08-29,1001.0,,False,7112500.0,49,30929996.16,35,44.0,6229600.96,DEPARTMENT OF DEFENSE (DOD),0.037196280371962764,0.5839226140164013
Kathy Manning,M001135,CVX,energy,2022-07-15,2022-08-10,1001.0,,False,4180000.0,10,63382936.379999995,24,45.0,37758242.16,DEPARTMENT OF DEFENSE (DOD),0.35524881946966946,0.5835972239925378
Kurt Schrader,S001180,MSFT,fedtech,2021-08-11,2021-09-08,1001.0,,False,7275000.0,55,60864114.09,19,48.0,33979056.0,DEPARTMENT OF DEFENSE (DOD),0.16082941278968477,0.5835587744164688
Suzan K. Delbene,D000617,MSFT,fedtech,2018-02-28,2018-03-06,250001.0,,False,6822500.0,52,40110092.17999999,42,71.0,7023833.83,DEPARTMENT OF DEFENSE (DOD),0.05182894315879283,0.5835116934637539
Valerie Hoyle,H001094,MSFT,fedtech,2024-10-29,2025-09-12,15001.0,,False,6750000.0,44,12247117.23,6,50.0,7888724.2,Department of Justice,-0.0745919666628081,0.5833876445140328
Lisa Mcclain,M001136,TXT,defense,2025-08-04,2025-09-12,1001.0,,False,2661264.0,10,24586610.840000004,161,38.0,6893164.09,Department of Defense,0.05937540161932908,0.582807960611561
Julia Letlow,L000595,IBM,fedtech,2025-10-22,2026-01-13,1001.0,House Committee on Appropriations,True,1370000.0,2,33285196.620000005,24,160.0,11842802.72,General Services Administration,-0.1086223087892596,0.5825043394459833
Cleo Fields,F000110,PLTR,defense,2025-07-18,2025-08-06,100001.0,,False,4400000.0,18,75033710.8,19,68.0,14244448.96,Department of the Treasury,0.1154898384575298,0.5824565442872844
Ro Khanna,K000389,JNJ,pharma,2018-02-27,2018-03-09,15001.0,,False,6080000.0,26,11362124.66,1933,50.0,279909.44,DEPARTMENT OF DEFENSE (DOD),-0.07640312903470792,0.5813690159614556
Gilbert Cisneros,C001123,LHX,defense,2020-09-16,2020-10-14,1001.0,House Committee on Armed Services,True,1170000.0,12,25470184.89,20,156.0,10567300.74,DEPARTMENT OF DEFENSE (DOD),0.04715116917334505,0.580079489053352
Patrick Fallon,F000246,CVX,energy,2021-02-23,2021-06-17,50001.0,,False,3570000.0,12,93325336.09,80,66.0,53515839.09,DEPARTMENT OF DEFENSE (DOD),0.06664659239184978,0.579956110761132
John Boozman,B001236,ORCL,fedtech,2025-04-16,2025-05-14,1001.0,Senate Committee on Appropriations,True,6620000.0,46,3098035.05,7,152.0,745087.4,Department of Health and Human Services,0.8877928483353885,0.5794544720222501
Julia Letlow,L000595,BA,defense,2024-10-23,2026-01-13,1001.0,House Committee on Appropriations,True,6790000.0,28,1449331.3599999999,11,140.0,532996.23,National Aeronautics and Space Administration,0.15166178530497887,0.579373679310831
Marjorie Taylor Greene,G000596,CVX,energy,2025-05-05,2025-05-06,1001.0,,False,5950000.0,14,61040630.769999996,33,49.0,4380984.72,Department of Defense,0.19431734317343174,0.5793349524463673
John James,J000307,ACN,fedtech,2023-11-10,2024-09-02,1001.0,,False,1985000.0,19,185563232.76,42,49.0,40429213.05,Department of Veterans Affairs,0.16744346085270112,0.5788316867644258
Lois Frankel,F000462,JNJ,pharma,2017-11-08,2017-11-27,1001.0,House Committee on Appropriations,True,5620000.0,27,5623924.54,1118,161.0,279909.44,DEPARTMENT OF DEFENSE (DOD),-0.06552504953297478,0.5787948385917077
Kevin Hern,H001082,MSFT,fedtech,2021-07-21,2021-09-15,100001.0,,False,4205000.0,43,61659655.97,21,69.0,33979056.0,DEPARTMENT OF DEFENSE (DOD),0.21275764036958078,0.5782396553262266
Josh Gottheimer,G000583,ORCL,fedtech,2022-01-24,2022-02-18,1001.0,House Permanent Select Committee on Intelligence,True,7010000.0,49,92521.2,3,107.0,58435.95,DEPARTMENT OF STATE (DOS),-0.16246056782334384,0.5778101980914397
Kevin Hern,H001082,JNJ,pharma,2024-06-04,2024-07-15,1001.0,House Committee on Ways and Means,True,5060000.0,32,247424.33000000002,7,115.0,90300.0,Department of Veterans Affairs,0.09046008119079829,0.5770095260339924
Lloyd Doggett,D000399,JNJ,pharma,2024-06-04,2024-07-03,1001.0,House Committee on Ways and Means,True,5060000.0,32,247424.33000000002,7,115.0,90300.0,Department of Veterans Affairs,0.09046008119079829,0.5770095260339924
Tommy Tuberville,T000278,MSFT,fedtech,2021-11-22,2021-12-10,1001.0,Senate Committee on Armed Services,True,7390000.0,56,2058763.69,4,151.0,1268125.0,CORPS OF ENGINEERS - CIVIL WORKS (USACE),-0.10525851160874555,0.5768859524024131
Ro Khanna,K000389,PFE,pharma,2024-08-27,2024-09-06,1001.0,,False,4550000.0,28,3562308.05,3,34.0,2151230.0,Department of Health and Human Services,-0.07841776544066625,0.576863742231674
Michael T. McCaul,M001157,MRK,pharma,2024-08-02,2024-09-16,1001.0,,False,6180000.0,26,154256288.10999998,17,56.0,153000000.0,Department of Health and Human Services,-0.12664930555555554,0.5768470913613146
John James,J000307,IBM,fedtech,2023-11-10,2024-09-02,1001.0,,False,2850000.0,4,99978218.49999999,35,49.0,26450000.0,Agency for International Development,0.28660582472151375,0.5762508836762669
Ro Khanna,K000389,XOM,energy,2019-03-26,2019-04-11,15001.0,,False,6250000.0,24,8174476.6899999995,148,51.0,3692117.92,DEPARTMENT OF DEFENSE (DOD),-0.06916996047430823,0.5761967014259897
John James,J000307,LMT,defense,2023-11-10,2024-09-02,1001.0,,False,14828828.0,35,4782977.14,7,42.0,4434015.83,Department of Defense,-0.022748218580708968,0.5761642729382149
Ro Khanna,K000389,PFE,pharma,2019-05-28,2019-06-11,1001.0,,False,15320000.0,44,6399.820000000001,8,13.0,3053.15,DEPARTMENT OF DEFENSE (DOD),-0.14319809069212408,0.5759784066572685
Kathy Manning,M001135,LHX,defense,2022-07-20,2022-08-10,1001.0,,False,1460000.0,4,195350125.06,132,49.0,87228043.0,DEPARTMENT OF DEFENSE (DOD),-0.012791371395462825,0.5758611921630886
Ro Khanna,K000389,ORCL,fedtech,2026-01-13,2026-02-06,1001.0,House Committee on Armed Services; House Committee on Oversight and Government Reform,True,7260000.0,47,1695771.21,4,149.0,1380000.0,Office of Personnel Management,-0.06194077809085963,0.5758279213842543
Robert J. Wittman,W000804,MSFT,fedtech,2020-10-02,2020-11-19,1001.0,House Committee on Armed Services,True,6955000.0,60,7537264.85,7,178.0,4056800.0,DEPARTMENT OF DEFENSE (DOD),0.16227751103351284,0.5758038613393596
Michael T. McCaul,M001157,MRK,pharma,2021-03-05,2021-04-19,15001.0,,False,10272000.0,33,1719540440.15,4,94.0,1207999848.0,DEPARTMENT OF DEFENSE (DOD),0.06809790783536185,0.5755232762570051
Ro Khanna,K000389,GD,defense,2020-05-20,2020-06-17,1001.0,House Committee on Armed Services,True,6897351.0,42,2549002.38,4,156.0,1866602.0,DEPARTMENT OF HEALTH AND HUMAN SERVICES (HHS),0.0554785020804438,0.5753918941796228
Ro Khanna,K000389,MSFT,fedtech,2020-04-07,2020-05-13,1001.0,House Committee on Armed Services; House Committee on Oversight and Government Reform,True,6804000.0,51,6448973.89,3,175.0,3912274.53,DEPARTMENT OF STATE (DOS),0.302464982567741,0.5752597487911593
John Rutherford,R000609,LMT,defense,2017-07-17,2018-08-20,1001.0,House Committee on Appropriations,True,8759878.0,50,4910392.870000001,3973,175.0,2122434.72,DEPARTMENT OF COMMERCE (DOC),0.08752469756317383,0.5751941405248253
Maria Elvira Salazar,S000168,IBM,fedtech,2026-05-21,2026-06-08,15001.0,,False,800000.0,1,10179356.549999999,3,41.0,8803092.53,Department of the Treasury,,0.5749644473687848
Ro Khanna,K000389,JNJ,pharma,2024-03-20,2024-04-05,15001.0,,False,4980000.0,30,277111.66,9,33.0,101000.0,Department of Health and Human Services,-0.0021828454031843636,0.5744021834999782
Ro Khanna,K000389,ORCL,fedtech,2023-10-02,2023-11-08,1001.0,House Committee on Armed Services; House Committee on Oversight and Government Reform,True,8310000.0,44,950021.0,1,144.0,950021.0,Federal Communications Commission,0.06981538749882854,0.5743410173915987
K. Michael Conaway,C001062,XOM,energy,2018-01-12,2018-02-02,1001.0,,False,5730000.0,23,80395578.10000001,15,53.0,18646803.61,DEPARTMENT OF DEFENSE (DOD),-0.06501371115173671,0.5743364566694736
Jared Moskowitz,M001217,GD,defense,2026-03-31,2026-04-30,1001.0,,False,9188899.0,44,204855354.42000002,27,62.0,71419226.0,Department of Homeland Security,,0.5741118833429799
Marie Newman,N000192,MSFT,fedtech,2021-08-06,2021-09-08,1001.0,,False,7275000.0,55,60864114.09,19,53.0,33979056.0,DEPARTMENT OF DEFENSE (DOD),0.12689145305050786,0.5740479724366205
Ro Khanna,K000389,ORCL,fedtech,2022-01-20,2022-02-08,1001.0,House Committee on Armed Services; House Committee on Oversight and Government Reform,True,7010000.0,49,92521.2,3,111.0,58435.95,DEPARTMENT OF STATE (DOS),-0.17033365570599612,0.573838322765305
Patrick Fallon,F000246,CVX,energy,2021-06-29,2021-07-02,100001.0,,False,3940000.0,12,28238113.57,77,66.0,2184244.65,DEPARTMENT OF DEFENSE (DOD),0.08008866615265986,0.5737070097721402
Ro Khanna,K000389,BA,defense,2020-05-20,2020-06-17,1001.0,House Committee on Armed Services,True,8166000.0,46,610577.88,3,138.0,585522.12,DEPARTMENT OF DEFENSE (DOD),0.2566006600660067,0.5734993173212223
Ro Khanna,K000389,JNJ,pharma,2019-03-26,2019-04-11,15001.0,,False,4920000.0,32,7897068.32,1213,51.0,218455.06,DEPARTMENT OF DEFENSE (DOD),-0.06343364364581072,0.5730705777791008
Shelley Moore Capito,C001047,CVX,energy,2018-04-05,2018-05-14,1001.0,Senate Committee on Appropriations,True,7820000.0,11,4338709.52,73,174.0,769171.2,DEPARTMENT OF DEFENSE (DOD),0.05763492198823417,0.5730207254415977
Shelley Moore Capito,C001047,MSFT,fedtech,2017-09-05,2017-10-16,1001.0,Senate Committee on Appropriations,True,6178750.0,48,1274945.3900000001,3,146.0,954799.92,DEPARTMENT OF HOMELAND SECURITY (DHS),0.17307431055563094,0.5728089728785563
Shelley Moore Capito,C001047,CVX,energy,2017-09-08,2017-10-06,1001.0,Senate Committee on Appropriations,True,4520000.0,10,707104.27,74,132.0,90885.36,DEPARTMENT OF DEFENSE (DOD),0.16022747788409464,0.5727640375566954
Lois Frankel,F000462,PFE,pharma,2022-02-09,2022-02-27,1001.0,House Committee on Appropriations,True,7410000.0,38,719399.2299999999,289,140.0,621822.28,DEPARTMENT OF HEALTH AND HUMAN SERVICES (HHS),0.0060229259762969445,0.5727467491481244
Ro Khanna,K000389,ORCL,fedtech,2025-04-04,2025-05-12,1001.0,House Committee on Armed Services; House Committee on Oversight and Government Reform,True,6715000.0,46,3098035.05,7,164.0,745087.4,Department of Health and Human Services,0.9687378186637561,0.5727006605815438
Kathy Manning,M001135,JNJ,pharma,2022-07-27,2022-08-10,1001.0,,False,4680000.0,34,9516878.01,724,41.0,396534.3,DEPARTMENT OF DEFENSE (DOD),0.023325635103926157,0.5725072568422862
Nancy Pelosi,P000197,MSFT,fedtech,2023-06-15,2023-06-22,500001.0,,False,13722000.0,46,33818441.9,37,88.0,16036780.0,Department of State,-0.05851766733697217,0.5718644054807956
Ro Khanna,K000389,CVS,pharma,2022-08-23,2022-09-08,1001.0,,False,4150000.0,22,26200.0,1,15.0,26200.0,DEPARTMENT OF VETERANS AFFAIRS (VA),-0.06931672105211106,0.5706163847202229
Lois Frankel,F000462,JNJ,pharma,2017-10-25,2017-11-27,1001.0,House Committee on Appropriations,True,5620000.0,27,5110346.8,969,175.0,279909.44,DEPARTMENT OF DEFENSE (DOD),-0.08745434110705264,0.5705277914219098
Ro Khanna,K000389,PFE,pharma,2026-04-13,2026-05-11,1001.0,,False,15030000.0,29,5890711.8100000005,4,46.0,4607966.7,Department of Health and Human Services,,0.5704105808425584
Marie Newman,N000192,JNJ,pharma,2021-04-13,2021-05-09,15001.0,,False,5130000.0,27,34340248.620000005,3145,62.0,571018.22,DEPARTMENT OF DEFENSE (DOD),0.08979182342613501,0.5699804863209705
Alan S. Lowenthal,L000579,BA,defense,2022-06-15,2022-06-19,1001.0,,False,7830000.0,42,1377520047.96,3033,77.0,862042587.0,DEPARTMENT OF DEFENSE (DOD),-0.009871373018247032,0.5699092904561827
Earl Blumenauer,B000574,PFE,pharma,2021-05-07,2021-06-09,1001.0,,False,7060000.0,39,3502792796.35,460,84.0,3500000001.0,DEPARTMENT OF DEFENSE (DOD),0.1811520970186964,0.5693455700984114
Lloyd Doggett,D000399,JNJ,pharma,2024-12-10,2025-01-08,1001.0,House Committee on Ways and Means,True,5080000.0,33,2742713.5699999994,307,162.0,98782.0,Department of Defense,0.011659853916772933,0.5692563488753589
Ro Khanna,K000389,PFE,pharma,2023-01-11,2023-02-07,15001.0,,False,8030000.0,43,189848982.02,6,78.0,188215349.18,Department of Health and Human Services,-0.20800842992623825,0.5692245015332601
Thomas Suozzi,S001201,PFE,pharma,2017-08-17,2021-09-23,1001.0,House Committee on Ways and Means,True,16740000.0,36,188163.13,17,138.0,47455.2,DEPARTMENT OF HEALTH AND HUMAN SERVICES (HHS),0.1289833080424887,0.568925046580871
William R. Keating,K000375,MRK,pharma,2021-03-17,2021-04-27,1001.0,,False,10272000.0,33,1719540440.15,4,82.0,1207999848.0,DEPARTMENT OF DEFENSE (DOD),0.0077619663648125226,0.568554432044544
Lloyd Doggett,D000399,JNJ,pharma,2025-12-09,2026-01-02,1001.0,House Committee on Ways and Means,True,5440000.0,36,294196.98,5,128.0,133500.0,Department of Veterans Affairs,0.20674134826965385,0.5684846326189471
Lois Frankel,F000462,PFE,pharma,2022-02-02,2022-02-27,1001.0,House Committee on Appropriations,True,7410000.0,38,719950.3699999998,304,147.0,621822.28,DEPARTMENT OF HEALTH AND HUMAN SERVICES (HHS),-0.021908652060898648,0.5680167351177922
Gary Palmer,P000609,BA,defense,2018-07-12,2018-09-29,1001.0,,False,9185000.0,41,1514851729.75,5524,81.0,285126803.25,DEPARTMENT OF DEFENSE (DOD),0.06736410137849314,0.567235856968815
Diana Harshbarger,H001086,LMT,defense,2022-10-21,2022-11-29,1001.0,,False,7639447.0,29,2362500.19,10,39.0,1000000.0,NATIONAL AERONAUTICS AND SPACE ADMINISTRATION (NASA),0.05406832229823366,0.5672335060227032
Ro Khanna,K000389,CVX,energy,2024-06-20,2024-07-08,50001.0,,False,4270000.0,10,83672.5,2,34.0,83672.5,General Services Administration,-0.03760214504596515,0.5670888839427695
Kevin Hern,H001082,MSFT,fedtech,2021-03-11,2021-04-09,1001.0,,False,6975000.0,61,19796377.45,20,50.0,6872057.0,DEPARTMENT OF DEFENSE (DOD),0.17209969215198417,0.5669704602968537
Ro Khanna,K000389,ACN,fedtech,2022-09-06,2022-10-07,1001.0,House Committee on Armed Services; House Committee on Oversight and Government Reform,True,3010000.0,30,8000831.859999999,15,178.0,3893278.0,General Services Administration,-0.04981302476539906,0.5668284570724488
Ro Khanna,K000389,CVX,energy,2024-06-24,2024-07-08,15001.0,,False,4270000.0,10,83672.5,2,30.0,83672.5,General Services Administration,-0.05266461615717788,0.5666349802804499
Adam Kinzinger,K000378,BA,defense,2019-03-26,2019-05-09,1001.0,,False,9040000.0,47,1120328647.5,2973,79.0,295282161.43,DEPARTMENT OF DEFENSE (DOD),-0.02416437172633512,0.5665068534213185
Pat Roberts,R000307,LMT,defense,2018-01-17,2018-01-29,1001.0,,False,11859645.0,42,320584647.21000004,42408,72.0,44212901.71,DEPARTMENT OF DEFENSE (DOD),-0.043122498954787036,0.5660820378549052
Gilbert Cisneros,C001123,AVAV,defense,2026-03-03,2026-04-07,1001.0,House Committee on Armed Services,True,680000.0,10,575283.0,1,112.0,575283.0,Department of Transportation,-0.24467805519053876,0.5659687319443764
Marjorie Taylor Greene,G000596,LMT,defense,2021-11-15,2021-11-22,1001.0,,False,8161561.0,36,900657445.0899999,756,77.0,105161234.3,DEPARTMENT OF DEFENSE (DOD),0.3160565528569752,0.5657565584854302
Kevin Hern,H001082,RTX,defense,2022-03-24,2022-04-12,1001.0,,False,7430000.0,31,1832633882.92,851,82.0,634522630.0,DEPARTMENT OF DEFENSE (DOD),-0.07373906203913083,0.5655258473771776
Kevin Hern,H001082,JNJ,pharma,2020-10-16,2020-11-14,1001.0,House Committee on Ways and Means,True,3680000.0,26,4579419.92,679,173.0,172000.0,DEPARTMENT OF DEFENSE (DOD),0.11458474004051311,0.5654307584587955
Jared Moskowitz,M001217,MSFT,fedtech,2023-07-14,2024-08-21,1001.0,,False,13672000.0,45,36608566.31,36,59.0,16036780.0,Department of State,0.062101726335302976,0.5650235021455514
Lois Frankel,F000462,ABBV,pharma,2023-09-06,2023-10-10,1001.0,House Committee on Appropriations,True,2150000.0,18,77759.0,5,105.0,47933.0,Department of Health and Human Services,0.10885241398255618,0.5643862658315565
Nicholas Van Taylor,T000479,ABBV,pharma,2019-01-07,2019-02-15,1001.0,,False,4220000.0,16,64675.8,5,21.0,12935.16,DEPARTMENT OF VETERANS AFFAIRS (VA),-0.13743498948766186,0.5642756127896749
Jonathan Jackson,J000309,GD,defense,2024-09-24,2024-10-11,15001.0,,False,7755000.0,41,296875356.59,75,85.0,82880210.64,Department of Health and Human Services,-0.11760265204975884,0.5642584633922227
Ro Khanna,K000389,JNJ,pharma,2024-03-25,2024-04-05,1001.0,,False,4980000.0,30,277111.66,9,28.0,101000.0,Department of Health and Human Services,-0.018489885324056154,0.5642539040023745
Ro Khanna,K000389,ABBV,pharma,2019-04-29,2019-05-10,15001.0,,False,5570000.0,18,12935.16,1,24.0,12935.16,DEPARTMENT OF VETERANS AFFAIRS (VA),-0.18219178082191778,0.5641691926959717
Jerry Moran,M000934,PFE,pharma,2021-12-21,2022-01-21,1001.0,Senate Committee on Appropriations,True,6390000.0,41,101710.97,262,122.0,12122.46,DEPARTMENT OF DEFENSE (DOD),-0.15606446140797292,0.5637509697870349
Marjorie Taylor Greene,G000596,MRK,pharma,2025-05-05,2025-05-06,1001.0,,False,10630000.0,33,2091916.2699999998,17,42.0,1854638.73,Department of Health and Human Services,0.031868662481892907,0.5633284716278387
Barbara J Comstock,C001105,MSFT,fedtech,2018-06-05,2018-06-11,15001.0,,False,7112500.0,49,47790764.669999994,54,71.0,6229600.96,DEPARTMENT OF DEFENSE (DOD),0.12701829924650165,0.5630014220372149
Diana Harshbarger,H001086,LMT,defense,2022-06-01,2022-06-29,1001.0,,False,14208018.0,41,1603300211.7,642,89.0,520273671.0,DEPARTMENT OF DEFENSE (DOD),-0.1127020259503756,0.5624938112780261
Ro Khanna,K000389,ABBV,pharma,2018-11-05,2018-12-10,1001.0,,False,2990000.0,14,77916.96,6,21.0,13088.16,DEPARTMENT OF VETERANS AFFAIRS (VA),-0.04444175345119883,0.5623447516236224
John Curtis,C001114,RTX,defense,2021-06-22,2021-07-06,1001.0,,False,16510000.0,42,3916721292.2400002,1385,99.0,627062332.0,DEPARTMENT OF DEFENSE (DOD),0.04921034561684601,0.5622151694560333
Elizabeth Fletcher,F000468,MSFT,fedtech,2019-02-26,2019-04-23,1001.0,,False,7095000.0,52,40547235.28999999,16,57.0,14541770.59,DEPARTMENT OF DEFENSE (DOD),0.19197223211107173,0.5620975774574435
Gilbert Cisneros,C001123,RTX,defense,2026-01-09,2026-02-13,1001.0,House Committee on Armed Services,True,580000.0,16,12406411.469999999,16,160.0,4691070.0,Department of Transportation,-0.05246684350132613,0.5618735164597818
Blake Moore,M001213,RTX,defense,2021-03-26,2021-07-17,1001.0,,False,15750000.0,41,2920915291.96,1471,96.0,547052715.0,DEPARTMENT OF DEFENSE (DOD),0.09952667263656134,0.5618622719128425
Ritchie John Torres,T000486,LHX,defense,2024-09-26,2025-08-20,1001.0,,False,1080000.0,11,13779242.769999998,11,40.0,13149440.66,Department of Commerce,-0.055752288823631035,0.5618121429153904
Lois Frankel,F000462,PFE,pharma,2022-02-22,2022-04-06,1001.0,House Committee on Appropriations,True,7410000.0,38,1624838.1099999999,297,174.0,896013.99,DEPARTMENT OF DEFENSE (DOD),0.032400589101619914,0.5617012073427659
Maria Elvira Salazar,S000168,MSFT,fedtech,2026-04-17,2026-05-08,15001.0,,False,6395000.0,36,22858531.619999997,6,66.0,8148580.17,Department of Justice,,0.5615310335310981
Debbie Dingell,D000624,ABBV,pharma,2018-02-22,2018-03-01,1001.0,House Committee on Energy and Commerce,True,4780000.0,15,74990.07999999999,6,117.0,30539.04,DEPARTMENT OF VETERANS AFFAIRS (VA),-0.20474651241919029,0.5615124511352346
Earl Blumenauer,B000574,JNJ,pharma,2018-02-28,2018-03-06,1001.0,,False,6080000.0,26,11471078.559999999,1928,49.0,279909.44,DEPARTMENT OF DEFENSE (DOD),-0.06067138897443791,0.5613703333838189
Jared Moskowitz,M001217,GD,defense,2026-03-23,2026-04-30,1001.0,,False,9188899.0,44,205719514.23000002,29,70.0,71419226.0,Department of Homeland Security,,0.5613453869224496
Thomas Macarthur,M001193,CVX,energy,2017-12-11,2018-01-10,1001.0,,False,4760000.0,10,1817717.65,150,38.0,90885.36,DEPARTMENT OF DEFENSE (DOD),-0.01303770137850857,0.5611136369571113
Gilbert Cisneros,C001123,PFE,pharma,2025-04-29,2025-05-06,1001.0,,False,19360000.0,26,2720750.0500000003,298,48.0,1759047.8,Department of Health and Human Services,0.05380411937788998,0.5609494921809051
Markwayne Mullin,M001190,MSFT,fedtech,2025-11-03,2025-11-21,250001.0,,False,6255000.0,40,8059419.9,6,74.0,2207391.0,Department of Transportation,-0.21874939558632955,0.5605610842787312
Julia Letlow,L000595,CVX,energy,2024-10-23,2026-01-13,1001.0,House Committee on Appropriations,True,5540000.0,14,20000.0,3,105.0,20000.0,Department of State,0.055223285486443396,0.5604712461307191
Ro Khanna,K000389,CVX,energy,2017-11-30,2017-12-12,15001.0,,False,4760000.0,10,1785137.65,149,49.0,90885.36,DEPARTMENT OF DEFENSE (DOD),-0.056727456088746964,0.5603151262031658
Kathy Manning,M001135,PFE,pharma,2021-01-15,2021-02-04,1001.0,,False,9460000.0,39,303768612.09,372,74.0,301734547.01,DEPARTMENT OF HEALTH AND HUMAN SERVICES (HHS),0.09291553133514974,0.5599343092630622
Kevin Hern,H001082,JNJ,pharma,2023-12-05,2024-01-13,1001.0,House Committee on Ways and Means,True,4460000.0,28,332479.45,14,139.0,101000.0,Department of Health and Human Services,-0.027057710501419252,0.5592103903212248
Lloyd Doggett,D000399,JNJ,pharma,2023-12-05,2024-01-08,1001.0,House Committee on Ways and Means,True,4460000.0,28,332479.45,14,139.0,101000.0,Department of Health and Human Services,-0.027057710501419252,0.5592103903212248
Nicholas Van Taylor,T000479,ABBV,pharma,2019-01-29,2019-02-15,1001.0,,False,6390000.0,17,51740.64,4,24.0,12935.16,DEPARTMENT OF VETERANS AFFAIRS (VA),0.007615851297276377,0.5588246332252311
Gilbert Cisneros,C001123,ORCL,fedtech,2025-10-17,2025-11-18,1001.0,House Committee on Armed Services,True,7260000.0,45,194271.21,1,140.0,194271.21,Federal Communications Commission,-0.47145652397789295,0.5582486444414969
Diana Harshbarger,H001086,RTX,defense,2021-11-12,2021-12-30,1001.0,,False,8520000.0,33,614920934.0699999,656,80.0,133346546.4,DEPARTMENT OF DEFENSE (DOD),0.09205491784830078,0.5579123184399164
Kevin Hern,H001082,LMT,defense,2021-10-20,2021-11-05,50001.0,,False,4271561.0,21,870944428.71,737,103.0,105161234.3,DEPARTMENT OF DEFENSE (DOD),0.04753051491391158,0.5577802436586738
Lisa Mcclain,M001136,PFE,pharma,2025-07-16,2025-08-13,1001.0,,False,12550000.0,24,839941.11,172,41.0,787274.8,Department of Defense,0.04794798862251115,0.5573971582503336
Lois Frankel,F000462,ABBV,pharma,2023-08-30,2023-10-10,1001.0,House Committee on Appropriations,True,2150000.0,18,77759.0,5,112.0,47933.0,Department of Health and Human Services,0.04335221143473578,0.5573955745808299
Kevin Hern,H001082,MSFT,fedtech,2021-06-25,2021-07-14,250001.0,,False,7320000.0,57,62492358.85,24,95.0,33979056.0,DEPARTMENT OF DEFENSE (DOD),0.16266696853067697,0.5572464836772462
Ro Khanna,K000389,ORCL,fedtech,2022-11-03,2022-12-06,1001.0,House Committee on Armed Services; House Committee on Oversight and Government Reform,True,7460000.0,52,219604.80000000002,2,144.0,202960.6,Department of Justice,0.18952419032387047,0.5571437263488407
Carol Devine Miller,M001205,JNJ,pharma,2020-07-28,2020-09-14,15001.0,House Committee on Ways and Means,True,3920000.0,30,29051.97,4,134.0,21000.0,DEPARTMENT OF HEALTH AND HUMAN SERVICES (HHS),-0.021453381461554177,0.5568550568883927
Katherine M. Clark,C001101,MSFT,fedtech,2021-07-27,2021-08-15,1001.0,,False,7275000.0,55,61430747.97,20,63.0,33979056.0,DEPARTMENT OF DEFENSE (DOD),0.1792768897885113,0.5566414594735938
Dean Phillips,P000616,ABBV,pharma,2019-01-04,2019-02-18,1001.0,,False,4220000.0,16,64675.8,5,24.0,12935.16,DEPARTMENT OF VETERANS AFFAIRS (VA),-0.11013809363422011,0.5564872443980349
Ro Khanna,K000389,ORCL,fedtech,2022-11-02,2022-12-06,1001.0,House Committee on Armed Services; House Committee on Oversight and Government Reform,True,7460000.0,52,219604.80000000002,2,145.0,202960.6,Department of Justice,0.15774760383386566,0.5564744629708146
Shelley Moore Capito,C001047,CEG,energy,2025-03-26,2025-04-10,1001.0,Senate Committee on Appropriations,True,3415000.0,21,1000.0,2,77.0,1000.0,Department of Defense,0.48255519196202257,0.5563761525396875
Barbara J Comstock,C001105,BA,defense,2017-12-18,2017-12-19,15001.0,,False,9810000.0,45,703980033.19,5298,102.0,235981481.0,DEPARTMENT OF DEFENSE (DOD),0.13702978321064374,0.5562859023794708
Ro Khanna,K000389,PFE,pharma,2023-08-29,2023-09-06,1001.0,,False,8340000.0,42,430410.0,3,36.0,215205.0,Department of Veterans Affairs,-0.20857538035961276,0.5562835601261271
Ro Khanna,K000389,MRK,pharma,2024-01-10,2024-02-05,1001.0,,False,5080000.0,27,681564525.4599999,9,78.0,679068171.01,Department of Health and Human Services,0.0956587582029278,0.5558616760810227
Nicholas Van Taylor,T000479,XOM,energy,2019-03-14,2019-04-15,15001.0,,False,6250000.0,23,8809766.11,164,63.0,3692117.92,DEPARTMENT OF DEFENSE (DOD),-0.03493286921929395,0.5557636074627071
Jerry Moran,M000934,JNJ,pharma,2020-08-21,2020-09-08,1001.0,Senate Committee on Appropriations,True,3920000.0,30,29051.97,4,110.0,21000.0,DEPARTMENT OF HEALTH AND HUMAN SERVICES (HHS),0.0017020162346164103,0.5555147089565052
Thomas Macarthur,M001193,MSFT,fedtech,2018-06-14,2018-07-10,1001.0,,False,7112500.0,49,47618564.669999994,53,62.0,6229600.96,DEPARTMENT OF DEFENSE (DOD),0.08035890356931552,0.5552715623846203
Jefferson Shreve,S001229,CVX,energy,2025-04-07,2025-05-08,15001.0,,False,6140000.0,17,60880449.769999996,32,77.0,4380984.72,Department of Defense,0.09197288619336419,0.5551583204259684
Marjorie Taylor Greene,G000596,BA,defense,2025-05-05,2025-05-06,1001.0,,False,6850000.0,27,1228636689.57,3846,86.0,200887330.0,Department of Defense,0.27308806178268785,0.5549917902394133
Tommy Tuberville,T000278,PFE,pharma,2022-01-12,2022-02-14,1001.0,"Senate Committee on Health, Education, Labor, and Pensions",True,6400000.0,39,713082.9099999999,304,168.0,621822.28,DEPARTMENT OF HEALTH AND HUMAN SERVICES (HHS),-0.11050308914386586,0.5540364170430404
Jefferson Shreve,S001229,LMT,defense,2025-04-11,2025-05-08,15001.0,,False,7530690.0,34,1753594195.6599998,982,111.0,572683529.0,Department of Defense,-0.10242156243419664,0.5539988697681076
Blake Moore,M001213,MSFT,fedtech,2021-03-04,2021-07-17,1001.0,,False,6965000.0,60,18904179.45,17,57.0,6872057.0,DEPARTMENT OF DEFENSE (DOD),0.22458430732589418,0.5535713541503734
Thomas Macarthur,M001193,MSFT,fedtech,2018-03-08,2018-04-09,1001.0,,False,6822500.0,52,49122938.75,45,63.0,7023833.83,DEPARTMENT OF DEFENSE (DOD),0.07126972360478656,0.553467483502326
Zoe Lofgren,L000397,PFE,pharma,2021-08-09,2021-09-10,1001.0,,False,5700000.0,42,5737976627.7699995,361,100.0,5737132500.0,DEPARTMENT OF DEFENSE (DOD),0.124836885602436,0.5530490844624061
Josh Gottheimer,G000583,ORCL,fedtech,2022-03-09,2022-04-17,1001.0,House Permanent Select Committee on Intelligence,True,6960000.0,48,614928.7,7,170.0,458214.5,DEPARTMENT OF STATE (DOS),-0.056110381077529525,0.5523674908422427
Kathy Manning,M001135,PFE,pharma,2023-04-28,2023-05-19,1001.0,,False,13875000.0,46,1216810.2400000002,6,46.0,586224.0,Department of Health and Human Services,-0.06891231679094878,0.552308873556068
Marjorie Taylor Greene,G000596,MSFT,fedtech,2024-04-24,2024-05-01,1001.0,,False,6664000.0,45,20407595.78,16,58.0,8431014.74,Department of Justice,0.01586564318192929,0.5521377310765049
Gilbert Cisneros,C001123,MRK,pharma,2025-04-29,2025-05-06,1001.0,,False,10630000.0,34,2091916.2699999998,17,48.0,1854638.73,Department of Health and Human Services,-0.007555188289458115,0.5511956118989315
Ro Khanna,K000389,MRK,pharma,2022-05-10,2022-06-10,1001.0,,False,5530000.0,22,4866293.230000001,9,49.0,4703860.87,DEPARTMENT OF HEALTH AND HUMAN SERVICES (HHS),-0.010704931101241266,0.5509383100976185
Ro Khanna,K000389,MRK,pharma,2023-01-11,2023-02-07,1001.0,,False,4510000.0,24,484449130.84999996,2,78.0,483275481.39,Department of Health and Human Services,0.058341586386963185,0.5507745750801544
Kathy Manning,M001135,JNJ,pharma,2022-07-15,2022-08-10,1001.0,,False,4730000.0,32,11260993.1,945,53.0,396534.3,DEPARTMENT OF DEFENSE (DOD),-0.03545979913594788,0.5507171417371178
Kurt Schrader,S001180,GD,defense,2022-03-07,2022-04-05,250001.0,,False,7442596.0,37,1660325379.96,780,143.0,562520000.0,DEPARTMENT OF DEFENSE (DOD),-0.13247604027659832,0.5500154419642367
Ro Khanna,K000389,CVX,energy,2020-08-29,2020-10-21,1001.0,,False,3650000.0,13,3246114.2399999998,6,45.0,1095387.72,DEPARTMENT OF DEFENSE (DOD),0.01155725008936015,0.5496623566317835
Gary Palmer,P000609,ABBV,pharma,2018-08-06,2018-09-29,1001.0,House Committee on Energy and Commerce,True,2065000.0,15,39111.479999999996,3,112.0,13088.16,DEPARTMENT OF VETERANS AFFAIRS (VA),-0.06707191427982695,0.5494451938853985
Markwayne Mullin,M001190,CVX,energy,2025-12-29,2026-01-16,15001.0,,False,5440000.0,15,13159.27,1,30.0,13159.27,Department of State,0.247499834426121,0.549265793624757
Diana Harshbarger,H001086,LMT,defense,2022-05-20,2022-05-26,1001.0,,False,14208018.0,41,1661582961.23,700,101.0,520273671.0,DEPARTMENT OF DEFENSE (DOD),-0.017988919014499616,0.5489525540615015
David J. Taylor,T000490,LLY,pharma,2025-08-14,2025-09-02,15001.0,,False,22475000.0,37,229740.8,2,53.0,229740.8,Department of Veterans Affairs,0.5012638253729382,0.5482503660663244
Diana Harshbarger,H001086,MSFT,fedtech,2022-10-26,2022-11-29,1001.0,,False,6565000.0,41,12263524.71,11,57.0,3697577.0,DEPARTMENT OF JUSTICE (DOJ),0.10137471900397732,0.5481768136311577
Marjorie Taylor Greene,G000596,ABBV,pharma,2025-03-17,2025-03-19,1001.0,,False,4170000.0,19,112353.54000000001,6,30.0,61781.04,Department of Veterans Affairs,-0.13092740243390688,0.5475479004013787
Diana Harshbarger,H001086,RTX,defense,2021-11-03,2021-12-30,1001.0,,False,8400000.0,31,670926935.03,648,89.0,133346546.4,DEPARTMENT OF DEFENSE (DOD),0.12585993007781648,0.5469622071991298
Julia Letlow,L000595,ABBV,pharma,2025-04-28,2026-01-13,1001.0,House Committee on Appropriations,True,4320000.0,21,306718.18,6,156.0,164749.44,Department of Veterans Affairs,0.08329000727877722,0.5469443963223698
Jared Moskowitz,M001217,LMT,defense,2024-07-01,2024-08-06,1001.0,,False,10585310.0,30,326031534.63,19,85.0,294247361.0,Department of Commerce,0.17228368064488464,0.5468291061984922
Ro Khanna,K000389,MRNA,pharma,2026-04-13,2026-05-11,1001.0,,False,1050000.0,17,8699145.459999999,3,45.0,8095895.8,Department of Health and Human Services,,0.5460824979357354
Lloyd Doggett,D000399,IBM,fedtech,2024-03-11,2024-04-09,1001.0,,False,2560000.0,4,107453068.18,40,66.0,24443923.0,Department of Homeland Security,-0.0795389349606217,0.5458454699613018
Lloyd Doggett,D000399,IBM,fedtech,2024-09-10,2024-10-10,1001.0,,False,6020000.0,6,196693351.76000002,35,77.0,120024000.04,General Services Administration,0.08698616793298264,0.5456823923073051
Kevin Hern,H001082,LMT,defense,2024-06-28,2024-07-15,1001.0,,False,10615005.0,31,400866378.63,20,88.0,294247361.0,Department of Commerce,0.18854634981802598,0.5452876939125627
Ro Khanna,K000389,MRK,pharma,2021-02-25,2021-03-12,1001.0,,False,10272000.0,33,1824898777.95,4,102.0,1207999848.0,DEPARTMENT OF DEFENSE (DOD),0.034575180916644355,0.5451666350257612
K. Michael Conaway,C001062,PFE,pharma,2018-12-21,2019-01-03,1001.0,,False,11260000.0,41,995711866.86,43,97.0,995463419.1,DEPARTMENT OF HEALTH AND HUMAN SERVICES (HHS),-0.07035535416169814,0.5451395901297098
Nicholas Van Taylor,T000479,XOM,energy,2019-03-07,2019-04-15,15001.0,,False,6250000.0,23,8967970.889999999,169,70.0,3692117.92,DEPARTMENT OF DEFENSE (DOD),-0.050274451097804373,0.5448096758892945
Ro Khanna,K000389,PFE,pharma,2023-01-09,2023-02-07,1001.0,,False,8060000.0,44,189848982.02,6,80.0,188215349.18,Department of Health and Human Services,-0.2047943790039265,0.5444700974892066
Ro Khanna,K000389,NEE,energy,2026-03-19,2026-04-07,1001.0,,False,6144000.0,44,195000.0,2,36.0,180000.0,Department of Justice,,0.5441455904447706
Gilbert Cisneros,C001123,LLY,pharma,2026-04-14,2026-05-08,1001.0,,False,7670000.0,32,52118.88,1,31.0,52118.88,Department of Veterans Affairs,,0.5438080905649493
Jared Moskowitz,M001217,ORCL,fedtech,2024-07-05,2024-08-06,1001.0,,False,6975000.0,45,329658560.8,4,84.0,299999848.61,Department of Veterans Affairs,0.1709590554443139,0.5434590305291995
Ro Khanna,K000389,MRK,pharma,2025-04-15,2025-05-12,15001.0,,False,7280000.0,32,2058310.4099999997,18,62.0,1854638.73,Department of Health and Human Services,0.055109070034442986,0.5433405526206619
John James,J000307,JNJ,pharma,2023-11-10,2024-09-02,1001.0,House Committee on Energy and Commerce,True,4460000.0,28,317846.87,13,164.0,101000.0,Department of Health and Human Services,0.0949405772495755,0.5431907380251045
Lisa Mcclain,M001136,PLTR,defense,2024-11-07,2025-08-13,100001.0,,False,3560000.0,18,14292969.2,7,81.0,7860997.0,Department of the Treasury,0.5195060844667143,0.5430023387593861
Marjorie Taylor Greene,G000596,MSFT,fedtech,2024-10-21,2024-10-22,1001.0,,False,3950000.0,31,13486643.570000002,7,58.0,7888724.2,Department of Justice,-0.021825302067911556,0.541614087961435
Ro Khanna,K000389,MRK,pharma,2022-05-05,2022-06-10,1001.0,,False,5530000.0,22,4866293.230000001,9,54.0,4703860.87,DEPARTMENT OF HEALTH AND HUMAN SERVICES (HHS),-0.020224974434723375,0.5415325987771503
Blake Moore,M001213,MSFT,fedtech,2021-02-25,2021-07-17,1001.0,,False,6965000.0,60,18553682.45,15,64.0,6872057.0,DEPARTMENT OF DEFENSE (DOD),0.15734311541988721,0.5414510936145693
Diana Harshbarger,H001086,RTX,defense,2021-10-28,2021-12-30,1001.0,,False,8420000.0,32,771352315.87,677,95.0,133346546.4,DEPARTMENT OF DEFENSE (DOD),0.10012333221213154,0.5413119832155983
Marjorie Taylor Greene,G000596,CVX,energy,2025-10-24,2025-10-28,1001.0,,False,5000000.0,14,26438.56,2,27.0,13279.29,Department of State,0.18867318076626383,0.5411575789374321
Michael Patrick Guest,G000591,ABBV,pharma,2023-08-07,2023-08-23,1001.0,House Committee on Appropriations,True,2150000.0,18,103287.0,6,135.0,47933.0,Department of Health and Human Services,-0.03831570544801455,0.5409973274760457
Ro Khanna,K000389,JNJ,pharma,2022-05-10,2022-06-10,1001.0,,False,4750000.0,32,22332577.52,2187,63.0,585202.15,DEPARTMENT OF DEFENSE (DOD),-0.0735219379976284,0.5407178791280844
Lois Frankel,F000462,PFE,pharma,2017-07-19,2017-08-23,1001.0,House Committee on Appropriations,True,17540000.0,33,65262.91999999999,6,167.0,47455.2,DEPARTMENT OF HEALTH AND HUMAN SERVICES (HHS),0.057703747769185076,0.5400905870322289
Dwight Evans,E000296,LMT,defense,2021-05-26,2021-07-09,1001.0,,False,8586350.0,37,3310318277.2800007,1787,112.0,394728591.0,DEPARTMENT OF DEFENSE (DOD),-0.10394918387004404,0.539437415644012
John Rutherford,R000609,PFE,pharma,2017-07-17,2018-08-20,1001.0,House Committee on Appropriations,True,17692475.0,37,65262.91999999999,6,169.0,47455.2,DEPARTMENT OF HEALTH AND HUMAN SERVICES (HHS),0.06406015037593993,0.5391591213375635
Rob Bresnahan,B001327,MSFT,fedtech,2025-04-08,2025-05-08,1001.0,,False,6365000.0,47,45436585.39,24,71.0,14312199.47,Department of State,0.480539259927798,0.5391490532216565
Ro Khanna,K000389,PFE,pharma,2023-01-05,2023-02-07,1001.0,,False,8075000.0,44,189848982.02,6,84.0,188215349.18,Department of Health and Human Services,-0.224929520741039,0.539129995789219
Jared Moskowitz,M001217,MRK,pharma,2023-12-28,2024-01-22,1001.0,,False,5080000.0,27,679447503.35,7,91.0,679068171.01,Department of Health and Human Services,0.206214948974901,0.5388670223291462
Michael T. McCaul,M001157,MRK,pharma,2025-04-02,2025-05-12,100001.0,,False,7280000.0,32,2069864.8799999997,18,75.0,1854638.73,Department of Health and Human Services,-0.09792147806004603,0.5385807676936945
Diana Harshbarger,H001086,CVS,pharma,2022-04-25,2022-05-26,1001.0,House Committee on Energy and Commerce,True,6190000.0,23,26200.0,1,135.0,26200.0,DEPARTMENT OF VETERANS AFFAIRS (VA),-0.006288690183747669,0.5382061479028167
Gilbert Cisneros,C001123,AVAV,defense,2026-01-27,2026-02-13,1001.0,House Committee on Armed Services,True,680000.0,10,575283.0,1,147.0,575283.0,Department of Transportation,-0.41441354136382724,0.5381217248714294
Lisa Mcclain,M001136,JNJ,pharma,2025-06-17,2025-08-13,1001.0,,False,5860000.0,39,15998422.08,1262,64.0,891053.07,Department of Defense,0.2545609660060375,0.5378513126117109
Thomas Macarthur,M001193,JNJ,pharma,2018-12-11,2019-01-11,1001.0,,False,5640000.0,33,19148301.15,2755,65.0,435000.0,DEPARTMENT OF DEFENSE (DOD),-0.07453924914675758,0.5377416546437143
Michael T. McCaul,M001157,ACN,fedtech,2023-02-08,2023-03-14,15001.0,,False,2750000.0,28,60226983.169999994,52,83.0,9063467.88,Department of Energy,0.07944926416353493,0.5375854801546425
John Rutherford,R000609,JNJ,pharma,2017-07-17,2018-08-20,1001.0,House Committee on Appropriations,True,3475000.0,28,365622.15,44,175.0,122515.0,DEPARTMENT OF DEFENSE (DOD),0.05554294362466905,0.5362683805900816
Pat Roberts,R000307,NOC,defense,2018-08-20,2018-08-28,15001.0,,False,5761000.0,22,598779999.3399999,1306,115.0,83930719.0,DEPARTMENT OF DEFENSE (DOD),-0.13633613445378157,0.5354141278064665
Kathy Manning,M001135,LMT,defense,2021-10-22,2021-11-05,1001.0,,False,8161561.0,36,848736633.87,741,101.0,105161234.3,DEPARTMENT OF DEFENSE (DOD),0.030966364121729706,0.5352622292371831
Gilbert Cisneros,C001123,JNJ,pharma,2025-05-30,2025-06-06,15001.0,,False,5860000.0,39,19178381.94,1498,82.0,891053.07,Department of Defense,0.17015656207718566,0.535146009646511
Michael T. McCaul,M001157,ACN,fedtech,2023-02-06,2023-03-14,15001.0,,False,2750000.0,28,60374645.069999985,53,85.0,9063467.88,Department of Energy,0.08281777277840274,0.5349905002144104
Kevin Hern,H001082,RTX,defense,2023-12-14,2024-01-13,1001.0,,False,1060000.0,29,5217207.04,31,48.0,2130758.0,Department of Commerce,0.22281944783777163,0.5346559812075751
Jefferson Shreve,S001229,ABBV,pharma,2025-02-24,2025-03-09,50001.0,,False,4170000.0,19,112353.54000000001,6,51.0,61781.04,Department of Veterans Affairs,-0.09079772638181105,0.534636901186939
Ro Khanna,K000389,PFE,pharma,2023-12-04,2024-01-04,15001.0,,False,8860000.0,40,339861928.64,3,115.0,339830553.64,Department of Health and Human Services,-0.05908469945355188,0.5341908048757198
Kevin Hern,H001082,JNJ,pharma,2020-07-27,2020-08-15,1001.0,House Committee on Ways and Means,True,3920000.0,30,29051.97,4,135.0,21000.0,DEPARTMENT OF HEALTH AND HUMAN SERVICES (HHS),-0.022489468677809543,0.5340813085080021
Ro Khanna,K000389,ACN,fedtech,2022-08-01,2022-09-08,1001.0,House Committee on Armed Services; House Committee on Oversight and Government Reform,True,3010000.0,30,378143.44,3,177.0,216300.0,Department of Justice,-0.05499770295990025,0.534040956702589
Jared Moskowitz,M001217,ORCL,fedtech,2024-11-08,2024-12-09,1001.0,,False,7770000.0,50,38589434.17,3,75.0,37194885.42,Department of Veterans Affairs,-0.21379128137384418,0.5337365167073951
Pat Roberts,R000307,BA,defense,2020-12-07,2020-12-31,15001.0,,False,8454000.0,45,880119412.94,3558,127.0,143198723.0,DEPARTMENT OF DEFENSE (DOD),0.07137758743754463,0.5335832338008675
Gilbert Cisneros,C001123,LHX,defense,2020-04-29,2020-05-13,1001.0,House Committee on Armed Services,True,1800000.0,13,187732.0,3,153.0,164000.0,DEPARTMENT OF DEFENSE (DOD),-0.07235023041474664,0.5333309000921155
Blake Moore,M001213,RTX,defense,2021-02-24,2021-07-17,1001.0,,False,15720000.0,41,3115387177.0299997,1309,126.0,547052715.0,DEPARTMENT OF DEFENSE (DOD),0.1181923522595596,0.5332755550867762
Gary Palmer,P000609,ABBV,pharma,2018-07-12,2018-09-29,1001.0,House Committee on Energy and Commerce,True,4375000.0,15,26176.32,2,137.0,13088.16,DEPARTMENT OF VETERANS AFFAIRS (VA),-0.07133145068507474,0.5327367489448787
James M. Inhofe,I000024,MSFT,fedtech,2018-02-09,2018-02-26,15001.0,,False,6815000.0,51,33599065.2,40,90.0,7023833.83,DEPARTMENT OF DEFENSE (DOD),0.1459514629167611,0.5327307526778051
Bob Gibbs,G000563,MSFT,fedtech,2018-05-30,2018-06-09,1001.0,,False,7112500.0,49,49521637.379999995,56,77.0,6229600.96,DEPARTMENT OF DEFENSE (DOD),0.1562405255179382,0.532572489300535
Pat Roberts,R000307,NOC,defense,2018-02-05,2018-03-03,50001.0,,False,8175000.0,21,306052698.32,1059,126.0,66382992.0,DEPARTMENT OF DEFENSE (DOD),0.021155814747029877,0.5323052131422399
Rob Bresnahan,B001327,MRK,pharma,2025-04-08,2025-05-08,15001.0,,False,7280000.0,32,2058310.4099999997,18,69.0,1854638.73,Department of Health and Human Services,0.006206459784673823,0.5320681530672282
Michael T. McCaul,M001157,MSFT,fedtech,2025-03-18,2025-04-17,15001.0,,False,6405000.0,46,42081350.89,20,92.0,14312199.47,Department of State,0.318366708385482,0.5320446601831482
Kevin Hern,H001082,MSFT,fedtech,2020-07-27,2020-08-15,1001.0,,False,6885000.0,57,7916815.74,5,64.0,3912274.53,DEPARTMENT OF STATE (DOS),0.04910473387294578,0.5320394105602828
Ro Khanna,K000389,PFE,pharma,2023-04-17,2023-05-08,1001.0,,False,14355000.0,44,1216810.2400000002,6,57.0,586224.0,Department of Health and Human Services,-0.14060223409422046,0.5319969641341833
Lisa Mcclain,M001136,MSFT,fedtech,2025-10-30,2025-11-21,15001.0,,False,6255000.0,40,8059419.9,6,78.0,2207391.0,Department of Transportation,-0.2530051734631771,0.5319324712355196
Patrick Fallon,F000246,CVX,energy,2021-05-27,2021-07-02,100001.0,,False,3940000.0,12,35292980.73,87,99.0,2184244.65,DEPARTMENT OF DEFENSE (DOD),-0.02339578681681398,0.5319064194251217
Rob Bresnahan,B001327,MSFT,fedtech,2025-04-03,2025-04-22,1001.0,,False,6405000.0,47,45436585.39,24,76.0,14312199.47,Department of State,0.40470638685642313,0.5318550698193715
Ro Khanna,K000389,XOM,energy,2017-11-30,2017-12-12,15001.0,,False,5730000.0,22,71529126.10000001,13,96.0,18646803.61,DEPARTMENT OF DEFENSE (DOD),-0.12090286949213602,0.531852251870137
Ro Khanna,K000389,JNJ,pharma,2022-12-06,2023-01-06,15001.0,,False,5900000.0,32,343369.51,14,56.0,50277.7,DEPARTMENT OF VETERANS AFFAIRS (VA),-0.05956842703009646,0.5317991298929756
Gilbert Cisneros,C001123,MRK,pharma,2025-12-19,2026-01-12,1001.0,,False,9950000.0,33,363870291.36,17,98.0,361340129.54,Department of Health and Human Services,0.1583737263824314,0.5316224509146581
Pat Roberts,R000307,NOC,defense,2017-09-28,2017-12-01,15001.0,,False,5955000.0,20,78194344.91,461,98.0,14265814.02,DEPARTMENT OF DEFENSE (DOD),0.17897547607336106,0.530996511136858
Markwayne Mullin,M001190,LHX,defense,2025-02-13,2025-02-27,15001.0,,False,1310000.0,12,347393052.68,161,97.0,76888344.75,Department of Defense,0.28495000000000004,0.5309689381729336
Michael T. McCaul,M001157,MRK,pharma,2020-11-13,2021-01-07,50001.0,,False,7722000.0,30,617008929.95,4,137.0,511400368.19,DEPARTMENT OF HEALTH AND HUMAN SERVICES (HHS),-0.059933407325194255,0.5307775146231887
Earl Blumenauer,B000574,RTX,defense,2022-02-24,2022-04-01,1001.0,,False,7430000.0,31,1448016667.77,717,110.0,634522630.0,DEPARTMENT OF DEFENSE (DOD),-0.0005305039787798504,0.5307087463335964
Julia Letlow,L000595,ABBV,pharma,2024-10-23,2026-01-13,1001.0,House Committee on Appropriations,True,3240000.0,18,222613.61000000002,6,175.0,61781.04,Department of Veterans Affairs,0.06919310197998718,0.5300580267244192
John Rutherford,R000609,CVX,energy,2017-07-17,2018-08-20,1001.0,House Committee on Appropriations,True,5780000.0,12,136267.25,28,178.0,32370.0,DEPARTMENT OF DEFENSE (DOD),0.12196526245082051,0.5299561025115976
John A. Yarmuth,Y000062,JNJ,pharma,2018-12-06,2019-02-14,1001.0,,False,5640000.0,33,19289165.97,2770,70.0,435000.0,DEPARTMENT OF DEFENSE (DOD),-0.06668494277294212,0.5299477210094335
Kathy Manning,M001135,MRK,pharma,2024-07-02,2024-08-16,1001.0,,False,6150000.0,27,154082924.45000005,14,87.0,153000000.0,Department of Health and Human Services,-0.17922016911994987,0.5298584398469981
Michael T. McCaul,M001157,CVX,energy,2021-05-25,2021-06-17,100001.0,,False,3940000.0,12,35208320.73,85,101.0,2184244.65,DEPARTMENT OF DEFENSE (DOD),-0.059978819678444206,0.5296855886550293
Ro Khanna,K000389,LHX,defense,2020-04-14,2020-05-13,1001.0,House Committee on Armed Services,True,2680000.0,12,187732.0,3,168.0,164000.0,DEPARTMENT OF DEFENSE (DOD),-0.07071065989847725,0.5294919049654447
Kurt Schrader,S001180,NOC,defense,2021-05-14,2021-06-04,15001.0,,False,7245000.0,18,1432438442.21,1266,137.0,169603862.0,DEPARTMENT OF DEFENSE (DOD),-0.048195689028820654,0.5294224171742004
Kathy Manning,M001135,MRK,pharma,2022-07-15,2022-08-10,1001.0,,False,5430000.0,20,103149.03,5,39.0,43865.7,DEPARTMENT OF DEFENSE (DOD),0.05676074136478526,0.5291950073467948
Ro Khanna,K000389,CVX,energy,2025-04-04,2025-05-12,1001.0,,False,6140000.0,17,60880449.769999996,32,80.0,4380984.72,Department of Defense,0.05415968732551635,0.5289520773064625
Ro Khanna,K000389,PFE,pharma,2021-07-05,2021-08-13,1001.0,,False,7060000.0,41,9238433419.55,353,135.0,5737132500.0,DEPARTMENT OF DEFENSE (DOD),0.15678289641130072,0.5288783476286052
Ro Khanna,K000389,PFE,pharma,2025-07-01,2025-08-07,1001.0,,False,12540000.0,24,886693.3400000001,224,56.0,787274.8,Department of Defense,-0.029952076677316253,0.5287745629247563
Michael T. McCaul,M001157,CVX,energy,2020-10-16,2020-11-30,100001.0,,False,3590000.0,12,7864106.39,25,87.0,1095149.79,DEPARTMENT OF DEFENSE (DOD),0.27767869392234856,0.5287232945077678
Ro Khanna,K000389,XOM,energy,2018-06-15,2018-07-11,15001.0,,False,6390000.0,26,42232216.84,41,95.0,4618194.0,DEPARTMENT OF DEFENSE (DOD),0.001983635011157947,0.5285180619629392
Pat Roberts,R000307,NOC,defense,2018-09-04,2018-09-30,1001.0,,False,5761000.0,22,594297163.73,1341,100.0,83930719.0,DEPARTMENT OF DEFENSE (DOD),-0.17228288258021163,0.5284675635621986
Suzan K. Delbene,D000617,MSFT,fedtech,2018-12-13,2019-05-08,1000001.0,,False,6560000.0,47,43601074.64000001,20,132.0,14541770.59,DEPARTMENT OF DEFENSE (DOD),0.10507080858839646,0.5281562237946128
Jared Moskowitz,M001217,LMT,defense,2025-04-07,2025-05-09,1001.0,,False,7430690.0,32,1753594195.6599998,982,115.0,572683529.0,Department of Defense,-0.0059885799173668985,0.5280201844251392
Michael T. McCaul,M001157,MSFT,fedtech,2018-02-05,2018-03-22,15001.0,,False,6845000.0,52,33599065.2,40,94.0,7023833.83,DEPARTMENT OF DEFENSE (DOD),0.1612499999999999,0.5279835797710476
Susan M. Collins,C001035,MRK,pharma,2018-06-04,2018-07-10,1001.0,"Senate Committee on Appropriations; Senate Committee on Health, Education, Labor, and Pensions",True,5285000.0,31,63971.82,1,164.0,63971.82,DEPARTMENT OF HEALTH AND HUMAN SERVICES (HHS),0.15688487584650113,0.5276757042312438
Ro Khanna,K000389,PFE,pharma,2022-12-06,2023-01-06,15001.0,,False,8070000.0,43,188950675.18,2,114.0,188215349.18,Department of Health and Human Services,-0.16415208207604115,0.527655608019519
HON. GREG STANTON,S001211,MSFT,fedtech,2023-09-26,2023-11-09,15001.0,,False,8870000.0,43,11140014.66,10,87.0,5613556.0,Department of Justice,0.28967770872044607,0.5274731172765791
Carol Devine Miller,M001205,CVX,energy,2020-08-04,2020-09-14,15001.0,,False,3650000.0,13,3210661.23,4,70.0,1095387.72,DEPARTMENT OF DEFENSE (DOD),0.03907966238871552,0.527437095261715
Ro Khanna,K000389,ABBV,pharma,2019-04-23,2019-05-10,1001.0,,False,5570000.0,18,12935.16,1,30.0,12935.16,DEPARTMENT OF VETERANS AFFAIRS (VA),-0.1413679125349605,0.5273242505652779
Diana Harshbarger,H001086,CVS,pharma,2022-04-06,2022-04-25,1001.0,House Committee on Energy and Commerce,True,7270000.0,23,26200.0,1,154.0,26200.0,DEPARTMENT OF VETERANS AFFAIRS (VA),-0.0018616500097980992,0.5273149102743555
Suzan K. Delbene,D000617,MSFT,fedtech,2022-02-09,2022-03-09,5000001.0,,False,7215000.0,54,12341369.93,18,134.0,4799642.8,DEPARTMENT OF DEFENSE (DOD),-0.14915973137109972,0.5270777101003309
Ro Khanna,K000389,JNJ,pharma,2024-08-02,2024-09-06,15001.0,,False,4580000.0,30,287928.97000000003,9,56.0,90300.0,Department of Veterans Affairs,-0.05690264408431811,0.5269699710477546
Diana Harshbarger,H001086,CVS,pharma,2022-04-05,2022-04-25,1001.0,House Committee on Energy and Commerce,True,7270000.0,23,26200.0,1,155.0,26200.0,DEPARTMENT OF VETERANS AFFAIRS (VA),0.01930424291172339,0.5267160270903938
Nicholas Van Taylor,T000479,XOM,energy,2019-02-21,2019-03-14,15001.0,,False,6250000.0,22,10173425.74,200,84.0,3692117.92,DEPARTMENT OF DEFENSE (DOD),-0.0016705217167822806,0.5263281975021846
Ro Khanna,K000389,ABBV,pharma,2024-10-14,2024-11-08,1001.0,,False,2620000.0,17,138963.57,4,38.0,49850.32,Department of Health and Human Services,-0.01952466138512643,0.5262395080096376
Michael T. McCaul,M001157,MSFT,fedtech,2017-11-06,2017-11-15,100001.0,,False,6397500.0,51,2320297.39,7,84.0,954799.92,DEPARTMENT OF HOMELAND SECURITY (DHS),0.10477092458861126,0.5259326686260697
Sheldon Whitehouse,W000802,BA,defense,2018-06-06,2018-07-13,1001.0,,False,9185000.0,42,1295396091.1399999,5876,117.0,285126803.25,DEPARTMENT OF DEFENSE (DOD),0.04960167940574878,0.5253194426639888
Blake Moore,M001213,RTX,defense,2021-05-11,2021-07-17,1001.0,,False,16510000.0,43,3990557975.19,1499,141.0,627062332.0,DEPARTMENT OF DEFENSE (DOD),-0.01731293727024774,0.5251792652408511
Kevin Hern,H001082,ACN,fedtech,2023-02-15,2023-03-15,1001.0,,False,2750000.0,28,59958162.239999995,53,76.0,9063467.88,Department of Energy,0.1255692682078915,0.5251594010850684
Kathy Manning,M001135,MSFT,fedtech,2022-10-12,2022-11-10,1001.0,,False,6520000.0,44,12263524.71,11,71.0,3697577.0,DEPARTMENT OF JUSTICE (DOJ),0.16775193798449606,0.5251567319411931
Diana Harshbarger,H001086,MSFT,fedtech,2022-10-12,2022-10-28,1001.0,,False,6520000.0,44,12263524.71,11,71.0,3697577.0,DEPARTMENT OF JUSTICE (DOJ),0.16775193798449606,0.5251567319411931
Marie Newman,N000192,BA,defense,2021-01-25,2021-02-13,15001.0,,False,8114500.0,48,1339652821.5300002,5412,144.0,169460000.0,DEPARTMENT OF DEFENSE (DOD),0.18381195908733283,0.5250964849910997
Thomas Macarthur,M001193,CVX,energy,2018-10-09,2018-12-06,1001.0,,False,8200000.0,11,9501076.32,77,71.0,3294676.02,DEPARTMENT OF DEFENSE (DOD),-0.06260842138463962,0.5250110001861675
Gilbert Cisneros,C001123,CVX,energy,2025-10-17,2025-11-18,1001.0,,False,5180000.0,12,26438.56,2,34.0,13279.29,Department of State,0.17944865429840595,0.5249334267270815
Kathy Manning,M001135,ORCL,fedtech,2022-07-20,2022-08-10,1001.0,,False,3950000.0,33,1490729.76,6,54.0,510107.76,DEPARTMENT OF DEFENSE (DOD),0.09105937456949986,0.5247761832574163
Alan S. Lowenthal,L000579,MSFT,fedtech,2019-02-14,2019-02-23,107.06,,False,7055000.0,52,40547235.28999999,16,69.0,14541770.59,DEPARTMENT OF DEFENSE (DOD),0.2390084190832551,0.5240282180867581
Tim Walberg,W000798,LHX,defense,2025-02-07,2026-06-03,15001.0,,False,1310000.0,12,334817588.93,152,103.0,76888344.75,Department of Defense,0.19055935574637362,0.5239821555816354
Kurt Schrader,S001180,NOC,defense,2022-02-15,2022-03-02,1001.0,,False,6975000.0,18,315301388.71000004,459,100.0,30751632.0,DEPARTMENT OF DEFENSE (DOD),0.1914910206097149,0.5237595798134491
Dwight Evans,E000296,GD,defense,2022-03-30,2022-04-25,1001.0,,False,7442596.0,37,1781203092.3400002,858,120.0,562520000.0,DEPARTMENT OF DEFENSE (DOD),-0.08398821218074648,0.5236911657334116
Carol Devine Miller,M001205,GD,defense,2021-07-28,2022-09-02,15001.0,,False,6862501.0,40,775695008.49,746,135.0,93519000.0,DEPARTMENT OF DEFENSE (DOD),-0.010945731676129,0.5235875523553836
Bruce Westerman,W000821,BA,defense,2025-04-08,2025-05-12,1001.0,,False,5900000.0,23,1228636689.57,3846,113.0,200887330.0,Department of Defense,0.6144630174331014,0.5233716481138271
James M. Inhofe,I000024,XOM,energy,2017-11-13,2017-12-13,50001.0,,False,5730000.0,22,67885038.10000001,12,113.0,18646803.61,DEPARTMENT OF DEFENSE (DOD),-0.10085655688261552,0.5233101492412031
Ro Khanna,K000389,MRNA,pharma,2023-05-23,2023-06-12,1001.0,,False,350000.0,6,25343.0,3,22.0,17182.0,Department of Health and Human Services,-0.248421052631579,0.5228298894564655
Ro Khanna,K000389,ABBV,pharma,2025-03-06,2025-04-10,1001.0,,False,4170000.0,19,112353.54000000001,6,41.0,61781.04,Department of Veterans Affairs,-0.10970344009489919,0.5228171856528715
Kevin Hern,H001082,RTX,defense,2023-06-15,2023-07-12,1001.0,,False,4650000.0,34,35562682.43,41,78.0,14450613.95,Department of Commerce,-0.25255102040816324,0.5226716899143097
Jonathan Jackson,J000309,PLTR,defense,2025-12-22,2026-01-08,15001.0,,False,4675000.0,23,251932921.55,17,116.0,94687811.42,Department of Agriculture,-0.2474997422414682,0.5226577173179542
Lisa Mcclain,M001136,PLTR,defense,2024-06-06,2025-08-13,15001.0,,False,4460000.0,19,43650269.28,10,97.0,9022294.77,Department of the Treasury,0.6817990752416982,0.5224507326241734
Katherine M. Clark,C001101,MRK,pharma,2021-07-27,2021-08-15,1001.0,,False,3946000.0,32,41662.2,1,36.0,41662.2,DEPARTMENT OF DEFENSE (DOD),0.05690430314707773,0.5222418157253814
Tommy Tuberville,T000278,ABBV,pharma,2024-04-03,2024-05-15,1001.0,"Senate Committee on Health, Education, Labor, and Pensions",True,3160000.0,16,14355.0,1,138.0,14355.0,Department of Veterans Affairs,0.0698133423560594,0.5217294570062945
Pat Roberts,R000307,NOC,defense,2018-08-28,2018-09-30,1001.0,,False,5761000.0,22,597194255.51,1288,107.0,83930719.0,DEPARTMENT OF DEFENSE (DOD),-0.22559169135514812,0.5211304912490087
Lisa Mcclain,M001136,ACN,fedtech,2025-06-24,2025-08-13,1001.0,,False,2700000.0,29,257890961.36000004,42,91.0,78150743.4,Department of the Treasury,-0.17152168129821777,0.5210484224637554
Robert J. Wittman,W000804,XOM,energy,2020-05-21,2020-06-08,1001.0,House Committee on Natural Resources,True,6490000.0,20,17081.7,2,155.0,15260.05,DEPARTMENT OF DEFENSE (DOD),-0.16539497307001805,0.520751571261134
Ro Khanna,K000389,JNJ,pharma,2024-11-15,2024-12-05,1001.0,,False,5080000.0,33,91398.02,5,42.0,23627.9,Department of Veterans Affairs,0.057402597402597344,0.5207349438362447
Suzan K. Delbene,D000617,MSFT,fedtech,2021-07-02,2021-08-06,1001.0,,False,7320000.0,57,62003380.9,23,88.0,33979056.0,DEPARTMENT OF DEFENSE (DOD),0.18627768773635878,0.5206816426849934
K. Michael Conaway,C001062,NOC,defense,2018-02-26,2018-03-02,1001.0,,False,8175000.0,21,315786291.52,1116,105.0,66382992.0,DEPARTMENT OF DEFENSE (DOD),-0.12884057562871387,0.5202638977618277
Valerie Hoyle,H001094,ORCL,fedtech,2024-10-29,2025-09-12,1001.0,,False,7710000.0,49,38589434.17,3,85.0,37194885.42,Department of Veterans Affairs,-0.005535374502681267,0.5199366294161761
Jefferson Shreve,S001229,ORCL,fedtech,2025-03-05,2025-04-11,15001.0,,False,6805000.0,47,2338301.54,5,78.0,649115.45,Department of Defense,0.46892795246348107,0.519419609154301
Julie Johnson,J000310,GD,defense,2025-05-02,2025-06-13,1001.0,,False,8570000.0,45,794638257.3299999,543,117.0,72275184.79,Department of Health and Human Services,0.18811119657180542,0.5191987840275506
Barbara J Comstock,C001105,NOC,defense,2018-08-01,2018-08-08,15001.0,,False,5761000.0,22,573394982.34,1241,134.0,83930719.0,DEPARTMENT OF DEFENSE (DOD),-0.13369890329012946,0.5190323774489877
K. Michael Conaway,C001062,XOM,energy,2019-03-04,2019-04-02,1001.0,,False,6250000.0,22,9550627.86,188,73.0,3692117.92,DEPARTMENT OF DEFENSE (DOD),-0.05715353007097501,0.5189511136128877
Ro Khanna,K000389,ABBV,pharma,2017-11-30,2017-12-12,15001.0,,False,3180000.0,14,158122.43,12,55.0,43997.8,DEPARTMENT OF VETERANS AFFAIRS (VA),-0.056335121749896855,0.5180465136856108
Ro Khanna,K000389,MRK,pharma,2022-04-21,2022-05-06,1001.0,,False,5530000.0,22,4866293.230000001,9,68.0,4703860.87,DEPARTMENT OF HEALTH AND HUMAN SERVICES (HHS),0.06784181839267078,0.5178139790213704
Lloyd Doggett,D000399,IBM,fedtech,2023-06-13,2023-07-10,1001.0,,False,2560000.0,4,101517688.49,42,85.0,35872639.9,Department of Homeland Security,0.040915697674418494,0.517803491672486
Blake Moore,M001213,RTX,defense,2021-04-30,2021-07-17,1001.0,,False,16490000.0,42,3924180365.5100007,1504,152.0,627062332.0,DEPARTMENT OF DEFENSE (DOD),0.01874098990869788,0.5177780398489933
Marjorie Taylor Greene,G000596,CVX,energy,2021-06-16,2021-06-21,1001.0,,False,3940000.0,12,30582200.65,77,79.0,2184244.65,DEPARTMENT OF DEFENSE (DOD),-0.007841706938998771,0.5177302334603362
Thomas Macarthur,M001193,JNJ,pharma,2018-07-24,2018-08-03,50001.0,,False,4040000.0,27,17373163.82,2327,100.0,408676.33,DEPARTMENT OF DEFENSE (DOD),0.09763450834879395,0.5177278420127646
Josh Gottheimer,G000583,JNJ,pharma,2018-08-17,2018-10-02,1001.0,,False,4140000.0,30,18882675.68,2470,76.0,408676.33,DEPARTMENT OF DEFENSE (DOD),-0.03963709377556346,0.517273228680924
Byron Donalds,D000032,LLY,pharma,2026-04-02,2026-05-13,1001.0,,False,7670000.0,32,52118.88,1,43.0,52118.88,Department of Veterans Affairs,,0.5172719135058068
Ro Khanna,K000389,PFE,pharma,2018-07-18,2018-08-10,1001.0,,False,10260000.0,36,1119208.9100000001,30,63.0,443481.61,DEPARTMENT OF DEFENSE (DOD),0.14737121614445048,0.5169559023043222
Pat Roberts,R000307,BA,defense,2020-11-16,2020-12-03,15001.0,,False,8454000.0,45,762071531.52,2820,148.0,143198723.0,DEPARTMENT OF DEFENSE (DOD),0.2609189723320158,0.5167884869610752
Ro Khanna,K000389,PFE,pharma,2021-02-03,2021-03-12,15001.0,,False,7305000.0,38,3803771176.83,394,177.0,3500000001.0,DEPARTMENT OF DEFENSE (DOD),0.11854190585533853,0.5166660961724137
Jared Moskowitz,M001217,CVX,energy,2023-07-14,2024-08-21,1001.0,,False,4570000.0,9,31325.0,1,38.0,31325.0,General Services Administration,-0.06237791379085822,0.516402727951731
Thomas R. Carper,C000174,BAH,fedtech,2023-05-22,2023-06-30,1001.0,,False,580000.0,8,261683180.06,125,81.0,37702250.66,Department of Justice,0.19662981646452704,0.5163579334097524
HON. GREG STANTON,S001211,ACN,fedtech,2023-09-26,2023-11-09,1001.0,,False,2095000.0,26,296368959.53000003,44,94.0,40429213.05,Department of Veterans Affairs,0.18766298573774165,0.516069603989359
Ro Khanna,K000389,ABBV,pharma,2025-02-19,2025-03-06,15001.0,,False,4170000.0,19,112353.54000000001,6,56.0,61781.04,Department of Veterans Affairs,-0.06105903217633635,0.5156394408583738
Bruce Westerman,W000821,MSFT,fedtech,2025-03-03,2025-04-16,15001.0,,False,6405000.0,46,42081350.89,20,107.0,14312199.47,Department of State,0.266570568096991,0.5154741505145671
Markwayne Mullin,M001190,MSFT,fedtech,2023-09-13,2023-10-12,15001.0,,False,8855000.0,42,13696953.309999999,16,100.0,5613556.0,Department of Justice,0.1445277628994821,0.5143581339938974
Ro Khanna,K000389,XOM,energy,2018-09-25,2018-10-10,1001.0,,False,5440000.0,26,36953779.41,170,86.0,11253791.37,DEPARTMENT OF DEFENSE (DOD),-0.17572254335260118,0.5141675443899796
Marjorie Taylor Greene,G000596,LMT,defense,2022-02-22,2022-03-07,1001.0,,False,10788176.0,38,925033539.87,791,128.0,150400000.0,DEPARTMENT OF DEFENSE (DOD),0.0757379596064216,0.5140933894829717
Markwayne Mullin,M001190,MSFT,fedtech,2023-10-03,2023-11-01,1001.0,,False,8870000.0,43,10189734.66,7,80.0,5613556.0,Department of Justice,0.2686429050065413,0.5137049297435217
Ro Khanna,K000389,PFE,pharma,2023-12-05,2024-01-04,1001.0,,False,8860000.0,40,339861928.64,3,114.0,339830553.64,Department of Health and Human Services,-0.06428325885183916,0.5130990033683122
Rick Larsen,L000560,MRK,pharma,2022-07-07,2023-05-26,1001.0,,False,5530000.0,22,103149.03,5,47.0,43865.7,DEPARTMENT OF DEFENSE (DOD),0.06655198365767112,0.5128616956493549
Thomas Macarthur,M001193,CVX,energy,2018-03-12,2018-04-09,1001.0,,False,7820000.0,11,1850370.43,104,67.0,38205.36,DEPARTMENT OF DEFENSE (DOD),0.09247367069098389,0.5128361226096648
Thomas Suozzi,S001201,BA,defense,2018-04-17,2022-03-03,15001.0,,False,9530000.0,41,1269749324.02,6122,167.0,285126803.25,DEPARTMENT OF DEFENSE (DOD),-0.01473033974815885,0.5127014724189503
Ro Khanna,K000389,LMT,defense,2017-07-05,2017-08-10,1001.0,House Committee on Armed Services,True,8810828.0,49,19043.17,137,180.0,2160.72,DEPARTMENT OF DEFENSE (DOD),0.10077903682719569,0.5124494145974847
Suzan K. Delbene,D000617,MSFT,fedtech,2018-08-31,2018-09-14,5000001.0,,False,6847500.0,46,13259184.940000001,24,157.0,1967211.35,DEPARTMENT OF HOMELAND SECURITY (DHS),-0.09578919255764273,0.5119940439611744
Barbara J Comstock,C001105,MSFT,fedtech,2017-11-07,2017-11-08,15001.0,,False,6397500.0,51,2320297.39,7,83.0,954799.92,DEPARTMENT OF HOMELAND SECURITY (DHS),0.11380087812982076,0.5118109100395329
Kevin Hern,H001082,LMT,defense,2023-06-23,2023-07-12,1001.0,,False,11376237.0,36,21265715.53,18,90.0,10000000.0,Department of Commerce,-0.028735632183908066,0.5116106472318165
Marjorie Taylor Greene,G000596,MRK,pharma,2025-04-09,2025-04-11,1001.0,,False,7280000.0,32,2058310.4099999997,18,68.0,1854638.73,Department of Health and Human Services,-0.018801123183982305,0.5115994842379468
Marjorie Taylor Greene,G000596,PLTR,defense,2025-04-09,2025-04-11,1001.0,,False,4330000.0,19,135378965.66,25,98.0,19554395.0,Department of Defense,0.9802195413542003,0.5112882251455193
Kurt Schrader,S001180,XOM,energy,2022-03-17,2022-04-05,100001.0,,False,4700000.0,16,40526333.4,5,124.0,9054990.0,DEPARTMENT OF DEFENSE (DOD),0.07039756900481131,0.5112201386231578
Ritchie John Torres,T000486,MSFT,fedtech,2024-09-26,2025-08-20,1001.0,,False,6986000.0,45,14751347.290000003,11,83.0,7888724.2,Department of Justice,0.0295611045419768,0.5109479969281207
Ro Khanna,K000389,PFE,pharma,2025-06-20,2025-07-09,1001.0,,False,12540000.0,24,907335.89,254,67.0,787274.8,Department of Defense,0.030037546933667114,0.510499625791225
Jonathan Jackson,J000309,IBM,fedtech,2025-06-03,2025-07-14,15001.0,,False,2260000.0,3,162719794.75,30,115.0,77398572.0,Social Security Administration,0.08027903469079956,0.5104650376122704
Marjorie Taylor Greene,G000596,PLTR,defense,2025-04-08,2025-04-11,1001.0,,False,4380000.0,20,135378965.66,25,99.0,19554395.0,Department of Defense,1.3220382824624934,0.5103044215995897
Rob Bresnahan,B001327,PLTR,defense,2025-04-08,2025-05-08,1001.0,,False,4380000.0,20,135378965.66,25,99.0,19554395.0,Department of Defense,1.3220382824624934,0.5103044215995897
Ro Khanna,K000389,PFE,pharma,2023-11-03,2023-12-06,15001.0,,False,8860000.0,40,339830553.64,1,146.0,339830553.64,Department of Health and Human Services,-0.17178502879078694,0.5098308683509062
Rob Bresnahan,B001327,BA,defense,2025-02-25,2025-03-27,15001.0,,False,5900000.0,23,855187047.6599998,3169,155.0,200887330.0,Department of Defense,0.11572334099960724,0.5095751866987112
Ro Khanna,K000389,MRK,pharma,2022-12-06,2023-01-06,1001.0,,False,4510000.0,23,483295242.5,2,114.0,483275481.39,Department of Health and Human Services,0.0273570182686127,0.5091742655510059
Michael T. McCaul,M001157,CVS,pharma,2024-08-12,2024-09-16,15001.0,,False,4530000.0,12,10000.0,1,46.0,10000.0,Department of Health and Human Services,-0.011825837663501204,0.5091603104712579
Michael T. McCaul,M001157,CVX,energy,2020-10-14,2020-11-30,15001.0,,False,3590000.0,12,6747890.6,23,89.0,1095149.79,DEPARTMENT OF DEFENSE (DOD),0.26141192597669627,0.5091079614365445
Blake Moore,M001213,BA,defense,2021-07-19,2021-08-13,1001.0,,False,8012500.0,43,3576524660.96,7059,151.0,397921549.0,DEPARTMENT OF DEFENSE (DOD),0.09087395526353936,0.5090914203406617
K. Michael Conaway,C001062,MSFT,fedtech,2018-02-07,2018-03-02,1001.0,,False,6815000.0,51,33599065.2,40,92.0,7023833.83,DEPARTMENT OF DEFENSE (DOD),0.12576721348063824,0.5082794388676937
Jared Moskowitz,M001217,JNJ,pharma,2024-11-08,2024-12-09,1001.0,,False,5080000.0,33,103360.43,6,49.0,23627.9,Department of Veterans Affairs,0.07866469415321276,0.5079974545933236
Marie Newman,N000192,MSFT,fedtech,2021-01-14,2021-02-13,15001.0,,False,6130000.0,59,20122516.8,13,106.0,6872057.0,DEPARTMENT OF DEFENSE (DOD),0.16491409257346734,0.5079528105635577
Markwayne Mullin,M001190,MSFT,fedtech,2025-02-13,2025-02-27,50001.0,,False,6455000.0,47,38760300.84,13,125.0,14312199.47,Department of State,0.1569152823111024,0.5079041565722745
Jefferson Shreve,S001229,CEG,energy,2025-05-08,2025-06-22,15001.0,,False,3760000.0,19,1000.0,2,34.0,1000.0,Department of Defense,0.11452751395099603,0.507608835939433
Jefferson Shreve,S001229,ORCL,fedtech,2025-02-24,2025-03-09,15001.0,,False,6805000.0,47,2296627.82,4,87.0,649115.45,Department of Defense,0.2665921393269004,0.5072231995014671
Earl Blumenauer,B000574,RTX,defense,2024-04-04,2024-05-04,1001.0,,False,1190000.0,24,76390474.47,26,84.0,50200000.0,National Aeronautics and Space Administration,0.17249018225757728,0.5072045174216049
Barbara J Comstock,C001105,MSFT,fedtech,2018-02-06,2018-04-19,1001.0,,False,6815000.0,51,33599065.2,40,93.0,7023833.83,DEPARTMENT OF DEFENSE (DOD),0.12219424066571771,0.507086762094139
HON. GREG STANTON,S001211,IBM,fedtech,2023-09-26,2023-11-09,1001.0,,False,2720000.0,4,97100811.13000001,33,94.0,26450000.0,Agency for International Development,0.2142557944708181,0.5069131233283042
Ro Khanna,K000389,PFE,pharma,2023-11-28,2023-12-06,1001.0,,False,8860000.0,40,339830553.64,1,121.0,339830553.64,Department of Health and Human Services,-0.06433142472212872,0.5067725585222324
David J. Taylor,T000490,IBM,fedtech,2026-01-08,2026-01-21,1001.0,,False,1370000.0,2,45722581.62,20,82.0,11842802.72,General Services Administration,-0.2410147991543341,0.5058824013024958
Peter Meijer,M001186,MRK,pharma,2021-01-13,2021-02-23,1001.0,,False,7722000.0,31,1825008777.95,5,145.0,1207999848.0,DEPARTMENT OF DEFENSE (DOD),-0.044328394461987,0.5051999764764515
Carol Devine Miller,M001205,LMT,defense,2025-03-10,2025-04-11,1001.0,,False,7458089.0,31,1665369448.13,865,143.0,572683529.0,Department of Defense,-0.03372498278272851,0.5051490292278246
Thomas Suozzi,S001201,BA,defense,2022-03-04,2022-05-20,15001.0,,False,8010000.0,44,1345996614.12,4666,180.0,862042587.0,DEPARTMENT OF DEFENSE (DOD),-0.23855341738553426,0.5050306132148432
Pat Roberts,R000307,BA,defense,2020-12-22,2020-12-31,15001.0,,False,8454000.0,47,1166694322.73,4078,178.0,169460000.0,DEPARTMENT OF DEFENSE (DOD),0.0783435414571716,0.5050054561411808
Rob Bresnahan,B001327,ABBV,pharma,2025-02-25,2025-03-27,1001.0,,False,4170000.0,19,112353.54000000001,6,50.0,61781.04,Department of Veterans Affairs,-0.09184873126285886,0.5047145334504717
Pat Roberts,R000307,NOC,defense,2018-07-05,2018-07-30,15001.0,,False,7595000.0,21,574278523.92,1209,161.0,83930719.0,DEPARTMENT OF DEFENSE (DOD),-0.1117599351175993,0.5046823660829743
Marie Newman,N000192,XOM,energy,2021-01-22,2021-02-13,1001.0,,False,3900000.0,14,1816610.27,55,67.0,228264.04,DEPARTMENT OF DEFENSE (DOD),0.2567994939911449,0.5046396962376472
Pat Roberts,R000307,BA,defense,2020-12-21,2020-12-31,15001.0,,False,8454000.0,46,1166649753.66,4075,179.0,169460000.0,DEPARTMENT OF DEFENSE (DOD),0.06725639505722492,0.5045463383357186
Kevin Hern,H001082,LMT,defense,2023-03-24,2023-04-10,1001.0,,False,7743242.0,35,16654338.110000001,16,90.0,5901558.0,Department of Defense,-0.03738357145867577,0.5045262186220314
David Perdue,P000612,JNJ,pharma,2018-01-24,2018-02-01,1001.0,,False,6080000.0,27,10294253.69,1837,84.0,279909.44,DEPARTMENT OF DEFENSE (DOD),-0.13950869289786716,0.5041140559615305
Ro Khanna,K000389,PFE,pharma,2020-11-03,2020-12-16,15001.0,,False,6370000.0,39,301757109.01000005,106,147.0,301734547.01,DEPARTMENT OF HEALTH AND HUMAN SERVICES (HHS),-0.04973749654600712,0.5040896329887112
Ro Khanna,K000389,MRK,pharma,2025-04-04,2025-05-12,1001.0,,False,7280000.0,32,2069864.8799999997,18,73.0,1854638.73,Department of Health and Human Services,-0.01976187553700748,0.5040448172722299
Ro Khanna,K000389,CVX,energy,2018-03-06,2018-04-13,1001.0,,False,7820000.0,11,1908922.04,106,73.0,38205.36,DEPARTMENT OF DEFENSE (DOD),0.09089309282886049,0.5039853097058375
Jonathan Jackson,J000309,IBM,fedtech,2025-05-14,2025-06-13,50001.0,,False,2260000.0,3,166526009.04000002,32,135.0,77398572.0,Social Security Administration,-0.0031417267861298948,0.5038576994987964
John A. Yarmuth,Y000062,GD,defense,2021-09-23,2021-11-04,1001.0,,False,6862501.0,40,884874613.75,521,134.0,314695138.0,DEPARTMENT OF DEFENSE (DOD),0.04975857687420571,0.5037443372421099
Kurt Schrader,S001180,XOM,energy,2022-02-25,2022-03-02,250001.0,,False,4700000.0,16,40526333.4,5,144.0,9054990.0,DEPARTMENT OF DEFENSE (DOD),0.14375642343268247,0.5036052794471998
Greg Landsman,L000601,MSFT,fedtech,2023-05-30,2024-08-14,1001.0,,False,13722000.0,46,35185147.26,40,104.0,16036780.0,Department of State,-0.05561426285438231,0.5033520836961948
Lisa Mcclain,M001136,IBM,fedtech,2025-06-17,2025-08-13,1001.0,,False,2260000.0,3,171879928.56,33,101.0,77398572.0,Social Security Administration,-0.008125772831655276,0.5031057814760506
Marie Newman,N000192,XOM,energy,2021-01-21,2021-02-13,1001.0,,False,3900000.0,14,1816610.27,55,68.0,228264.04,DEPARTMENT OF DEFENSE (DOD),0.22469341093327788,0.5030651329622676
Ro Khanna,K000389,XOM,energy,2019-02-20,2019-03-08,1001.0,,False,6250000.0,22,10173425.74,200,85.0,3692117.92,DEPARTMENT OF DEFENSE (DOD),-0.024449255061759878,0.5029988166449361
Gilbert Cisneros,C001123,MRK,pharma,2025-11-18,2025-12-15,1001.0,,False,9950000.0,34,362076489.15000004,16,129.0,361340129.54,Department of Health and Human Services,0.18738981644716368,0.5021452924585171
Daniel Goldman,G000599,JNJ,pharma,2023-03-06,2023-04-17,50001.0,,False,7290000.0,32,179241.44,9,78.0,39512.53,Department of Veterans Affairs,0.04660581126253538,0.5020265571365979
Shelley Moore Capito,C001047,CEG,energy,2025-02-04,2025-03-06,1001.0,Senate Committee on Appropriations,True,3400000.0,20,1000.0,2,127.0,1000.0,Department of Defense,-0.022165638363855877,0.5019731119598402
Ro Khanna,K000389,PFE,pharma,2022-12-02,2022-12-06,1001.0,,False,8070000.0,43,188950675.18,2,118.0,188215349.18,Department of Health and Human Services,-0.18778236102926726,0.5019551143423827
Kevin Hern,H001082,LMT,defense,2022-03-25,2022-04-12,1001.0,,False,10818176.0,39,1858876483.8099997,951,157.0,520273671.0,DEPARTMENT OF DEFENSE (DOD),-0.11872327293567875,0.5017981598407828
Marjorie Taylor Greene,G000596,MSFT,fedtech,2025-10-24,2025-10-28,1001.0,,False,6255000.0,40,8059419.9,6,84.0,2207391.0,Department of Transportation,-0.265732128874544,0.5017737383500585
Rick Larsen,L000560,GD,defense,2023-04-05,2023-05-26,1001.0,,False,7720000.0,40,294830115.3,172,124.0,131119181.0,Department of Veterans Affairs,-0.014630098698576233,0.5010781270045908
Ro Khanna,K000389,PFE,pharma,2023-11-21,2023-12-06,1001.0,,False,8860000.0,40,339830553.64,1,128.0,339830553.64,Department of Health and Human Services,-0.08580858085808585,0.5009204521213843
Marjorie Taylor Greene,G000596,ABBV,pharma,2025-08-04,2025-08-15,1001.0,,False,3250000.0,21,394396.72,6,58.0,164749.44,Department of Veterans Affairs,0.13783660429027855,0.5008906241822619
Ro Khanna,K000389,ABBV,pharma,2025-08-04,2025-09-09,1001.0,,False,3250000.0,21,394396.72,6,58.0,164749.44,Department of Veterans Affairs,0.13783660429027855,0.5008906241822619
John A. Yarmuth,Y000062,CVX,energy,2017-11-09,2017-12-12,1001.0,,False,4760000.0,10,1508446.94,139,70.0,90885.36,DEPARTMENT OF DEFENSE (DOD),-0.00017059024223808894,0.5002329846041002
David B. Mckinley,M001180,MSFT,fedtech,2018-12-20,2019-01-09,15001.0,,False,6560000.0,48,44794946.64000001,21,125.0,14541770.59,DEPARTMENT OF DEFENSE (DOD),0.2191902275637867,0.4998676146122363
Thomas H. Kean Jr,K000398,ORCL,fedtech,2023-12-14,2024-01-26,1001.0,,False,7980000.0,42,950021.0,1,71.0,950021.0,Federal Communications Commission,0.20735719270262187,0.4996111536898128
Ro Khanna,K000389,JNJ,pharma,2018-11-13,2018-12-10,1001.0,,False,5620000.0,33,19545193.009999998,2857,93.0,435000.0,DEPARTMENT OF DEFENSE (DOD),-0.036425214265966344,0.4989684784322908
Ro Khanna,K000389,CVS,pharma,2022-07-10,2022-08-09,15001.0,,False,6150000.0,22,26200.0,1,59.0,26200.0,DEPARTMENT OF VETERANS AFFAIRS (VA),0.0683138000211172,0.498964493231823
Pat Roberts,R000307,BA,defense,2017-09-27,2017-09-29,1001.0,,False,14480000.0,45,133122146.81,2246,125.0,21853448.0,DEPARTMENT OF DEFENSE (DOD),0.34405358821686005,0.4988080850540023
Ro Khanna,K000389,XOM,energy,2019-02-15,2019-03-08,1001.0,,False,6250000.0,22,12221487.489999998,203,90.0,3692117.92,DEPARTMENT OF DEFENSE (DOD),-0.03371509458242172,0.4986922752957945
Ro Khanna,K000389,PFE,pharma,2021-02-11,2021-03-12,1001.0,,False,7305000.0,38,3803785477.3700004,410,169.0,3500000001.0,DEPARTMENT OF DEFENSE (DOD),0.16613418530351431,0.4985424285092347
Ro Khanna,K000389,JNJ,pharma,2018-01-02,2018-02-11,15001.0,,False,5640000.0,28,9059903.25,1698,106.0,279909.44,DEPARTMENT OF DEFENSE (DOD),-0.11297852474323056,0.4983014397006168
Ro Khanna,K000389,PFE,pharma,2023-11-17,2023-12-06,1001.0,,False,8860000.0,40,339830553.64,1,132.0,339830553.64,Department of Health and Human Services,-0.07352941176470595,0.49777516549182765
Tim Walberg,W000798,BA,defense,2025-02-07,2026-06-03,15001.0,,False,5900000.0,22,682096142.3299999,2548,173.0,200887330.0,Department of Defense,0.19846823516447176,0.4973951822641538
Gilbert Cisneros,C001123,PFE,pharma,2025-11-18,2025-12-15,1001.0,,False,12210000.0,27,188103786.53,2,129.0,187561181.57,Department of Health and Human Services,0.07347740667976432,0.49736310963887403
Pat Roberts,R000307,CVX,energy,2017-11-07,2017-12-01,1001.0,,False,4760000.0,10,1486396.94,138,72.0,90885.36,DEPARTMENT OF DEFENSE (DOD),-0.029000341180484446,0.49704349392551306
Kevin Hern,H001082,MSFT,fedtech,2021-06-10,2021-07-14,1001.0,,False,7320000.0,58,62492358.85,24,110.0,33979056.0,DEPARTMENT OF DEFENSE (DOD),0.14620587777950567,0.49629585899628614
Lloyd Doggett,D000399,IBM,fedtech,2025-06-10,2025-07-07,1001.0,,False,2260000.0,3,166410742.69000003,32,108.0,77398572.0,Social Security Administration,0.04785693599768304,0.49544507788173653
K. Michael Conaway,C001062,MSFT,fedtech,2019-01-08,2019-03-04,1001.0,,False,6515000.0,47,42830446.63999999,20,106.0,14541770.59,DEPARTMENT OF DEFENSE (DOD),0.22091439688715964,0.4948571174677988
Bruce Westerman,W000821,ORCL,fedtech,2025-03-03,2025-04-16,1001.0,,False,6805000.0,47,2338301.54,5,80.0,649115.45,Department of Defense,0.3514380940624613,0.49462234716041664
John James,J000307,IBM,fedtech,2024-02-01,2024-02-06,1001.0,,False,2560000.0,4,98120598.72,35,105.0,24443923.0,Department of Homeland Security,-0.10727661851257364,0.49418497571798314
Josh Gottheimer,G000583,JNJ,pharma,2018-07-31,2018-10-02,1001.0,,False,4140000.0,29,17369896.11,2359,93.0,408676.33,DEPARTMENT OF DEFENSE (DOD),0.10504074856625412,0.49417029639840393
Marie Newman,N000192,PFE,pharma,2021-02-01,2021-04-15,1001.0,,False,7305000.0,38,3803770973.8999996,389,179.0,3500000001.0,DEPARTMENT OF DEFENSE (DOD),0.07541899441340782,0.49371773348926673
Ro Khanna,K000389,CVX,energy,2018-02-27,2018-03-09,1001.0,,False,7820000.0,11,1799707.58,104,80.0,38205.36,DEPARTMENT OF DEFENSE (DOD),0.10905730129390023,0.4933679167279471
Bob Gibbs,G000563,BA,defense,2017-10-31,2017-11-05,1001.0,,False,13860000.0,44,444807435.22,3245,150.0,235981481.0,DEPARTMENT OF DEFENSE (DOD),0.4040235677184276,0.4933054089941447
Thomas R. Carper,C000174,LMT,defense,2020-07-09,2020-08-04,1001.0,,False,8186211.0,39,1838147.9,3,81.0,1519557.9,DEPARTMENT OF HOMELAND SECURITY (DHS),0.06268384515825387,0.4927613804280809
Cleo Fields,F000110,MSFT,fedtech,2026-03-12,2026-03-17,1001.0,,False,6605000.0,40,23108531.619999997,7,102.0,8148580.17,Department of Justice,,0.49249094563065143
Suzan K. Delbene,D000617,MSFT,fedtech,2020-06-30,2020-07-15,1001.0,,False,7414000.0,55,6451033.89,4,91.0,3912274.53,DEPARTMENT OF STATE (DOS),-0.004078423664684694,0.4924743661091939
Rob Bresnahan,B001327,PFE,pharma,2025-02-25,2025-03-27,15001.0,,False,22510000.0,33,1922415.9200000004,227,111.0,1759047.8,Department of Health and Human Services,-0.09274495138369476,0.49232596462154643
Ro Khanna,K000389,JNJ,pharma,2023-06-29,2023-07-11,50001.0,,False,5720000.0,32,358379.22000000003,11,89.0,108023.24,Department of Veterans Affairs,-0.11273613650213288,0.492279458402875
Valerie Hoyle,H001094,JNJ,pharma,2024-10-29,2025-09-12,1001.0,,False,5030000.0,31,123115.76,7,59.0,23627.9,Department of Veterans Affairs,0.01867699419076785,0.49148616257982203
Jefferson Shreve,S001229,PFE,pharma,2025-02-24,2025-03-09,15001.0,,False,22510000.0,33,1922415.9200000004,227,112.0,1759047.8,Department of Health and Human Services,-0.08780487804878045,0.49136027320515785
Josh Gottheimer,G000583,CVX,energy,2020-10-16,2020-11-05,1001.0,,False,3590000.0,12,7864106.39,25,87.0,1095149.79,DEPARTMENT OF DEFENSE (DOD),0.27767869392234856,0.4912575904429983
Ro Khanna,K000389,CVX,energy,2019-01-18,2019-02-12,15001.0,,False,4450000.0,9,801944.55,104,87.0,59183.28,DEPARTMENT OF DEFENSE (DOD),0.05657077905045038,0.49087839864093985
Ritchie John Torres,T000486,ABBV,pharma,2024-09-26,2025-08-20,1001.0,,False,2680000.0,18,138963.57,4,56.0,49850.32,Department of Health and Human Services,-0.11255862428348096,0.49084833805613415
Ro Khanna,K000389,MRNA,pharma,2024-04-23,2024-05-06,1001.0,,False,480000.0,11,25343.0,2,37.0,17182.0,Department of Health and Human Services,-0.19686717953471122,0.490392130656734
Thomas Macarthur,M001193,CVX,energy,2018-09-10,2018-10-06,1001.0,,False,8200000.0,11,12338019.909999998,83,100.0,3294676.02,DEPARTMENT OF DEFENSE (DOD),-0.023672257162823285,0.49031070131673216
Ro Khanna,K000389,JNJ,pharma,2018-11-05,2018-12-10,1001.0,,False,5620000.0,33,20000233.43,2890,101.0,435000.0,DEPARTMENT OF DEFENSE (DOD),-0.024120956399437232,0.4901402030055225
Valerie Hoyle,H001094,LMT,defense,2024-10-29,2025-09-12,1001.0,,False,6852159.0,29,17211.940000000002,2,50.0,14711.94,Department of Homeland Security,-0.19257498171177756,0.48998383375799864
Ro Khanna,K000389,NEE,energy,2026-02-17,2026-03-09,1001.0,,False,6144000.0,43,248335.1,4,66.0,180000.0,Department of Justice,-0.07528853413871206,0.48977530428099103
Kevin Hern,H001082,RTX,defense,2024-03-21,2024-04-12,1001.0,,False,1170000.0,23,73505374.83000001,28,98.0,50200000.0,National Aeronautics and Space Administration,0.09070655633354541,0.4895951358381925
Ro Khanna,K000389,JNJ,pharma,2025-05-09,2025-06-10,1001.0,,False,5860000.0,39,21262114.700000003,1717,103.0,891053.07,Department of Defense,0.15503825703540386,0.4891409643500063
Lloyd Doggett,D000399,IBM,fedtech,2024-12-10,2025-01-08,1001.0,,False,2040000.0,4,52089630.03,24,101.0,16231834.0,General Services Administration,0.015492836181598468,0.488922128061933
Daniel Goldman,G000599,ACN,fedtech,2023-04-10,2023-05-19,50001.0,,False,2750000.0,28,272377649.27,67,172.0,37059405.65,Department of State,0.11882277761999416,0.4889094638217668
Lloyd Doggett,D000399,IBM,fedtech,2023-09-11,2023-10-05,1001.0,,False,2720000.0,4,76777997.64,33,109.0,26450000.0,Agency for International Development,0.07885159725030344,0.4881483324820414
Ro Khanna,K000389,JNJ,pharma,2026-02-05,2026-03-09,1001.0,,False,6480000.0,35,349808.14,5,70.0,133500.0,Department of Veterans Affairs,-0.021111064384540912,0.4878560268101635
Kevin Hern,H001082,MSFT,fedtech,2022-03-10,2022-04-12,1001.0,,False,7310000.0,57,17279692.93,30,105.0,4799642.8,DEPARTMENT OF DEFENSE (DOD),-0.06278231030498249,0.4873232129681834
Suzan K. Delbene,D000617,MSFT,fedtech,2018-12-31,2019-01-15,1001.0,,False,6560000.0,48,42830446.63999999,20,114.0,14541770.59,DEPARTMENT OF DEFENSE (DOD),0.2858127399822783,0.48707831358188913
Ro Khanna,K000389,MRK,pharma,2023-10-31,2023-11-08,1001.0,,False,5030000.0,26,679407573.63,5,149.0,679068171.01,Department of Health and Human Services,0.24819863680623167,0.4869041229166158
K. Michael Conaway,C001062,JNJ,pharma,2018-11-02,2018-12-05,1001.0,,False,5620000.0,33,19820997.39,2902,104.0,435000.0,DEPARTMENT OF DEFENSE (DOD),-0.015638328120557432,0.4868402326384309
Daniel Goldman,G000599,MRK,pharma,2023-04-10,2023-05-19,1001.0,,False,6400000.0,25,1173649.46,1,80.0,1173649.46,Department of Health and Human Services,-0.05505727732883403,0.4864072536224391
Ro Khanna,K000389,ABBV,pharma,2023-02-10,2023-03-03,1001.0,,False,3300000.0,18,37800.0,2,52.0,21600.0,Department of Veterans Affairs,-0.09417954620190738,0.4863743846903257
Marie Newman,N000192,MSFT,fedtech,2021-04-30,2021-06-10,15001.0,,False,7260000.0,59,63776969.95,25,151.0,33979056.0,DEPARTMENT OF DEFENSE (DOD),0.2038623205646759,0.4861129176996184
Kathy Manning,M001135,CVS,pharma,2022-07-15,2022-08-10,1001.0,,False,6150000.0,22,26200.0,1,54.0,26200.0,DEPARTMENT OF VETERANS AFFAIRS (VA),0.018873859704309437,0.48583608112378757
Daniel Goldman,G000599,MSFT,fedtech,2023-04-10,2023-05-19,15001.0,,False,13892000.0,45,35858744.599999994,40,154.0,16036780.0,Department of State,0.12668025847472286,0.48546074872997624
Marjorie Taylor Greene,G000596,JNJ,pharma,2025-05-05,2025-05-06,1001.0,,False,5880000.0,40,21262114.700000003,1717,107.0,891053.07,Department of Defense,0.14877419354838706,0.48502773829810086
Tim Walberg,W000798,LMT,defense,2025-02-07,2026-06-03,1001.0,,False,7458089.0,31,1344892641.45,626,174.0,572683529.0,Department of Defense,0.08200004500551317,0.4849743006047728
John A. Yarmuth,Y000062,BA,defense,2017-09-11,2017-10-22,1001.0,,False,14480000.0,45,112995701.66,1716,141.0,21853448.0,DEPARTMENT OF DEFENSE (DOD),0.32353796915915045,0.4848385160840426
Jared Moskowitz,M001217,LMT,defense,2024-02-13,2024-08-21,1001.0,,False,18215328.0,34,77842045.52,10,139.0,74834844.0,Department of Commerce,0.07640907812060393,0.48482313322019327
Kevin Hern,H001082,RTX,defense,2021-12-16,2022-01-11,1001.0,,False,8520000.0,33,1445966529.4,634,180.0,634522630.0,DEPARTMENT OF DEFENSE (DOD),0.2611850060459491,0.4844947372436478
Ro Khanna,K000389,XOM,energy,2018-08-28,2018-09-12,1001.0,,False,5440000.0,26,39670130.160000004,124,114.0,11253791.37,DEPARTMENT OF DEFENSE (DOD),-0.1449925261584455,0.48409158284625653
Ro Khanna,K000389,PFE,pharma,2022-04-21,2022-05-06,50001.0,,False,7870000.0,40,1645347.4099999997,370,116.0,896013.99,DEPARTMENT OF DEFENSE (DOD),0.0008144980655671041,0.48362784813633475
Gilbert Cisneros,C001123,MRK,pharma,2025-02-26,2025-03-06,15001.0,,False,7310000.0,33,2280332.38,17,110.0,1854638.73,Department of Health and Human Services,-0.11803535466547321,0.4822361805198897
Michael T. McCaul,M001157,ACN,fedtech,2022-12-15,2023-01-19,15001.0,,False,2910000.0,28,50983589.309999995,45,138.0,9063467.88,Department of Energy,-0.006651963574274333,0.4818743722384413
Barbara J Comstock,C001105,MSFT,fedtech,2017-10-12,2017-10-13,15001.0,,False,6223750.0,49,2320297.39,7,109.0,954799.92,DEPARTMENT OF HOMELAND SECURITY (DHS),0.14341286307053935,0.4815639644205064
Jefferson Shreve,S001229,MRK,pharma,2025-02-24,2025-03-09,15001.0,,False,7310000.0,33,2324435.16,18,112.0,1854638.73,Department of Health and Human Services,-0.11997370439355759,0.4805027078708132
Bruce Westerman,W000821,PFE,pharma,2025-03-03,2025-04-16,1001.0,,False,22510000.0,33,2714795.8600000003,257,105.0,1759047.8,Department of Health and Human Services,-0.04609523809523808,0.4800853102565428
Lisa Mcclain,M001136,ORCL,fedtech,2025-06-17,2025-08-13,1001.0,,False,7110000.0,49,1886639.0100000002,5,90.0,745087.4,Department of Health and Human Services,0.45844941877221634,0.4798180652739542
Markwayne Mullin,M001190,ACN,fedtech,2025-02-13,2025-02-27,50001.0,,False,2570000.0,28,105347102.57999997,21,168.0,60495031.5,Department of Education,-0.19977922111262292,0.47979881212258024
Lisa Mcclain,M001136,ABBV,pharma,2025-07-22,2025-08-13,1001.0,,False,3250000.0,21,394396.72,7,71.0,164749.44,Department of Veterans Affairs,0.24477580033135582,0.47970919775843823
Ro Khanna,K000389,PFE,pharma,2018-01-02,2018-02-11,15001.0,,False,9210000.0,35,401574.62999999995,68,97.0,56277.3,DEPARTMENT OF VETERANS AFFAIRS (VA),-0.04253567508232703,0.4797036048883845
Julie Johnson,J000310,BA,defense,2025-02-12,2025-03-12,1001.0,,False,5900000.0,22,779215788.6299999,2656,168.0,200887330.0,Department of Defense,0.09395973154362425,0.479326661661119
Kevin Hern,H001082,LMT,defense,2024-03-29,2024-04-12,1001.0,,False,18195328.0,34,381570825.92,21,179.0,294247361.0,Department of Commerce,0.16530842112237454,0.47915420387851626
Ro Khanna,K000389,JNJ,pharma,2018-10-25,2018-11-09,1001.0,,False,5620000.0,32,20178724.58,2885,112.0,435000.0,DEPARTMENT OF DEFENSE (DOD),-0.0135047302664838,0.4790006181004554
Pat Roberts,R000307,XOM,energy,2018-08-20,2018-08-28,1001.0,,False,5440000.0,26,46439716.41,123,122.0,11253791.37,DEPARTMENT OF DEFENSE (DOD),-0.08641035401598784,0.4786185587071785
David J. Taylor,T000490,MSFT,fedtech,2026-02-26,2026-03-06,1001.0,,False,6605000.0,40,23108531.619999997,7,116.0,8148580.17,Department of Justice,-0.07156726077865183,0.4785765070189272
Gilbert Cisneros,C001123,JNJ,pharma,2025-03-31,2025-04-07,15001.0,,False,6270000.0,37,21276730.7,1718,142.0,891053.07,Department of Defense,0.013687891944042407,0.4783612946810353
Jefferson Shreve,S001229,RTX,defense,2025-02-24,2025-03-09,15001.0,,False,750000.0,18,469195046.71999997,377,157.0,96311341.38,Department of Defense,0.13090967073267956,0.47815103652394286
Thomas R. Carper,C000174,RTX,defense,2023-02-21,2023-03-01,1001.0,,False,7250000.0,34,31956079.419999998,40,122.0,7799337.77,Department of Commerce,-0.01569796323894701,0.4778472116770597
David Perdue,P000612,JNJ,pharma,2018-10-24,2018-11-08,1001.0,,False,5530000.0,31,20061724.25,2866,113.0,435000.0,DEPARTMENT OF DEFENSE (DOD),-0.014912344511529896,0.47779670064121005
Ro Khanna,K000389,JNJ,pharma,2018-07-18,2018-08-10,1001.0,,False,3375000.0,24,17852577.799999997,2310,106.0,408676.33,DEPARTMENT OF DEFENSE (DOD),0.13067292644757433,0.4777639056203597
Kevin Hern,H001082,ACN,fedtech,2023-05-17,2023-06-13,1001.0,,False,2460000.0,29,253331610.33999997,59,135.0,37059405.65,Department of State,0.11228612584759157,0.4775788849995387
Markwayne Mullin,M001190,MSFT,fedtech,2025-12-29,2026-01-16,100001.0,,False,6255000.0,40,27259765.32,9,175.0,8148580.17,Department of Justice,-0.11876411414493948,0.4774633603627981
Ro Khanna,K000389,MRK,pharma,2023-10-10,2023-11-08,1001.0,,False,6170000.0,28,679407573.63,5,170.0,679068171.01,Department of Health and Human Services,0.23028665186758035,0.4773280629826361
Ro Khanna,K000389,XOM,energy,2018-08-21,2018-09-12,1001.0,,False,5440000.0,26,37622068.410000004,121,121.0,11253791.37,DEPARTMENT OF DEFENSE (DOD),-0.10211848281111247,0.477188633190903
Kevin Hern,H001082,ACN,fedtech,2023-08-15,2023-09-07,1001.0,,False,2095000.0,26,306609732.89,54,136.0,40429213.05,Department of Veterans Affairs,0.11789199739752765,0.4770729279609478
Thomas Macarthur,M001193,LMT,defense,2017-07-28,2017-08-03,100001.0,,False,8531178.0,49,18916199.11,7620,175.0,4099480.0,DEPARTMENT OF DEFENSE (DOD),0.09052718570297147,0.4770492884502693
Pat Roberts,R000307,BA,defense,2020-08-05,2020-08-30,15001.0,,False,8204000.0,45,73214237.87999998,84,173.0,53121826.6,DEPARTMENT OF DEFENSE (DOD),0.3610282304337846,0.4768691951291434
Ro Khanna,K000389,XOM,energy,2017-10-27,2017-11-09,1001.0,,False,5730000.0,23,67885038.10000001,12,130.0,18646803.61,DEPARTMENT OF DEFENSE (DOD),-0.058177039780193396,0.47677372579683963
Michael T. McCaul,M001157,ACN,fedtech,2023-04-05,2023-05-12,15001.0,,False,2750000.0,28,272700192.77,68,177.0,37059405.65,Department of State,0.12725269256744753,0.47672586123672733
Kathy Manning,M001135,PFE,pharma,2022-10-12,2022-11-10,1001.0,,False,18825000.0,43,188950675.18,2,169.0,188215349.18,Department of Health and Human Services,0.03116821318106111,0.4767128526119775
John James,J000307,NOC,defense,2023-11-10,2024-09-02,1001.0,,False,4812500.0,15,15094504.350000001,7,110.0,12996303.56,Department of Health and Human Services,-0.008677445118397409,0.4759972935587422
Austin Scott,S001189,JNJ,pharma,2021-01-26,2021-02-12,15001.0,,False,5130000.0,26,17260234.73,2360,139.0,571018.22,DEPARTMENT OF DEFENSE (DOD),-0.008270764899108385,0.4758748027365234
Ro Khanna,K000389,MRK,pharma,2025-02-19,2025-03-06,15001.0,,False,7310000.0,33,2313938.24,17,117.0,1854638.73,Department of Health and Human Services,-0.07640186915887837,0.47578265841897416
Diana Harshbarger,H001086,NOC,defense,2022-02-26,2022-03-29,1001.0,,False,6975000.0,18,552249696.96,554,172.0,131212000.0,DEPARTMENT OF DEFENSE (DOD),0.05581942371194648,0.4754827132910107
Kathy Manning,M001135,MSFT,fedtech,2023-04-28,2023-05-19,1001.0,,False,13737000.0,47,36260563.599999994,41,136.0,16036780.0,Department of State,0.05350517477055261,0.47542727967942955
Marjorie Taylor Greene,G000596,MSFT,fedtech,2025-02-12,2025-02-14,1001.0,,False,6455000.0,47,38760300.84,13,126.0,14312199.47,Department of State,0.1707168003129278,0.47525328980297166
Diana Harshbarger,H001086,NOC,defense,2022-02-25,2022-03-29,1001.0,,False,6975000.0,18,535412560.96000004,550,173.0,131212000.0,DEPARTMENT OF DEFENSE (DOD),0.13950252642370686,0.47465505546300424
Ro Khanna,K000389,PFE,pharma,2024-11-13,2024-12-05,1001.0,,False,8730000.0,31,1167976.8,4,92.0,1167976.8,Department of Health and Human Services,-0.041916167664670545,0.4745273528373648
Ro Khanna,K000389,XOM,energy,2017-10-24,2017-11-09,1001.0,,False,5730000.0,22,67885038.10000001,12,133.0,18646803.61,DEPARTMENT OF DEFENSE (DOD),-0.10279142206780878,0.47445383462067947
Cleo Fields,F000110,MSFT,fedtech,2025-08-01,2025-09-03,100001.0,,False,6395000.0,43,14270528.219999999,18,168.0,2207391.0,Department of Transportation,-0.07130182595256718,0.47413792821243406
Ro Khanna,K000389,XOM,energy,2018-05-15,2018-06-08,1001.0,,False,6390000.0,26,34860056.28,9,126.0,4618194.0,DEPARTMENT OF DEFENSE (DOD),0.016383420956106898,0.47398152005404875
Lloyd Doggett,D000399,IBM,fedtech,2022-12-13,2023-01-05,1001.0,,False,2950000.0,4,98075959.35,20,129.0,58795728.0,Department of Veterans Affairs,-0.14631068605964004,0.4739425085802021
Kevin Hern,H001082,BA,defense,2020-10-16,2020-11-14,1001.0,,False,8012000.0,40,560643548.6199999,1475,179.0,143198723.0,DEPARTMENT OF DEFENSE (DOD),0.2977591873319392,0.4739195281982067
Ro Khanna,K000389,JNJ,pharma,2025-04-23,2025-05-12,1001.0,,False,5880000.0,40,21262114.700000003,1717,119.0,891053.07,Department of Defense,0.15156390783884688,0.473622593751876
Ro Khanna,K000389,MRK,pharma,2023-10-02,2023-11-08,1001.0,,False,6170000.0,28,679267819.61,3,178.0,679068171.01,Department of Health and Human Services,0.18634812286689417,0.47346681347861636
Kathy Manning,M001135,MSFT,fedtech,2022-07-27,2022-08-10,15001.0,,False,6600000.0,47,17753956.91,31,148.0,3697577.0,DEPARTMENT OF JUSTICE (DOJ),-0.07907270968222069,0.4729847318564868
Lloyd Doggett,D000399,IBM,fedtech,2025-12-12,2026-01-02,1001.0,,False,1370000.0,2,38766120.22999999,23,109.0,11842802.72,General Services Administration,-0.23095330487647137,0.4728209282401506
Ro Khanna,K000389,PFE,pharma,2024-05-29,2024-06-05,15001.0,,False,7120000.0,30,3083199.46,6,124.0,2151230.0,Department of Health and Human Services,0.041337167505391736,0.4724889186051199
Blake Moore,M001213,MSFT,fedtech,2021-05-12,2021-07-17,1001.0,,False,7260000.0,57,66151461.85,26,139.0,33979056.0,DEPARTMENT OF DEFENSE (DOD),0.243723849372385,0.4724778860113432
Thomas Macarthur,M001193,MSFT,fedtech,2018-12-13,2019-01-11,1001.0,,False,6560000.0,47,43601074.64000001,20,132.0,14541770.59,DEPARTMENT OF DEFENSE (DOD),0.10507080858839646,0.47194976464708766
Kevin Hern,H001082,MSFT,fedtech,2020-06-11,2020-07-20,1001.0,,False,7414000.0,54,6451033.89,4,110.0,3912274.53,DEPARTMENT OF STATE (DOS),0.15858699736940984,0.4717024596343075
Michael T. McCaul,M001157,MSFT,fedtech,2024-02-21,2024-03-15,1001.0,,False,6203000.0,43,19649633.59,12,121.0,8431014.74,Department of Justice,0.1082102541150729,0.47162059351967534
Kathy Manning,M001135,LMT,defense,2024-01-23,2024-02-06,1001.0,,False,18215328.0,34,77341714.76,11,160.0,74834844.0,Department of Commerce,0.06832397025041503,0.47142775186280206
Gilbert Cisneros,C001123,PFE,pharma,2025-02-26,2025-03-06,1001.0,,False,22510000.0,33,1923440.0600000003,234,110.0,1759047.8,Department of Health and Human Services,-0.08251324753974276,0.4712824145062757
Ro Khanna,K000389,PFE,pharma,2018-05-08,2018-06-08,50001.0,,False,13040000.0,38,1220268.18,40,134.0,443481.61,DEPARTMENT OF DEFENSE (DOD),0.1963979416809607,0.4711890860085848
Ed Perlmutter,P000593,MSFT,fedtech,2020-06-10,2020-08-13,1001.0,,False,7414000.0,54,6451033.89,4,111.0,3912274.53,DEPARTMENT OF STATE (DOS),0.06980288559235936,0.47072597848131664
Diana Harshbarger,H001086,ORCL,fedtech,2022-06-08,2022-06-29,1001.0,,False,7140000.0,49,1506065.01,7,96.0,510107.76,DEPARTMENT OF DEFENSE (DOD),-0.08517792098627064,0.4702941909273369
Daniel Goldman,G000599,LMT,defense,2023-01-31,2023-02-24,15001.0,,False,7743242.0,35,7344852.03,8,142.0,5901558.0,Department of Defense,-0.04155333937745542,0.46919892776264815
Diana Harshbarger,H001086,ORCL,fedtech,2022-06-07,2022-06-29,1001.0,,False,7140000.0,49,1506065.01,7,97.0,510107.76,DEPARTMENT OF DEFENSE (DOD),-0.0832301554546705,0.46915336131697133
Ro Khanna,K000389,JNJ,pharma,2023-10-10,2023-11-08,15001.0,,False,4230000.0,31,174206.03999999998,9,91.0,39385.0,Department of Veterans Affairs,-0.0023995958575399046,0.46870120042936314
Julie Johnson,J000310,BA,defense,2025-01-15,2025-02-12,1001.0,,False,6690000.0,28,261249878.98,1781,169.0,49881663.0,Department of Defense,0.2409145607701566,0.4683522895378834
Michael T. McCaul,M001157,MSFT,fedtech,2017-11-30,2017-12-21,50001.0,,False,6367500.0,50,9887720.350000001,11,161.0,7023833.83,DEPARTMENT OF DEFENSE (DOD),0.051681121539741026,0.46820189584766125
Kevin Hern,H001082,XOM,energy,2022-03-10,2022-04-12,1001.0,,False,4700000.0,16,40526333.4,5,131.0,9054990.0,DEPARTMENT OF DEFENSE (DOD),0.008434864104967188,0.46809418302575434
Jefferson Shreve,S001229,ORCL,fedtech,2025-05-08,2025-06-22,15001.0,,False,7110000.0,48,3098035.05,7,130.0,745087.4,Department of Health and Human Services,0.5489021956087823,0.46764671630696864
Suzan K. Delbene,D000617,MSFT,fedtech,2017-12-29,2018-01-10,1001.0,,False,6367500.0,50,30218169.020000003,32,132.0,7023833.83,DEPARTMENT OF DEFENSE (DOD),0.09328968903436974,0.4676129913745197
Greg Landsman,L000601,LHX,defense,2024-07-17,2024-08-14,1001.0,,False,1510000.0,9,25452395.73,25,111.0,13149440.66,Department of Commerce,0.04159496327387191,0.46739145636462376
Cleo Fields,F000110,PLTR,defense,2025-10-10,2025-10-30,15001.0,,False,4630000.0,20,28363820.49,13,159.0,18653251.8,Department of Homeland Security,-0.1854195166438669,0.4673491612277614
Daniel Goldman,G000599,NOC,defense,2023-03-06,2023-04-17,15001.0,,False,7045000.0,18,21013586.97,15,163.0,6342196.0,Department of Defense,-0.02375483816086088,0.4666768534923902
Ro Khanna,K000389,JNJ,pharma,2024-10-14,2024-11-08,1001.0,,False,4640000.0,31,123115.76,7,74.0,23627.9,Department of Veterans Affairs,-0.033849009900990046,0.4666487402397398
Ro Khanna,K000389,XOM,energy,2018-05-04,2018-05-10,1001.0,,False,6370000.0,25,38504144.28,10,137.0,4618194.0,DEPARTMENT OF DEFENSE (DOD),0.044083224967490287,0.46651753369140747
Rob Bresnahan,B001327,PLTR,defense,2025-02-25,2025-03-27,1001.0,,False,4380000.0,21,71994673.02000001,16,141.0,19554395.0,Department of Defense,0.6268214936247722,0.46618510474132413
Thomas H. Kean Jr,K000398,MSFT,fedtech,2025-01-31,2025-02-19,1001.0,,False,6425000.0,46,38748110.620000005,12,138.0,14312199.47,Department of State,0.11301980436563386,0.46596175944818585
Pat Roberts,R000307,BA,defense,2020-07-02,2020-08-05,1001.0,,False,8106000.0,45,784518.18,6,95.0,585522.12,DEPARTMENT OF DEFENSE (DOD),-0.201426912228306,0.46580068665614627
John Curtis,C001114,JNJ,pharma,2022-03-09,2022-03-23,1001.0,,False,4500000.0,29,21753919.23,2350,125.0,585202.15,DEPARTMENT OF DEFENSE (DOD),0.05396787907416156,0.46564053545453027
Valerie Hoyle,H001094,NOC,defense,2024-10-29,2025-09-12,1001.0,,False,3600000.0,14,2479237.75,16,98.0,745840.0,National Aeronautics and Space Administration,-0.0975696855470688,0.46558547310482346
Daniel Goldman,G000599,MRNA,pharma,2023-04-10,2023-05-19,50001.0,,False,350000.0,6,25343.0,3,65.0,17182.0,Department of Health and Human Services,-0.37720886668748055,0.4654138698774084
Christopher L. Jacobs,J000020,JNJ,pharma,2022-11-08,2022-12-12,1001.0,,False,5900000.0,32,301841.41,13,84.0,50277.7,DEPARTMENT OF VETERANS AFFAIRS (VA),-0.1201104463874827,0.4653160128109085
Bruce Westerman,W000821,MRK,pharma,2025-03-03,2025-04-16,1001.0,,False,7310000.0,33,2280332.38,17,105.0,1854638.73,Department of Health and Human Services,-0.12173913043478268,0.4652588654078008
Ro Khanna,K000389,PFE,pharma,2020-10-03,2020-10-21,1001.0,,False,6510000.0,39,301743276.40999997,39,178.0,301734547.01,DEPARTMENT OF HEALTH AND HUMAN SERVICES (HHS),-0.025850340136054473,0.4652428095804185
Ro Khanna,K000389,JNJ,pharma,2018-05-04,2018-05-10,1001.0,,False,3320000.0,25,14035035.79,1883,116.0,253001.94,DEPARTMENT OF DEFENSE (DOD),0.07673725742813442,0.46523820698966667
Kathy Manning,M001135,ACN,fedtech,2023-04-28,2023-05-19,1001.0,,False,2460000.0,29,262259392.37,60,154.0,37059405.65,Department of State,0.14492133147811193,0.46521665940582796
Lloyd Doggett,D000399,IBM,fedtech,2024-06-10,2024-07-03,1001.0,,False,6370000.0,6,200463608.82,40,169.0,120024000.04,General Services Administration,0.34182415776499586,0.4649035238299567
David J. Taylor,T000490,MSFT,fedtech,2026-02-09,2026-02-20,1001.0,,False,6605000.0,39,23108531.619999997,7,133.0,8148580.17,Department of Justice,-0.024637330754352038,0.4643466978888985
Deborah K. Ross,R000305,ORCL,fedtech,2021-01-04,2021-01-24,15001.0,,False,6365000.0,34,5395528.46,3,141.0,5389169.02,DEPARTMENT OF DEFENSE (DOD),0.2318431372549019,0.46427787853281766
Bruce Westerman,W000821,RTX,defense,2025-03-03,2025-04-16,1001.0,,False,750000.0,18,665720285.33,420,150.0,96311341.38,Department of Defense,0.07741164163490977,0.46417684304231266
Blake Moore,M001213,MSFT,fedtech,2021-04-30,2021-07-17,1001.0,,False,7260000.0,59,63776969.95,25,151.0,33979056.0,DEPARTMENT OF DEFENSE (DOD),0.2038623205646759,0.4640870839061825
Kathy Manning,M001135,MSFT,fedtech,2021-04-30,2021-05-06,1001.0,,False,7260000.0,59,63776969.95,25,151.0,33979056.0,DEPARTMENT OF DEFENSE (DOD),0.2038623205646759,0.4640870839061825
Pat Roberts,R000307,BA,defense,2020-06-30,2020-07-06,1001.0,,False,8106000.0,45,784518.18,6,97.0,585522.12,DEPARTMENT OF DEFENSE (DOD),-0.19181669394435363,0.4635062808677279
Suzan K. Delbene,D000617,MSFT,fedtech,2017-08-31,2017-09-19,250001.0,,False,6178750.0,48,1121884.56,2,151.0,954799.92,DEPARTMENT OF HOMELAND SECURITY (DHS),0.14404172796576176,0.46313771277269805
Michael T. McCaul,M001157,ORCL,fedtech,2026-02-27,2026-03-10,1001.0,,False,7000000.0,45,1695771.21,4,104.0,1380000.0,Office of Personnel Management,0.016231086657496396,0.4625777623486582
Daniel Goldman,G000599,ABBV,pharma,2023-01-31,2023-02-24,1001.0,,False,3300000.0,18,21600.0,1,62.0,21600.0,Department of Veterans Affairs,-0.06626057529610818,0.46257459025982395
Ron Estes,E000298,CVX,energy,2022-02-10,2022-03-09,1001.0,,False,3470000.0,8,49290593.32,42,137.0,3685264.8,DEPARTMENT OF DEFENSE (DOD),0.2893266686268745,0.46222680433007035
Ro Khanna,K000389,ABBV,pharma,2023-05-19,2023-06-12,15001.0,,False,2830000.0,16,71554.0,5,85.0,25528.0,Department of Veterans Affairs,0.06085038935979581,0.46191217212559965
Suzan K. Delbene,D000617,MSFT,fedtech,2017-08-29,2017-09-19,250001.0,,False,6178750.0,48,1121884.56,2,153.0,954799.92,DEPARTMENT OF HOMELAND SECURITY (DHS),0.17330595482546207,0.4619061897022192
Rob Bresnahan,B001327,IBM,fedtech,2025-03-26,2025-04-22,1001.0,,False,2140000.0,4,68554359.96,30,135.0,27605531.8,Department of Homeland Security,0.040624750339538274,0.4617369174719739
Jefferson Shreve,S001229,JNJ,pharma,2025-03-05,2025-04-11,15001.0,,False,6280000.0,37,18516311.349999998,1503,168.0,891053.07,Department of Defense,-0.05517199612403112,0.4613271220244467
Michael T. McCaul,M001157,ACN,fedtech,2022-11-15,2022-12-22,15001.0,,False,2910000.0,28,41119208.05,43,168.0,9063467.88,Department of Energy,-0.15882453442678968,0.4611786257162902
Pat Roberts,R000307,MSFT,fedtech,2020-04-30,2020-05-02,15001.0,,False,7394000.0,54,6448973.89,3,152.0,3912274.53,DEPARTMENT OF STATE (DOS),0.27732827409184746,0.4607387176710589
Tommy Tuberville,T000278,CVX,energy,2023-06-12,2023-07-14,1001.0,,False,6020000.0,11,31325.0,1,70.0,31325.0,General Services Administration,0.05853937583423363,0.4607211630827982
Ro Khanna,K000389,MRNA,pharma,2023-04-25,2023-05-08,1001.0,,False,350000.0,6,25343.0,3,50.0,17182.0,Department of Health and Human Services,-0.14410674573758353,0.4600140672057287
Thomas Suozzi,S001201,MSFT,fedtech,2021-11-24,2021-12-01,50001.0,,False,7390000.0,56,2058763.69,4,149.0,1268125.0,CORPS OF ENGINEERS - CIVIL WORKS (USACE),-0.10005622798970137,0.45996944231561454
Lisa Mcclain,M001136,LLY,pharma,2025-07-10,2025-08-13,1001.0,,False,7350000.0,29,229740.8,2,88.0,229740.8,Department of Veterans Affairs,0.16912666793144893,0.45973945215791645
Ro Khanna,K000389,JNJ,pharma,2025-04-04,2025-05-12,1001.0,,False,6270000.0,37,21276730.7,1718,138.0,891053.07,Department of Defense,0.11615766118506898,0.45914998702637716
Ro Khanna,K000389,MRK,pharma,2025-06-23,2025-07-09,15001.0,,False,10630000.0,33,257261.93,15,114.0,66154.17,Department of Veterans Affairs,0.09306387225548907,0.45892563582529766
Pat Roberts,R000307,MSFT,fedtech,2020-04-27,2020-05-02,15001.0,,False,7394000.0,54,6448973.89,3,155.0,3912274.53,DEPARTMENT OF STATE (DOS),0.24372306808388378,0.45892191926712267
Kathy Manning,M001135,JNJ,pharma,2024-07-02,2024-08-16,1001.0,,False,5060000.0,31,271052.23,8,87.0,90300.0,Department of Veterans Affairs,0.09984249811682533,0.4585110777085918
Michael T. McCaul,M001157,MSFT,fedtech,2026-01-30,2026-02-11,1001.0,,False,6605000.0,39,25052374.319999997,8,143.0,8148580.17,Department of Justice,0.07025494433986368,0.45802910132768765
Thomas Suozzi,S001201,XOM,energy,2018-07-25,2021-09-23,1001.0,,False,5440000.0,26,41209415.449999996,76,148.0,11253791.37,DEPARTMENT OF DEFENSE (DOD),-0.0969015432468,0.45791149016256183
Jared Moskowitz,M001217,ACN,fedtech,2023-07-14,2024-08-21,1001.0,,False,2200000.0,27,295913999.02,52,168.0,40429213.05,Department of Veterans Affairs,-0.00044336067390815526,0.45744022247091615
David J. Taylor,T000490,MSFT,fedtech,2026-01-29,2026-02-02,1001.0,,False,6605000.0,39,25052374.319999997,8,144.0,8148580.17,Department of Justice,0.038615916955017315,0.4573523602239161
David J. Taylor,T000490,LLY,pharma,2026-02-26,2026-03-06,1001.0,,False,7670000.0,32,52118.88,1,78.0,52118.88,Department of Veterans Affairs,0.18209037005146667,0.4573290303575838
Ro Khanna,K000389,XOM,energy,2018-07-24,2018-08-10,1001.0,,False,5440000.0,26,41209415.449999996,76,149.0,11253791.37,DEPARTMENT OF DEFENSE (DOD),-0.06565474039272379,0.4572713205074508
Jared Moskowitz,M001217,JNJ,pharma,2024-07-01,2024-08-06,1001.0,,False,5060000.0,31,271052.23,8,88.0,90300.0,Department of Veterans Affairs,0.09321223709369031,0.4572502660007362
Kathy Manning,M001135,MSFT,fedtech,2022-08-05,2022-09-14,1001.0,,False,6615000.0,47,17619687.91,30,139.0,3697577.0,DEPARTMENT OF JUSTICE (DOJ),-0.11561980841963893,0.4569954574320483
Jared Moskowitz,M001217,ACN,fedtech,2025-04-07,2025-05-09,1001.0,,False,2610000.0,29,244002366.23,41,169.0,78150743.4,Department of the Treasury,-0.13223517842090482,0.4567901796628707
Marjorie Taylor Greene,G000596,PLTR,defense,2025-02-12,2025-02-14,1001.0,,False,4380000.0,21,64105707.480000004,15,154.0,19554395.0,Department of Defense,0.15163131442201205,0.45649819886920684
Julie Johnson,J000310,PLTR,defense,2025-02-12,2025-03-12,1001.0,,False,4380000.0,21,64105707.480000004,15,154.0,19554395.0,Department of Defense,0.15163131442201205,0.45649819886920684
Lisa Mcclain,M001136,PLTR,defense,2025-10-30,2025-11-21,1001.0,,False,4675000.0,22,122951631.92,13,169.0,94687811.42,Department of Agriculture,-0.2948342328450271,0.45602205951064473
Tommy Tuberville,T000278,CVX,energy,2024-05-07,2024-06-14,1001.0,,False,4270000.0,10,83672.5,1,78.0,83672.5,General Services Administration,-0.12663674924694168,0.4557548686674818
Jefferson Shreve,S001229,JNJ,pharma,2025-02-24,2025-03-09,15001.0,,False,6280000.0,37,16603158.739999998,1388,177.0,891053.07,Department of Defense,-0.07053865884939547,0.455724207726361
Kevin Hern,H001082,MSFT,fedtech,2020-12-10,2021-01-15,1001.0,,False,6140000.0,61,18828084.85,11,141.0,6872057.0,DEPARTMENT OF DEFENSE (DOD),0.21532395971879148,0.45545455972869714
Thomas Macarthur,M001193,JNJ,pharma,2017-12-12,2018-01-10,1001.0,,False,5640000.0,28,7487296.86,1468,127.0,279909.44,DEPARTMENT OF DEFENSE (DOD),-0.09095371669004204,0.4549714450694897
Kevin Hern,H001082,RTX,defense,2023-03-23,2023-04-10,1001.0,,False,7250000.0,34,49180441.419999994,48,162.0,14450613.95,Department of Commerce,0.00406250000000008,0.4547928011472365
Ro Khanna,K000389,PFE,pharma,2017-09-22,2017-10-10,1001.0,,False,16740000.0,36,265458.56,31,102.0,47455.2,DEPARTMENT OF HEALTH AND HUMAN SERVICES (HHS),0.026974416017797598,0.4545174400462802
Kathy Manning,M001135,JNJ,pharma,2024-01-23,2024-02-06,1001.0,,False,4980000.0,30,266866.77,12,90.0,101000.0,Department of Health and Human Services,-0.03948438771040608,0.4544175781120966
Ro Khanna,K000389,ABBV,pharma,2025-01-22,2025-02-06,1001.0,,False,4170000.0,19,154381.62,6,84.0,61781.04,Department of Veterans Affairs,0.0788416075650118,0.4540228282320642
Valerie Hoyle,H001094,MSFT,fedtech,2025-01-13,2025-09-12,1001.0,,False,6750000.0,46,34963201.95,12,156.0,14312199.47,Department of State,0.07658381073371845,0.45367286754711306
Kevin Hern,H001082,XOM,energy,2020-12-10,2021-01-15,1001.0,,False,4430000.0,16,2090442.05,57,110.0,228264.04,DEPARTMENT OF DEFENSE (DOD),0.2694842081345148,0.45350686151314
Ro Khanna,K000389,ABBV,pharma,2025-07-01,2025-08-07,1001.0,,False,4320000.0,21,351431.92,5,92.0,164749.44,Department of Veterans Affairs,0.18500973735459758,0.45335705311612196
Ro Khanna,K000389,XOM,energy,2017-09-22,2017-10-10,1001.0,,False,5780000.0,23,62338514.74,10,165.0,18646803.61,DEPARTMENT OF DEFENSE (DOD),0.10422922922922928,0.45314574314383255
Kevin Hern,H001082,LMT,defense,2020-07-27,2020-08-15,1001.0,,False,7124211.0,38,61501276.559999995,17,170.0,33161655.0,DEPARTMENT OF DEFENSE (DOD),-0.009448035803082955,0.4528095772395261
Rob Bresnahan,B001327,IBM,fedtech,2025-03-11,2025-04-09,1001.0,,False,2140000.0,4,76926560.55000001,25,150.0,27605531.8,Department of Homeland Security,0.16545491062462347,0.4527158997401196
Rob Bresnahan,B001327,IBM,fedtech,2025-03-10,2025-04-09,1001.0,,False,2140000.0,4,76926560.55000001,25,151.0,27605531.8,Department of Homeland Security,0.13047878551965764,0.45208979917515035
Lloyd Doggett,D000399,IBM,fedtech,2025-03-10,2025-04-07,1001.0,,False,2140000.0,4,76926560.55000001,25,151.0,27605531.8,Department of Homeland Security,0.13047878551965764,0.45208979917515035
Thomas R. Carper,C000174,LHX,defense,2020-07-09,2020-08-04,1001.0,,False,1840000.0,14,224357.0,4,82.0,164000.0,DEPARTMENT OF DEFENSE (DOD),0.11977471839799736,0.4513433179235754
Josh Gottheimer,G000583,JNJ,pharma,2025-01-24,2025-02-10,1001.0,,False,6200000.0,36,10414248.989999998,945,139.0,270118.8,Department of Defense,0.04379512328020718,0.4505218517361735
Michael T. McCaul,M001157,ACN,fedtech,2022-09-14,2022-10-13,15001.0,,False,3010000.0,30,16090636.159999998,22,170.0,3893278.0,General Services Administration,0.019064373676085156,0.45032543719011553
Julie Johnson,J000310,RTX,defense,2025-02-14,2025-03-12,1001.0,,False,750000.0,18,454425889.11,331,167.0,96311341.38,Department of Defense,0.1964708765623724,0.45026394743235887
Ro Khanna,K000389,LLY,pharma,2025-07-02,2025-08-07,1001.0,,False,7410000.0,30,229740.8,2,96.0,229740.8,Department of Veterans Affairs,0.08369263935940863,0.45023521297630825
Julie Johnson,J000310,PLTR,defense,2025-01-15,2025-02-12,1001.0,,False,2410000.0,17,49549009.05,13,149.0,19125213.5,Department of Defense,0.8802465512180804,0.4499220907705884
Virginia Foxx,F000450,XOM,energy,2021-12-13,2022-01-05,1001.0,,False,4320000.0,16,16347177.0,2,141.0,8486562.0,DEPARTMENT OF DEFENSE (DOD),0.3889339607334088,0.4498745722348588
Ro Khanna,K000389,JNJ,pharma,2018-06-15,2018-07-11,1001.0,,False,3300000.0,25,17519989.5,2226,139.0,408676.33,DEPARTMENT OF DEFENSE (DOD),0.09248837778321506,0.4489411630097564
Kathy Manning,M001135,MSFT,fedtech,2024-01-23,2024-02-06,1001.0,,False,6203000.0,44,17253142.59,10,150.0,8431014.74,Department of Justice,0.0792679869641515,0.44866089579766877
David J. Taylor,T000490,MSFT,fedtech,2026-01-16,2026-02-02,1001.0,,False,6105000.0,38,25052374.319999997,8,157.0,8148580.17,Department of Justice,-0.07898055930065673,0.4483012968716848
Kathy Manning,M001135,ACN,fedtech,2022-10-12,2022-11-10,1001.0,,False,3010000.0,30,21847483.27,33,142.0,3893278.0,General Services Administration,0.1403207102011439,0.44818984242432125
Ro Khanna,K000389,PFE,pharma,2025-01-22,2025-02-06,1001.0,,False,22510000.0,33,3050326.7599999993,142,145.0,1759047.8,Department of Health and Human Services,-0.11418685121107275,0.4478336319502181
Kevin Hern,H001082,XOM,energy,2021-12-10,2022-01-11,1001.0,,False,4320000.0,16,16347177.0,2,144.0,8486562.0,DEPARTMENT OF DEFENSE (DOD),0.33074115219806366,0.44782158061623156
Josh Gottheimer,G000583,JNJ,pharma,2025-01-21,2025-02-10,1001.0,,False,6200000.0,36,9416704.09,883,142.0,270118.8,Department of Defense,0.033952075599055,0.44732572780712765
K. Michael Conaway,C001062,JNJ,pharma,2020-10-16,2020-12-04,50001.0,,False,3680000.0,26,4579419.92,679,173.0,172000.0,DEPARTMENT OF DEFENSE (DOD),0.11458474004051311,0.44725505177739144
Ro Khanna,K000389,CVX,energy,2018-07-18,2018-08-10,1001.0,,False,9270000.0,11,12411393.63,66,154.0,3294676.02,DEPARTMENT OF DEFENSE (DOD),-0.03768616802435609,0.44722650188823404
Michael T. McCaul,M001157,ORCL,fedtech,2026-02-11,2026-03-10,1001.0,,False,7000000.0,45,1695771.21,4,120.0,1380000.0,Office of Personnel Management,0.17141766352761523,0.44719213771853983
Dwight Evans,E000296,IBM,fedtech,2025-04-03,2025-04-17,1001.0,,False,2140000.0,4,167988601.55,32,176.0,77398572.0,Social Security Administration,0.02694155817487376,0.447008335402629
Ro Khanna,K000389,PFE,pharma,2022-02-17,2022-03-08,100001.0,,False,7410000.0,38,1622053.96,289,179.0,896013.99,DEPARTMENT OF DEFENSE (DOD),-0.0484662576687116,0.44680289226966896
Suzan K. Delbene,D000617,MSFT,fedtech,2018-09-28,2018-10-16,1001.0,,False,6847500.0,46,15445344.43,13,153.0,5507858.17,DEPARTMENT OF DEFENSE (DOD),-0.08122759464894647,0.44673345393071706
Thomas Macarthur,M001193,MSFT,fedtech,2017-12-14,2018-01-10,1001.0,,False,6367500.0,50,11618593.060000002,13,147.0,7023833.83,DEPARTMENT OF DEFENSE (DOD),0.09906718620852528,0.4465746161676538
Thomas Macarthur,M001193,JNJ,pharma,2018-06-12,2018-07-10,1001.0,,False,3300000.0,25,16962368.28,2165,142.0,408676.33,DEPARTMENT OF DEFENSE (DOD),0.12395952342092365,0.4464896425529701
Ro Khanna,K000389,XOM,energy,2018-04-03,2018-05-10,1001.0,,False,6240000.0,25,35991105.36,10,168.0,4618194.0,DEPARTMENT OF DEFENSE (DOD),0.07158091175686487,0.4464687773651507
Ro Khanna,K000389,JNJ,pharma,2017-09-25,2017-10-10,1001.0,,False,3305000.0,31,3362428.0,656,120.0,265000.0,DEPARTMENT OF VETERANS AFFAIRS (VA),0.08126858275520332,0.44602469560999825
James Comer,C001108,PLTR,defense,2025-01-21,2025-02-11,1001.0,,False,4380000.0,21,71358252.05,15,176.0,19554395.0,Department of Defense,0.6501984398521967,0.4459121764082111
Jared Moskowitz,M001217,ABBV,pharma,2025-01-15,2025-02-10,1001.0,,False,3300000.0,19,201466.79,7,91.0,61781.04,Department of Veterans Affairs,0.06028596440035017,0.4454058225811771
Ro Khanna,K000389,JNJ,pharma,2017-11-30,2017-12-12,1001.0,,False,5620000.0,27,7179324.78,1376,139.0,279909.44,DEPARTMENT OF DEFENSE (DOD),-0.1060073207493003,0.44534048078570193
David J. Taylor,T000490,MSFT,fedtech,2026-01-08,2026-01-21,1001.0,,False,6255000.0,40,27259765.32,9,165.0,8148580.17,Department of Justice,-0.13174792411788083,0.4450415752956144
Tommy Tuberville,T000278,CVX,energy,2024-04-29,2024-05-15,1001.0,,False,4270000.0,10,83672.5,1,86.0,83672.5,General Services Administration,-0.11651536102927929,0.44502927913542367
Kathy Manning,M001135,MSFT,fedtech,2022-07-15,2022-08-10,1001.0,,False,6940000.0,50,18720166.200000003,32,160.0,3697577.0,DEPARTMENT OF JUSTICE (DOJ),-0.059091617326269885,0.44488161659263015
Suzan K. Delbene,D000617,MSFT,fedtech,2021-03-31,2021-04-13,1001.0,,False,6955000.0,60,36129728.95,24,175.0,17601148.53,DEPARTMENT OF DEFENSE (DOD),0.21516732408703398,0.44428595939893
Ro Khanna,K000389,MRK,pharma,2025-07-01,2025-08-07,1001.0,,False,10630000.0,33,235210.53999999998,14,106.0,66154.17,Department of Veterans Affairs,0.05830583058305816,0.4437813937888946
Ro Khanna,K000389,JNJ,pharma,2024-05-29,2024-06-05,15001.0,,False,5060000.0,32,247424.33000000002,7,121.0,90300.0,Department of Veterans Affairs,0.11734976460814162,0.44364395309186266
Kenneth R. Buck,B001297,ABBV,pharma,2017-10-27,2017-11-02,1001.0,,False,3180000.0,14,140292.43,10,89.0,43997.8,DEPARTMENT OF VETERANS AFFAIRS (VA),0.3220928967692809,0.44348991414663863
Ro Khanna,K000389,ABBV,pharma,2023-10-02,2023-11-08,1001.0,,False,2150000.0,18,62846.0,3,79.0,47933.0,Department of Health and Human Services,0.11244519392917351,0.44335722866067173
Marjorie Taylor Greene,G000596,MSFT,fedtech,2024-12-24,2024-12-27,1001.0,,False,6770000.0,44,34963201.95,12,176.0,14312199.47,Department of State,-0.14781599253408595,0.44314429246239173
Blake Moore,M001213,MSFT,fedtech,2021-03-26,2021-07-17,1001.0,,False,6955000.0,60,39700491.95,24,180.0,17601148.53,DEPARTMENT OF DEFENSE (DOD),0.22230209742895823,0.44299335154412656
Jefferson Shreve,S001229,NEE,energy,2025-04-17,2025-05-08,15001.0,,False,5609140.0,41,3656784.12,23,167.0,1577638.9,Department of Veterans Affairs,0.13723420298597477,0.4428748850703913
Ro Khanna,K000389,JNJ,pharma,2024-05-28,2024-06-05,15001.0,,False,5060000.0,32,247424.33000000002,7,122.0,90300.0,Department of Veterans Affairs,0.11234242969940444,0.44277981444456804
Donald Sternoff Beyer Jr,B001292,MSFT,fedtech,2020-11-24,2020-12-01,1001.0,,False,6140000.0,61,14931781.85,8,157.0,6872057.0,DEPARTMENT OF DEFENSE (DOD),0.10100065463387264,0.44272917233360776
John A. Yarmuth,Y000062,MSFT,fedtech,2017-12-07,2018-01-18,1001.0,,False,6367500.0,50,11618593.060000002,13,154.0,7023833.83,DEPARTMENT OF DEFENSE (DOD),0.09382955509758761,0.4421908299858094
Ro Khanna,K000389,PFE,pharma,2025-01-17,2025-02-06,1001.0,,False,18100000.0,29,3048785.7399999993,130,150.0,1759047.8,Department of Health and Human Services,-0.12547528517110274,0.44208507960891197
Bob Gibbs,G000563,MRK,pharma,2021-11-26,2021-11-28,1001.0,,False,4290000.0,32,79522.22,4,88.0,20000.0,DEPARTMENT OF JUSTICE (DOJ),0.025896917635169325,0.4419930183639088
Thomas Macarthur,M001193,JNJ,pharma,2018-09-11,2018-10-06,1001.0,,False,4140000.0,30,19973601.38,2597,156.0,435000.0,DEPARTMENT OF DEFENSE (DOD),-0.06916468125045117,0.44195466836529684
Kevin Hern,H001082,MSFT,fedtech,2021-12-09,2022-01-11,1001.0,,False,7330000.0,55,2807241.69,5,134.0,1268125.0,CORPS OF ENGINEERS - CIVIL WORKS (USACE),-0.10846592614830375,0.4418210944622759
Markwayne Mullin,M001190,RTX,defense,2023-10-03,2023-11-01,1001.0,,False,1490000.0,38,5205098.129999999,31,120.0,2130758.0,Department of Commerce,0.2910172853499575,0.4416294082019838
Ro Khanna,K000389,JNJ,pharma,2025-01-17,2025-02-06,1001.0,,False,4970000.0,31,8967569.120000001,851,146.0,270118.8,Department of Defense,0.037135278514588865,0.44155966232520605
Marjorie Taylor Greene,G000596,CVX,energy,2022-02-22,2022-03-07,1001.0,,False,3470000.0,8,55696233.57,47,174.0,3954374.56,DEPARTMENT OF DEFENSE (DOD),0.11684290030211475,0.4414895610680045
Ro Khanna,K000389,ABBV,pharma,2025-05-28,2025-06-10,15001.0,,False,4320000.0,21,351431.92,6,126.0,164749.44,Department of Veterans Affairs,0.19362062373695998,0.4414236237572827
Thomas Macarthur,M001193,MSFT,fedtech,2018-09-13,2018-10-06,1001.0,,False,6847500.0,46,20390032.88,21,168.0,5507858.17,DEPARTMENT OF DEFENSE (DOD),-0.08954034186520232,0.44134579378600103
Kathy Manning,M001135,JNJ,pharma,2021-01-15,2021-02-04,1001.0,,False,3440000.0,25,16183876.69,2191,150.0,571018.22,DEPARTMENT OF DEFENSE (DOD),0.06294447910168421,0.4411879905980842
Suzan K. Delbene,D000617,MSFT,fedtech,2017-09-29,2017-11-03,1001.0,,False,6178750.0,48,1302700.3900000001,4,122.0,954799.92,DEPARTMENT OF HOMELAND SECURITY (DHS),0.2608403812592295,0.44114698918982176
Kathy Manning,M001135,MSFT,fedtech,2024-07-02,2024-08-16,1001.0,,False,6669000.0,46,20695966.73,14,169.0,7888724.2,Department of Justice,-0.05824333739766596,0.44069186473404104
Josh Gottheimer,G000583,JNJ,pharma,2025-01-16,2025-02-10,1001.0,,False,4970000.0,31,8783907.129999999,834,147.0,270118.8,Department of Defense,0.024091493537253816,0.4406796569378426
Tommy Tuberville,T000278,CVX,energy,2022-01-12,2022-02-14,1001.0,,False,2950000.0,9,40238493.089999996,46,166.0,3685264.8,DEPARTMENT OF DEFENSE (DOD),0.29356789444749865,0.4401162706248295
Marjorie Taylor Greene,G000596,NEE,energy,2025-06-06,2025-06-18,1001.0,,False,5781640.0,37,8797807.27,26,151.0,3000000.0,Department of Veterans Affairs,0.13788802660753885,0.4398887221766023
Kevin Hern,H001082,ACN,fedtech,2022-11-15,2022-12-08,1001.0,,False,2910000.0,28,41119208.05,43,168.0,9063467.88,Department of Energy,-0.15882453442678968,0.4391527919228542
Ro Khanna,K000389,MRNA,pharma,2026-01-23,2026-02-06,1001.0,,False,1050000.0,17,8699145.459999999,3,125.0,8095895.8,Department of Health and Human Services,-0.03448983781564363,0.43892896265513415
Pat Roberts,R000307,BA,defense,2020-07-27,2020-08-05,1001.0,,False,8254000.0,46,15220948.770000003,52,171.0,8769642.5,DEPARTMENT OF DEFENSE (DOD),0.28364960930615113,0.43878660522998403
Ro Khanna,K000389,NEE,energy,2025-06-04,2025-07-09,1001.0,,False,5781640.0,37,8797807.27,26,153.0,3000000.0,Department of Veterans Affairs,0.1187750429307386,0.4386571991061234
Bruce Westerman,W000821,JNJ,pharma,2025-03-03,2025-04-16,1001.0,,False,6280000.0,37,18516311.349999998,1503,170.0,891053.07,Department of Defense,-0.06791009086561461,0.4382817367733831
Ro Khanna,K000389,ABBV,pharma,2018-02-27,2018-03-09,15001.0,,False,4780000.0,15,74990.07999999999,6,112.0,30539.04,DEPARTMENT OF VETERANS AFFAIRS (VA),-0.226196516150854,0.4382090229421195
Pat Roberts,R000307,NOC,defense,2020-07-02,2020-08-05,15001.0,,False,8025000.0,21,1630637.06,5,167.0,1119192.0,DEPARTMENT OF DEFENSE (DOD),-0.06500629093138055,0.4381924723133973
Michael T. McCaul,M001157,MSFT,fedtech,2020-04-29,2020-05-18,1001.0,,False,7394000.0,54,6448973.89,3,153.0,3912274.53,DEPARTMENT OF STATE (DOS),0.27701065208814746,0.43810054320460756
Lisa Mcclain,M001136,MRK,pharma,2025-06-24,2025-08-13,1001.0,,False,10630000.0,33,257261.93,15,113.0,66154.17,Department of Veterans Affairs,0.09076195219123506,0.4378442703248518
Lisa Mcclain,M001136,ABBV,pharma,2025-06-17,2025-08-13,1001.0,,False,4320000.0,21,351431.92,6,106.0,164749.44,Department of Veterans Affairs,0.21964632305369847,0.43780740263668205
Ro Khanna,K000389,JNJ,pharma,2024-01-10,2024-02-05,1001.0,,False,4400000.0,25,254011.53,11,103.0,101000.0,Department of Health and Human Services,-0.07425711991103978,0.4376129660325031
Ro Khanna,K000389,JNJ,pharma,2023-10-02,2023-11-08,1001.0,,False,4230000.0,30,174206.03999999998,9,99.0,39385.0,Department of Veterans Affairs,0.023332259104092756,0.4373923367774325
Michael C. Burgess,B001248,MSFT,fedtech,2021-12-02,2021-12-31,1001.0,,False,7330000.0,55,2807241.69,5,141.0,1268125.0,CORPS OF ENGINEERS - CIVIL WORKS (USACE),-0.06091231903851402,0.43675607884781614
Thomas Macarthur,M001193,CVX,energy,2018-06-11,2018-07-10,1001.0,,False,11320000.0,12,9335202.100000001,69,172.0,2370564.0,DEPARTMENT OF DEFENSE (DOD),-0.005801191596111699,0.43659487902934
Earl Blumenauer,B000574,PFE,pharma,2018-05-04,2018-05-11,1001.0,,False,13040000.0,38,1220268.18,40,138.0,443481.61,DEPARTMENT OF DEFENSE (DOD),0.18742824339839248,0.4364223550781121
Ro Khanna,K000389,ABBV,pharma,2023-09-06,2023-10-06,15001.0,,False,2150000.0,18,77759.0,5,105.0,47933.0,Department of Health and Human Services,0.10885241398255618,0.4364120996249924
Ed Perlmutter,P000593,MSFT,fedtech,2020-11-12,2020-12-22,1001.0,,False,6140000.0,60,14931781.85,8,169.0,6872057.0,DEPARTMENT OF DEFENSE (DOD),0.09427218715187524,0.4361854316362064
Cleo Fields,F000110,MSFT,fedtech,2025-12-11,2025-12-17,1001.0,,False,6255000.0,40,22658187.349999998,10,179.0,6737720.0,Department of State,-0.2328996628539517,0.4361175162099015
Pat Roberts,R000307,CVX,energy,2018-06-22,2018-06-28,1001.0,,False,11320000.0,12,12610123.07,72,180.0,3294676.02,DEPARTMENT OF DEFENSE (DOD),-0.0630695443645084,0.4360968409889522
Pat Roberts,R000307,BA,defense,2020-06-05,2020-07-06,1001.0,,False,8106000.0,45,612256.18,4,122.0,585522.12,DEPARTMENT OF DEFENSE (DOD),-0.1666261013483913,0.43604114949886535
Jared Moskowitz,M001217,MRK,pharma,2024-11-08,2024-12-09,1001.0,,False,5020000.0,29,984854.6800000002,16,122.0,241958.26,Department of Veterans Affairs,-0.07471822774970849,0.43571275076856364
Daniel Goldman,G000599,JNJ,pharma,2023-02-03,2023-03-20,1001.0,,False,7290000.0,30,213159.55,10,109.0,39512.53,Department of Veterans Affairs,-0.038211530283700945,0.43534513355846705
HON. GREG STANTON,S001211,ABBV,pharma,2023-09-26,2023-11-09,1001.0,,False,2150000.0,18,62846.0,4,85.0,47933.0,Department of Health and Human Services,0.06698720031187055,0.4353141949375253
Marjorie Taylor Greene,G000596,JNJ,pharma,2025-01-08,2025-01-27,1001.0,,False,5080000.0,35,7811805.630000001,692,155.0,270118.8,Department of Defense,0.09411682013073719,0.43467078361043754
Kevin Hern,H001082,RTX,defense,2020-07-27,2020-08-15,1001.0,,False,6170000.0,51,19895398.45,17,179.0,9969420.0,DEPARTMENT OF DEFENSE (DOD),0.21722049435259438,0.43454357802308585
Earl Blumenauer,B000574,JNJ,pharma,2018-05-25,2018-06-26,1001.0,,False,3320000.0,25,15762671.79,2039,160.0,408676.33,DEPARTMENT OF DEFENSE (DOD),0.15641722235943023,0.4345339173659301
Michael T. McCaul,M001157,ORCL,fedtech,2018-01-19,2018-02-27,1001.0,,False,4140000.0,33,2051679.1099999999,8,131.0,1977672.14,GENERAL SERVICES ADMINISTRATION (GSA),-0.06662712534598647,0.4341335903874549
Ro Khanna,K000389,MRK,pharma,2025-06-20,2025-07-09,1001.0,,False,10630000.0,33,257261.93,15,117.0,66154.17,Department of Veterans Affairs,0.09182899064002004,0.434128553213578
Kevin Hern,H001082,LMT,defense,2023-12-29,2024-01-13,1001.0,,False,18458828.0,35,759757.71,7,140.0,313835.0,Department of Justice,0.03157267672756148,0.43383128060676013
Valerie Hoyle,H001094,BA,defense,2024-10-29,2025-09-12,1001.0,,False,6790000.0,28,1427911.3599999999,10,134.0,532996.23,National Aeronautics and Space Administration,0.13112825205909262,0.4335767966404335
Thomas Suozzi,S001201,XOM,energy,2017-08-17,2021-09-23,1001.0,,False,5780000.0,24,6098721.65,2,155.0,3250287.95,DEPARTMENT OF DEFENSE (DOD),0.08877524259113545,0.4334573570177986
Michael T. McCaul,M001157,MRK,pharma,2022-09-09,2022-10-13,50001.0,,False,4540000.0,22,19761.11,1,112.0,19761.11,DEPARTMENT OF VETERANS AFFAIRS (VA),0.26379665674375996,0.4328860434431099
Thomas Macarthur,M001193,JNJ,pharma,2017-09-12,2017-10-08,1001.0,,False,3285000.0,30,2434348.06,526,133.0,265000.0,DEPARTMENT OF VETERANS AFFAIRS (VA),0.08550101786926034,0.4318001648354082
Ritchie John Torres,T000486,NOC,defense,2024-09-26,2025-08-20,1001.0,,False,3535000.0,14,1948607.75,12,131.0,745840.0,National Aeronautics and Space Administration,-0.05204936011138439,0.4317563315365236
Marjorie Taylor Greene,G000596,NEE,energy,2025-05-05,2025-05-06,1001.0,,False,5781640.0,37,3656784.12,23,149.0,1577638.9,Department of Veterans Affairs,0.09909228441754925,0.4315831380282944
Kevin Hern,H001082,CVX,energy,2021-10-20,2021-11-05,50001.0,,False,1470000.0,6,3864767.76,33,180.0,2445124.5,DEPARTMENT OF DEFENSE (DOD),0.18071756804524575,0.4315760346786426
Ro Khanna,K000389,CVX,energy,2018-05-08,2018-06-08,1001.0,,False,11320000.0,12,6929037.780000001,58,176.0,769910.4,DEPARTMENT OF DEFENSE (DOD),-0.060440862763687986,0.431418410032841
Ro Khanna,K000389,JNJ,pharma,2023-12-05,2024-01-04,15001.0,,False,4460000.0,28,332479.45,14,139.0,101000.0,Department of Health and Human Services,-0.027057710501419252,0.4312362241146608
Kathy Manning,M001135,JNJ,pharma,2022-10-12,2022-11-10,1001.0,,False,4650000.0,34,276588.31,13,111.0,50277.7,DEPARTMENT OF VETERANS AFFAIRS (VA),-0.007929190484971316,0.43105154091677017
Markwayne Mullin,M001190,LLY,pharma,2025-12-29,2026-01-16,15001.0,,False,22005000.0,36,52118.88,1,137.0,52118.88,Department of Veterans Affairs,-0.18978799143437186,0.4308308156599897
John A. Yarmuth,Y000062,ORCL,fedtech,2017-11-09,2017-12-12,1001.0,,False,8560000.0,44,67361.97,5,103.0,25195.0,DEPARTMENT OF DEFENSE (DOD),0.07575142160844828,0.4308009526009516
Ro Khanna,K000389,JNJ,pharma,2023-12-04,2024-01-04,15001.0,,False,4460000.0,28,332479.45,14,140.0,101000.0,Department of Health and Human Services,-0.007238167170191323,0.43052872722919744
Thomas R. Carper,C000174,JNJ,pharma,2022-01-18,2022-02-03,1001.0,,False,4040000.0,29,18045923.72,2118,175.0,585202.15,DEPARTMENT OF DEFENSE (DOD),0.050269299820466795,0.4304795862003894
Thomas Suozzi,S001201,MSFT,fedtech,2017-08-17,2021-09-23,15001.0,,False,6178750.0,49,954799.92,1,165.0,954799.92,DEPARTMENT OF HOMELAND SECURITY (DHS),0.1995856353591159,0.43041059177566876
Valerie Hoyle,H001094,MRK,pharma,2024-10-29,2025-09-12,1001.0,,False,5020000.0,28,1224433.0,17,132.0,241958.26,Department of Veterans Affairs,-0.1383399209486167,0.42995172691822603
HON. GREG STANTON,S001211,JNJ,pharma,2023-09-26,2023-11-09,1001.0,,False,4230000.0,30,157352.24,8,105.0,39385.0,Department of Veterans Affairs,-0.00037731103005911315,0.4298434149010092
Ro Khanna,K000389,PFE,pharma,2018-02-27,2018-03-09,15001.0,,False,11120000.0,37,380402.85,62,161.0,59319.0,DEPARTMENT OF HEALTH AND HUMAN SERVICES (HHS),-0.01603260869565204,0.4293178722663077
Thomas Macarthur,M001193,MSFT,fedtech,2017-09-14,2017-10-08,1001.0,,False,6178750.0,48,1302700.3900000001,4,137.0,954799.92,DEPARTMENT OF HOMELAND SECURITY (DHS),0.19834158084793363,0.4292737001801177
Kevin Hern,H001082,LMT,defense,2022-12-30,2023-01-13,1001.0,,False,7834447.0,36,7449300.79,9,174.0,5901558.0,Department of Defense,-0.03506752451232298,0.4289310705691184
Ro Khanna,K000389,ABBV,pharma,2023-04-17,2023-05-08,15001.0,,False,3300000.0,18,71554.0,5,117.0,25528.0,Department of Veterans Affairs,-0.05621044794639529,0.4287689004170202
Michael T. McCaul,M001157,ORCL,fedtech,2017-11-06,2017-11-15,1001.0,,False,8460000.0,42,67361.97,5,106.0,25195.0,DEPARTMENT OF DEFENSE (DOD),0.021825396825396748,0.4275343719224929
Kevin Hern,H001082,XOM,energy,2020-09-10,2020-10-15,1001.0,,False,5820000.0,18,888872.4199999999,12,133.0,214632.18,DEPARTMENT OF DEFENSE (DOD),0.22864864864864876,0.4273970978367908
Virginia Foxx,F000450,PFE,pharma,2017-08-01,2017-09-01,15001.0,,False,16740000.0,36,141748.91,13,154.0,47455.2,DEPARTMENT OF HEALTH AND HUMAN SERVICES (HHS),0.09461910519951644,0.4273198706571171
Ro Khanna,K000389,CVX,energy,2020-05-20,2020-06-17,1001.0,,False,5470000.0,14,2115511.44,2,146.0,1095387.72,DEPARTMENT OF DEFENSE (DOD),-0.1527956989247311,0.4269257598651579
Thomas Macarthur,M001193,CVX,energy,2017-09-12,2017-10-08,1001.0,,False,4520000.0,10,765655.88,76,128.0,90885.36,DEPARTMENT OF DEFENSE (DOD),0.14374611076540145,0.4267760587806452
Kevin Hern,H001082,MSFT,fedtech,2020-04-09,2020-05-15,1001.0,,False,6754000.0,50,6448973.89,3,173.0,3912274.53,DEPARTMENT OF STATE (DOS),0.2866658592709217,0.4261394331799905
Thomas Macarthur,M001193,CVX,energy,2017-09-11,2017-10-08,1001.0,,False,4520000.0,10,765655.88,76,129.0,90885.36,DEPARTMENT OF DEFENSE (DOD),0.13615357269818706,0.4259765836308905
K. Michael Conaway,C001062,CVX,energy,2020-04-22,2020-05-04,15001.0,,False,5470000.0,14,1095387.72,1,174.0,1095387.72,DEPARTMENT OF DEFENSE (DOD),0.004381809568924755,0.4259424710046238
Ro Khanna,K000389,PFE,pharma,2022-09-29,2022-10-07,1001.0,,False,18855000.0,45,735326.0,2,152.0,735326.0,Department of Health and Human Services,-0.008378623188405765,0.4258150073903303
Julie Johnson,J000310,MRK,pharma,2025-01-17,2025-02-12,1001.0,,False,4920000.0,27,2696248.69,18,150.0,1854638.73,Department of Health and Human Services,-0.21129493464052285,0.4257754009388765
Lisa Mcclain,M001136,TXT,defense,2025-10-30,2025-11-21,1001.0,,False,2585781.0,7,9553401.36,7,161.0,9000000.0,Department of Agriculture,0.24213044573155384,0.42564555255667763
Ro Khanna,K000389,PFE,pharma,2024-04-23,2024-05-06,1001.0,,False,7120000.0,30,3083199.46,6,160.0,2151230.0,Department of Health and Human Services,0.10296352583586632,0.42552560798760275
Ro Khanna,K000389,CVS,pharma,2024-07-02,2024-08-07,1001.0,,False,6240000.0,12,10000.0,1,87.0,10000.0,Department of Health and Human Services,-0.019645340751043183,0.4249712310784409
Suzan K. Delbene,D000617,MSFT,fedtech,2020-09-30,2020-11-09,1001.0,,False,6925000.0,59,7537264.85,7,180.0,4056800.0,DEPARTMENT OF DEFENSE (DOD),0.13597679836447485,0.4248418447166299
Susan W. Brooks,B001284,MSFT,fedtech,2020-04-06,2020-04-27,1001.0,,False,6804000.0,51,6448973.89,3,176.0,3912274.53,DEPARTMENT OF STATE (DOS),0.290554849639983,0.4247854994463254
Thomas Macarthur,M001193,JNJ,pharma,2017-07-28,2017-08-03,50001.0,,False,3265000.0,28,835519.16,93,179.0,265000.0,DEPARTMENT OF VETERANS AFFAIRS (VA),0.047402351156617284,0.42451452729540595
Michael T. McCaul,M001157,IBM,fedtech,2022-08-25,2022-09-19,50001.0,,False,3450000.0,4,478237.88,2,168.0,456953.88,Department of Defense,0.05724735035079864,0.4244065092514461
Ro Khanna,K000389,LLY,pharma,2025-06-06,2025-07-09,1001.0,,False,7410000.0,32,229740.8,2,122.0,229740.8,Department of Veterans Affairs,0.09763859302748479,0.4243302859762834
Jared Moskowitz,M001217,ORCL,fedtech,2025-04-07,2025-05-09,1001.0,,False,6700000.0,45,3098035.05,7,161.0,745087.4,Department of Health and Human Services,1.010616546083674,0.4243188657873769
Marjorie Taylor Greene,G000596,MRK,pharma,2025-08-28,2025-08-29,1001.0,,False,12910000.0,34,381050.68999999994,15,138.0,96218.46,Department of Veterans Affairs,0.28325922365100364,0.4236267855533037
Marjorie Taylor Greene,G000596,JNJ,pharma,2024-12-24,2024-12-27,1001.0,,False,5080000.0,34,5946855.149999999,491,170.0,270118.8,Department of Defense,0.06534110387384295,0.4234702871836916
Ro Khanna,K000389,JNJ,pharma,2023-03-14,2023-04-07,50001.0,,False,7290000.0,32,298109.08,12,177.0,43136.35,Department of Veterans Affairs,0.027027027027027195,0.4234406505310051
Bob Gibbs,G000563,XOM,energy,2021-11-09,2021-11-14,1001.0,,False,4330000.0,17,8486562.0,1,175.0,8486562.0,DEPARTMENT OF DEFENSE (DOD),0.24758890898131414,0.4230568589465182
Joe Courtney,C001069,CVX,energy,2020-05-13,2020-07-29,1001.0,,False,5470000.0,14,2115511.44,2,153.0,1095387.72,DEPARTMENT OF DEFENSE (DOD),-0.1189402480270575,0.4224929933388468
Ro Khanna,K000389,PFE,pharma,2017-11-30,2017-12-12,1001.0,,False,6350000.0,33,417564.59,63,130.0,56277.3,DEPARTMENT OF VETERANS AFFAIRS (VA),-0.0333701047986763,0.4224874643690002
Cleo Fields,F000110,ORCL,fedtech,2025-09-17,2025-09-30,50001.0,,False,7390000.0,49,194271.21,1,170.0,194271.21,Federal Communications Commission,-0.3701270694402974,0.4223272170814196
Ro Khanna,K000389,CVX,energy,2018-04-03,2018-05-10,1001.0,,False,7820000.0,11,4440637.66,89,176.0,769171.2,DEPARTMENT OF DEFENSE (DOD),0.09196203082818077,0.4223199172747255
Pat Roberts,R000307,NOC,defense,2020-05-29,2020-07-08,15001.0,,False,8025000.0,21,499907.0,2,173.0,499907.0,NATIONAL AERONAUTICS AND SPACE ADMINISTRATION (NASA),-0.016945107398568027,0.42228611695480034
Josh Gottheimer,G000583,JNJ,pharma,2024-12-12,2025-01-14,1001.0,,False,5080000.0,33,3242418.33,349,160.0,98782.0,Department of Defense,0.03754102844638929,0.4221941642862666
Ro Khanna,K000389,PFE,pharma,2017-08-21,2017-09-08,1001.0,,False,16740000.0,36,188163.13,17,134.0,47455.2,DEPARTMENT OF HEALTH AND HUMAN SERVICES (HHS),0.12759462759462759,0.42186748419274767
Kenneth R. Buck,B001297,JNJ,pharma,2017-10-27,2017-11-02,1001.0,,False,5620000.0,27,5259958.5200000005,1000,173.0,279909.44,DEPARTMENT OF DEFENSE (DOD),-0.06848638736069979,0.421806625885754
Ro Khanna,K000389,MRK,pharma,2024-10-14,2024-11-08,1001.0,,False,6060000.0,23,1191884.69,15,147.0,241958.26,Department of Veterans Affairs,-0.2110493208132007,0.42119742364913215
Ro Khanna,K000389,JNJ,pharma,2023-03-24,2023-04-07,15001.0,,False,7290000.0,32,336019.08,15,167.0,43136.35,Department of Veterans Affairs,0.12073370455289889,0.419879460065807
Ro Khanna,K000389,JNJ,pharma,2022-09-29,2022-10-07,1001.0,,False,4730000.0,35,276588.31,13,124.0,50277.7,DEPARTMENT OF VETERANS AFFAIRS (VA),0.02248830000607782,0.4194930934300875
Ro Khanna,K000389,JNJ,pharma,2025-11-07,2025-12-08,15001.0,,False,5380000.0,35,294196.98,5,160.0,133500.0,Department of Veterans Affairs,0.3002626360079328,0.4187337538057281
Josh Gottheimer,G000583,MRNA,pharma,2023-03-31,2023-04-20,1001.0,,False,350000.0,6,25343.0,3,75.0,17182.0,Department of Health and Human Services,-0.2338846203932805,0.4182675035366223
Lisa Mcclain,M001136,ORCL,fedtech,2025-10-30,2025-11-21,1001.0,,False,7180000.0,47,194271.21,1,127.0,194271.21,Federal Communications Commission,-0.4339989878936509,0.41796131892194
Ro Khanna,K000389,PFE,pharma,2022-09-15,2022-10-07,1001.0,,False,18855000.0,45,735326.0,2,166.0,735326.0,Department of Health and Human Services,0.041575968654767204,0.41783155063921246
Jonathan Jackson,J000309,LLY,pharma,2025-04-21,2025-05-13,15001.0,,False,9130000.0,28,229740.8,2,168.0,229740.8,Department of Veterans Affairs,-0.14035109166035054,0.41780539694177543
Ro Khanna,K000389,ABBV,pharma,2024-08-05,2024-09-06,1001.0,,False,2680000.0,18,111290.48999999999,4,108.0,49850.32,Department of Health and Human Services,-0.015513126491646823,0.41776212546087754
Ro Khanna,K000389,LLY,pharma,2026-01-23,2026-02-06,1001.0,,False,7670000.0,32,52118.88,1,112.0,52118.88,Department of Veterans Affairs,0.00042281708932723205,0.417654190928632
K. Michael Conaway,C001062,JNJ,pharma,2020-08-10,2020-09-08,15001.0,,False,3920000.0,30,29051.97,4,121.0,21000.0,DEPARTMENT OF HEALTH AND HUMAN SERVICES (HHS),0.02377896372356969,0.41737344196380255
Josh Gottheimer,G000583,CVX,energy,2020-05-04,2020-06-10,1001.0,,False,5470000.0,14,2115511.44,2,162.0,1095387.72,DEPARTMENT OF DEFENSE (DOD),-0.09142607174103234,0.4172776025895023
Virginia Foxx,F000450,JNJ,pharma,2024-12-06,2025-01-06,1001.0,,False,5080000.0,33,2503054.82,276,166.0,98782.0,Department of Defense,0.008773692317996185,0.416104444554683
Cleo Fields,F000110,ORCL,fedtech,2025-09-23,2025-09-30,15001.0,,False,7390000.0,49,194271.21,1,164.0,194271.21,Federal Communications Commission,-0.4459420705477488,0.41565665769220705
John Hoeven,H001061,BA,defense,2014-04-28,2014-05-08,100001.0,Senate Committee on Appropriations,True,27970000.0,40,0.0,0,,,,0.012279596977329943,0.41522735624229296
Ro Khanna,K000389,ABBV,pharma,2018-08-21,2018-09-12,1001.0,,False,2065000.0,15,39111.479999999996,3,97.0,13088.16,DEPARTMENT OF VETERANS AFFAIRS (VA),-0.14548802946592998,0.4151202244110038
Josh Gottheimer,G000583,JNJ,pharma,2020-09-30,2020-10-13,1001.0,,False,3920000.0,30,2535578.4000000004,387,163.0,72693.86,DEPARTMENT OF DEFENSE (DOD),0.13621708758731876,0.4148736479693452
Ro Khanna,K000389,ABBV,pharma,2024-08-02,2024-09-06,1001.0,,False,2680000.0,18,111290.48999999999,4,111.0,49850.32,Department of Health and Human Services,-0.039727402398436196,0.41479982922725817
Ro Khanna,K000389,XOM,energy,2020-10-13,2020-10-21,1001.0,,False,5820000.0,17,2107523.75,59,168.0,228264.04,DEPARTMENT OF DEFENSE (DOD),0.4938632378725891,0.4147510196718954
Josh Gottheimer,G000583,ABBV,pharma,2025-05-22,2025-06-11,1001.0,,False,4320000.0,21,329859.01,5,132.0,164749.44,Department of Veterans Affairs,0.21874657609291126,0.4139364617463951
Cleo Fields,F000110,ORCL,fedtech,2025-09-18,2025-09-30,15001.0,,False,7390000.0,49,194271.21,1,169.0,194271.21,Federal Communications Commission,-0.3557750657406783,0.41303570122682753
Earl Blumenauer,B000574,PFE,pharma,2022-02-24,2022-04-01,1001.0,,False,7410000.0,38,1626178.8800000001,304,172.0,896013.99,DEPARTMENT OF DEFENSE (DOD),0.12249782419495214,0.4126854240128409
Michael T. McCaul,M001157,ACN,fedtech,2022-08-08,2022-09-19,15001.0,,False,3010000.0,30,460561.83999999997,4,170.0,216300.0,Department of Justice,-0.08030161441046613,0.4116101414390807
Ro Khanna,K000389,PFE,pharma,2018-03-06,2018-04-13,1001.0,,False,11120000.0,37,380334.19,61,154.0,59319.0,DEPARTMENT OF HEALTH AND HUMAN SERVICES (HHS),0.027591973244146972,0.4113458193081512
Ro Khanna,K000389,JNJ,pharma,2023-12-07,2024-01-04,1001.0,,False,4460000.0,28,332479.45,14,137.0,101000.0,Department of Health and Human Services,-0.019369369369369505,0.4106491871483293
Michael T. McCaul,M001157,CVX,energy,2024-09-30,2024-10-10,15001.0,,False,5110000.0,10,20000.0,3,128.0,20000.0,Department of State,0.060704827867182676,0.410500771204259
Ro Khanna,K000389,ABBV,pharma,2023-08-03,2023-09-06,15001.0,,False,2150000.0,18,103287.0,6,139.0,47933.0,Department of Health and Human Services,-0.03783965112378407,0.4101132364477431
Ro Khanna,K000389,JNJ,pharma,2017-08-18,2017-09-08,1001.0,,False,3285000.0,30,1522037.73,278,158.0,265000.0,DEPARTMENT OF VETERANS AFFAIRS (VA),0.06913971198069824,0.4100837635177194
Ro Khanna,K000389,JNJ,pharma,2025-09-29,2025-10-03,1001.0,,False,4920000.0,37,79586.64,2,120.0,44778.84,Department of Veterans Affairs,0.23576698601475599,0.4098119662519706
Angus King,K000383,LLY,pharma,2025-12-29,2026-01-26,1001.0,,False,22005000.0,36,52118.88,1,137.0,52118.88,Department of Veterans Affairs,-0.18978799143437186,0.40880498186655373
Gilbert Cisneros,C001123,MRK,pharma,2025-08-05,2025-09-12,1001.0,,False,12910000.0,34,352156.75999999995,14,161.0,96218.46,Department of Veterans Affairs,0.26587448941700687,0.40816687449990496
Lloyd Doggett,D000399,IBM,fedtech,2022-09-12,2022-11-01,1001.0,,False,3450000.0,4,2392078.7800000003,4,172.0,1500000.0,Department of the Treasury,0.10821980713301715,0.4081041250405794
Earl Blumenauer,B000574,PFE,pharma,2018-02-28,2018-03-06,1001.0,,False,11120000.0,37,377796.74999999994,61,160.0,59319.0,DEPARTMENT OF HEALTH AND HUMAN SERVICES (HHS),0.0013770311209031494,0.4077774018051802
Ro Khanna,K000389,MRK,pharma,2025-08-04,2025-09-09,1001.0,,False,12910000.0,34,352156.75999999995,14,162.0,96218.46,Department of Veterans Affairs,0.2650889055847734,0.40761280574637526
Ro Khanna,K000389,XOM,energy,2020-10-03,2020-10-21,1001.0,,False,5820000.0,18,1683014.44,40,178.0,228264.04,DEPARTMENT OF DEFENSE (DOD),0.3313574392412566,0.4074219151424707
Rob Bresnahan,B001327,ABBV,pharma,2025-05-15,2025-06-09,1001.0,,False,4320000.0,21,278014.68,4,139.0,164749.44,Department of Veterans Affairs,0.20178335535006608,0.4068947121156563
Marjorie Taylor Greene,G000596,LLY,pharma,2025-05-14,2025-05-19,1001.0,,False,7410000.0,32,229740.8,2,145.0,229740.8,Department of Veterans Affairs,0.05690647884174638,0.40688876893705506
Ro Khanna,K000389,MRNA,pharma,2022-09-06,2022-10-07,1001.0,,False,340000.0,6,0.0,1,24.0,0.0,DEPARTMENT OF HEALTH AND HUMAN SERVICES (HHS),0.36346863468634694,0.40685644983308766
Ro Khanna,K000389,ABBV,pharma,2023-08-29,2023-09-06,1001.0,,False,2150000.0,18,77759.0,5,113.0,47933.0,Department of Health and Human Services,0.04939359035164981,0.4064405536786547
Josh Gottheimer,G000583,JNJ,pharma,2024-11-26,2024-12-05,1001.0,,False,5080000.0,33,1592623.8199999998,147,176.0,98782.0,Department of Defense,0.046595909914574074,0.40619038669780644
Michael T. McCaul,M001157,ACN,fedtech,2022-08-01,2022-09-19,15001.0,,False,3010000.0,30,378143.44,3,177.0,216300.0,Department of Justice,-0.05499770295990025,0.4060667904960249
Virginia Foxx,F000450,ABBV,pharma,2024-12-06,2025-01-06,1001.0,,False,3240000.0,18,201466.79,6,131.0,61781.04,Department of Veterans Affairs,0.05880015891934853,0.40603179980896
Marjorie Taylor Greene,G000596,JNJ,pharma,2024-11-25,2024-11-27,1001.0,,False,5080000.0,33,1592623.8199999998,147,177.0,98782.0,Department of Defense,0.03363718063936316,0.4057213776236106
Bob Gibbs,G000563,JNJ,pharma,2020-08-21,2020-08-25,1001.0,,False,3920000.0,30,29051.97,4,110.0,21000.0,DEPARTMENT OF HEALTH AND HUMAN SERVICES (HHS),0.0017020162346164103,0.40551470895650527
Kathy Manning,M001135,MRK,pharma,2022-09-12,2022-10-11,1001.0,,False,4540000.0,22,19761.11,1,109.0,19761.11,DEPARTMENT OF VETERANS AFFAIRS (VA),0.2569192377495464,0.4039913141379557
Marjorie Taylor Greene,G000596,LLY,pharma,2025-05-05,2025-05-06,1001.0,,False,9310000.0,33,229740.8,2,154.0,229740.8,Department of Veterans Affairs,-0.10502032965695218,0.40381195002990156
Ro Khanna,K000389,PFE,pharma,2022-01-10,2022-03-08,1001.0,,False,6390000.0,39,716768.2299999999,307,170.0,621822.28,DEPARTMENT OF HEALTH AND HUMAN SERVICES (HHS),-0.12002133712660024,0.40305505474336306
Ro Khanna,K000389,MRNA,pharma,2025-07-25,2025-08-07,1001.0,,False,1070000.0,18,0.0,1,31.0,0.0,Department of Veterans Affairs,-0.29282576866764276,0.4028385317942634
Josh Gottheimer,G000583,LLY,pharma,2025-05-01,2025-06-11,1001.0,,False,9310000.0,33,229740.8,2,158.0,229740.8,Department of Veterans Affairs,-0.0774713512152122,0.40145583017832265
Diana Harshbarger,H001086,ORCL,fedtech,2022-03-07,2022-03-29,1001.0,,False,6960000.0,48,614928.7,7,172.0,458214.5,DEPARTMENT OF STATE (DOS),-0.031350914962325116,0.40137034619700773
Marjorie Taylor Greene,G000596,ABBV,pharma,2025-05-05,2025-05-06,1001.0,,False,4320000.0,21,306718.18,6,149.0,164749.44,Department of Veterans Affairs,0.08083847605447025,0.4012318394762956
Tom Malinowski,M001203,MRK,pharma,2020-08-24,2021-07-09,15001.0,,False,4737000.0,32,110000.0,1,170.0,110000.0,DEPARTMENT OF JUSTICE (DOJ),-0.07024116132053382,0.4012208526386368
Ro Khanna,K000389,CVS,pharma,2022-05-10,2022-06-10,1001.0,,False,6190000.0,23,26200.0,1,120.0,26200.0,DEPARTMENT OF VETERANS AFFAIRS (VA),0.025672371638141955,0.4003462412930058
Kevin Hern,H001082,BA,defense,2020-04-09,2020-05-15,1001.0,,False,8534000.0,46,600522.12,2,179.0,585522.12,DEPARTMENT OF DEFENSE (DOD),0.11973129610115918,0.4001346893632708
Rob Bresnahan,B001327,MRNA,pharma,2025-02-25,2025-03-27,1001.0,,False,700000.0,18,115502.2,3,111.0,91361.2,Department of Health and Human Services,-0.19290865384615385,0.39977519473653944
Ro Khanna,K000389,MRNA,pharma,2025-02-25,2025-03-06,1001.0,,False,700000.0,18,115502.2,3,111.0,91361.2,Department of Health and Human Services,-0.19290865384615385,0.39977519473653944
Scott H. Peters,P000608,CVS,pharma,2015-06-26,2015-07-28,50001.0,House Committee on Energy and Commerce,True,11750000.0,9,0.0,0,,,,-0.022392290249433122,0.39961825197847
Josh Gottheimer,G000583,MSFT,fedtech,2019-09-16,2019-10-11,100001.0,House Permanent Select Committee on Intelligence,True,6995000.0,55,0.0,0,,,,0.18924668084794227,0.3992986992408278
Josh Gottheimer,G000583,JNJ,pharma,2024-11-22,2024-12-05,1001.0,,False,5080000.0,33,983994.9600000001,93,180.0,98782.0,Department of Defense,0.05232970290648975,0.3990991647889931
Josh Gottheimer,G000583,MSFT,fedtech,2020-03-20,2020-04-11,100001.0,House Permanent Select Committee on Intelligence,True,6804000.0,51,0.0,0,,,,0.5405897342555515,0.39898051463831047
Josh Gottheimer,G000583,MSFT,fedtech,2020-02-13,2020-03-16,100001.0,House Permanent Select Committee on Intelligence,True,6794000.0,50,0.0,0,,,,0.0219367481356485,0.3989636105906002
Josh Gottheimer,G000583,MSFT,fedtech,2019-11-18,2019-12-09,100001.0,House Permanent Select Committee on Intelligence,True,6680000.0,50,0.0,0,,,,-0.02507649328189443,0.3987691263841146
Ro Khanna,K000389,AMZN,fedtech,2024-06-07,2024-07-08,50001.0,House Committee on Armed Services; House Committee on Oversight and Government Reform,True,10520000.0,32,0.0,0,,,,-0.018990775908844237,0.39834740641764876
Ro Khanna,K000389,AMZN,fedtech,2021-05-27,2021-10-14,50001.0,House Committee on Armed Services; House Committee on Oversight and Government Reform,True,10490000.0,22,0.0,0,,,,0.06049639176374799,0.39831458470882364
Ro Khanna,K000389,MRK,pharma,2023-09-06,2023-10-06,1001.0,,False,6170000.0,28,59894.58,1,134.0,59894.58,Department of Veterans Affairs,0.0987886186496385,0.3979247794966523
Michael C. Burgess,B001248,ABBV,pharma,2023-07-06,2023-07-18,15001.0,,False,2830000.0,17,119487.0,7,167.0,47933.0,Department of Health and Human Services,0.03038251366120215,0.3977396430205822
Ro Khanna,K000389,CVS,pharma,2024-06-07,2024-07-08,1001.0,,False,6240000.0,12,10000.0,1,112.0,10000.0,Department of Health and Human Services,0.05616704435092257,0.39729688002531616
Ashley B. Moody,M001244,LLY,pharma,2025-03-06,2025-03-22,100001.0,"Senate Committee on Health, Education, Labor, and Pensions",True,5860000.0,17,0.0,0,,,,-0.15326044086068624,0.3972638989129445
Jonathan Jackson,J000309,LLY,pharma,2025-04-23,2025-08-25,1001.0,,False,9310000.0,33,229740.8,2,166.0,229740.8,Department of Veterans Affairs,-0.14419714981553367,0.3970464084987583
Marjorie Taylor Greene,G000596,ABBV,pharma,2024-11-20,2024-11-21,1001.0,,False,3240000.0,18,251317.11000000002,7,147.0,61781.04,Department of Veterans Affairs,0.26347162613257047,0.39704258927879543
Ro Khanna,K000389,CVS,pharma,2022-05-06,2022-06-10,1001.0,,False,6190000.0,23,26200.0,1,124.0,26200.0,DEPARTMENT OF VETERANS AFFAIRS (VA),-0.019465686761346634,0.3969085713041887
Ron Wyden,W000779,AMZN,fedtech,2020-04-06,2020-05-05,50001.0,Senate Select Committee on Intelligence,True,9280000.0,15,0.0,0,,,,0.5713084266541182,0.3969059851515945
Ron Wyden,W000779,AMZN,fedtech,2020-04-17,2020-05-05,50001.0,Senate Select Committee on Intelligence,True,9120000.0,13,0.0,0,,,,0.33996210526315784,0.3967061008020174
Kevin Hern,H001082,ACN,fedtech,2022-08-15,2022-09-15,1001.0,,False,3010000.0,30,628295.74,6,163.0,216300.0,Department of Justice,-0.07798208097899029,0.39663763742552693
Kevin Hern,H001082,UNH,pharma,2021-09-23,2021-10-07,250001.0,House Committee on Ways and Means,True,2850000.0,22,0.0,0,,,,0.1302355218978999,0.39643700721905933
John Hoeven,H001061,ABBV,pharma,2015-02-25,2015-03-09,100001.0,Senate Committee on Appropriations,True,5100000.0,22,0.0,0,,,,0.15176509402837346,0.3956674087696121
Richard Dean Mccormick,M001218,JNJ,pharma,2025-11-05,2025-12-09,1001.0,,False,5380000.0,35,294196.98,5,162.0,133500.0,Department of Veterans Affairs,0.28833333333333333,0.3955935918569483
John Hoeven,H001061,PFE,pharma,2016-11-25,2016-12-07,50001.0,Senate Committee on Appropriations,True,8256679.5,35,0.0,0,,,,0.0785736825497001,0.3955631470412787
Michael T. McCaul,M001157,CVS,pharma,2024-06-05,2024-07-22,1001.0,,False,6240000.0,12,10000.0,1,114.0,10000.0,Department of Health and Human Services,0.03657331136738051,0.3953973908301508
Ro Khanna,K000389,AMZN,fedtech,2017-11-30,2017-12-12,50001.0,House Committee on Armed Services; House Committee on Oversight and Government Reform,True,7970000.0,19,0.0,0,,,,0.1659145952836203,0.39515700509084895
John Hoeven,H001061,AMZN,fedtech,2017-12-29,2018-01-09,50001.0,Senate Committee on Appropriations,True,7970000.0,19,0.0,0,,,,0.33917928634338623,0.39515700509084895
John Hoeven,H001061,AMZN,fedtech,2018-06-01,2018-06-14,50001.0,Senate Committee on Appropriations,True,7780000.0,17,0.0,0,,,,0.2210241602397749,0.3948796987574501
Josh Gottheimer,G000583,MSFT,fedtech,2019-07-16,2019-09-16,50001.0,House Permanent Select Committee on Intelligence,True,7435000.0,56,0.0,0,,,,0.07462795447913617,0.3943583993134976
Jared Moskowitz,M001217,MRK,pharma,2023-09-01,2024-08-21,1001.0,,False,6170000.0,28,59894.58,1,139.0,59894.58,Department of Veterans Affairs,0.03095411507647472,0.394266940087959
Ro Khanna,K000389,MRNA,pharma,2025-02-19,2025-03-06,1001.0,,False,700000.0,18,115502.2,3,117.0,91361.2,Department of Health and Human Services,-0.2785515320334262,0.39413876530670194
Josh Gottheimer,G000583,MSFT,fedtech,2019-10-02,2019-11-08,50001.0,House Permanent Select Committee on Intelligence,True,6995000.0,54,0.0,0,,,,0.28317861121425913,0.3936572884946543
Josh Gottheimer,G000583,MSFT,fedtech,2020-03-24,2020-04-11,50001.0,House Permanent Select Committee on Intelligence,True,6804000.0,51,0.0,0,,,,0.42746393420520423,0.393339103892137
Josh Gottheimer,G000583,MSFT,fedtech,2020-03-12,2020-04-11,50001.0,House Permanent Select Committee on Intelligence,True,6804000.0,51,0.0,0,,,,0.5365309938156191,0.393339103892137
Ro Khanna,K000389,AMZN,fedtech,2023-01-10,2023-02-07,15001.0,House Committee on Armed Services; House Committee on Oversight and Government Reform,True,15725000.0,27,0.0,0,,,,0.22610437298319797,0.3931688538457503
Ro Khanna,K000389,AMZN,fedtech,2022-12-06,2023-01-06,15001.0,House Committee on Armed Services; House Committee on Oversight and Government Reform,True,15725000.0,27,0.0,0,,,,0.1456090651558073,0.3931688538457503
Susan M. Collins,C001035,AMZN,fedtech,2022-01-06,2022-02-17,15001.0,Senate Select Committee on Intelligence; Senate Committee on Appropriations,True,15560000.0,28,0.0,0,,,,-0.2969697526553714,0.39304762177699826
Ro Khanna,K000389,AMZN,fedtech,2021-11-02,2021-12-07,15001.0,House Committee on Armed Services; House Committee on Oversight and Government Reform,True,15510000.0,27,0.0,0,,,,-0.08201645158855919,0.393010630882765
HON. GREG STANTON,S001211,MRK,pharma,2023-09-26,2023-11-09,1001.0,,False,6170000.0,28,199648.59999999998,2,162.0,139754.02,Department of Veterans Affairs,0.12800075908530206,0.39294444962311975
Lisa Mcclain,M001136,JNJ,pharma,2025-10-30,2025-11-21,1001.0,,False,5410000.0,36,294196.98,5,168.0,133500.0,Department of Veterans Affairs,0.31409679978841565,0.3924593144261014
Ro Khanna,K000389,JNJ,pharma,2025-10-30,2025-11-06,1001.0,,False,5410000.0,36,294196.98,5,168.0,133500.0,Department of Veterans Affairs,0.31409679978841565,0.3924593144261014
John Hoeven,H001061,MRK,pharma,2016-01-28,2016-02-08,50001.0,Senate Committee on Appropriations,True,6185000.0,24,0.0,0,,,,0.1479674796747965,0.39224285367590384
Richard Dean Mccormick,M001218,JNJ,pharma,2023-03-15,2025-09-17,1001.0,,False,7290000.0,32,298109.08,12,176.0,43136.35,Department of Veterans Affairs,0.02889536767087786,0.392085366286605
Thomas Macarthur,M001193,CVX,energy,2017-07-28,2017-08-03,1001.0,,False,4520000.0,11,439411.58999999997,45,174.0,90885.36,DEPARTMENT OF DEFENSE (DOD),0.0690899001109877,0.39177251562690074
Ron Wyden,W000779,LLY,pharma,2025-01-22,2025-02-21,50001.0,Senate Committee on Finance,True,5860000.0,17,0.0,0,,,,-0.051433725032494215,0.39162248816677103
Ro Khanna,K000389,CVS,pharma,2023-09-06,2023-10-06,15001.0,,False,4015000.0,19,29073.6,1,159.0,29073.6,Department of Justice,0.2289726759273394,0.3907219255768878
John Hoeven,H001061,XOM,energy,2019-11-04,2019-11-20,50001.0,Senate Committee on Appropriations; Senate Committee on Energy and Natural Resources,True,5070000.0,21,0.0,0,,,,-0.2842193386354124,0.389958192166608
John Hoeven,H001061,XOM,energy,2019-11-05,2019-11-20,50001.0,Senate Committee on Appropriations; Senate Committee on Energy and Natural Resources,True,5070000.0,21,0.0,0,,,,-0.2828020249008072,0.389958192166608
Scott H. Peters,P000608,CVS,pharma,2015-07-10,2015-08-16,15001.0,House Committee on Energy and Commerce,True,11750000.0,9,0.0,0,,,,-0.08795606850335069,0.38981979245331
Scott H. Peters,P000608,CVS,pharma,2015-06-23,2015-07-28,15001.0,House Committee on Energy and Commerce,True,11750000.0,9,0.0,0,,,,-0.029867568329106753,0.38981979245331
Ro Khanna,K000389,AMZN,fedtech,2022-05-10,2022-06-10,15001.0,House Committee on Armed Services; House Committee on Oversight and Government Reform,True,11120000.0,25,0.0,0,,,,0.18942852680991007,0.38918643342128534
Ro Khanna,K000389,AMZN,fedtech,2022-04-21,2022-05-06,15001.0,House Committee on Armed Services; House Committee on Oversight and Government Reform,True,11120000.0,26,0.0,0,,,,-0.0678777579975185,0.38918643342128534
Ro Khanna,K000389,CVS,pharma,2023-10-06,2023-11-08,1001.0,,False,4015000.0,19,29073.6,1,129.0,29073.6,Department of Justice,0.03633762517882677,0.38897934409928514
John Hoeven,H001061,CVX,energy,2019-11-04,2019-11-20,50001.0,Senate Committee on Appropriations; Senate Committee on Energy and Natural Resources,True,4620000.0,16,0.0,0,,,,-0.22357489512215178,0.3888899569855868
Ro Khanna,K000389,XOM,energy,2020-07-28,2020-08-17,1001.0,,False,5850000.0,19,290913.48,4,177.0,214632.18,DEPARTMENT OF DEFENSE (DOD),-0.06291618828932255,0.38882097395475823
Ro Khanna,K000389,AMZN,fedtech,2023-04-17,2023-05-08,15001.0,House Committee on Armed Services; House Committee on Oversight and Government Reform,True,10740000.0,28,0.0,0,,,,0.3399844267081953,0.38878681740840704
Ro Khanna,K000389,AMZN,fedtech,2023-03-24,2023-04-07,15001.0,House Committee on Armed Services; House Committee on Oversight and Government Reform,True,10730000.0,28,0.0,0,,,,0.31254458371547966,0.38877611124965794
Carol Devine Miller,M001205,PFE,pharma,2019-08-14,2020-08-12,15001.0,House Committee on Ways and Means,True,10680000.0,39,0.0,0,,,,0.1255841121495327,0.38872243034598153
Ro Khanna,K000389,AMZN,fedtech,2024-06-20,2024-07-08,15001.0,House Committee on Armed Services; House Committee on Oversight and Government Reform,True,10520000.0,31,0.0,0,,,,0.015529285330467602,0.38854894689248887
Ro Khanna,K000389,AMZN,fedtech,2024-06-21,2024-07-08,15001.0,House Committee on Armed Services; House Committee on Oversight and Government Reform,True,10520000.0,31,0.0,0,,,,-5.288766659627964e-05,0.38854894689248887
William R. Keating,K000375,AMZN,fedtech,2024-05-17,2024-05-22,15001.0,House Committee on Armed Services,True,10520000.0,32,0.0,0,,,,0.001028695181375161,0.38854894689248887
Ro Khanna,K000389,AMZN,fedtech,2026-03-30,2026-04-07,15001.0,House Committee on Armed Services; House Committee on Oversight and Government Reform,True,10500000.0,28,0.0,0,,,,,0.3885270761712112
Ro Khanna,K000389,AMZN,fedtech,2026-01-23,2026-02-06,15001.0,House Committee on Armed Services; House Committee on Oversight and Government Reform,True,10500000.0,28,0.0,0,,,,0.10925740090316127,0.3885270761712112
Pete Sessions,S000250,AMZN,fedtech,2021-05-04,2021-05-05,15001.0,House Committee on Oversight and Government Reform,True,10490000.0,21,0.0,0,,,,0.050463937292224426,0.38851612518366363
Pete Sessions,S000250,AMZN,fedtech,2021-05-05,2021-07-09,15001.0,House Committee on Oversight and Government Reform,True,10490000.0,21,0.0,0,,,,0.05888324252264154,0.38851612518366363
Ro Khanna,K000389,AMZN,fedtech,2023-05-19,2023-06-12,15001.0,House Committee on Armed Services; House Committee on Oversight and Government Reform,True,10450000.0,28,0.0,0,,,,0.20412903225806445,0.38847221658943953
Jared Moskowitz,M001217,ABBV,pharma,2025-04-07,2025-05-09,1001.0,,False,4170000.0,19,390368.22,8,177.0,164749.44,Department of Veterans Affairs,0.06432591798445464,0.388134056101331
Gilbert Cisneros,C001123,AMZN,fedtech,2020-10-29,2020-11-05,15001.0,House Committee on Armed Services,True,9790000.0,16,0.0,0,,,,-0.036773476258248894,0.38772240332323615
Gilbert Cisneros,C001123,AMZN,fedtech,2020-11-19,2020-12-15,15001.0,House Committee on Armed Services,True,9790000.0,16,0.0,0,,,,-0.0134936574035458,0.38772240332323615
Ro Khanna,K000389,ABBV,pharma,2018-07-18,2018-08-10,1001.0,,False,4425000.0,16,26176.32,2,131.0,13088.16,DEPARTMENT OF VETERANS AFFAIRS (VA),-0.04512711864406782,0.387380653157387
Debbie Dingell,D000624,PFE,pharma,2016-02-23,2016-03-02,15001.0,House Committee on Energy and Commerce,True,9490000.0,37,0.0,0,,,,0.1505340453938584,0.3873647065962368
Ron Wyden,W000779,AMZN,fedtech,2020-09-01,2020-09-24,15001.0,Senate Select Committee on Intelligence,True,9430000.0,15,0.0,0,,,,-0.060949610187704284,0.3872918116767663
Ron Wyden,W000779,AMZN,fedtech,2020-05-01,2020-05-05,15001.0,Senate Select Committee on Intelligence,True,9330000.0,14,0.0,0,,,,0.5095798848664064,0.3871692832195345
Ron Wyden,W000779,AMZN,fedtech,2020-06-02,2020-07-02,15001.0,Senate Select Committee on Intelligence,True,9330000.0,14,0.0,0,,,,0.2735468631820772,0.3871692832195345
Ron Wyden,W000779,AMZN,fedtech,2020-06-05,2020-07-02,15001.0,Senate Select Committee on Intelligence,True,9330000.0,14,0.0,0,,,,0.28844140153040687,0.3871692832195345
Ron Wyden,W000779,AMZN,fedtech,2020-06-26,2020-07-02,15001.0,Senate Select Committee on Intelligence,True,9330000.0,14,0.0,0,,,,0.19093754990029232,0.3871692832195345
Ron Wyden,W000779,AMZN,fedtech,2020-06-30,2020-07-02,15001.0,Senate Select Committee on Intelligence,True,9330000.0,14,0.0,0,,,,0.14642492079947234,0.3871692832195345
Ro Khanna,K000389,AMZN,fedtech,2020-01-27,2020-02-10,15001.0,House Committee on Armed Services; House Committee on Oversight and Government Reform,True,9280000.0,15,0.0,0,,,,0.3246223350142752,0.3871075256264346
Josh Gottheimer,G000583,AMZN,fedtech,2020-02-26,2020-03-16,15001.0,House Permanent Select Committee on Intelligence,True,9280000.0,15,0.0,0,,,,0.39149015705272316,0.3871075256264346
Josh Gottheimer,G000583,AMZN,fedtech,2020-03-17,2020-04-11,15001.0,House Permanent Select Committee on Intelligence,True,9280000.0,15,0.0,0,,,,0.6643452960438978,0.3871075256264346
Ron Wyden,W000779,AMZN,fedtech,2020-07-06,2020-07-31,15001.0,Senate Select Committee on Intelligence,True,9260000.0,13,0.0,0,,,,-0.0028229921754376885,0.387082729369962
Ron Wyden,W000779,AMZN,fedtech,2020-07-02,2020-07-31,15001.0,Senate Select Committee on Intelligence,True,9260000.0,13,0.0,0,,,,0.05046188976922816,0.387082729369962
John Hoeven,H001061,CVS,pharma,2018-06-07,2018-06-14,50001.0,Senate Committee on Appropriations,True,3853000.0,16,0.0,0,,,,0.20993540449092607,0.38680347673228466
John Hoeven,H001061,ABBV,pharma,2014-03-31,2014-04-23,50001.0,Senate Committee on Appropriations,True,3720000.0,16,0.0,0,,,,0.039494163424124595,0.38639974400218347
Ro Khanna,K000389,JNJ,pharma,2017-07-17,2017-08-10,1001.0,,False,3475000.0,28,365622.15,44,175.0,122515.0,DEPARTMENT OF DEFENSE (DOD),0.05554294362466905,0.3862683805900816
Ro Khanna,K000389,AMZN,fedtech,2019-07-08,2019-08-06,15001.0,House Committee on Armed Services; House Committee on Oversight and Government Reform,True,8580000.0,14,0.0,0,,,,-0.0771441157187347,0.38620615210239073
Ro Khanna,K000389,CVS,pharma,2023-10-02,2023-11-08,1001.0,,False,4015000.0,19,29073.6,1,133.0,29073.6,Department of Justice,0.05969292581432062,0.38586881166254416
Ro Khanna,K000389,ABBV,pharma,2023-07-28,2023-08-07,1001.0,,False,2150000.0,18,119487.0,7,145.0,47933.0,Department of Health and Human Services,-0.07795823665893264,0.3855452926969346
John A. Yarmuth,Y000062,ORCL,fedtech,2017-09-19,2017-10-22,1001.0,,False,8710000.0,40,45806.97,2,154.0,25195.0,DEPARTMENT OF DEFENSE (DOD),0.04641965029142381,0.3854784025038985
Ro Khanna,K000389,AMZN,fedtech,2018-03-07,2018-04-13,15001.0,House Committee on Armed Services; House Committee on Oversight and Government Reform,True,7910000.0,19,0.0,0,,,,0.10014886731391592,0.38527169583092324
Ro Khanna,K000389,AMZN,fedtech,2018-02-27,2018-03-09,15001.0,House Committee on Armed Services; House Committee on Oversight and Government Reform,True,7910000.0,19,0.0,0,,,,0.09823542639452887,0.38527169583092324
Debbie Dingell,D000624,CVS,pharma,2015-12-22,2016-01-14,15001.0,House Committee on Energy and Commerce,True,7910000.0,12,0.0,0,,,,0.04314643329602119,0.38527169583092324
Ro Khanna,K000389,MRK,pharma,2021-09-14,2021-10-14,15001.0,,False,3910000.0,30,20000.0,1,161.0,20000.0,DEPARTMENT OF JUSTICE (DOJ),0.12605741228678413,0.38521500959203525
Pete Sessions,S000250,AMZN,fedtech,2018-07-27,2018-12-21,15001.0,House Committee on Oversight and Government Reform,True,7810000.0,15,0.0,0,,,,-0.12983211080356793,0.3851254717186343
Susan M. Collins,C001035,AMZN,fedtech,2018-10-02,2018-11-13,15001.0,Senate Select Committee on Intelligence; Senate Committee on Appropriations,True,7810000.0,15,0.0,0,,,,-0.15262946974347003,0.3851254717186343
Ro Khanna,K000389,AMZN,fedtech,2018-08-09,2018-09-12,15001.0,House Committee on Armed Services; House Committee on Oversight and Government Reform,True,7810000.0,15,0.0,0,,,,-0.14189473905989924,0.3851254717186343
Ro Khanna,K000389,AMZN,fedtech,2018-05-08,2018-06-08,15001.0,House Committee on Armed Services; House Committee on Oversight and Government Reform,True,7780000.0,17,0.0,0,,,,0.2527207530818454,0.3850812392322901
Gilbert Cisneros,C001123,LLY,pharma,2025-11-18,2025-12-15,1001.0,,False,22005000.0,36,52118.88,1,178.0,52118.88,Department of Veterans Affairs,-0.108732585796806,0.3848499815174433
Kathy Manning,M001135,ABBV,pharma,2024-07-02,2024-08-16,1001.0,,False,2970000.0,18,64205.32,3,142.0,49850.32,Department of Health and Human Services,0.21414798746685948,0.38452199638248197
Ro Khanna,K000389,CVS,pharma,2025-03-12,2025-04-10,1001.0,,False,6240000.0,20,11250.0,1,128.0,11250.0,Department of Veterans Affairs,0.012029611351017877,0.3845029519432689
Austin Scott,S001189,MSFT,fedtech,2013-07-19,2014-08-29,15001.0,House Permanent Select Committee on Intelligence; House Committee on Armed Services,True,7384500.0,43,0.0,0,,,,0.18471337579617852,0.38448161031947203
Scott H. Peters,P000608,UNH,pharma,2015-07-10,2015-08-16,50001.0,House Committee on Energy and Commerce,True,3110000.0,23,0.0,0,,,,-0.06459271387638155,0.3843413264379121
Scott H. Peters,P000608,UNH,pharma,2015-06-26,2015-07-28,50001.0,House Committee on Energy and Commerce,True,3080000.0,23,0.0,0,,,,-0.05452332657200809,0.3842299227423005
James E. Banks,B001299,AMZN,fedtech,2017-06-26,2017-07-06,15001.0,Senate Committee on Armed Services,True,7220000.0,21,0.0,0,,,,-0.01818950079478454,0.3842226917199424
Austin Scott,S001189,MSFT,fedtech,2013-09-15,2014-08-29,15001.0,House Permanent Select Committee on Intelligence; House Committee on Armed Services,True,7197000.0,48,0.0,0,,,,0.06643090149690534,0.38418602103870614
Kevin Hern,H001082,XOM,energy,2020-06-10,2020-07-20,1001.0,,False,6490000.0,20,17081.7,2,135.0,15260.05,DEPARTMENT OF DEFENSE (DOD),-0.30384995064165843,0.3840900198207634
Bill Cassidy,C001075,CVX,energy,2014-12-16,2015-08-20,15001.0,Senate Committee on Energy and Natural Resources,True,6960000.0,14,0.0,0,,,,0.08564405113077678,0.38380117824304716
Josh Gottheimer,G000583,MSFT,fedtech,2020-03-06,2020-04-11,15001.0,House Permanent Select Committee on Intelligence,True,6804000.0,51,0.0,0,,,,0.3040787274865384,0.383540644366977
Josh Gottheimer,G000583,MSFT,fedtech,2020-03-17,2020-04-11,15001.0,House Permanent Select Committee on Intelligence,True,6804000.0,51,0.0,0,,,,0.419390052534625,0.383540644366977
Josh Gottheimer,G000583,MSFT,fedtech,2020-02-26,2020-03-16,15001.0,House Permanent Select Committee on Intelligence,True,6804000.0,51,0.0,0,,,,0.17729329494035384,0.383540644366977
Ro Khanna,K000389,ABBV,pharma,2018-07-24,2018-08-10,1001.0,,False,2065000.0,15,26176.32,2,125.0,13088.16,DEPARTMENT OF VETERANS AFFAIRS (VA),-0.0588813633384313,0.38344577623644477
Kevin Hern,H001082,UNH,pharma,2021-09-02,2021-10-07,50001.0,House Committee on Ways and Means,True,2850000.0,22,0.0,0,,,,0.18510301857402478,0.38333793960133955
John Hoeven,H001061,ABBV,pharma,2014-04-28,2014-05-08,50001.0,Senate Committee on Appropriations,True,2830000.0,16,0.0,0,,,,0.09593080401022225,0.3832570022414211
Thomas Suozzi,S001201,MRK,pharma,2017-08-17,2021-09-23,15001.0,House Committee on Ways and Means,True,6330000.0,25,0.0,0,,,,-0.09055627425614488,0.3827107254729344
Michael T. McCaul,M001157,CVX,energy,2024-02-20,2024-03-15,1001.0,,False,4030000.0,9,83672.5,1,155.0,83672.5,General Services Administration,0.017142857142857126,0.3825855086358038
Debbie Dingell,D000624,CVS,pharma,2016-02-18,2016-06-29,15001.0,House Committee on Energy and Commerce,True,6070000.0,11,0.0,0,,,,-0.021158014242955936,0.3822286877986668
Richard W. Allen,A000372,MRK,pharma,2020-07-02,2020-08-18,15001.0,House Committee on Energy and Commerce,True,5997000.0,37,0.0,0,,,,-0.04531607006854543,0.3820896302703628
Carol Devine Miller,M001205,CVS,pharma,2019-04-11,2020-08-12,15001.0,House Committee on Ways and Means,True,5918000.0,28,0.0,0,,,,0.12526096033402934,0.38193722321646495
Ron Wyden,W000779,XOM,energy,2020-04-06,2020-05-05,15001.0,Senate Committee on Energy and Natural Resources,True,5740000.0,21,0.0,0,,,,0.07412898443291338,0.38158623271720427
Debbie Dingell,D000624,CVX,energy,2017-03-15,2017-03-22,15001.0,House Committee on Energy and Commerce; House Committee on Natural Resources,True,5715000.0,15,0.0,0,,,,-0.043626010286553996,0.38153606651075456
Thomas Suozzi,S001201,CVS,pharma,2021-04-14,2021-09-23,15001.0,House Committee on Ways and Means,True,5660000.0,25,0.0,0,,,,0.13399041022908897,0.38142492396902206
Ro Khanna,K000389,ORCL,fedtech,2020-05-20,2020-06-17,15001.0,House Committee on Armed Services; House Committee on Oversight and Government Reform,True,5575000.0,31,0.0,0,,,,0.13761814744801515,0.38125101587705035
Josh Gottheimer,G000583,JNJ,pharma,2020-07-23,2020-08-10,1001.0,,False,3920000.0,30,29051.97,4,139.0,21000.0,DEPARTMENT OF HEALTH AND HUMAN SERVICES (HHS),-0.021723146848472652,0.38117138368626347
Scott H. Peters,P000608,MRK,pharma,2015-07-10,2015-08-16,15001.0,House Committee on Energy and Commerce,True,5490000.0,31,0.0,0,,,,-0.06402070750647115,0.3810744357991195
Debbie Dingell,D000624,ABBV,pharma,2016-06-22,2016-06-29,1001.0,House Committee on Energy and Commerce,True,36100000.0,18,0.0,0,,,,0.02268587514489151,0.3806942258132576
Zoe Lofgren,L000397,MRK,pharma,2021-09-30,2021-10-07,1001.0,,False,3910000.0,30,40000.0,2,145.0,20000.0,DEPARTMENT OF JUSTICE (DOJ),0.07708693915590481,0.38049658933647834
Jared Moskowitz,M001217,LMT,defense,2024-11-08,2024-12-09,1001.0,,False,6852159.0,29,129193.94,3,180.0,111982.0,Department of Justice,-0.15125053138727496,0.3804187008703078
Scott H. Peters,P000608,JNJ,pharma,2015-06-26,2015-07-28,15001.0,House Committee on Energy and Commerce,True,4990000.0,20,0.0,0,,,,0.003010839020473721,0.37997693659134546
Scott H. Peters,P000608,JNJ,pharma,2015-06-23,2015-07-28,15001.0,House Committee on Energy and Commerce,True,4990000.0,20,0.0,0,,,,-0.0215474042894368,0.37997693659134546
Ro Khanna,K000389,CVX,energy,2017-07-17,2017-08-10,1001.0,,False,5780000.0,12,136267.25,28,178.0,32370.0,DEPARTMENT OF DEFENSE (DOD),0.12196526245082051,0.37995610251159767
Scott H. Peters,P000608,JNJ,pharma,2015-07-10,2015-08-16,15001.0,House Committee on Energy and Commerce,True,4930000.0,19,0.0,0,,,,0.013161860745503962,0.3798379059523208
Ro Khanna,K000389,CVS,pharma,2025-03-06,2025-04-10,1001.0,,False,6240000.0,20,11250.0,1,134.0,11250.0,Department of Veterans Affairs,0.02191570881226057,0.37983667326870707
Scott H. Peters,P000608,MRK,pharma,2015-06-23,2015-07-28,15001.0,House Committee on Energy and Commerce,True,4825000.0,33,0.0,0,,,,-0.14297814670506515,0.3795904804609327
Debbie Dingell,D000624,JNJ,pharma,2016-02-18,2016-06-29,15001.0,House Committee on Energy and Commerce,True,4440000.0,24,0.0,0,,,,0.10782808902532626,0.3786347595138525
Carol Devine Miller,M001205,ABBV,pharma,2019-07-02,2020-08-12,15001.0,House Committee on Ways and Means,True,4340000.0,16,0.0,0,,,,0.07315101710898553,0.37837294730333726
Scott H. Peters,P000608,MRK,pharma,2015-06-26,2015-07-28,15001.0,House Committee on Energy and Commerce,True,4335000.0,32,0.0,0,,,,-0.09540092323474103,0.378359698818865
Richard W. Allen,A000372,ABBV,pharma,2020-05-12,2023-08-10,15001.0,House Committee on Energy and Commerce,True,4330000.0,14,0.0,0,,,,0.012933893433561883,0.37834643504473975
Ro Khanna,K000389,MRK,pharma,2021-09-24,2021-10-14,1001.0,,False,3910000.0,30,40000.0,2,151.0,20000.0,DEPARTMENT OF JUSTICE (DOJ),0.07091427795136518,0.37663347760240706
Ro Khanna,K000389,MRK,pharma,2023-08-03,2023-09-06,1001.0,,False,6170000.0,28,59894.58,1,168.0,59894.58,Department of Veterans Affairs,-0.021469781518963504,0.37662929622994507
Daniel Goldman,G000599,ABBV,pharma,2023-03-07,2023-04-17,1001.0,,False,3300000.0,18,63328.0,3,158.0,25528.0,Department of Veterans Affairs,-0.10011116196952852,0.375496380457692
Ro Khanna,K000389,ACN,fedtech,2022-05-23,2022-06-10,15001.0,House Committee on Armed Services; House Committee on Oversight and Government Reform,True,3280000.0,31,0.0,0,,,,-0.04640248420904047,0.37515453546411126
Ro Khanna,K000389,ACN,fedtech,2022-04-21,2022-05-06,15001.0,House Committee on Armed Services; House Committee on Oversight and Government Reform,True,3280000.0,31,0.0,0,,,,-0.021780273649591897,0.37515453546411126
Shelley Moore Capito,C001047,LLY,pharma,2025-10-24,2025-11-04,1001.0,Senate Committee on Appropriations,True,22005000.0,36,0.0,0,,,,0.28240353746441316,0.37500489425947736
Josh Gottheimer,G000583,ABBV,pharma,2023-03-06,2023-04-20,1001.0,,False,3300000.0,18,63328.0,3,159.0,25528.0,Department of Veterans Affairs,-0.11373003606388454,0.3749235314808671
Ro Khanna,K000389,ACN,fedtech,2022-01-21,2022-02-08,15001.0,House Committee on Armed Services; House Committee on Oversight and Government Reform,True,3130000.0,31,0.0,0,,,,-0.15564758811786794,0.3746165406135772
Scott H. Peters,P000608,UNH,pharma,2015-06-23,2015-07-28,15001.0,House Committee on Energy and Commerce,True,3080000.0,23,0.0,0,,,,-0.037722014013361505,0.3744314632171405
Thomas Suozzi,S001201,CVS,pharma,2021-10-20,2021-11-05,15001.0,House Committee on Ways and Means,True,2900000.0,16,0.0,0,,,,0.18197573656845756,0.37373936437795585
Debbie Dingell,D000624,ABBV,pharma,2020-10-13,2020-10-24,15001.0,House Committee on Energy and Commerce,True,2830000.0,15,0.0,0,,,,0.1846749402254355,0.3734585427162611
Richard W. Allen,A000372,ABBV,pharma,2020-11-16,2023-08-10,15001.0,House Committee on Energy and Commerce,True,2820000.0,15,0.0,0,,,,0.12688084587230586,0.37341785928408633
Rob Bresnahan,B001327,CVS,pharma,2025-02-25,2025-03-27,1001.0,,False,6240000.0,20,11250.0,1,143.0,11250.0,Department of Veterans Affairs,0.04256990260760296,0.3733954071393916
Katherine M. Clark,C001101,LHX,defense,2020-04-03,2020-05-29,1001.0,,False,2730000.0,13,164000.0,2,179.0,164000.0,DEPARTMENT OF DEFENSE (DOD),-0.05949579831932772,0.3728946722678277
Richard W. Allen,A000372,NEE,energy,2020-09-25,2020-10-06,15001.0,House Committee on Energy and Commerce,True,2667500.0,27,0.0,0,,,,0.23298559364133142,0.3727789006768377
Thomas R. Carper,C000174,LHX,defense,2020-04-02,2020-05-04,1001.0,,False,2730000.0,13,164000.0,2,180.0,164000.0,DEPARTMENT OF DEFENSE (DOD),-0.08277027027027029,0.3724410391399933
Michael T. McCaul,M001157,CVS,pharma,2023-09-12,2023-10-18,1001.0,,False,4015000.0,19,29073.6,1,153.0,29073.6,Department of Justice,0.12365286443562118,0.3722306351588148
Debbie Dingell,D000624,UNH,pharma,2016-12-05,2016-12-15,15001.0,House Committee on Energy and Commerce,True,2440000.0,23,0.0,0,,,,0.04656474021442625,0.3717543674416883
Ro Khanna,K000389,AMZN,fedtech,2022-09-15,2022-10-07,1001.0,House Committee on Armed Services; House Committee on Oversight and Government Reform,True,15880000.0,25,0.0,0,,,,-0.22299651567944245,0.37125575150155055
Seth Moulton,M001196,AMZN,fedtech,2022-08-08,2023-01-27,1001.0,House Committee on Armed Services,True,15880000.0,25,0.0,0,,,,-0.36697510938957034,0.37125575150155055
Robert J. Wittman,W000804,AMZN,fedtech,2022-08-10,2022-09-10,1001.0,House Committee on Armed Services,True,15880000.0,25,0.0,0,,,,-0.36680916672506836,0.37125575150155055
Ro Khanna,K000389,AMZN,fedtech,2022-09-29,2022-10-07,1001.0,House Committee on Armed Services; House Committee on Oversight and Government Reform,True,15880000.0,25,0.0,0,,,,-0.10940766550522651,0.37125575150155055
Ro Khanna,K000389,AMZN,fedtech,2022-09-06,2022-10-07,1001.0,House Committee on Armed Services; House Committee on Oversight and Government Reform,True,15880000.0,25,0.0,0,,,,-0.3248751090317976,0.37125575150155055
Ro Khanna,K000389,AMZN,fedtech,2022-04-12,2022-05-06,1001.0,House Committee on Armed Services; House Committee on Oversight and Government Reform,True,15760000.0,27,0.0,0,,,,-0.053701400978197755,0.37116857236599565
Dan Newhouse,N000189,AMZN,fedtech,2022-03-08,2023-05-26,1001.0,House Committee on Appropriations,True,15760000.0,27,0.0,0,,,,-0.15942785511838808,0.37116857236599565
Ro Khanna,K000389,AMZN,fedtech,2022-04-07,2022-05-06,1001.0,House Committee on Armed Services; House Committee on Oversight and Government Reform,True,15760000.0,27,0.0,0,,,,-0.1076436532105498,0.37116857236599565
Dan Sullivan,S001198,AMZN,fedtech,2023-01-10,2023-02-13,1001.0,Senate Committee on Armed Services,True,15725000.0,27,0.0,0,,,,0.22610437298319797,0.37114302005231437
Ro Khanna,K000389,AMZN,fedtech,2023-01-11,2023-02-07,1001.0,House Committee on Armed Services; House Committee on Oversight and Government Reform,True,15725000.0,27,0.0,0,,,,0.17972447155326532,0.37114302005231437
Dan Sullivan,S001198,AMZN,fedtech,2022-11-22,2022-12-21,1001.0,Senate Committee on Armed Services,True,15725000.0,27,0.0,0,,,,0.05901287553648071,0.37114302005231437
Ro Khanna,K000389,AMZN,fedtech,2022-04-14,2022-05-06,1001.0,House Committee on Armed Services; House Committee on Oversight and Government Reform,True,15710000.0,26,0.0,0,,,,-0.05376500018127106,0.37113205164595414
Daniel Crenshaw,C001120,AMZN,fedtech,2022-10-25,2022-12-01,1001.0,House Permanent Select Committee on Intelligence,True,15650000.0,24,0.0,0,,,,-0.20572139303482573,0.37108807304283864
Robert J. Wittman,W000804,AMZN,fedtech,2022-11-18,2022-12-08,1001.0,House Committee on Armed Services,True,15650000.0,25,0.0,0,,,,0.03792224346717643,0.37108807304283864
Ro Khanna,K000389,ABBV,pharma,2022-11-03,2022-12-06,1001.0,,False,4260000.0,19,21600.0,1,151.0,21600.0,Department of Veterans Affairs,0.08059825508932295,0.37090577937236324
Katie Britt,B001319,AMZN,fedtech,2025-04-14,2026-01-26,1001.0,Senate Committee on Appropriations,True,14990000.0,33,0.0,0,,,,0.21606632989237862,0.3705928645757439
C. Scott Franklin,F000472,AMZN,fedtech,2025-02-26,2025-03-18,1001.0,House Committee on Appropriations,True,14910000.0,31,0.0,0,,,,0.012922789829717729,0.3705313630998195
John Boozman,B001236,AMZN,fedtech,2025-02-26,2025-03-06,1001.0,Senate Committee on Appropriations,True,14910000.0,31,0.0,0,,,,0.012922789829717729,0.3705313630998195
John Boozman,B001236,AMZN,fedtech,2025-02-04,2025-03-06,1001.0,Senate Committee on Appropriations,True,14910000.0,31,0.0,0,,,,-0.14388994464182436,0.3705313630998195
Ro Khanna,K000389,AMZN,fedtech,2025-03-10,2025-04-10,1001.0,House Committee on Armed Services; House Committee on Oversight and Government Reform,True,14910000.0,31,0.0,0,,,,0.1275830163462528,0.3705313630998195
Ro Khanna,K000389,AMZN,fedtech,2025-03-07,2025-04-10,1001.0,House Committee on Armed Services; House Committee on Oversight and Government Reform,True,14910000.0,31,0.0,0,,,,0.12155583437892092,0.3705313630998195
Ro Khanna,K000389,AMZN,fedtech,2025-04-04,2025-05-12,1001.0,House Committee on Armed Services; House Committee on Oversight and Government Reform,True,14910000.0,31,0.0,0,,,,0.237719298245614,0.3705313630998195
Ro Khanna,K000389,AMZN,fedtech,2025-02-19,2025-03-06,1001.0,House Committee on Armed Services; House Committee on Oversight and Government Reform,True,14910000.0,31,0.0,0,,,,-0.07474738560649519,0.3705313630998195
Byron Donalds,D000032,AMZN,fedtech,2025-03-20,2025-04-14,1001.0,House Committee on Oversight and Government Reform,True,14910000.0,31,0.0,0,,,,0.1599384457553219,0.3705313630998195
Ro Khanna,K000389,BA,defense,2017-07-05,2017-08-10,1001.0,House Committee on Armed Services,True,14605000.0,44,0.0,0,,,,0.30137257816758334,0.3702938223001602
Katie Britt,B001319,AMZN,fedtech,2025-04-30,2026-01-26,1001.0,Senate Committee on Appropriations,True,14575000.0,29,0.0,0,,,,0.2558290857824532,0.37027019022699026
John Boozman,B001236,AMZN,fedtech,2025-05-16,2025-06-14,1001.0,Senate Committee on Appropriations,True,14525000.0,28,0.0,0,,,,0.1256870470353617,0.37023069513359863
Ro Khanna,K000389,AMZN,fedtech,2025-05-28,2025-06-10,1001.0,House Committee on Armed Services; House Committee on Oversight and Government Reform,True,14525000.0,28,0.0,0,,,,0.06560179757717854,0.37023069513359863
Ro Khanna,K000389,AMZN,fedtech,2025-06-06,2025-07-09,1001.0,House Committee on Armed Services; House Committee on Oversight and Government Reform,True,14525000.0,27,0.0,0,,,,0.03432129980802556,0.37023069513359863
Ro Khanna,K000389,AMZN,fedtech,2025-05-19,2025-06-10,1001.0,House Committee on Armed Services; House Committee on Oversight and Government Reform,True,14525000.0,28,0.0,0,,,,0.1352832751261157,0.37023069513359863
Robert J. Wittman,W000804,BA,defense,2015-09-15,2015-10-15,1001.0,House Committee on Armed Services,True,14505000.0,35,0.0,0,,,,-0.06001467351430667,0.37021485901553697
Ro Khanna,K000389,XOM,energy,2020-05-20,2020-06-17,1001.0,,False,6490000.0,20,17081.7,2,156.0,15260.05,DEPARTMENT OF DEFENSE (DOD),-0.166850341635442,0.3701593055032135
Ro Khanna,K000389,ACN,fedtech,2022-07-19,2022-08-09,15001.0,House Committee on Armed Services; House Committee on Oversight and Government Reform,True,2010000.0,20,0.0,0,,,,0.04095843450935566,0.3695262853914154
Kathy Manning,M001135,ACN,fedtech,2022-07-27,2022-08-10,1001.0,,False,3010000.0,30,110509.45,1,180.0,110509.45,Department of Homeland Security,-0.003797936342553654,0.3692623292539783
Richard W. Allen,A000372,NEE,energy,2020-04-17,2023-08-10,15001.0,House Committee on Energy and Commerce,True,1877500.0,28,0.0,0,,,,0.14915130350036554,0.36874253234540355
Julia Letlow,L000595,UNH,pharma,2025-04-22,2026-01-13,1001.0,House Committee on Appropriations,True,12540000.0,25,0.0,0,,,,-0.29809448007865547,0.36854181550627796
Ro Khanna,K000389,CEG,energy,2025-01-16,2025-02-06,50001.0,,False,2890000.0,21,1000.0,2,146.0,1000.0,Department of Defense,-0.07651313285116101,0.3680057404933704
Scott H. Peters,P000608,NEE,energy,2015-08-17,2015-09-12,15001.0,House Committee on Energy and Commerce,True,1760000.0,25,0.0,0,,,,-0.09869442161964759,0.36799976726097505
Scott H. Peters,P000608,NEE,energy,2015-08-27,2015-09-12,15001.0,House Committee on Energy and Commerce,True,1760000.0,25,0.0,0,,,,0.016917660864463002,0.36799976726097505
Lois Frankel,F000462,NOC,defense,2015-05-06,2015-05-27,1001.0,House Committee on Appropriations,True,11431960.0,31,0.0,0,,,,0.07403783431180688,0.36747858563973146
Robert J. Wittman,W000804,AMZN,fedtech,2022-06-16,2022-07-08,1001.0,House Committee on Armed Services,True,11120000.0,25,0.0,0,,,,0.03125602932664484,0.3671605996278494
Ro Khanna,K000389,AMZN,fedtech,2022-04-22,2022-05-06,1001.0,House Committee on Armed Services; House Committee on Oversight and Government Reform,True,11120000.0,26,0.0,0,,,,-0.07710426047800478,0.3671605996278494
Ro Khanna,K000389,AMZN,fedtech,2022-05-06,2022-06-10,1001.0,House Committee on Armed Services; House Committee on Oversight and Government Reform,True,11120000.0,25,0.0,0,,,,0.0987823738264828,0.3671605996278494
Ro Khanna,K000389,AMZN,fedtech,2023-03-01,2023-03-03,1001.0,House Committee on Armed Services; House Committee on Oversight and Government Reform,True,10730000.0,27,0.0,0,,,,0.38765324943040036,0.366750277456222
William R. Keating,K000375,AMZN,fedtech,2025-01-07,2025-01-15,1001.0,House Committee on Armed Services,True,10660000.0,31,0.0,0,,,,-0.15037593984962405,0.36667505378976295
James Comer,C001108,AMZN,fedtech,2025-01-02,2025-01-10,1001.0,House Committee on Oversight and Government Reform,True,10660000.0,31,0.0,0,,,,-0.1373172282263192,0.36667505378976295
William R. Keating,K000375,AMZN,fedtech,2024-10-31,2024-11-06,1001.0,House Committee on Armed Services,True,10610000.0,29,0.0,0,,,,0.1388412017167382,0.3666210195549439
Julia Letlow,L000595,AMZN,fedtech,2024-10-23,2026-01-13,1001.0,House Committee on Appropriations,True,10610000.0,29,0.0,0,,,,0.2066482594337069,0.3666210195549439
Ro Khanna,K000389,AMZN,fedtech,2024-11-12,2024-12-05,1001.0,House Committee on Armed Services; House Committee on Oversight and Government Reform,True,10610000.0,29,0.0,0,,,,-0.047963237757886246,0.3666210195549439
Michael Patrick Guest,G000591,AMZN,fedtech,2024-11-08,2024-12-20,1001.0,House Committee on Appropriations,True,10610000.0,29,0.0,0,,,,-0.06552022288404269,0.3666210195549439
Ro Khanna,K000389,AMZN,fedtech,2024-07-01,2024-08-07,1001.0,House Committee on Armed Services; House Committee on Oversight and Government Reform,True,10520000.0,31,0.0,0,,,,-0.03230223123732234,0.3665231130990529
Pete Sessions,S000250,AMZN,fedtech,2021-08-18,2021-10-17,1001.0,House Committee on Oversight and Government Reform,True,10505000.0,25,0.0,0,,,,0.055041515422245224,0.3665067139611028
Ro Khanna,K000389,AMZN,fedtech,2026-03-10,2026-04-07,1001.0,House Committee on Armed Services; House Committee on Oversight and Government Reform,True,10500000.0,28,0.0,0,,,,,0.36650124237777526
Gilbert Cisneros,C001123,AMZN,fedtech,2026-03-16,2026-04-07,1001.0,House Committee on Armed Services,True,10500000.0,28,0.0,0,,,,,0.36650124237777526
Gilbert Cisneros,C001123,AMZN,fedtech,2026-01-30,2026-02-13,1001.0,House Committee on Armed Services,True,10500000.0,28,0.0,0,,,,0.09176765566234835,0.36650124237777526
John Fetterman,F000479,AMZN,fedtech,2026-03-30,2026-04-03,1001.0,Senate Committee on Homeland Security and Governmental Affairs,True,10500000.0,28,0.0,0,,,,,0.36650124237777526
Ro Khanna,K000389,AMZN,fedtech,2026-04-02,2026-05-11,1001.0,House Committee on Armed Services; House Committee on Oversight and Government Reform,True,10500000.0,28,0.0,0,,,,,0.36650124237777526
Gilbert Cisneros,C001123,AMZN,fedtech,2026-02-10,2026-03-09,1001.0,House Committee on Armed Services,True,10500000.0,28,0.0,0,,,,0.14998067259373782,0.36650124237777526
Patrick Fallon,F000246,AMZN,fedtech,2021-05-21,2021-07-02,1001.0,House Permanent Select Committee on Intelligence; House Committee on Armed Services; House Committee on Oversight and Government Reform,True,10490000.0,22,0.0,0,,,,0.04765725489216632,0.3664902913902277
Ro Khanna,K000389,AMZN,fedtech,2024-08-05,2024-09-06,1001.0,House Committee on Armed Services; House Committee on Oversight and Government Reform,True,10470000.0,30,0.0,0,,,,0.3255496211650726,0.3664683580618916
Gilbert Cisneros,C001123,AMZN,fedtech,2026-04-14,2026-05-08,1001.0,House Committee on Armed Services,True,10420000.0,26,0.0,0,,,,,0.36641334091252087
John Boozman,B001236,AMZN,fedtech,2025-11-13,2025-12-08,1001.0,Senate Committee on Appropriations,True,10410000.0,27,0.0,0,,,,-0.12589443555854885,0.36640230580792543
Gilbert Cisneros,C001123,AMZN,fedtech,2025-11-18,2025-12-15,1001.0,House Committee on Armed Services,True,10410000.0,27,0.0,0,,,,-0.05697596045832398,0.36640230580792543
Ro Khanna,K000389,AMZN,fedtech,2023-06-26,2023-07-11,1001.0,House Committee on Armed Services; House Committee on Oversight and Government Reform,True,10390000.0,27,0.0,0,,,,0.009659938741851892,0.36638020376159164
Ro Khanna,K000389,AMZN,fedtech,2024-10-14,2024-11-08,1001.0,House Committee on Armed Services; House Committee on Oversight and Government Reform,True,10370000.0,28,0.0,0,,,,0.24112189399594763,0.36635805912940445
John Boozman,B001236,UNH,pharma,2025-04-16,2025-05-14,1001.0,Senate Committee on Appropriations,True,10340000.0,24,0.0,0,,,,-0.5359462600847804,0.36632476197271
Katie Britt,B001319,UNH,pharma,2025-04-14,2026-01-26,1001.0,Senate Committee on Appropriations,True,10340000.0,24,0.0,0,,,,-0.5544407726637822,0.36632476197271
Ashley Hinson Arenholz,H001091,AMZN,fedtech,2021-03-08,2021-04-05,1001.0,House Committee on Appropriations,True,10320000.0,18,0.0,0,,,,0.24519046731821348,0.36630251015444426
Kevin Hern,H001082,UNH,pharma,2023-06-27,2023-07-12,1001.0,House Committee on Ways and Means,True,10250000.0,19,0.0,0,,,,0.09874419761273212,0.3662242877583989
Ro Khanna,K000389,AMZN,fedtech,2025-08-19,2025-09-09,1001.0,House Committee on Armed Services; House Committee on Oversight and Government Reform,True,10190000.0,26,0.0,0,,,,-0.02956010701285028,0.3661568136280093
Ro Khanna,K000389,AMZN,fedtech,2025-08-04,2025-09-09,1001.0,House Committee on Armed Services; House Committee on Oversight and Government Reform,True,10190000.0,26,0.0,0,,,,0.10758327427356473,0.3661568136280093
Julia Letlow,L000595,AMZN,fedtech,2025-10-01,2026-01-13,1001.0,House Committee on Appropriations,True,10190000.0,26,0.0,0,,,,0.0956352263971354,0.3661568136280093
Ro Khanna,K000389,AMZN,fedtech,2025-09-19,2025-10-03,1001.0,House Committee on Armed Services; House Committee on Oversight and Government Reform,True,10190000.0,26,0.0,0,,,,-0.0020736132711248745,0.3661568136280093
Ro Khanna,K000389,AMZN,fedtech,2023-08-29,2023-09-06,1001.0,House Committee on Armed Services; House Committee on Oversight and Government Reform,True,10060000.0,26,0.0,0,,,,0.13660959157957153,0.3660092463792348
Ro Khanna,K000389,AMZN,fedtech,2023-10-02,2023-11-08,1001.0,House Committee on Armed Services; House Committee on Oversight and Government Reform,True,10060000.0,26,0.0,0,,,,0.22817858798084334,0.3660092463792348
Ro Khanna,K000389,AMZN,fedtech,2023-07-28,2023-08-07,1001.0,House Committee on Armed Services; House Committee on Oversight and Government Reform,True,10060000.0,26,0.0,0,,,,0.11738900234475436,0.3660092463792348
Michael Patrick Guest,G000591,AMZN,fedtech,2023-08-07,2023-08-23,1001.0,House Committee on Appropriations,True,10060000.0,26,0.0,0,,,,0.032766136970890036,0.3660092463792348
Ro Khanna,K000389,AMZN,fedtech,2024-01-10,2024-02-05,1001.0,House Committee on Armed Services; House Committee on Oversight and Government Reform,True,10030000.0,27,0.0,0,,,,0.2326806739088012,0.36597492163342515
Ro Khanna,K000389,AMZN,fedtech,2025-10-17,2025-11-06,1001.0,House Committee on Armed Services; House Committee on Oversight and Government Reform,True,9990000.0,23,0.0,0,,,,-0.05581111528351479,0.36592899525659384
Gilbert Cisneros,C001123,AMZN,fedtech,2025-10-17,2025-11-18,1001.0,House Committee on Armed Services,True,9990000.0,23,0.0,0,,,,-0.05581111528351479,0.36592899525659384
Gilbert Cisneros,C001123,AMZN,fedtech,2020-12-31,2021-01-11,1001.0,House Committee on Armed Services,True,9790000.0,16,0.0,0,,,,0.06462834632614167,0.3656965695298002
Patty Murray,M001111,BA,defense,2017-03-16,2017-03-21,1001.0,Senate Committee on Appropriations,True,9705000.0,42,0.0,0,,,,0.17015545204556926,0.36559634728500384
Kevin Hern,H001082,UNH,pharma,2023-03-21,2023-04-10,1001.0,House Committee on Ways and Means,True,9620000.0,19,0.0,0,,,,0.04915642574463641,0.36549524338439154
Dwight Evans,E000296,CVS,pharma,2023-06-22,2023-07-05,1001.0,House Committee on Ways and Means,True,9550000.0,20,0.0,0,,,,-0.0051865725399797835,0.365411308297507
Kathy Castor,C001066,PFE,pharma,2016-02-12,2016-03-18,1001.0,House Committee on Energy and Commerce,True,9490000.0,37,0.0,0,,,,0.18324250681198917,0.36533887280280086
Debbie Dingell,D000624,PFE,pharma,2016-08-08,2016-08-16,1001.0,House Committee on Energy and Commerce,True,9460000.0,43,0.0,0,,,,-0.09647867162897228,0.36530248313511154
Ro Khanna,K000389,AMZN,fedtech,2020-05-19,2020-06-17,1001.0,House Committee on Armed Services; House Committee on Oversight and Government Reform,True,9330000.0,14,0.0,0,,,,0.2567110189317079,0.36514344942609855
William R. Timmons Iv,T000480,AMZN,fedtech,2020-05-28,2020-08-07,1001.0,House Committee on Oversight and Government Reform,True,9330000.0,14,0.0,0,,,,0.28904668693515445,0.36514344942609855
Daniel Crenshaw,C001120,AMZN,fedtech,2020-03-12,2021-03-24,1001.0,House Permanent Select Committee on Intelligence,True,9280000.0,15,0.0,0,,,,0.9086132135678542,0.3650816918329986
Ro Khanna,K000389,AMZN,fedtech,2020-03-27,2020-04-20,1001.0,House Committee on Armed Services; House Committee on Oversight and Government Reform,True,9280000.0,15,0.0,0,,,,0.607920635756013,0.3650816918329986
Ro Khanna,K000389,AMZN,fedtech,2020-03-12,2020-04-20,1001.0,House Committee on Armed Services; House Committee on Oversight and Government Reform,True,9280000.0,15,0.0,0,,,,0.9086132135678542,0.3650816918329986
Ro Khanna,K000389,AMZN,fedtech,2020-02-11,2020-03-09,1001.0,House Committee on Armed Services; House Committee on Oversight and Government Reform,True,9280000.0,15,0.0,0,,,,0.23091407848242507,0.3650816918329986
Ro Khanna,K000389,CVS,pharma,2024-04-26,2024-05-06,1001.0,,False,6240000.0,12,10000.0,1,154.0,10000.0,Department of Health and Human Services,-0.1262280440607324,0.3650660867705246
Ro Khanna,K000389,BA,defense,2019-09-05,2019-10-16,1001.0,House Committee on Armed Services,True,9180000.0,49,0.0,0,,,,-0.0764363030807661,0.36495717208396944
Ro Khanna,K000389,BA,defense,2019-09-16,2019-10-16,1001.0,House Committee on Armed Services,True,9180000.0,49,0.0,0,,,,-0.1227398706612115,0.36495717208396944
Ro Khanna,K000389,BA,defense,2019-09-11,2019-10-16,1001.0,House Committee on Armed Services,True,9180000.0,49,0.0,0,,,,-0.12169008199717979,0.36495717208396944
Ro Khanna,K000389,GD,defense,2019-08-12,2019-09-11,1001.0,House Committee on Armed Services,True,9166050.0,44,0.0,0,,,,-0.0047973531844499595,0.364939693855846
Ro Khanna,K000389,HII,defense,2017-02-27,2017-03-14,1001.0,House Committee on Armed Services,True,9162797.0,13,0.0,0,,,,-0.14285059368266628,0.36493561428380505
Ro Khanna,K000389,MRK,pharma,2021-09-17,2021-10-14,1001.0,,False,3910000.0,30,20000.0,1,158.0,20000.0,DEPARTMENT OF JUSTICE (DOJ),0.1375558035714286,0.36488880339587604
Ro Khanna,K000389,BA,defense,2019-10-15,2019-11-12,1001.0,House Committee on Armed Services,True,9120000.0,45,0.0,0,,,,-0.06337610524045723,0.36488180748342147
Ro Khanna,K000389,AMZN,fedtech,2020-01-08,2020-02-10,1001.0,House Committee on Armed Services; House Committee on Oversight and Government Reform,True,9080000.0,16,0.0,0,,,,0.2513993350845942,0.36483128845529456
Ro Khanna,K000389,IBM,fedtech,2021-10-07,2021-11-09,15001.0,House Committee on Armed Services; House Committee on Oversight and Government Reform,True,1330000.0,3,0.0,0,,,,0.011627632518425468,0.36478016207571506
Ro Khanna,K000389,AMZN,fedtech,2019-12-27,2020-01-09,1001.0,House Committee on Armed Services; House Committee on Oversight and Government Reform,True,9010000.0,15,0.0,0,,,,0.2707241416194246,0.3647423422703877
Joe Courtney,C001069,AMZN,fedtech,2019-12-31,2020-07-29,1001.0,House Committee on Armed Services,True,9010000.0,15,0.0,0,,,,0.2840451554247121,0.3647423422703877
Ro Khanna,K000389,AMZN,fedtech,2019-12-16,2020-01-09,1001.0,House Committee on Armed Services; House Committee on Oversight and Government Reform,True,9010000.0,15,0.0,0,,,,0.29058732428598066,0.3647423422703877
Gilbert Cisneros,C001123,BA,defense,2019-08-14,2019-09-11,1001.0,House Committee on Armed Services,True,9000000.0,46,0.0,0,,,,0.08073778166156931,0.36472957929252936
Ro Khanna,K000389,LMT,defense,2017-05-02,2017-06-12,1001.0,House Committee on Armed Services,True,8838900.0,50,0.0,0,,,,0.13659133919625965,0.36452198999474045
Susan M. Collins,C001035,BA,defense,2014-03-19,2014-03-25,1001.0,Senate Select Committee on Intelligence; Senate Committee on Appropriations,True,8759625.0,36,0.0,0,,,,0.0297774869109948,0.36441844512128563
Robert J. Wittman,W000804,LMT,defense,2016-05-06,2016-07-06,1001.0,House Committee on Armed Services,True,8755375.0,61,0.0,0,,,,0.011404311995338423,0.36441286755834845
Ro Khanna,K000389,AMZN,fedtech,2019-08-12,2019-09-11,1001.0,House Committee on Armed Services; House Committee on Oversight and Government Reform,True,8720000.0,14,0.0,0,,,,-0.025608990879143034,0.36436633721895306
Ro Khanna,K000389,AMZN,fedtech,2019-10-15,2019-11-12,1001.0,House Committee on Armed Services; House Committee on Oversight and Government Reform,True,8720000.0,14,0.0,0,,,,0.2221480383392367,0.36436633721895306
Joseph D. Morelle,M001206,AMZN,fedtech,2019-09-05,2019-09-20,1001.0,House Committee on Appropriations,True,8720000.0,14,0.0,0,,,,0.018606849493676414,0.36436633721895306
Ro Khanna,K000389,AMZN,fedtech,2019-09-16,2019-10-16,1001.0,House Committee on Armed Services; House Committee on Oversight and Government Reform,True,8720000.0,14,0.0,0,,,,0.03407381184175584,0.36436633721895306
Jerry Moran,M000934,AMZN,fedtech,2019-09-25,2019-10-21,1001.0,Senate Select Committee on Intelligence; Senate Committee on Appropriations,True,8720000.0,14,0.0,0,,,,0.06573999196982472,0.36436633721895306
Ro Khanna,K000389,ORCL,fedtech,2017-08-21,2017-09-08,1001.0,House Committee on Armed Services; House Committee on Oversight and Government Reform,True,8710000.0,40,0.0,0,,,,-0.02208588957055213,0.3643531495406984
Ro Khanna,K000389,BA,defense,2020-02-11,2020-03-09,1001.0,House Committee on Armed Services,True,8664000.0,48,0.0,0,,,,-0.409412926078625,0.3642922905547771
Ro Khanna,K000389,AMZN,fedtech,2019-04-29,2019-05-10,1001.0,House Committee on Armed Services; House Committee on Oversight and Government Reform,True,8580000.0,15,0.0,0,,,,-0.09110465686148062,0.3641803183089548
Ro Khanna,K000389,AMZN,fedtech,2019-05-28,2019-06-11,1001.0,House Committee on Armed Services; House Committee on Oversight and Government Reform,True,8580000.0,14,0.0,0,,,,-0.037082818294190356,0.3641803183089548
Michael K. Simpson,S001148,BA,defense,2020-03-25,2020-06-01,1001.0,House Committee on Appropriations,True,8484000.0,45,0.0,0,,,,0.11163611163611153,0.3640509998103256
Daniel Crenshaw,C001120,BA,defense,2020-03-27,2021-03-24,1001.0,House Permanent Select Committee on Intelligence,True,8484000.0,45,0.0,0,,,,0.050679012345679064,0.3640509998103256
Lois Frankel,F000462,NOC,defense,2015-04-01,2015-04-22,1001.0,House Committee on Appropriations,True,8429460.0,28,0.0,0,,,,0.09255683587667374,0.36397687734439343
Ro Khanna,K000389,LMT,defense,2017-02-27,2017-03-14,1001.0,House Committee on Armed Services,True,8236710.0,52,0.0,0,,,,0.03144490644490627,0.3637110230843448
Ro Khanna,K000389,AMZN,fedtech,2019-03-26,2019-04-11,1001.0,House Committee on Armed Services; House Committee on Oversight and Government Reform,True,8220000.0,14,0.0,0,,,,0.12168116787011707,0.3636876831697512
Angus King,K000383,AMZN,fedtech,2019-01-31,2019-02-26,1001.0,Senate Select Committee on Intelligence; Senate Committee on Armed Services,True,8220000.0,14,0.0,0,,,,0.03278001780384354,0.3636876831697512
Gilbert Cisneros,C001123,AMZN,fedtech,2019-02-26,2019-03-08,1001.0,House Committee on Armed Services,True,8220000.0,14,0.0,0,,,,0.15975922757272065,0.3636876831697512
Ro Khanna,K000389,NOC,defense,2020-02-11,2020-03-09,1001.0,House Committee on Armed Services,True,8165000.0,20,0.0,0,,,,-0.07279100097815461,0.36361052470919175
Ro Khanna,K000389,AMZN,fedtech,2017-10-27,2017-11-09,1001.0,House Committee on Armed Services; House Committee on Oversight and Government Reform,True,8110000.0,21,0.0,0,,,,0.38239702075480264,0.36353284474362324
Pete Sessions,S000250,AMZN,fedtech,2018-10-24,2018-12-21,1001.0,House Committee on Oversight and Government Reform,True,8000000.0,14,0.0,0,,,,-0.026895805792573002,0.3633758917612442
Ro Khanna,K000389,AMZN,fedtech,2018-12-10,2019-01-11,1001.0,House Committee on Armed Services; House Committee on Oversight and Government Reform,True,7950000.0,14,0.0,0,,,,0.11871202842117445,0.36330383472135075
Pete Sessions,S000250,AMZN,fedtech,2018-12-20,2018-12-21,1001.0,House Committee on Oversight and Government Reform,True,7950000.0,14,0.0,0,,,,0.2919436210921189,0.36330383472135075
Ro Khanna,K000389,AMZN,fedtech,2018-12-17,2019-01-11,1001.0,House Committee on Armed Services; House Committee on Oversight and Government Reform,True,7950000.0,14,0.0,0,,,,0.2249508517926766,0.36330383472135075
Ro Khanna,K000389,NOC,defense,2017-04-03,2017-05-11,1001.0,House Committee on Armed Services,True,7945000.0,23,0.0,0,,,,0.11282115974937978,0.36329660410757936
Gary Palmer,P000609,AMZN,fedtech,2018-03-13,2018-09-29,1001.0,House Committee on Oversight and Government Reform,True,7910000.0,19,0.0,0,,,,0.10503847170975567,0.3632458620374873
Ro Khanna,K000389,AMZN,fedtech,2018-03-06,2018-04-13,1001.0,House Committee on Armed Services; House Committee on Oversight and Government Reform,True,7910000.0,19,0.0,0,,,,0.10541479149866029,0.3632458620374873
Ro Khanna,K000389,AMZN,fedtech,2018-03-08,2018-04-13,1001.0,House Committee on Armed Services; House Committee on Oversight and Government Reform,True,7910000.0,19,0.0,0,,,,0.10230948668049944,0.3632458620374873
Ro Khanna,K000389,NOC,defense,2017-05-02,2017-06-12,1001.0,House Committee on Armed Services,True,7825000.0,21,0.0,0,,,,0.10467533526270723,0.36312169049388276
Ro Khanna,K000389,AMZN,fedtech,2018-10-02,2018-11-09,1001.0,House Committee on Armed Services; House Committee on Oversight and Government Reform,True,7810000.0,15,0.0,0,,,,-0.15262946974347003,0.3630996379251984
Ro Khanna,K000389,AMZN,fedtech,2018-07-24,2018-08-10,1001.0,House Committee on Armed Services; House Committee on Oversight and Government Reform,True,7810000.0,15,0.0,0,,,,-0.17084144234764165,0.3630996379251984
Gary Palmer,P000609,AMZN,fedtech,2018-07-31,2018-09-29,1001.0,House Committee on Oversight and Government Reform,True,7810000.0,15,0.0,0,,,,-0.05608628139346472,0.3630996379251984
Pete Sessions,S000250,AMZN,fedtech,2018-06-07,2018-12-21,1001.0,House Committee on Oversight and Government Reform,True,7780000.0,17,0.0,0,,,,0.118599419878056,0.3630554054388542
Ro Khanna,K000389,GD,defense,2017-05-02,2017-06-12,1001.0,House Committee on Armed Services,True,7765599.0,52,0.0,0,,,,0.03684237646210131,0.3630341117457684
Ro Khanna,K000389,GD,defense,2017-05-08,2017-06-12,1001.0,House Committee on Armed Services,True,7765599.0,52,0.0,0,,,,0.012224316202312346,0.3630341117457684
Lois Frankel,F000462,PFE,pharma,2017-02-22,2017-03-27,1001.0,House Committee on Appropriations,True,7749154.5,37,0.0,0,,,,0.013992259601071755,0.36300974813614667
Sheldon Whitehouse,W000802,PFE,pharma,2017-02-10,2017-03-15,1001.0,Senate Committee on Finance,True,7749154.5,37,0.0,0,,,,0.010819165378670892,0.36300974813614667
Patty Murray,M001111,GD,defense,2017-03-16,2017-03-21,1001.0,Senate Committee on Appropriations,True,7724892.0,50,0.0,0,,,,0.05507474429583015,0.3629737070655813
Ro Khanna,K000389,GD,defense,2017-04-03,2017-05-11,1001.0,House Committee on Armed Services,True,7714892.0,50,0.0,0,,,,0.04682007031000324,0.36295881947159037
Ro Khanna,K000389,AMZN,fedtech,2018-07-18,2018-08-10,1001.0,House Committee on Armed Services; House Committee on Oversight and Government Reform,True,7710000.0,16,0.0,0,,,,-0.12126408091506968,0.362951529429985
Ro Khanna,K000389,ORCL,fedtech,2021-09-21,2021-10-14,1001.0,House Committee on Armed Services; House Committee on Oversight and Government Reform,True,7700000.0,42,0.0,0,,,,-0.0407271053842615,0.36293661306168085
Ro Khanna,K000389,AMZN,fedtech,2019-01-18,2019-02-12,1001.0,House Committee on Armed Services; House Committee on Oversight and Government Reform,True,7690000.0,10,0.0,0,,,,0.09596156113665844,0.3629216773088796
Patty Murray,M001111,PFE,pharma,2017-03-16,2017-03-21,1001.0,"Senate Committee on Appropriations; Senate Committee on Health, Education, Labor, and Pensions",True,7659154.5,36,0.0,0,,,,-0.029044437990124905,0.3628754845802361
Ro Khanna,K000389,AMZN,fedtech,2018-10-17,2018-11-09,1001.0,House Committee on Armed Services; House Committee on Oversight and Government Reform,True,7600000.0,12,0.0,0,,,,-0.11414346000775233,0.3627863748418855
Susan M. Collins,C001035,XOM,energy,2014-11-10,2014-12-01,1001.0,Senate Committee on Appropriations,True,7597500.0,25,0.0,0,,,,-0.12484420440382216,0.36278259360804843
Bill Cassidy,C001075,XOM,energy,2014-12-16,2015-08-20,1001.0,Senate Committee on Energy and Natural Resources,True,7597500.0,25,0.0,0,,,,0.01932646684411532,0.36278259360804843
Josh Gottheimer,G000583,MSFT,fedtech,2019-06-20,2019-07-18,1001.0,House Permanent Select Committee on Intelligence,True,7500000.0,57,0.0,0,,,,0.0033588901058780873,0.3626341466543539
Ro Khanna,K000389,AMZN,fedtech,2017-07-17,2017-08-10,1001.0,House Committee on Armed Services; House Committee on Oversight and Government Reform,True,7300000.0,22,0.0,0,,,,0.12553958259078835,0.3623235044980848
Susan M. Collins,C001035,MSFT,fedtech,2014-04-03,2014-04-08,1001.0,Senate Select Committee on Intelligence; Senate Committee on Appropriations,True,7247000.0,55,0.0,0,,,,0.04511094854913433,0.362239757350315
Ro Khanna,K000389,ORCL,fedtech,2019-09-16,2019-10-16,1001.0,House Committee on Armed Services; House Committee on Oversight and Government Reform,True,7240000.0,36,0.0,0,,,,0.032743695897629044,0.3622286506440609
Ro Khanna,K000389,ORCL,fedtech,2019-09-10,2019-10-16,1001.0,House Committee on Armed Services; House Committee on Oversight and Government Reform,True,7240000.0,36,0.0,0,,,,-0.02415720209122041,0.3622286506440609
Ro Khanna,K000389,ORCL,fedtech,2019-08-12,2019-09-11,1001.0,House Committee on Armed Services; House Committee on Oversight and Government Reform,True,7240000.0,35,0.0,0,,,,0.04826291079812206,0.3622286506440609
Susan M. Collins,C001035,MSFT,fedtech,2014-01-30,2014-02-05,1001.0,Senate Select Committee on Intelligence; Senate Committee on Appropriations,True,7237000.0,56,0.0,0,,,,0.11068909386869241,0.36222388733941213
Susan M. Collins,C001035,MSFT,fedtech,2014-01-29,2014-01-31,1001.0,Senate Select Committee on Intelligence; Senate Committee on Appropriations,True,7237000.0,56,0.0,0,,,,0.10038188761593037,0.36222388733941213
David P. Joyce,J000295,AMZN,fedtech,2017-07-03,2019-05-08,1001.0,House Committee on Appropriations,True,7220000.0,21,0.0,0,,,,0.15898747981460915,0.3621968579265064
Ro Khanna,K000389,AMZN,fedtech,2017-06-12,2017-07-12,1001.0,House Committee on Armed Services; House Committee on Oversight and Government Reform,True,7220000.0,21,0.0,0,,,,0.023100600055963705,0.3621968579265064
David P. Joyce,J000295,AMZN,fedtech,2017-06-28,2017-07-26,1001.0,House Committee on Appropriations,True,7220000.0,21,0.0,0,,,,-0.018074783153090412,0.3621968579265064
Susan M. Collins,C001035,MSFT,fedtech,2014-02-06,2014-02-11,1001.0,Senate Select Committee on Intelligence; Senate Committee on Appropriations,True,7217000.0,54,0.0,0,,,,0.14648977335544489,0.3621920814243675
John F. Reed,R000122,MSFT,fedtech,2014-03-28,2014-04-09,1001.0,Senate Select Committee on Intelligence; Senate Committee on Appropriations; Senate Committee on Armed Services,True,7217000.0,54,0.0,0,,,,0.09106699751861047,0.3621920814243675
Susan M. Collins,C001035,MSFT,fedtech,2014-03-27,2014-04-01,1001.0,Senate Select Committee on Intelligence; Senate Committee on Appropriations,True,7217000.0,54,0.0,0,,,,0.13058943089430897,0.3621920814243675
Joe Courtney,C001069,LMT,defense,2019-12-31,2020-07-29,1001.0,House Committee on Armed Services,True,7199211.0,41,0.0,0,,,,-0.0037752324207713794,0.36216371750139
Ro Khanna,K000389,MSFT,fedtech,2017-02-27,2017-03-14,1001.0,House Committee on Armed Services; House Committee on Oversight and Government Reform,True,7195000.0,70,0.0,0,,,,0.07753386268099005,0.3621569929539601
Thomas Suozzi,S001201,CVS,pharma,2020-03-02,2021-09-23,1001.0,House Committee on Ways and Means,True,7192000.0,33,0.0,0,,,,0.014680618460096717,0.36215219985175995
Patty Murray,M001111,MSFT,fedtech,2017-03-16,2017-03-21,1001.0,Senate Committee on Appropriations,True,7145000.0,69,0.0,0,,,,0.1259282178217822,0.36207684576686505
Ro Khanna,K000389,ORCL,fedtech,2017-05-02,2017-06-12,1001.0,House Committee on Armed Services; House Committee on Oversight and Government Reform,True,7035000.0,40,0.0,0,,,,0.10347883890981602,0.3618985295518732
Patty Murray,M001111,XOM,energy,2017-03-16,2017-03-21,1001.0,Senate Committee on Appropriations,True,6940000.0,22,0.0,0,,,,-0.009625929084927431,0.36174227087282174
Ro Khanna,K000389,GD,defense,2020-02-11,2020-03-09,1001.0,House Committee on Armed Services,True,6933593.0,42,0.0,0,,,,-0.15454156413822606,0.3617316555923167
Gilbert Cisneros,C001123,GD,defense,2020-03-18,2020-04-16,1001.0,House Committee on Armed Services,True,6933593.0,42,0.0,0,,,,0.2262406077119974,0.3617316555923167
Shelley Moore Capito,C001047,GD,defense,2016-04-19,2016-05-04,1001.0,Senate Committee on Appropriations,True,6912143.0,49,0.0,0,,,,0.11910161679713216,0.36169604515829545
Kevin Hern,H001082,UNH,pharma,2024-03-19,2024-04-12,1001.0,House Committee on Ways and Means,True,6890000.0,19,0.0,0,,,,0.16208546176923688,0.36165916812467447
Shelley Moore Capito,C001047,MSFT,fedtech,2020-03-03,2020-04-29,1001.0,Senate Committee on Appropriations,True,6804000.0,51,0.0,0,,,,0.2443012582821713,0.36151481057354107
Ro Khanna,K000389,MSFT,fedtech,2020-03-12,2020-04-20,1001.0,House Committee on Armed Services; House Committee on Oversight and Government Reform,True,6804000.0,51,0.0,0,,,,0.5365309938156191,0.36151481057354107
Gilbert Cisneros,C001123,MSFT,fedtech,2020-03-18,2020-04-16,1001.0,House Committee on Armed Services,True,6804000.0,51,0.0,0,,,,0.4524216524216522,0.36151481057354107
Ro Khanna,K000389,MSFT,fedtech,2020-02-07,2020-03-09,1001.0,House Committee on Armed Services; House Committee on Oversight and Government Reform,True,6794000.0,50,0.0,0,,,,0.024308010223503373,0.3614979065258308
Ro Khanna,K000389,MSFT,fedtech,2020-02-11,2020-03-09,1001.0,House Committee on Armed Services; House Committee on Oversight and Government Reform,True,6794000.0,50,0.0,0,,,,0.06723053567555848,0.3614979065258308
Lois Frankel,F000462,MSFT,fedtech,2014-04-30,2014-05-21,1001.0,House Committee on Appropriations,True,6794000.0,53,0.0,0,,,,0.11089108910891099,0.3614979065258308
Michael T. McCaul,M001157,CVX,energy,2024-08-19,2024-09-16,1001.0,,False,5110000.0,10,20000.0,2,170.0,20000.0,Department of State,0.008717564530409394,0.36149362401192636
Gary Palmer,P000609,MSFT,fedtech,2017-04-04,2018-09-29,1001.0,House Committee on Oversight and Government Reform,True,6775000.0,52,0.0,0,,,,0.09934580861098441,0.36146572017724077
Ro Khanna,K000389,GD,defense,2020-01-08,2020-02-10,1001.0,House Committee on Armed Services,True,6715129.0,40,0.0,0,,,,-0.2956006205673759,0.36136370402745693
Ro Khanna,K000389,MSFT,fedtech,2019-12-27,2020-01-09,1001.0,House Committee on Armed Services; House Committee on Oversight and Government Reform,True,6690000.0,51,0.0,0,,,,0.0949295420231504,0.3613206146336019
Joe Courtney,C001069,MSFT,fedtech,2019-12-31,2020-07-29,1001.0,House Committee on Armed Services,True,6690000.0,51,0.0,0,,,,0.1251109701965758,0.3613206146336019
John Boozman,B001236,CVS,pharma,2026-01-29,2026-02-15,1001.0,Senate Committee on Appropriations,True,6645000.0,22,0.0,0,,,,0.22219236969371314,0.3612430458806658
Richard Dean Mccormick,M001218,NEE,energy,2023-03-15,2025-09-17,1001.0,"House Committee on Science, Space, and Technology",True,6617000.0,37,0.0,0,,,,-0.02396716101694918,0.36119451531875735
John Rutherford,R000609,XOM,energy,2017-07-17,2018-08-20,1001.0,House Committee on Appropriations,True,6610000.0,24,0.0,0,,,,0.017066534751422058,0.3611823505910121
Pete Sessions,S000250,MSFT,fedtech,2017-05-22,2017-05-18,1001.0,House Committee on Oversight and Government Reform,True,6603750.0,51,0.0,0,,,,0.1021183345507668,0.36117147833599916
Pete Sessions,S000250,MSFT,fedtech,2017-06-08,2017-06-12,1001.0,House Committee on Oversight and Government Reform,True,6603750.0,50,0.0,0,,,,0.05628908964558721,0.36117147833599916
Pete Sessions,S000250,MSFT,fedtech,2017-05-18,2017-05-22,1001.0,House Committee on Oversight and Government Reform,True,6603750.0,51,0.0,0,,,,0.1122433909319156,0.36117147833599916
Ro Khanna,K000389,MSFT,fedtech,2017-07-05,2017-08-10,1001.0,House Committee on Armed Services; House Committee on Oversight and Government Reform,True,6543750.0,49,0.0,0,,,,0.21670526925304,0.36106657803073006
John Rutherford,R000609,MSFT,fedtech,2017-07-17,2018-08-20,1001.0,House Committee on Appropriations,True,6528750.0,49,0.0,0,,,,0.14587593728698023,0.3610402026665479
Ro Khanna,K000389,ORCL,fedtech,2019-07-08,2019-08-06,1001.0,House Committee on Armed Services; House Committee on Oversight and Government Reform,True,6500000.0,32,0.0,0,,,,-0.06484125650932304,0.3609894800710223
Pete Sessions,S000250,AMZN,fedtech,2017-03-22,2017-03-22,1001.0,House Committee on Oversight and Government Reform,True,6430000.0,16,0.0,0,,,,0.21300379690116267,0.3608650373716468
John Rutherford,R000609,CVS,pharma,2020-01-15,2020-01-23,1001.0,House Committee on Appropriations,True,6417000.0,31,0.0,0,,,,-0.17218015145476273,0.360841777493189
Sheldon Whitehouse,W000802,CVS,pharma,2019-08-27,2019-10-08,1001.0,Senate Committee on Finance,True,6355000.0,34,0.0,0,,,,0.25832066227403283,0.360730193511288
Kevin Hern,H001082,UNH,pharma,2023-12-12,2024-01-13,1001.0,House Committee on Ways and Means,True,6330000.0,18,0.0,0,,,,-0.17530968262112445,0.36068489167949846
Shelley Moore Capito,C001047,MRK,pharma,2017-09-05,2017-10-16,1001.0,Senate Committee on Appropriations,True,6330000.0,25,0.0,0,,,,-0.11757309022320017,0.36068489167949846
John James,J000307,UNH,pharma,2023-11-10,2024-09-02,1001.0,House Committee on Energy and Commerce,True,6330000.0,18,0.0,0,,,,-0.09619186637349653,0.36068489167949846
Ro Khanna,K000389,ORCL,fedtech,2017-02-27,2017-03-14,1001.0,House Committee on Armed Services; House Committee on Oversight and Government Reform,True,6275000.0,40,0.0,0,,,,0.1885245901639343,0.36058459460651815
Ro Khanna,K000389,ORCL,fedtech,2017-01-24,2017-02-13,1001.0,House Committee on Armed Services; House Committee on Oversight and Government Reform,True,6275000.0,41,0.0,0,,,,0.11795511221945132,0.36058459460651815
Shelley Moore Capito,C001047,MSFT,fedtech,2016-04-19,2016-05-04,1001.0,Senate Committee on Appropriations,True,6260000.0,45,0.0,0,,,,0.02074835963823385,0.3605570882675261
Ro Khanna,K000389,NOC,defense,2019-08-02,2019-09-11,1001.0,House Committee on Armed Services,True,6245000.0,21,0.0,0,,,,0.0016707703130496299,0.3605295159396633
Lois Frankel,F000462,NOC,defense,2019-09-11,2019-09-30,1001.0,House Committee on Appropriations,True,6245000.0,21,0.0,0,,,,0.03764804235753094,0.3605295159396633
John Rutherford,R000609,MRK,pharma,2017-07-17,2018-08-20,1001.0,House Committee on Appropriations,True,6200000.0,23,0.0,0,,,,-0.1217057977958792,0.3604463998375348
Tommy Tuberville,T000278,ABBV,pharma,2022-03-30,2022-04-08,1001.0,"Senate Committee on Health, Education, Labor, and Pensions",True,6190000.0,19,0.0,0,,,,-0.08549618320610686,0.36042784767886316
Kathy Castor,C001066,MRK,pharma,2016-02-12,2016-03-18,1001.0,House Committee on Energy and Commerce,True,6185000.0,24,0.0,0,,,,0.14440138690597593,0.3604185603573079
Katherine M. Clark,C001101,ORCL,fedtech,2020-11-05,2020-12-28,1001.0,,False,6365000.0,36,6359.4400000000005,2,154.0,4239.63,DEPARTMENT OF DEFENSE (DOD),0.23490998941051888,0.3603631709976179
Pete Sessions,S000250,MSFT,fedtech,2015-07-30,2016-05-18,1001.0,House Committee on Oversight and Government Reform,True,6065000.0,47,0.0,0,,,,0.15038395904436852,0.36019338300365455
Robert J. Wittman,W000804,MSFT,fedtech,2015-09-15,2015-10-15,1001.0,House Committee on Armed Services,True,6045000.0,46,0.0,0,,,,0.17417007730786738,0.36015542075689033
Donald Sternoff Beyer Jr,B001292,CVS,pharma,2022-01-13,2022-02-01,1001.0,House Committee on Ways and Means,True,5900000.0,25,0.0,0,,,,-0.07461553066261628,0.3598763792292936
Bill Cassidy,C001075,CVS,pharma,2019-01-25,2019-02-21,1001.0,"Senate Committee on Finance; Senate Committee on Health, Education, Labor, and Pensions",True,5898000.0,28,0.0,0,,,,-0.19480519480519476,0.3598724826163699
Pete Sessions,S000250,MSFT,fedtech,2015-06-12,2016-05-18,1001.0,House Committee on Oversight and Government Reform,True,5890000.0,48,0.0,0,,,,0.022405916902327627,0.359856882940128
Sheldon Whitehouse,W000802,CVS,pharma,2019-05-16,2019-06-11,1001.0,Senate Committee on Finance,True,5885000.0,32,0.0,0,,,,0.22485659655831758,0.35984712237928274
Thomas Suozzi,S001201,CVS,pharma,2021-05-05,2021-09-23,1001.0,House Committee on Ways and Means,True,5880000.0,24,0.0,0,,,,0.047206165703275405,0.3598373535221685
John F. Reed,R000122,MSFT,fedtech,2015-04-23,2015-05-06,1001.0,Senate Select Committee on Intelligence; Senate Committee on Appropriations; Senate Committee on Armed Services,True,5865000.0,50,0.0,0,,,,-0.006229810798338842,0.35980799703187905
Donald Sternoff Beyer Jr,B001292,CVS,pharma,2021-12-21,2022-01-01,1001.0,House Committee on Ways and Means,True,5860000.0,25,0.0,0,,,,0.05804147236829049,0.3597981948481751
Jerry Moran,M000934,XOM,energy,2020-03-10,2020-03-16,1001.0,Senate Committee on Appropriations,True,5790000.0,22,0.0,0,,,,-0.006219765031098778,0.3596600791640766
Ro Khanna,K000389,ORCL,fedtech,2020-02-11,2020-03-09,1001.0,House Committee on Armed Services; House Committee on Oversight and Government Reform,True,5740000.0,32,0.0,0,,,,-0.01885766092475072,0.35956039892376834
Gilbert Cisneros,C001123,ORCL,fedtech,2020-03-18,2020-04-16,1001.0,House Committee on Armed Services,True,5740000.0,31,0.0,0,,,,0.18087581975883227,0.35956039892376834
Patty Murray,M001111,CVX,energy,2017-03-16,2017-03-21,1001.0,Senate Committee on Appropriations,True,5715000.0,15,0.0,0,,,,-0.03170776933061381,0.35951023271731863
Thomas Suozzi,S001201,CVS,pharma,2021-04-05,2021-09-23,1001.0,House Committee on Ways and Means,True,5660000.0,25,0.0,0,,,,0.11940298507462677,0.35939909017558613
Gary Peters,P000595,ABBV,pharma,2015-09-10,2015-09-28,1001.0,Senate Committee on Appropriations,True,5620000.0,17,0.0,0,,,,-0.0659617321248741,0.35931757877279435
Ro Khanna,K000389,ORCL,fedtech,2020-07-28,2020-08-17,1001.0,House Committee on Armed Services; House Committee on Oversight and Government Reform,True,5580000.0,35,0.0,0,,,,0.03721770551038839,0.35923548514086745
Sheldon Whitehouse,W000802,MRK,pharma,2015-07-10,2015-07-21,1001.0,Senate Committee on Finance,True,5490000.0,31,0.0,0,,,,-0.06402070750647115,0.35904860200568356
Lois Frankel,F000462,MRK,pharma,2020-04-15,2020-04-27,1001.0,House Committee on Appropriations,True,5452000.0,39,0.0,0,,,,0.017911538930181603,0.3589687741828128
Julie Johnson,J000310,CEG,energy,2025-02-12,2025-03-12,1001.0,,False,3415000.0,21,1000.0,2,119.0,1000.0,Department of Defense,-0.04276609305290002,0.35882475418141235
Shelley Moore Capito,C001047,UNH,pharma,2023-09-22,2023-10-14,1001.0,Senate Committee on Appropriations,True,5380000.0,18,0.0,0,,,,0.013613910294408171,0.35881598384423274
Kevin Hern,H001082,UNH,pharma,2023-09-19,2023-10-13,1001.0,House Committee on Ways and Means,True,5380000.0,18,0.0,0,,,,0.09212333042067167,0.35881598384423274
Lois Frankel,F000462,MRK,pharma,2020-02-20,2020-03-23,1001.0,House Committee on Appropriations,True,5377000.0,38,0.0,0,,,,-0.05564310825554597,0.35880957328748764
Lois Frankel,F000462,MRK,pharma,2020-02-19,2020-03-23,1001.0,House Committee on Appropriations,True,5377000.0,38,0.0,0,,,,-0.07048780487804884,0.35880957328748764
Jerry Moran,M000934,CVS,pharma,2020-08-21,2020-09-08,1001.0,Senate Committee on Appropriations,True,5340000.0,25,0.0,0,,,,0.07460118861432585,0.35873021434533814
Julia Letlow,L000595,NEE,energy,2024-10-23,2026-01-13,1001.0,House Committee on Appropriations,True,5312500.0,43,0.0,0,,,,-0.17443502824858748,0.35867087431467143
Julia Letlow,L000595,NEE,energy,2024-11-01,2026-01-13,1001.0,House Committee on Appropriations,True,5312500.0,43,0.0,0,,,,-0.07407886231415628,0.35867087431467143
Dan Newhouse,N000189,NEE,energy,2022-03-08,2023-05-26,1001.0,House Committee on Appropriations,True,5232000.0,35,0.0,0,,,,-0.029042098840756703,0.35849538770786743
Lois Frankel,F000462,OXY,energy,2015-10-14,2015-10-19,1001.0,House Committee on Appropriations,True,5227414.0,6,0.0,0,,,,-0.10419485791610283,0.35848530928969663
Greg Landsman,L000601,NEE,energy,2024-09-10,2024-10-14,1001.0,House Committee on Energy and Commerce,True,5210000.0,39,0.0,0,,,,-0.14143377885783714,0.3584469587321649
Gilbert Cisneros,C001123,AMZN,fedtech,2026-04-22,2026-05-08,1001.0,House Committee on Armed Services,True,5135000.0,14,0.0,0,,,,,0.3582803092280237
Kevin Hern,H001082,UNH,pharma,2024-06-25,2024-07-15,1001.0,House Committee on Ways and Means,True,5100000.0,21,0.0,0,,,,0.16540763673890613,0.3582017047048427
Michael Patrick Guest,G000591,NEE,energy,2023-08-07,2023-08-23,1001.0,House Committee on Appropriations,True,5052000.0,37,0.0,0,,,,-0.15166083916083917,0.35809302248227093
Lois Frankel,F000462,NOC,defense,2015-01-07,2015-01-20,1001.0,House Committee on Appropriations,True,5005000.0,25,0.0,0,,,,0.031871974179666474,0.35798559925009177
Gary Peters,P000595,PFE,pharma,2015-09-16,2015-09-28,1001.0,Senate Committee on Appropriations,True,4990000.0,29,0.0,0,,,,-0.06238698010849908,0.35795110279790954
Ro Khanna,K000389,AMZN,fedtech,2023-10-20,2023-11-08,1001.0,House Committee on Armed Services; House Committee on Oversight and Government Reform,True,4970000.0,13,0.0,0,,,,0.33482463849165134,0.35790494587101684
Ro Khanna,K000389,HII,defense,2019-09-16,2019-10-16,1001.0,House Committee on Armed Services,True,4957194.0,17,0.0,0,,,,0.21885385789993705,0.35787529394730844
Jerry Moran,M000934,OXY,energy,2019-09-25,2019-10-21,1001.0,Senate Committee on Appropriations,True,4925799.0,9,0.0,0,,,,-0.06198985219501418,0.3578022744052688
Lois Frankel,F000462,NOC,defense,2015-01-28,2015-02-18,1001.0,House Committee on Appropriations,True,4892500.0,27,0.0,0,,,,0.05467928496319652,0.35772431612562916
Lois Frankel,F000462,NOC,defense,2015-01-21,2015-02-18,1001.0,House Committee on Appropriations,True,4892500.0,27,0.0,0,,,,0.04499481327800825,0.35772431612562916
Katie Britt,B001319,XOM,energy,2025-04-14,2026-01-26,1001.0,Senate Committee on Appropriations,True,4860000.0,17,0.0,0,,,,0.026501595899023123,0.3576477150879537
Susie Lee,L000590,LHX,defense,2019-10-31,2019-12-05,1001.0,House Committee on Appropriations,True,4830000.0,12,0.0,0,,,,-0.041587901701323315,0.35757655040680636
Bruce Westerman,W000821,XOM,energy,2025-03-03,2025-04-16,1001.0,House Committee on Natural Resources,True,4830000.0,16,0.0,0,,,,0.013734224201930045,0.35757655040680636
Sheldon Whitehouse,W000802,MRK,pharma,2015-05-27,2015-06-03,1001.0,Senate Committee on Finance,True,4825000.0,34,0.0,0,,,,-0.14917591658257645,0.35756464666749677
Diana Harshbarger,H001086,NEE,energy,2022-08-12,2022-08-31,1001.0,House Committee on Energy and Commerce,True,4802000.0,37,0.0,0,,,,-0.04332928042445017,0.35750973010654763
Zoe Lofgren,L000397,NEE,energy,2021-09-30,2021-10-07,1001.0,"House Committee on Science, Space, and Technology",True,4787000.0,39,0.0,0,,,,-0.0766683647478349,0.35747377306629075
Ro Khanna,K000389,LHX,defense,2020-01-08,2020-02-10,1001.0,House Committee on Armed Services,True,4780000.0,11,0.0,0,,,,-0.13630555161152913,0.35745695453819726
Jerry Moran,M000934,CVS,pharma,2018-12-19,2019-05-15,1001.0,Senate Committee on Appropriations,True,4750000.0,22,0.0,0,,,,-0.23268698060941828,0.35738459505944276
John Boozman,B001236,CEG,energy,2026-04-02,2026-05-08,1001.0,Senate Committee on Appropriations,True,4740000.0,22,0.0,0,,,,,0.35736037364007833
Ro Khanna,K000389,BA,defense,2019-10-21,2019-11-12,1001.0,House Committee on Armed Services,True,4690000.0,34,0.0,0,,,,0.023621095873859632,0.35723849488159787
Diana Harshbarger,H001086,NEE,energy,2022-06-16,2022-06-29,1001.0,House Committee on Energy and Commerce,True,4602000.0,36,0.0,0,,,,0.012699308593198788,0.35702079805699993
Sheldon Whitehouse,W000802,MRK,pharma,2016-01-14,2016-01-20,1001.0,Senate Committee on Finance,True,4470000.0,28,0.0,0,,,,0.04015444015444025,0.3566863203501023
Kevin Hern,H001082,UNH,pharma,2022-03-22,2022-04-12,1001.0,House Committee on Ways and Means,True,4470000.0,22,0.0,0,,,,0.02800205810179701,0.3566863203501023
Patty Murray,M001111,CVS,pharma,2017-03-16,2017-03-21,1001.0,"Senate Committee on Appropriations; Senate Committee on Health, Education, Labor, and Pensions",True,4450000.0,14,0.0,0,,,,-0.020487682252388062,0.35663478188221304
Bill Cassidy,C001075,JNJ,pharma,2016-03-31,2016-05-02,1001.0,"Senate Committee on Finance; Senate Committee on Health, Education, Labor, and Pensions",True,4440000.0,24,0.0,0,,,,0.15739371534195934,0.3566089257204166
Robert J. Wittman,W000804,CVX,energy,2015-09-15,2015-10-15,1001.0,House Committee on Natural Resources,True,4422500.0,13,0.0,0,,,,0.053906958662692794,0.3565635369937571
Julia Letlow,L000595,UNH,pharma,2024-10-23,2026-01-13,1001.0,House Committee on Appropriations,True,4400000.0,21,0.0,0,,,,-0.11019410597903079,0.35650491542633533
John Boozman,B001236,XOM,energy,2026-01-08,2026-02-15,1001.0,Senate Committee on Appropriations,True,4370000.0,19,0.0,0,,,,0.17622650720039057,0.3564262852972714
Lois Frankel,F000462,OXY,energy,2015-04-15,2015-04-22,1001.0,House Committee on Appropriations,True,4359259.0,4,0.0,0,,,,-0.10526315789473684,0.35639800179479497
Robert J. Wittman,W000804,XOM,energy,2023-04-20,2023-05-07,1001.0,House Committee on Natural Resources,True,4340000.0,19,0.0,0,,,,-0.048426150121065326,0.35634711350990134
Shelley Moore Capito,C001047,JNJ,pharma,2016-04-19,2016-05-04,1001.0,Senate Committee on Appropriations,True,4300000.0,23,0.0,0,,,,0.07658856940007097,0.3562406955366668
Jerry Moran,M000934,JNJ,pharma,2019-09-25,2019-10-21,1001.0,Senate Committee on Appropriations,True,4265000.0,36,0.0,0,,,,0.13390335140087029,0.3561467645843901
Richard W. Allen,A000372,JNJ,pharma,2019-10-02,2023-08-10,1001.0,House Committee on Energy and Commerce,True,4265000.0,36,0.0,0,,,,0.13909090909090915,0.3561467645843901
Dan Newhouse,N000189,XOM,energy,2025-08-18,2025-09-17,1001.0,House Committee on Appropriations,True,4250000.0,18,0.0,0,,,,0.07458770614692667,0.3561062722619741
Susan M. Collins,C001035,CVS,pharma,2015-01-13,2015-01-29,1001.0,"Senate Committee on Appropriations; Senate Committee on Health, Education, Labor, and Pensions",True,4230000.0,13,0.0,0,,,,0.026429452900041284,0.35605205961925673
Dwight Evans,E000296,ABBV,pharma,2022-08-05,2022-08-19,1001.0,House Committee on Ways and Means,True,4170000.0,19,0.0,0,,,,0.18762677484787016,0.35588787027088065
Diana Harshbarger,H001086,ABBV,pharma,2021-10-29,2021-12-30,1001.0,House Committee on Energy and Commerce,True,4140000.0,19,0.0,0,,,,0.2886543995814075,0.35580488753571676
Diana Harshbarger,H001086,ABBV,pharma,2021-12-20,2022-01-24,1001.0,House Committee on Energy and Commerce,True,4140000.0,19,0.0,0,,,,0.19478832339905217,0.35580488753571676
C. Scott Franklin,F000472,UNH,pharma,2024-08-07,2025-07-03,1001.0,House Committee on Appropriations,True,4110000.0,20,0.0,0,,,,0.02277063312605998,0.3557213012845969
Kevin Hern,H001082,UNH,pharma,2022-12-13,2023-01-13,1001.0,House Committee on Ways and Means,True,4100000.0,18,0.0,0,,,,-0.0316413362565493,0.35569330356342616
Bill Cassidy,C001075,JNJ,pharma,2020-03-09,2020-03-27,1001.0,"Senate Committee on Finance; Senate Committee on Health, Education, Labor, and Pensions",True,4020000.0,30,0.0,0,,,,0.04698035766637343,0.35546683202234675
Shelley Moore Capito,C001047,JNJ,pharma,2020-03-03,2020-04-29,1001.0,Senate Committee on Appropriations,True,4020000.0,30,0.0,0,,,,0.03532708901836412,0.35546683202234675
Kevin Hern,H001082,UNH,pharma,2021-12-14,2022-01-11,1001.0,House Committee on Ways and Means,True,3870000.0,23,0.0,0,,,,0.12001001126267052,0.355029780931009
Gary Peters,P000595,CVS,pharma,2016-11-30,2016-12-16,1001.0,Senate Committee on Appropriations,True,3860000.0,13,0.0,0,,,,0.025490961113278532,0.35500004466944496
Lois Frankel,F000462,CVS,pharma,2016-11-16,2016-12-22,1001.0,House Committee on Appropriations,True,3860000.0,12,0.0,0,,,,0.06706008583690992,0.35500004466944496
Bill Cassidy,C001075,CVS,pharma,2016-10-31,2016-11-21,1001.0,"Senate Committee on Finance; Senate Committee on Health, Education, Labor, and Pensions",True,3860000.0,12,0.0,0,,,,-0.04185493460166467,0.35500004466944496
Gary Palmer,P000609,CVS,pharma,2018-07-12,2018-09-29,1001.0,House Committee on Energy and Commerce,True,3853000.0,15,0.0,0,,,,0.17414325636122974,0.3549791834136887
Gary Peters,P000595,CVS,pharma,2018-04-26,2018-05-10,1001.0,Senate Committee on Appropriations,True,3853000.0,16,0.0,0,,,,0.07846848158392783,0.3549791834136887
Bill Cassidy,C001075,CVS,pharma,2018-04-23,2018-05-15,1001.0,"Senate Committee on Finance; Senate Committee on Health, Education, Labor, and Pensions",True,3853000.0,16,0.0,0,,,,0.12195493300852611,0.3549791834136887
Gilbert Cisneros,C001123,CVS,pharma,2025-01-24,2025-02-11,1001.0,,False,6190000.0,19,11250.0,1,175.0,11250.0,Department of Veterans Affairs,0.12447296058661794,0.35497725269768365
Dan Newhouse,N000189,UNH,pharma,2022-08-05,2023-05-26,1001.0,House Committee on Appropriations,True,3850000.0,20,0.0,0,,,,-3.737898553435315e-05,0.35497023127094923
John James,J000307,XOM,energy,2023-11-10,2024-09-02,1001.0,House Committee on Energy and Commerce,True,3850000.0,16,0.0,0,,,,0.050795180722891464,0.35497023127094923
Kevin Hern,H001082,UNH,pharma,2022-09-20,2022-10-10,1001.0,House Committee on Ways and Means,True,3850000.0,19,0.0,0,,,,-0.08905891354246354,0.35497023127094923
Shelley Moore Capito,C001047,CVX,energy,2023-12-01,2024-01-12,1001.0,Senate Committee on Appropriations,True,3820000.0,8,0.0,0,,,,0.09854291830674677,0.3548803242258157
John James,J000307,CVX,energy,2023-11-10,2024-09-02,1001.0,House Committee on Energy and Commerce,True,3820000.0,8,0.0,0,,,,0.06330884924798896,0.3548803242258157
Bill Cassidy,C001075,CVS,pharma,2017-10-25,2017-11-03,1001.0,"Senate Committee on Finance; Senate Committee on Health, Education, Labor, and Pensions",True,3740000.0,15,0.0,0,,,,-0.09969548523765392,0.35463707581018966
John Rutherford,R000609,ABBV,pharma,2017-07-17,2018-08-20,1001.0,House Committee on Appropriations,True,3700000.0,11,0.0,0,,,,0.3033012379642366,0.35451349334454524
Patty Murray,M001111,JNJ,pharma,2017-03-16,2017-03-21,1001.0,"Senate Committee on Appropriations; Senate Committee on Health, Education, Labor, and Pensions",True,3680000.0,29,0.0,0,,,,0.03222793087342346,0.3544512001918184
Lois Frankel,F000462,MRK,pharma,2014-04-24,2014-05-21,1001.0,House Committee on Appropriations,True,3605000.0,19,0.0,0,,,,0.02850686598296548,0.3542145468374862
Gary Palmer,P000609,CVS,pharma,2017-08-07,2018-09-29,1001.0,House Committee on Energy and Commerce,True,3582000.0,15,0.0,0,,,,-0.10250252780586455,0.35414098589496346
Lois Frankel,F000462,MRK,pharma,2014-04-29,2014-05-21,1001.0,House Committee on Appropriations,True,3565000.0,18,0.0,0,,,,0.026566757493188042,0.35408631054531486
Lois Frankel,F000462,JNJ,pharma,2019-12-05,2019-12-20,1001.0,House Committee on Appropriations,True,3550000.0,36,0.0,0,,,,-0.038621381484666206,0.35403785063475934
Ro Khanna,K000389,CVS,pharma,2025-01-22,2025-02-06,1001.0,,False,6190000.0,18,11250.0,1,177.0,11250.0,Department of Veterans Affairs,0.13644083789394212,0.354033994278654
Gary Palmer,P000609,CVS,pharma,2018-08-06,2018-09-29,1001.0,House Committee on Energy and Commerce,True,3522000.0,16,0.0,0,,,,0.2132533825338252,0.35394684177816393
Patty Murray,M001111,MRK,pharma,2017-03-16,2017-03-21,1001.0,"Senate Committee on Appropriations; Senate Committee on Health, Education, Labor, and Pensions",True,3490000.0,24,0.0,0,,,,-0.01745091928949838,0.35384194148685777
Ro Khanna,K000389,ORCL,fedtech,2019-10-21,2019-11-12,1001.0,House Committee on Armed Services; House Committee on Oversight and Government Reform,True,3490000.0,27,0.0,0,,,,0.005804462180301062,0.35384194148685777
Valerie Hoyle,H001094,XOM,energy,2024-10-29,2025-09-12,1001.0,House Committee on Natural Resources,True,3480000.0,18,0.0,0,,,,-0.06667803547066853,0.35380896281757607
Ro Khanna,K000389,RTX,defense,2020-04-14,2020-05-13,1001.0,House Committee on Armed Services,True,3385000.0,53,0.0,0,,,,-0.011987090825264946,0.3534908534970631
Sheldon Whitehouse,W000802,ABBV,pharma,2014-12-18,2015-01-05,1001.0,Senate Committee on Finance,True,3370000.0,22,0.0,0,,,,-0.08289163722025916,0.3534398109634827
Lois Frankel,F000462,MRK,pharma,2014-12-10,2014-12-26,1001.0,House Committee on Appropriations,True,3300000.0,26,0.0,0,,,,-0.04251417139046343,0.3531985685008088
Shelley Moore Capito,C001047,NEE,energy,2018-04-05,2018-05-14,1001.0,Senate Committee on Appropriations,True,3300000.0,31,0.0,0,,,,0.04359756097560985,0.3531985685008088
Ro Khanna,K000389,ACN,fedtech,2022-05-05,2022-06-10,1001.0,House Committee on Armed Services; House Committee on Oversight and Government Reform,True,3280000.0,31,0.0,0,,,,-0.04897890860395049,0.3531287016706753
Ro Khanna,K000389,ACN,fedtech,2022-06-17,2022-07-07,1001.0,House Committee on Armed Services; House Committee on Oversight and Government Reform,True,3280000.0,30,0.0,0,,,,-0.047788510421962305,0.3531287016706753
Ro Khanna,K000389,ACN,fedtech,2022-06-27,2022-07-07,1001.0,House Committee on Armed Services; House Committee on Oversight and Government Reform,True,3280000.0,30,0.0,0,,,,-0.041042990909712196,0.3531287016706753
David P. Joyce,J000295,UNH,pharma,2018-03-29,2019-05-08,1001.0,House Committee on Appropriations,True,3260000.0,22,0.0,0,,,,0.19602803738317753,0.35305840751795436
Bill Cassidy,C001075,OXY,energy,2015-07-08,2015-08-20,1001.0,Senate Committee on Energy and Natural Resources,True,3252515.0,4,0.0,0,,,,0.043700027570995115,0.35303198897520705
Susan M. Collins,C001035,JNJ,pharma,2014-07-23,2014-08-14,1001.0,"Senate Committee on Appropriations; Senate Committee on Health, Education, Labor, and Pensions",True,3240000.0,22,0.0,0,,,,0.05861630296506526,0.3529876807832433
Richard W. Allen,A000372,NEE,energy,2021-03-10,2021-04-06,1001.0,House Committee on Energy and Commerce,True,3235000.0,30,0.0,0,,,,0.008998119795863513,0.35296993088302536
Michael Patrick Guest,G000591,XOM,energy,2023-08-07,2023-08-23,1001.0,House Committee on Appropriations,True,3180000.0,17,0.0,0,,,,-0.06305970149253737,0.3527728510129686
Susan M. Collins,C001035,UNH,pharma,2018-06-04,2018-07-10,1001.0,"Senate Committee on Appropriations; Senate Committee on Health, Education, Labor, and Pensions",True,3140000.0,22,0.0,0,,,,0.10628295793647546,0.35262736732328515
Lois Frankel,F000462,ACN,fedtech,2022-02-22,2022-04-06,1001.0,House Committee on Appropriations,True,3130000.0,31,0.0,0,,,,-0.10809379963252475,0.35259070682014126
Donald Sternoff Beyer Jr,B001292,UNH,pharma,2020-01-09,2020-02-22,1001.0,House Committee on Ways and Means,True,3040000.0,21,0.0,0,,,,-0.02453946026782694,0.3522553912333686
Donald Sternoff Beyer Jr,B001292,UNH,pharma,2019-11-25,2019-12-14,1001.0,House Committee on Ways and Means,True,3040000.0,21,0.0,0,,,,-0.22241483001379703,0.3522553912333686
Donald Sternoff Beyer Jr,B001292,UNH,pharma,2019-12-23,2020-01-02,1001.0,House Committee on Ways and Means,True,3040000.0,21,0.0,0,,,,-0.07082584974075701,0.3522553912333686
Donald Sternoff Beyer Jr,B001292,UNH,pharma,2019-11-19,2019-12-14,1001.0,House Committee on Ways and Means,True,3040000.0,21,0.0,0,,,,-0.2084746380775262,0.3522553912333686
Donald Sternoff Beyer Jr,B001292,UNH,pharma,2019-12-09,2019-12-14,1001.0,House Committee on Ways and Means,True,3040000.0,21,0.0,0,,,,-0.10629098508323132,0.3522553912333686
Shelley Moore Capito,C001047,UNH,pharma,2020-12-31,2021-01-12,1001.0,Senate Committee on Appropriations,True,2945000.0,23,0.0,0,,,,0.13721911714383483,0.3518905016080746
Donald Sternoff Beyer Jr,B001292,UNH,pharma,2020-11-02,2020-12-01,1001.0,House Committee on Ways and Means,True,2900000.0,22,0.0,0,,,,0.07222044216597223,0.35171353058451993
Ro Khanna,K000389,HII,defense,2018-05-08,2018-06-08,1001.0,House Committee on Armed Services,True,2894289.0,15,0.0,0,,,,0.10261034218475262,0.351690874871724
Gary Peters,P000595,CVS,pharma,2016-10-17,2016-11-08,1001.0,Senate Committee on Appropriations,True,2888247.0,11,0.0,0,,,,-0.09219939995384252,0.3516668573542254
Josh Gottheimer,G000583,IBM,fedtech,2022-05-26,2022-06-16,1001.0,House Permanent Select Committee on Intelligence,True,2880000.0,5,0.0,0,,,,-0.10358682153553944,0.3516339935357373
Ro Khanna,K000389,IBM,fedtech,2022-05-05,2022-06-10,1001.0,House Committee on Armed Services; House Committee on Oversight and Government Reform,True,2880000.0,5,0.0,0,,,,-0.05981459682165968,0.3516339935357373
Josh Gottheimer,G000583,IBM,fedtech,2022-07-19,2022-08-29,1001.0,House Permanent Select Committee on Intelligence,True,2880000.0,4,0.0,0,,,,0.10421760391198065,0.3516339935357373
Shelley Moore Capito,C001047,NEE,energy,2018-04-24,2018-05-14,1001.0,Senate Committee on Appropriations,True,2860000.0,27,0.0,0,,,,0.058827156687426996,0.35155390221752897
Ro Khanna,K000389,LHX,defense,2020-02-11,2020-03-09,1001.0,House Committee on Armed Services,True,2740000.0,14,0.0,0,,,,-0.09342105263157896,0.3510612671956553
Lois Frankel,F000462,MRK,pharma,2014-08-13,2014-08-25,1001.0,House Committee on Appropriations,True,2735000.0,18,0.0,0,,,,0.02575626620570448,0.35104027530405085
Lois Frankel,F000462,MRK,pharma,2014-09-03,2014-09-23,1001.0,House Committee on Appropriations,True,2735000.0,18,0.0,0,,,,-0.05439814814814814,0.35104027530405085
Lois Frankel,F000462,MRK,pharma,2014-08-20,2014-09-23,1001.0,House Committee on Appropriations,True,2735000.0,18,0.0,0,,,,-0.00840618695359785,0.35104027530405085
Lois Frankel,F000462,MRK,pharma,2014-09-22,2014-10-21,1001.0,House Committee on Appropriations,True,2735000.0,18,0.0,0,,,,0.03350940904588984,0.35104027530405085
Ro Khanna,K000389,HII,defense,2018-02-27,2018-03-09,1001.0,House Committee on Armed Services,True,2524810.0,16,0.0,0,,,,-0.1906682904551682,0.35012122581255334
Shelley Moore Capito,C001047,NEE,energy,2017-09-05,2017-10-16,1001.0,Senate Committee on Appropriations,True,2520000.0,32,0.0,0,,,,0.01024890190336758,0.350099309577292
Tommy Tuberville,T000278,IBM,fedtech,2022-01-12,2022-02-14,1001.0,Senate Committee on Armed Services,True,2470000.0,6,0.0,0,,,,-0.005165057264765349,0.34986898008406486
Gary Peters,P000595,IBM,fedtech,2022-01-03,2022-01-08,1001.0,Senate Committee on Appropriations; Senate Committee on Armed Services; Senate Committee on Homeland Security and Governmental Affairs,True,2470000.0,6,0.0,0,,,,-0.025874742722728494,0.34986898008406486
Zoe Lofgren,L000397,NEE,energy,2017-10-27,2017-11-14,1001.0,"House Committee on Science, Space, and Technology",True,2470000.0,31,0.0,0,,,,-0.007636036960985582,0.34986898008406486
Ro Khanna,K000389,MRNA,pharma,2024-01-10,2024-02-05,1001.0,,False,330000.0,10,25343.0,2,141.0,17182.0,Department of Health and Human Services,0.12086606979718617,0.34983373249698335
Shelley Moore Capito,C001047,OXY,energy,2017-09-08,2017-10-06,1001.0,Senate Committee on Appropriations,True,2410334.0,8,0.0,0,,,,0.24817397078353243,0.34958794239075686
John Rutherford,R000609,OXY,energy,2017-07-17,2018-08-20,1001.0,House Committee on Appropriations,True,2390400.0,8,0.0,0,,,,0.12125249833444363,0.3494924970224783
Ro Khanna,K000389,LHX,defense,2019-01-18,2019-02-12,1001.0,House Committee on Armed Services,True,2350000.0,12,0.0,0,,,,,0.3492965934121841
Shelley Moore Capito,C001047,NEE,energy,2016-04-19,2016-05-04,1001.0,Senate Committee on Appropriations,True,2310000.0,25,0.0,0,,,,0.06519898391193912,0.3490992828713291
Angus King,K000383,XOM,energy,2025-07-21,2025-08-18,1001.0,Senate Committee on Energy and Natural Resources,True,2150000.0,11,0.0,0,,,,0.10161962054604357,0.34827431492613425
Ro Khanna,K000389,LHX,defense,2018-02-27,2018-03-09,1001.0,House Committee on Armed Services,True,2130000.0,10,0.0,0,,,,,0.34816690240332
Ro Khanna,K000389,LHX,defense,2018-10-17,2018-11-09,1001.0,House Committee on Armed Services,True,1880000.0,9,0.0,0,,,,,0.34673199204130256
Robert J. Wittman,W000804,NEE,energy,2015-09-15,2015-10-15,1001.0,House Committee on Natural Resources,True,1760000.0,25,0.0,0,,,,0.0871869479372338,0.34597393346753913
Ro Khanna,K000389,PFE,pharma,2020-09-23,2020-10-21,1001.0,,False,6510000.0,39,5064.7300000000005,17,180.0,1755.28,DEPARTMENT OF DEFENSE (DOD),0.013333333333333197,0.34454349856996175
Ro Khanna,K000389,TXT,defense,2020-02-11,2020-03-09,1001.0,House Committee on Armed Services,True,1410000.0,10,0.0,0,,,,-0.2856565656565657,0.3434256462828653
William R. Timmons Iv,T000480,JNJ,pharma,2020-05-28,2020-08-07,1001.0,,False,4470000.0,30,4450.28,1,174.0,4450.28,DEPARTMENT OF DEFENSE (DOD),-0.008913383683744946,0.34161286428752247
Gilbert Cisneros,C001123,AVAV,defense,2025-10-03,2025-11-18,1001.0,House Committee on Armed Services,True,960000.0,14,0.0,0,,,,-0.27933482810164423,0.33900758274656395
Gilbert Cisneros,C001123,AVAV,defense,2025-12-15,2026-01-12,1001.0,House Committee on Armed Services,True,690000.0,10,0.0,0,,,,-0.17338092809790917,0.33521209936241697
Sheldon Whitehouse,W000802,CVS,pharma,2014-09-18,2014-09-19,1001.0,Senate Committee on Finance,True,420000.0,11,0.0,0,,,,0.21630943582163087,0.3295065303271568
Ro Khanna,K000389,MRNA,pharma,2023-11-03,2023-12-06,1001.0,,False,300000.0,9,0.0,1,61.0,0.0,Department of Veterans Affairs,0.23823036244034568,0.32796266303288013
Susie Lee,L000590,BAH,fedtech,2021-08-20,2021-09-10,1001.0,House Committee on Appropriations,True,330000.0,5,0.0,0,,,,-0.01288753799392095,0.32673484740191283
Susie Lee,L000590,BAH,fedtech,2021-09-24,2021-10-12,1001.0,House Committee on Appropriations,True,330000.0,5,0.0,0,,,,0.09540055597675012,0.32673484740191283
Sheldon Whitehouse,W000802,CVS,pharma,2014-04-29,2014-05-15,1001.0,Senate Committee on Finance,True,260000.0,6,0.0,0,,,,0.08112154620933731,0.32399478418641625
Susan M. Collins,C001035,CVS,pharma,2014-01-30,2014-02-05,1001.0,"Senate Committee on Appropriations; Senate Committee on Health, Education, Labor, and Pensions",True,260000.0,6,0.0,0,,,,0.15772357723577213,0.32399478418641625
Mo Brooks,B001274,PFE,pharma,2020-09-16,2020-11-08,1001.0,,False,6510000.0,39,356.3,6,180.0,150.8,DEPARTMENT OF DEFENSE (DOD),-0.0008156606851550396,0.3156538879376879
Susie Lee,L000590,LDOS,defense,2021-06-10,2021-07-13,1001.0,House Committee on Appropriations,True,70000.0,2,0.0,0,,,,-0.07311586051743546,0.3089138650943819
Susie Lee,L000590,LDOS,defense,2020-10-02,2020-12-08,1001.0,House Committee on Appropriations,True,60000.0,2,0.0,0,,,,0.16229671423830072,0.30714222919071543
Ro Khanna,K000389,LDOS,defense,2020-04-14,2020-05-13,1001.0,House Committee on Armed Services,True,60000.0,2,0.0,0,,,,-0.012137700115098848,0.30714222919071543
Susie Lee,L000590,LDOS,defense,2020-08-03,2020-10-07,1001.0,House Committee on Appropriations,True,60000.0,2,0.0,0,,,,0.0339776195320447,0.30714222919071543
Susie Lee,L000590,LDOS,defense,2020-10-19,2020-12-08,1001.0,House Committee on Appropriations,True,30000.0,1,0.0,0,,,,0.21838814265863826,0.2991760374536177
Ro Khanna,K000389,MRNA,pharma,2022-06-27,2022-07-07,1001.0,,False,350000.0,6,0.0,1,95.0,0.0,DEPARTMENT OF HEALTH AND HUMAN SERVICES (HHS),-0.060470555861310005,0.2818108151441288
Suzan K. Delbene,D000617,MSFT,fedtech,2019-09-03,2019-10-15,5000001.0,,False,6995000.0,55,0.0,0,,,,0.18068215230814477,0.2811387693628008
Nancy Pelosi,P000197,AMZN,fedtech,2020-01-16,2020-02-11,1000001.0,,False,8990000.0,15,0.0,0,,,,0.28320393622799456,0.2709232612732255
Ro Khanna,K000389,MRNA,pharma,2022-06-16,2022-07-07,1001.0,,False,350000.0,6,0.0,1,106.0,0.0,DEPARTMENT OF HEALTH AND HUMAN SERVICES (HHS),0.10670630987776675,0.2697998047617694
Nancy Pelosi,P000197,AMZN,fedtech,2018-10-12,2018-11-08,1000001.0,,False,7810000.0,15,0.0,0,,,,-0.1104824416725837,0.2693060970727236
Nancy Pelosi,P000197,AMZN,fedtech,2021-05-21,2021-07-02,500001.0,,False,10490000.0,22,0.0,0,,,,0.04765725489216632,0.26705519329315125
Nancy Pelosi,P000197,AMZN,fedtech,2026-01-16,2026-01-23,500001.0,,False,10310000.0,26,0.0,0,,,,0.10764469722315151,0.2668562699716261
Nancy Pelosi,P000197,AMZN,fedtech,2018-07-27,2018-09-06,500001.0,,False,7810000.0,15,0.0,0,,,,-0.12983211080356793,0.263664539828122
Nancy Pelosi,P000197,MSFT,fedtech,2020-02-21,2020-04-01,500001.0,,False,6804000.0,51,0.0,0,,,,0.12307520017918128,0.2620797124764646
Suzan K. Delbene,D000617,MSFT,fedtech,2020-03-02,2020-04-14,500001.0,,False,6804000.0,51,0.0,0,,,,0.1777880664390301,0.2620797124764646
Nancy Pelosi,P000197,AMZN,fedtech,2025-01-14,2025-01-17,250001.0,,False,10720000.0,32,0.0,0,,,,-0.034487509184423226,0.2616629222513557
Michael T. McCaul,M001157,AMZN,fedtech,2020-01-14,2020-02-19,250001.0,,False,8990000.0,15,0.0,0,,,,0.266646696336871,0.25964016306201604
Ro Khanna,K000389,NEE,energy,2025-02-04,2025-03-06,1001.0,,False,5539140.0,42,0.0,1,161.0,0.0,Department of Defense,-0.0002861230329043174,0.2592947518626518
Cleo Fields,F000110,AMZN,fedtech,2025-07-29,2025-08-06,100001.0,,False,14570000.0,27,0.0,0,,,,-0.008008311328513873,0.25773195088432077
Cleo Fields,F000110,AMZN,fedtech,2025-08-01,2025-09-03,100001.0,,False,14570000.0,27,0.0,0,,,,0.08908032596041915,0.25773195088432077
Cleo Fields,F000110,AMZN,fedtech,2025-06-05,2025-07-01,100001.0,,False,14525000.0,27,0.0,0,,,,0.055793372132172614,0.25769639919836806
Cleo Fields,F000110,AMZN,fedtech,2025-06-30,2025-07-01,100001.0,,False,14525000.0,27,0.0,0,,,,0.04494279593418127,0.25769639919836806
Cleo Fields,F000110,AMZN,fedtech,2025-06-25,2025-07-01,100001.0,,False,14525000.0,27,0.0,0,,,,0.04292655313929905,0.25769639919836806
Cleo Fields,F000110,AMZN,fedtech,2025-07-16,2025-08-06,100001.0,,False,14485000.0,26,0.0,0,,,,0.0644742147945696,0.25766470511178324
Ro Khanna,K000389,LLY,pharma,2025-04-04,2025-05-12,1001.0,,False,5860000.0,17,0.0,1,166.0,0.0,Department of Veterans Affairs,0.04170899879438106,0.25723213598589306
Nancy Pelosi,P000197,AMZN,fedtech,2019-07-22,2019-08-13,500001.0,,False,4440000.0,8,0.0,0,,,,-0.11726253128729924,0.2571738276233402
Nancy Pelosi,P000197,MSFT,fedtech,2020-02-20,2020-04-01,250001.0,,False,6804000.0,51,0.0,0,,,,0.058182409716950545,0.25643817150985676
Kevin Hern,H001082,MSFT,fedtech,2020-03-26,2020-04-16,250001.0,,False,6804000.0,51,0.0,0,,,,0.2894753699314585,0.25643817150985676
Suzan K. Delbene,D000617,MSFT,fedtech,2016-08-31,2016-09-12,250001.0,,False,6420000.0,52,0.0,0,,,,0.09467455621301779,0.2557705102734287
Michael T. McCaul,M001157,AMZN,fedtech,2021-08-18,2021-09-29,100001.0,,False,10505000.0,25,0.0,0,,,,0.055041515422245224,0.25397241802587217
Michael T. McCaul,M001157,AMZN,fedtech,2021-06-07,2021-07-16,100001.0,,False,10490000.0,22,0.0,0,,,,0.007188845563334878,0.25395599545499714
Markwayne Mullin,M001190,AMZN,fedtech,2025-12-29,2026-01-16,100001.0,,False,10470000.0,28,0.0,0,,,,0.11905890464084101,0.253934062126661
Nancy Pelosi,P000197,AMZN,fedtech,2025-12-30,2026-01-23,100001.0,,False,10470000.0,28,0.0,0,,,,0.13120887627402933,0.253934062126661
Michael T. McCaul,M001157,ORCL,fedtech,2016-02-19,2016-03-18,100001.0,,False,10330000.0,41,0.0,0,,,,0.0802066340402392,0.2537793455135885
Cleo Fields,F000110,AMZN,fedtech,2025-09-03,2025-09-30,100001.0,,False,10190000.0,26,0.0,0,,,,0.0022567370237620565,0.25362251769277866
Michael T. McCaul,M001157,AMZN,fedtech,2022-12-02,2023-01-19,50001.0,,False,15725000.0,27,0.0,0,,,,0.08796345479655798,0.2529673133709103
Michael T. McCaul,M001157,AMZN,fedtech,2022-11-15,2022-12-22,50001.0,,False,15650000.0,25,0.0,0,,,,-0.02769355164746301,0.25291236636143455
Kevin Hern,H001082,AMZN,fedtech,2020-03-26,2020-04-16,100001.0,,False,9280000.0,15,0.0,0,,,,0.5386987404691408,0.252547395897768
Marjorie Taylor Greene,G000596,NEE,energy,2025-01-21,2025-01-27,1001.0,,False,5539140.0,42,0.0,1,175.0,0.0,Department of Defense,0.009738884968242933,0.2520710214689686
Cleo Fields,F000110,AMZN,fedtech,2025-06-09,2025-07-01,50001.0,,False,14525000.0,27,0.0,0,,,,0.02212185454880644,0.25205498845219454
Michael T. McCaul,M001157,CVS,pharma,2015-03-24,2015-04-16,100001.0,,False,8210000.0,9,0.0,0,,,,0.06211120681404925,0.2511393968977259
Michael T. McCaul,M001157,AMZN,fedtech,2018-11-01,2018-12-22,100001.0,,False,7950000.0,13,0.0,0,,,,0.00372253877144213,0.2507695387861202
Ro Khanna,K000389,MRNA,pharma,2023-08-29,2023-09-06,1001.0,,False,350000.0,8,0.0,1,127.0,0.0,Department of Veterans Affairs,-0.13156306578153287,0.25057275195307754
Michael T. McCaul,M001157,UNH,pharma,2025-05-20,2025-06-09,50001.0,,False,12540000.0,24,0.0,0,,,,0.062286211829093885,0.25036610882487387
Kevin Hern,H001082,NEE,energy,2021-05-18,2021-06-15,250001.0,,False,3641000.0,35,0.0,0,,,,0.1704246783787522,0.24925210968099704
Michael T. McCaul,M001157,UNH,pharma,2024-02-21,2024-03-15,100001.0,,False,6890000.0,19,0.0,0,,,,-0.07174741843400967,0.24912487218944387
Nancy Pelosi,P000197,MSFT,fedtech,2020-02-28,2020-04-01,100001.0,,False,6804000.0,51,0.0,0,,,,0.2248626627985928,0.24898051463831045
Michael T. McCaul,M001157,MSFT,fedtech,2017-05-04,2017-06-15,100001.0,,False,6573750.0,51,0.0,0,,,,0.07455311727946512,0.24858485192942714
Michael T. McCaul,M001157,AMZN,fedtech,2023-02-01,2023-03-14,50001.0,,False,10730000.0,27,0.0,0,,,,0.1675701378982406,0.2485745707748179
Kevin Hern,H001082,AMZN,fedtech,2021-07-30,2021-09-15,50001.0,,False,10635000.0,26,0.0,0,,,,0.07031515300863367,0.24847236174593257
Michael T. McCaul,M001157,AMZN,fedtech,2021-09-02,2021-10-20,50001.0,,False,10505000.0,24,0.0,0,,,,-0.03718612118552056,0.24833100727969867
Michael T. McCaul,M001157,AMZN,fedtech,2021-05-26,2021-06-17,50001.0,,False,10490000.0,22,0.0,0,,,,0.04619681730757441,0.24831458470882362
Michael T. McCaul,M001157,AMZN,fedtech,2021-04-29,2021-05-26,50001.0,,False,10490000.0,21,0.0,0,,,,-0.03505304913706919,0.24831458470882362
Suzan K. Delbene,D000617,MSFT,fedtech,2016-08-29,2016-09-12,100001.0,,False,6370000.0,51,0.0,0,,,,0.08915662650602418,0.24822299321104432
Michael T. McCaul,M001157,AMZN,fedtech,2021-02-05,2021-03-30,50001.0,,False,10190000.0,15,0.0,0,,,,-0.04598242918723805,0.2479811069466052
Cleo Fields,F000110,AMZN,fedtech,2025-08-15,2025-09-03,50001.0,,False,10190000.0,26,0.0,0,,,,-0.03674847422412675,0.2479811069466052
Cleo Fields,F000110,AMZN,fedtech,2025-09-10,2025-09-30,50001.0,,False,10190000.0,26,0.0,0,,,,0.06929188555550714,0.2479811069466052
Markwayne Mullin,M001190,AMZN,fedtech,2023-09-13,2023-10-12,50001.0,,False,10060000.0,26,0.0,0,,,,0.07131515360717988,0.24783353969783076
Suzan K. Delbene,D000617,MSFT,fedtech,2015-08-31,2015-09-14,100001.0,,False,6045000.0,46,0.0,0,,,,0.2994025735294117,0.2476211248216597
Rodney Leland Blum,B001294,XOM,energy,2016-09-26,2016-10-14,100001.0,,False,6000000.0,22,0.0,0,,,,0.024440163737057485,0.2475352485086782
Ro Khanna,K000389,UNH,pharma,2023-03-14,2023-04-07,50001.0,,False,9620000.0,19,0.0,0,,,,-0.027723965732489586,0.24731953670298742
Kelly Loeffler,L000594,ORCL,fedtech,2020-02-14,2020-03-12,100001.0,,False,5740000.0,32,0.0,0,,,,-0.040021633315305505,0.24702610298853772
K. Michael Conaway,C001062,AMZN,fedtech,2020-05-19,2020-06-09,50001.0,,False,9330000.0,14,0.0,0,,,,0.2567110189317079,0.24696774274469444
K. Michael Conaway,C001062,AMZN,fedtech,2020-07-01,2020-09-04,50001.0,,False,9260000.0,13,0.0,0,,,,0.11543752388230799,0.24688118889512195
Pete Sessions,S000250,BA,defense,2017-01-04,2017-01-23,50001.0,,False,9195000.0,40,0.0,0,,,,0.15414197453032408,0.2468002295869877
Kelly Loeffler,L000594,CVX,energy,2020-03-10,2020-03-31,100001.0,,False,5420000.0,16,0.0,0,,,,0.01612144033890317,0.24636682207256122
Kelly Loeffler,L000594,CVX,energy,2020-03-16,2020-05-01,100001.0,,False,5420000.0,16,0.0,0,,,,0.26757532281205143,0.24636682207256122
Pete Sessions,S000250,LMT,defense,2017-05-12,2017-06-05,50001.0,,False,8838900.0,50,0.0,0,,,,0.12246553122465542,0.24634628331333636
Michael T. McCaul,M001157,AMZN,fedtech,2019-04-30,2019-05-15,50001.0,,False,8580000.0,15,0.0,0,,,,-0.0842295953325165,0.24600461162755072
Michael T. McCaul,M001157,AMZN,fedtech,2019-05-06,2019-05-15,50001.0,,False,8580000.0,15,0.0,0,,,,-0.0823921458050293,0.24600461162755072
Michael T. McCaul,M001157,AMZN,fedtech,2019-02-04,2019-03-26,50001.0,,False,8220000.0,14,0.0,0,,,,0.05892941327733259,0.24551197648834708
Michael T. McCaul,M001157,AMZN,fedtech,2019-03-20,2019-04-30,50001.0,,False,8220000.0,14,0.0,0,,,,0.10050242868350323,0.24551197648834708
Michael T. McCaul,M001157,AMZN,fedtech,2019-03-05,2019-03-26,50001.0,,False,8220000.0,14,0.0,0,,,,0.14568992513722878,0.24551197648834708
Scott H. Peters,P000608,BA,defense,2015-06-26,2015-07-28,15001.0,,False,18778000.0,41,0.0,0,,,,0.02961819202695115,0.2452081155741135
Scott H. Peters,P000608,BA,defense,2015-06-23,2015-07-28,15001.0,,False,18778000.0,41,0.0,0,,,,-0.022433012532022456,0.2452081155741135
Scott H. Peters,P000608,BA,defense,2015-07-10,2015-08-16,15001.0,,False,18618000.0,36,0.0,0,,,,0.010382059800664534,0.24510976810445617
Barbara J Comstock,C001105,AMZN,fedtech,2018-03-09,2018-03-19,50001.0,,False,7910000.0,19,0.0,0,,,,0.10141935156977344,0.24507015535608323
Michael T. McCaul,M001157,CVX,energy,2015-02-13,2015-03-18,50001.0,,False,7298000.0,13,0.0,0,,,,-0.11961340663238162,0.24414464860167762
Markwayne Mullin,M001190,UNH,pharma,2026-02-25,2026-03-10,50001.0,,False,7090000.0,24,0.0,0,,,,0.4621041520056297,0.24381232679915008
Michael T. McCaul,M001157,CVX,energy,2014-12-19,2015-01-21,50001.0,,False,6960000.0,14,0.0,0,,,,-0.023377313379969844,0.24359963776820712
Bill Flores,F000461,LMT,defense,2014-06-10,2014-07-10,15001.0,,False,16268497.0,68,0.0,0,,,,0.05384247639536266,0.24355937352651205
Michael T. McCaul,M001157,CVS,pharma,2025-01-13,2025-02-11,100001.0,,False,4150000.0,15,0.0,0,,,,0.17430124223602483,0.24329831913838346
Michael T. McCaul,M001157,AMZN,fedtech,2022-12-21,2023-01-19,15001.0,,False,15725000.0,27,0.0,0,,,,0.1963812377549845,0.2431688538457503
Thomas Macarthur,M001193,CVX,energy,2017-01-12,2017-02-08,100001.0,,False,4090000.0,13,0.0,0,,,,-0.08780991735537191,0.2431309415364702
Michael T. McCaul,M001157,JNJ,pharma,2015-02-06,2015-02-12,100001.0,,False,4067500.0,21,0.0,0,,,,-0.031058358061325397,0.24306754111240836
Michael T. McCaul,M001157,JNJ,pharma,2015-01-20,2015-02-12,100001.0,,False,4067500.0,21,0.0,0,,,,0.022805805114028965,0.24306754111240836
Marie Newman,N000192,AMZN,fedtech,2021-10-29,2021-12-08,15001.0,,False,15510000.0,27,0.0,0,,,,-0.08930355856163064,0.243010630882765
Michael T. McCaul,M001157,MSFT,fedtech,2017-06-05,2017-07-27,50001.0,,False,6603750.0,50,0.0,0,,,,0.027393469839513074,0.24299577165459504
Michael T. McCaul,M001157,MSFT,fedtech,2017-06-01,2017-07-27,50001.0,,False,6603750.0,50,0.0,0,,,,0.06262482168330963,0.24299577165459504
Alan S. Lowenthal,L000579,LMT,defense,2016-08-10,2016-08-13,15001.0,,False,15489801.0,62,0.0,0,,,,-0.007845388442403456,0.24299565347240806
Michael T. McCaul,M001157,OXY,energy,2024-01-29,2024-02-13,50001.0,,False,6580000.0,9,0.0,0,,,,0.06853315012023353,0.2429543630313712
Michael T. McCaul,M001157,OXY,energy,2024-02-01,2024-03-15,50001.0,,False,6580000.0,9,0.0,0,,,,0.0903698534542916,0.2429543630313712
Michael T. McCaul,M001157,MSFT,fedtech,2017-05-05,2017-06-15,50001.0,,False,6573750.0,51,0.0,0,,,,0.06681159420289862,0.24294344118325364
Ro Khanna,K000389,PFE,pharma,2019-07-08,2019-08-06,15001.0,,False,15290000.0,42,0.0,0,,,,-0.1344110854503464,0.2428464415059569
Michael T. McCaul,M001157,CVS,pharma,2023-01-05,2023-02-15,50001.0,,False,6460000.0,22,0.0,0,,,,-0.21857379767827523,0.24274282835025082
Thomas Macarthur,M001193,CVS,pharma,2017-01-11,2017-02-08,100001.0,,False,3900000.0,14,0.0,0,,,,-0.005920019330675319,0.24258423492480702
Markwayne Mullin,M001190,AMZN,fedtech,2025-02-13,2025-02-27,15001.0,,False,14910000.0,31,0.0,0,,,,-0.07930720145852332,0.24255719689325542
Michael T. McCaul,M001157,AMZN,fedtech,2025-04-08,2025-05-12,15001.0,,False,14910000.0,31,0.0,0,,,,0.30264854095863125,0.24255719689325542
Greg Landsman,L000601,AMZN,fedtech,2025-02-20,2025-03-05,15001.0,,False,14910000.0,31,0.0,0,,,,-0.05917982770997843,0.24255719689325542
Bruce Westerman,W000821,AMZN,fedtech,2025-03-03,2025-04-16,15001.0,,False,14910000.0,31,0.0,0,,,,0.07530972588040186,0.24255719689325542
Michael T. McCaul,M001157,CVS,pharma,2019-08-19,2019-10-15,50001.0,,False,6355000.0,34,0.0,0,,,,0.19482000325785953,0.2425544868298839
Tommy Tuberville,T000278,CVX,energy,2023-12-13,2024-01-12,100001.0,,False,3820000.0,8,0.0,0,,,,0.11949381093976874,0.24234602829058516
Brian Mast,M001199,CVS,pharma,2019-04-11,2019-05-08,50001.0,,False,5918000.0,28,0.0,0,,,,0.12526096033402934,0.2417356827416249
Scott H. Peters,P000608,MSFT,fedtech,2015-06-26,2015-07-28,50001.0,,False,5890000.0,47,0.0,0,,,,0.1986301369863015,0.24168117625872393
Michael T. McCaul,M001157,CVS,pharma,2019-05-08,2019-06-27,50001.0,,False,5885000.0,32,0.0,0,,,,0.1259418729817008,0.24167141569787862
Gilbert Cisneros,C001123,XOM,energy,2026-02-10,2026-03-09,50001.0,,False,5830000.0,17,0.0,0,,,,-0.006398838973547094,0.2415634988515216
Scott H. Peters,P000608,MSFT,fedtech,2015-07-10,2015-08-16,50001.0,,False,5815000.0,45,0.0,0,,,,0.21407756108495857,0.2415338902657613
Michael T. McCaul,M001157,ORCL,fedtech,2016-06-06,2016-06-16,50001.0,,False,5720000.0,39,0.0,0,,,,-0.014452332657200806,0.2413445768101856
Michael T. McCaul,M001157,ORCL,fedtech,2016-05-06,2016-06-16,50001.0,,False,5720000.0,38,0.0,0,,,,0.04668865770109121,0.2413445768101856
Michael T. McCaul,M001157,UNH,pharma,2020-06-25,2020-07-22,100001.0,,False,3410000.0,20,0.0,0,,,,0.11606238606441166,0.24104112790864815
Michael T. McCaul,M001157,UNH,pharma,2020-06-29,2020-07-22,100001.0,,False,3410000.0,20,0.0,0,,,,0.10612230811706236,0.24104112790864815
James M. Inhofe,I000024,MRK,pharma,2015-07-09,2015-07-15,50001.0,,False,5490000.0,32,0.0,0,,,,-0.04827466016033466,0.24087289532427944
David Perdue,P000612,MRK,pharma,2018-01-16,2018-02-01,100001.0,,False,3320000.0,25,0.0,0,,,,-0.03737715482519732,0.24073371723718925
Kelly Loeffler,L000594,CVX,energy,2020-04-07,2020-05-01,50001.0,,False,5420000.0,16,0.0,0,,,,0.07760751359367268,0.24072541132638772
Kelly Loeffler,L000594,CVX,energy,2020-03-20,2020-05-01,50001.0,,False,5420000.0,16,0.0,0,,,,0.4357635965650781,0.24072541132638772
Ro Khanna,K000389,MRK,pharma,2020-04-07,2020-05-13,50001.0,,False,5377000.0,38,0.0,0,,,,0.03920570264765777,0.24063386660608355
Michael T. McCaul,M001157,UNH,pharma,2025-05-16,2025-06-09,15001.0,,False,12540000.0,24,0.0,0,,,,0.19177143640163052,0.2405676492997139
Tim Moore,M001236,UNH,pharma,2025-07-16,2025-08-05,15001.0,,False,12540000.0,24,0.0,0,,,,0.13685937980785656,0.2405676492997139
Ro Khanna,K000389,UNH,pharma,2025-07-01,2025-08-07,15001.0,,False,12540000.0,24,0.0,0,,,,0.08928680934567979,0.2405676492997139
Ro Khanna,K000389,UNH,pharma,2025-06-23,2025-07-09,15001.0,,False,12540000.0,24,0.0,0,,,,0.21514566981508576,0.2405676492997139
Marjorie Taylor Greene,G000596,UNH,pharma,2025-05-14,2025-05-19,15001.0,,False,12540000.0,24,0.0,0,,,,0.14804714132658048,0.2405676492997139
Michael T. McCaul,M001157,UNH,pharma,2025-04-24,2025-05-12,15001.0,,False,12540000.0,25,0.0,0,,,,-0.27538008249852675,0.2405676492997139
Ro Khanna,K000389,NEE,energy,2024-11-21,2024-12-05,50001.0,,False,5312500.0,43,0.0,0,,,,-0.08376421923474664,0.24049516763326734
Michael T. McCaul,M001157,MRK,pharma,2018-04-02,2018-05-15,50001.0,,False,5202500.0,32,0.0,0,,,,0.2365308804204993,0.24025469541963948
Michael T. McCaul,M001157,OXY,energy,2023-10-12,2023-11-13,50001.0,,False,5190000.0,10,0.0,0,,,,-0.09095223030686495,0.24022704792147437
Patrick Fallon,F000246,UNH,pharma,2021-04-05,2021-06-17,100001.0,,False,3165000.0,22,0.0,0,,,,0.1397158139283592,0.24018421427658027
Daniel Goldman,G000599,CVS,pharma,2023-03-06,2023-04-17,15001.0,,False,11850000.0,22,0.0,0,,,,-0.16126310714716152,0.2399171918555804
Ro Khanna,K000389,CVS,pharma,2023-03-01,2023-03-03,15001.0,,False,11850000.0,22,0.0,0,,,,-0.16624226991633317,0.2399171918555804
Pete Sessions,S000250,CVS,pharma,2015-06-12,2016-05-18,15001.0,,False,11750000.0,9,0.0,0,,,,0.00831539816082949,0.23981979245331
Scott H. Peters,P000608,ORCL,fedtech,2015-06-26,2015-07-28,50001.0,,False,4970000.0,39,0.0,0,,,,-0.0639180287875093,0.23972923918961275
Kevin Hern,H001082,XOM,energy,2019-08-07,2019-09-16,50001.0,,False,4870000.0,25,0.0,0,,,,-0.02964539007092204,0.23949563238052882
Jefferson Shreve,S001229,XOM,energy,2025-02-24,2025-03-09,50001.0,,False,4830000.0,16,0.0,0,,,,-0.026332344747011738,0.23940084372540224
Kevin Hern,H001082,NEE,energy,2021-07-30,2021-09-15,50001.0,,False,4777000.0,38,0.0,0,,,,0.13812580231065463,0.23927403237518033
Michael C. Burgess,B001248,AMZN,fedtech,2022-06-14,2022-06-27,15001.0,,False,11120000.0,25,0.0,0,,,,0.10350894340729155,0.23918643342128534
Scott H. Peters,P000608,AMZN,fedtech,2015-06-26,2015-07-28,50001.0,,False,4700000.0,12,0.0,0,,,,0.3892033782241495,0.23908726756878526
Scott H. Peters,P000608,AMZN,fedtech,2015-07-10,2015-08-16,50001.0,,False,4700000.0,12,0.0,0,,,,0.47795991071227273,0.23908726756878526
Gilbert Cisneros,C001123,LLY,pharma,2026-06-10,2026-07-02,50001.0,,False,4690000.0,17,0.0,0,,,,,0.23906278820019378
Tommy Tuberville,T000278,OXY,energy,2021-04-07,2021-07-23,50001.0,,False,4680000.0,7,0.0,0,,,,0.03517786561264824,0.2390382565810539
Pete Sessions,S000250,CVS,pharma,2015-08-25,2016-05-18,15001.0,,False,10950000.0,11,0.0,0,,,,-0.014899999999999913,0.2390093732538474
Tim Moore,M001236,UNH,pharma,2025-08-08,2025-09-03,15001.0,,False,10900000.0,25,0.0,0,,,,0.28988799872454063,0.23895677334233387
David Perdue,P000612,PFE,pharma,2020-02-27,2020-03-03,15001.0,,False,10855000.0,43,0.0,0,,,,-0.060410557184750746,0.23890922671262774
Ro Khanna,K000389,PFE,pharma,2020-03-20,2020-06-17,15001.0,,False,10855000.0,43,0.0,0,,,,0.2581868321268528,0.23890922671262774
Daniel Goldman,G000599,AMZN,fedtech,2023-04-10,2023-05-19,15001.0,,False,10680000.0,27,0.0,0,,,,0.36967798766761284,0.23872243034598156
Jonathan Jackson,J000309,AMZN,fedtech,2024-11-27,2024-12-12,15001.0,,False,10660000.0,30,0.0,0,,,,-0.021289005540974015,0.23870088758319888
Ro Khanna,K000389,PFE,pharma,2019-09-16,2019-10-16,15001.0,,False,10630000.0,38,0.0,0,,,,0.08797176215042102,0.23866849753664965
Michael T. McCaul,M001157,AMZN,fedtech,2021-04-30,2021-05-26,15001.0,,False,10490000.0,21,0.0,0,,,,-0.013223088059710175,0.23851612518366366
Michael T. McCaul,M001157,AMZN,fedtech,2021-05-18,2021-06-17,15001.0,,False,10490000.0,22,0.0,0,,,,0.07533691388122321,0.23851612518366366
Michael T. McCaul,M001157,UNH,pharma,2022-01-21,2022-02-23,50001.0,,False,4470000.0,21,0.0,0,,,,0.0670251750981199,0.2385106136686982
Michael C. Burgess,B001248,AMZN,fedtech,2023-07-06,2023-07-18,15001.0,,False,10390000.0,27,0.0,0,,,,0.07977563103770624,0.23840603755502757
Jefferson Shreve,S001229,UNH,pharma,2025-03-31,2025-04-11,15001.0,,False,10355000.0,24,0.0,0,,,,-0.5015369928400955,0.2383672564028582
Gilbert Cisneros,C001123,UNH,pharma,2025-03-31,2025-04-07,15001.0,,False,10355000.0,24,0.0,0,,,,-0.5015369928400955,0.2383672564028582
Ro Khanna,K000389,UNH,pharma,2025-04-15,2025-05-12,15001.0,,False,10340000.0,24,0.0,0,,,,-0.5342449322298188,0.238350595766146
Michael T. McCaul,M001157,AMZN,fedtech,2021-04-06,2021-05-26,15001.0,,False,10320000.0,18,0.0,0,,,,0.040604003945629685,0.23832834394788024
Earl Blumenauer,B000574,AMZN,fedtech,2024-02-12,2024-03-02,15001.0,,False,10240000.0,30,0.0,0,,,,0.08639897876291047,0.23823890333665923
Michael T. McCaul,M001157,OXY,energy,2015-02-06,2015-02-12,50001.0,,False,4359259.0,4,0.0,0,,,,-0.05529051987767575,0.23822229511339085
Rob Bresnahan,B001327,UNH,pharma,2025-04-08,2025-05-08,15001.0,,False,10220000.0,22,0.0,0,,,,-0.5556158241122442,0.23821643400294676
Jefferson Shreve,S001229,UNH,pharma,2025-04-07,2025-05-08,15001.0,,False,10220000.0,22,0.0,0,,,,-0.5216314084238614,0.23821643400294676
Cleo Fields,F000110,AMZN,fedtech,2025-09-17,2025-09-30,15001.0,,False,10190000.0,26,0.0,0,,,,0.028322251964424394,0.23818264742144524
Michael T. McCaul,M001157,AMZN,fedtech,2023-10-31,2023-11-13,15001.0,,False,10030000.0,26,0.0,0,,,,0.3010744608911262,0.2380007554268611
Michael T. McCaul,M001157,AMZN,fedtech,2023-11-01,2023-12-09,15001.0,,False,10030000.0,26,0.0,0,,,,0.2902189781021898,0.2380007554268611
Ro Khanna,K000389,UNH,pharma,2023-01-09,2023-02-07,50001.0,,False,4235000.0,20,0.0,0,,,,0.0006529812675999391,0.23788993009116374
Michael T. McCaul,M001157,AMZN,fedtech,2015-02-06,2015-02-12,50001.0,,False,4190000.0,15,0.0,0,,,,0.1315058245164049,0.237767154406861
Michael T. McCaul,M001157,OXY,energy,2014-05-13,2014-06-10,50001.0,,False,4174720.0,4,0.0,0,,,,0.01045939294503695,0.2377251651626398
Ro Khanna,K000389,XOM,energy,2024-06-20,2024-07-08,50001.0,,False,4170000.0,19,0.0,0,,,,0.07401109718990528,0.23771216358947658
Bob Gibbs,G000563,BA,defense,2017-01-30,2017-02-06,15001.0,,False,9720000.0,43,0.0,0,,,,0.12870689134505042,0.2376399309823128
Michael T. McCaul,M001157,CVS,pharma,2023-05-17,2023-06-22,15001.0,,False,9550000.0,20,0.0,0,,,,0.007489557828028071,0.23743714209094297
K. Michael Conaway,C001062,PFE,pharma,2016-09-12,2016-10-12,15001.0,,False,9550000.0,44,0.0,0,,,,-0.03492063492063491,0.23743714209094297
Ro Khanna,K000389,CVS,pharma,2023-05-19,2023-06-12,15001.0,,False,9550000.0,20,0.0,0,,,,0.01902565580859039,0.23743714209094297
Michael T. McCaul,M001157,UNH,pharma,2015-02-12,2015-03-18,100001.0,,False,2460000.0,23,0.0,0,,,,0.07110342316096152,0.2372880591072255
Michael T. McCaul,M001157,UNH,pharma,2015-02-06,2015-02-12,100001.0,,False,2460000.0,23,0.0,0,,,,0.08652416356877324,0.2372880591072255
Michael T. McCaul,M001157,UNH,pharma,2015-01-30,2015-02-12,100001.0,,False,2460000.0,24,0.0,0,,,,0.1280941176470589,0.2372880591072255
Pat Roberts,R000307,AMZN,fedtech,2020-04-24,2020-05-02,15001.0,,False,9420000.0,15,0.0,0,,,,0.37226477251039314,0.2372796174470417
Pat Roberts,R000307,AMZN,fedtech,2020-05-04,2020-07-08,15001.0,,False,9330000.0,14,0.0,0,,,,0.5108528102452947,0.23716928321953448
Kelly Loeffler,L000594,AMZN,fedtech,2020-02-24,2020-03-31,15001.0,,False,9280000.0,15,0.0,0,,,,0.3758143423796465,0.23710752562643456
John Curtis,C001114,AMZN,fedtech,2020-03-27,2020-04-09,15001.0,,False,9280000.0,15,0.0,0,,,,0.607920635756013,0.23710752562643456
Richard L. Hanna,H001051,UNH,pharma,2014-07-08,2014-08-13,100001.0,,False,2410000.0,18,0.0,0,,,,0.16929085804955446,0.23705205375219623
K. Michael Conaway,C001062,AMZN,fedtech,2020-04-15,2020-05-04,15001.0,,False,9210000.0,14,0.0,0,,,,0.36978263884074036,0.23702050366077218
E. Scott Rigell,R000589,BA,defense,2016-11-30,2016-12-23,15001.0,,False,9195000.0,40,0.0,0,,,,0.18212008501594035,0.23700177006182774
Pat Roberts,R000307,AMZN,fedtech,2020-01-10,2020-02-03,15001.0,,False,9080000.0,16,0.0,0,,,,0.27923277894602694,0.23685712224873048
James M. Inhofe,I000024,UNH,pharma,2017-06-09,2017-07-03,50001.0,,False,3870000.0,24,0.0,0,,,,0.081781108784305,0.2368540742496049
Thomas J. Rooney,R000583,CVS,pharma,2016-12-21,2017-01-24,50001.0,,False,3860000.0,13,0.0,0,,,,-0.0052598622417030505,0.23682433798804087
Tommy Tuberville,T000278,CVX,energy,2023-12-14,2024-01-12,50001.0,,False,3820000.0,8,0.0,0,,,,0.06022810644967658,0.23670461754441166
Tommy Tuberville,T000278,XOM,energy,2022-10-06,2022-11-10,50001.0,,False,3800000.0,18,0.0,0,,,,0.09660983735057815,0.23664428638938934
Cheri Bustos,B001286,AMZN,fedtech,2019-10-18,2019-11-08,15001.0,,False,8810000.0,15,0.0,0,,,,0.22654778635683437,0.23651018407792662
Thomas Suozzi,S001201,BA,defense,2020-01-09,2021-09-23,15001.0,,False,8750000.0,47,0.0,0,,,,-0.6032586073615984,0.2364316434965499
Pat Roberts,R000307,AMZN,fedtech,2019-08-14,2019-08-30,15001.0,,False,8720000.0,14,0.0,0,,,,-0.0014918092299315289,0.23639217101238905
Richard W. Allen,A000372,AMZN,fedtech,2019-09-10,2023-08-10,15001.0,,False,8720000.0,14,0.0,0,,,,0.039229903051275716,0.23639217101238905
E. Scott Rigell,R000589,JNJ,pharma,2016-11-21,2016-12-23,50001.0,,False,3700000.0,30,0.0,0,,,,0.10652173913043472,0.23633778666314115
Virginia Foxx,F000450,JNJ,pharma,2016-11-23,2016-12-02,50001.0,,False,3700000.0,30,0.0,0,,,,0.11346953214822686,0.23633778666314115
Ro Khanna,K000389,PFE,pharma,2020-05-20,2020-06-17,15001.0,,False,8650000.0,40,0.0,0,,,,-0.02152537868721771,0.23629953790028943
K. Michael Conaway,C001062,PFE,pharma,2020-07-01,2020-09-04,15001.0,,False,8650000.0,40,0.0,0,,,,0.045643153526971014,0.23629953790028943
Pat Roberts,R000307,BA,defense,2020-03-26,2020-03-28,15001.0,,False,8484000.0,45,0.0,0,,,,-0.03760731099418457,0.23607683360376155
Thomas Suozzi,S001201,BA,defense,2020-03-02,2021-09-23,15001.0,,False,8484000.0,45,0.0,0,,,,-0.36633594911328504,0.23607683360376155
James M. Inhofe,I000024,CVS,pharma,2017-09-15,2017-09-19,50001.0,,False,3582000.0,15,0.0,0,,,,-0.04484790188769994,0.23596527921355934
James M. Inhofe,I000024,MSFT,fedtech,2017-07-20,2017-08-07,50001.0,,False,3508750.0,32,0.0,0,,,,0.11021288062516854,0.23572781590494762
Michael T. McCaul,M001157,AMZN,fedtech,2019-03-21,2019-04-30,15001.0,,False,8220000.0,14,0.0,0,,,,0.07984565152864365,0.23571351696318713
Alan S. Lowenthal,L000579,CVS,pharma,2015-02-10,2015-02-22,15001.0,,False,8210000.0,9,0.0,0,,,,0.004425649095200601,0.23569952662639243
Sheldon Whitehouse,W000802,LMT,defense,2016-01-06,2016-01-20,15001.0,,False,8035639.0,51,0.0,0,,,,0.0942425217111611,0.23545281199379234
Ro Khanna,K000389,UNH,pharma,2019-06-03,2019-07-11,50001.0,,False,3420000.0,22,0.0,0,,,,-0.08179742982752791,0.23543337182280755
Kelly Loeffler,L000594,RTX,defense,2020-04-07,2020-05-01,50001.0,,False,3415000.0,54,0.0,0,,,,0.03930055401662047,0.23541655681133164
K. Michael Conaway,C001062,AMZN,fedtech,2018-10-26,2018-11-12,15001.0,,False,8000000.0,14,0.0,0,,,,-0.005971475703215767,0.2354017255546801
Michael T. McCaul,M001157,AMZN,fedtech,2014-11-05,2014-12-22,50001.0,,False,3410000.0,15,0.0,0,,,,0.30793875623903944,0.23539971716247465
Michael T. McCaul,M001157,AMZN,fedtech,2014-12-17,2015-01-21,50001.0,,False,3410000.0,15,0.0,0,,,,0.29162205567451815,0.23539971716247465
David Perdue,P000612,AMZN,fedtech,2017-12-04,2018-01-04,15001.0,,False,7970000.0,19,0.0,0,,,,0.22761144671281808,0.235358545565689
Michael T. McCaul,M001157,AMZN,fedtech,2018-11-23,2018-12-22,15001.0,,False,7950000.0,14,0.0,0,,,,0.18121779422925854,0.2353296685147867
Justin Amash,A000367,AMZN,fedtech,2018-11-01,2018-11-13,15001.0,,False,7950000.0,13,0.0,0,,,,0.00372253877144213,0.2353296685147867
Pat Roberts,R000307,AMZN,fedtech,2018-02-05,2018-03-03,15001.0,,False,7910000.0,19,0.0,0,,,,0.22039568345323723,0.23527169583092328
David Perdue,P000612,AMZN,fedtech,2017-09-27,2017-10-02,15001.0,,False,7830000.0,22,0.0,0,,,,0.4491465710349467,0.23515486575048017
Barbara J Comstock,C001105,AMZN,fedtech,2018-09-07,2018-09-12,15001.0,,False,7810000.0,15,0.0,0,,,,-0.16523997602544993,0.23512547171863438
Barbara J Comstock,C001105,AMZN,fedtech,2018-07-26,2018-07-26,15001.0,,False,7810000.0,15,0.0,0,,,,-0.16921460176991165,0.23512547171863438
Brenda Lulenar Lawrence,L000581,AMZN,fedtech,2018-10-11,2019-08-21,15001.0,,False,7810000.0,15,0.0,0,,,,-0.0762725665363857,0.23512547171863438
Pat Roberts,R000307,AMZN,fedtech,2018-08-29,2018-09-30,15001.0,,False,7810000.0,15,0.0,0,,,,-0.26848506080776746,0.23512547171863438
Pat Roberts,R000307,AMZN,fedtech,2018-06-25,2018-06-28,15001.0,,False,7780000.0,17,0.0,0,,,,0.06346390884766873,0.2350812392322901
Sheldon Whitehouse,W000802,AMZN,fedtech,2018-05-07,2018-06-07,15001.0,,False,7780000.0,17,0.0,0,,,,0.274582224055395,0.2350812392322901
Ro Khanna,K000389,PFE,pharma,2017-02-22,2017-03-14,15001.0,,False,7749154.5,37,0.0,0,,,,0.013992259601071755,0.23503558192958263
Ro Khanna,K000389,PFE,pharma,2017-02-13,2017-03-14,15001.0,,False,7749154.5,37,0.0,0,,,,-0.0009199632014720294,0.23503558192958263
Ro Khanna,K000389,PFE,pharma,2017-02-06,2017-03-14,15001.0,,False,7749154.5,37,0.0,0,,,,-0.004964318957492941,0.23503558192958263
David Perdue,P000612,PFE,pharma,2017-02-22,2017-03-01,15001.0,,False,7749154.5,37,0.0,0,,,,0.013992259601071755,0.23503558192958263
Thomas Macarthur,M001193,NEE,energy,2018-02-05,2018-03-07,50001.0,,False,3300000.0,31,0.0,0,,,,0.03247132024110444,0.23502286181940468
Michael T. McCaul,M001157,ACN,fedtech,2022-05-05,2022-06-14,50001.0,,False,3280000.0,31,0.0,0,,,,-0.04897890860395049,0.2349529949892712
Michael T. McCaul,M001157,ACN,fedtech,2022-06-28,2022-07-20,50001.0,,False,3280000.0,30,0.0,0,,,,-0.013847780126849951,0.2349529949892712
Ro Khanna,K000389,PFE,pharma,2017-03-02,2017-04-13,15001.0,,False,7659154.5,36,0.0,0,,,,-0.02665893943784392,0.23490131837367206
James M. Inhofe,I000024,UNH,pharma,2018-01-11,2018-01-17,50001.0,,False,3250000.0,23,0.0,0,,,,0.057189759971604914,0.23484739187444442
Michael T. McCaul,M001157,UNH,pharma,2021-04-19,2021-05-26,50001.0,,False,3225000.0,22,0.0,0,,,,0.08193104863533751,0.23475864194998466
Michael T. McCaul,M001157,XOM,energy,2015-02-13,2015-03-18,15001.0,,False,7511000.0,24,0.0,0,,,,-0.10335225447145768,0.23467682458662256
Alan S. Lowenthal,L000579,PFE,pharma,2015-10-13,2015-10-31,15001.0,,False,7350000.0,28,0.0,0,,,,-0.10582171012734987,0.2344277895182312
Alan S. Lowenthal,L000579,GD,defense,2016-11-22,2016-12-11,15001.0,,False,7312801.0,51,0.0,0,,,,0.11411446703490413,0.23436947443102824
Ro Khanna,K000389,CVS,pharma,2022-02-17,2022-03-08,15001.0,,False,7270000.0,23,0.0,0,,,,-0.1333333333333333,0.23430200921950559
Virginia Foxx,F000450,XOM,energy,2021-08-09,2021-09-03,50001.0,,False,3080000.0,19,0.0,0,,,,0.08863636363636362,0.23422992274230048
Michael T. McCaul,M001157,CVS,pharma,2020-03-30,2020-05-06,15001.0,,False,7192000.0,33,0.0,0,,,,0.06015415549597858,0.23417803364519593
Ro Khanna,K000389,MRNA,pharma,2022-05-03,2022-06-10,1001.0,,False,350000.0,6,0.0,1,150.0,0.0,DEPARTMENT OF HEALTH AND HUMAN SERVICES (HHS),-0.09737955507028784,0.23407378375772078
Ro Khanna,K000389,UNH,pharma,2026-03-10,2026-04-07,15001.0,,False,7090000.0,24,0.0,0,,,,,0.23401386727399012
Ro Khanna,K000389,UNH,pharma,2026-03-23,2026-04-07,15001.0,,False,7090000.0,24,0.0,0,,,,,0.23401386727399012
Robert P Corker Jr,C001071,XOM,energy,2014-01-08,2014-06-10,15001.0,,False,7067160.0,29,0.0,0,,,,0.01568393885249164,0.2339767833222793
Richard W. Allen,A000372,MSFT,fedtech,2019-08-27,2023-08-10,15001.0,,False,7045000.0,56,0.0,0,,,,0.16892588772653583,0.23394068871740656
Alan S. Lowenthal,L000579,ORCL,fedtech,2017-05-24,2017-06-05,15001.0,,False,7035000.0,41,0.0,0,,,,0.07004238233325899,0.2339243633453091
Rob Bresnahan,B001327,OXY,energy,2025-02-25,2025-03-27,15001.0,,False,7020000.0,12,0.0,0,,,,-0.1323379014113315,0.23389983172442383
Jefferson Shreve,S001229,OXY,energy,2025-02-24,2025-03-09,15001.0,,False,7020000.0,12,0.0,0,,,,-0.1480144404332131,0.23389983172442383
Robert P Corker Jr,C001071,XOM,energy,2014-05-20,2014-06-10,15001.0,,False,7001080.0,28,0.0,0,,,,-0.03566107082546943,0.23386881430957288
Kevin Hern,H001082,MSFT,fedtech,2019-10-15,2019-11-14,15001.0,,False,7000000.0,53,0.0,0,,,,0.30467949849902887,0.23386704123137592
Michael T. McCaul,M001157,UNH,pharma,2024-04-11,2024-05-11,15001.0,,False,6980000.0,20,0.0,0,,,,0.2649642307344018,0.2338341569170604
Pat Toomey,T000461,CVX,energy,2014-12-31,2015-03-23,15001.0,,False,6960000.0,14,0.0,0,,,,-0.00998395435906585,0.23380117824304716
Michael T. McCaul,M001157,CVX,energy,2014-12-24,2015-01-21,15001.0,,False,6960000.0,14,0.0,0,,,,-0.03084515731030224,0.23380117824304716
E. Scott Rigell,R000589,ABBV,pharma,2016-03-03,2016-04-28,15001.0,,False,6940000.0,16,0.0,0,,,,0.12122295726801369,0.2337681046662577
Michael T. McCaul,M001157,UNH,pharma,2024-04-10,2024-05-11,15001.0,,False,6935000.0,19,0.0,0,,,,0.2581713142984112,0.23375982137941265
Markwayne Mullin,M001190,UNH,pharma,2025-09-24,2025-10-01,15001.0,,False,6910000.0,24,0.0,0,,,,0.007560899349080552,0.23371831515879946
Ro Khanna,K000389,UNH,pharma,2025-09-05,2025-10-03,15001.0,,False,6910000.0,24,0.0,0,,,,0.08443514379022798,0.23371831515879946
Ro Khanna,K000389,UNH,pharma,2025-08-26,2025-09-09,15001.0,,False,6910000.0,24,0.0,0,,,,0.09037046899444112,0.23371831515879946
John Curtis,C001114,MSFT,fedtech,2020-03-27,2020-04-09,15001.0,,False,6804000.0,51,0.0,0,,,,0.36172344689378755,0.233540644366977
Kelly Loeffler,L000594,MSFT,fedtech,2020-03-19,2020-05-01,15001.0,,False,6804000.0,51,0.0,0,,,,0.4216242730011912,0.233540644366977
Daniel Meuser,M001204,MSFT,fedtech,2020-03-26,2021-08-11,15001.0,,False,6804000.0,51,0.0,0,,,,0.2894753699314585,0.233540644366977
Pat Roberts,R000307,MSFT,fedtech,2020-02-11,2020-03-04,15001.0,,False,6794000.0,50,0.0,0,,,,0.06723053567555848,0.2335237403192668
Cheri Bustos,B001286,MSFT,fedtech,2019-10-29,2019-11-08,15001.0,,False,6690000.0,51,0.0,0,,,,0.1914163691101307,0.23334644842703786
Dwight Evans,E000296,HII,defense,2017-10-20,2017-11-02,15001.0,,False,6648439.0,17,0.0,0,,,,0.13036275592558,0.23327482616153403
Michael T. McCaul,M001157,CVS,pharma,2026-02-20,2026-03-10,15001.0,,False,6645000.0,22,0.0,0,,,,0.3209023340722388,0.23326887967410173
E. Scott Rigell,R000589,XOM,energy,2016-03-10,2016-04-28,15001.0,,False,6627500.0,22,0.0,0,,,,0.13823314675103426,0.233238572095991
E. Scott Rigell,R000589,XOM,energy,2016-03-16,2016-04-28,15001.0,,False,6627500.0,22,0.0,0,,,,0.1457704838904308,0.233238572095991
Bill Flores,F000461,XOM,energy,2016-01-29,2016-02-24,15001.0,,False,6607500.0,20,0.0,0,,,,0.14348105330764294,0.23320383671656283
Michael T. McCaul,M001157,MSFT,fedtech,2017-05-31,2017-06-15,15001.0,,False,6603750.0,50,0.0,0,,,,0.05770332187857963,0.2331973121294351
Michael T. McCaul,M001157,MSFT,fedtech,2017-06-29,2017-07-27,15001.0,,False,6603750.0,50,0.0,0,,,,0.22368228938531187,0.2331973121294351
Michael T. McCaul,M001157,MSFT,fedtech,2017-05-16,2017-06-15,15001.0,,False,6573750.0,50,0.0,0,,,,0.08356144647745278,0.2331449816580937
Ro Khanna,K000389,UNH,pharma,2021-10-07,2021-11-09,50001.0,,False,2760000.0,21,0.0,0,,,,0.19389671361502359,0.2329691467552393
Thomas J. Rooney,R000583,AMZN,fedtech,2016-06-02,2017-01-16,15001.0,,False,6430000.0,14,0.0,0,,,,0.14977205316928477,0.23289087116508278
David Perdue,P000612,AMZN,fedtech,2017-02-08,2017-03-01,15001.0,,False,6430000.0,16,0.0,0,,,,0.23247245977235842,0.23289087116508278
Jeffry Flake,F000444,AMZN,fedtech,2016-02-11,2016-02-12,15001.0,,False,6420000.0,14,0.0,0,,,,0.4249335079988885,0.23287298313054894
K. Michael Conaway,C001062,MSFT,fedtech,2016-09-12,2016-10-12,15001.0,,False,6420000.0,52,0.0,0,,,,0.09763365468886942,0.23287298313054894
Debbie Dingell,D000624,MSFT,fedtech,2016-02-18,2016-06-29,15001.0,,False,6420000.0,49,0.0,0,,,,-0.03947116305805698,0.23287298313054894
E. Scott Rigell,R000589,MSFT,fedtech,2016-03-08,2016-04-28,15001.0,,False,6420000.0,49,0.0,0,,,,-0.005227492739593331,0.23287298313054894
Sheldon Whitehouse,W000802,AMZN,fedtech,2016-04-12,2016-05-23,15001.0,,False,6420000.0,14,0.0,0,,,,0.27420130311520796,0.23287298313054894
Debbie Dingell,D000624,AMZN,fedtech,2016-02-18,2016-06-29,15001.0,,False,6420000.0,14,0.0,0,,,,0.34550476190476176,0.23287298313054894
Thomas Macarthur,M001193,MSFT,fedtech,2016-04-04,2016-05-09,15001.0,,False,6420000.0,49,0.0,0,,,,0.020746887966804906,0.23287298313054894
Bill Flores,F000461,MSFT,fedtech,2014-07-08,2014-08-12,15001.0,,False,6374000.0,48,0.0,0,,,,0.14552417424605069,0.23279033766678583
E. Scott Rigell,R000589,XOM,energy,2015-05-28,2015-06-16,15001.0,,False,6367000.0,22,0.0,0,,,,-0.13958406767712372,0.23277770892068073
Gilbert Cisneros,C001123,UNH,pharma,2025-01-24,2025-02-11,15001.0,,False,6365000.0,24,0.0,0,,,,-0.4460197930555294,0.232774098157267
Tommy Tuberville,T000278,OXY,energy,2023-05-22,2023-06-15,15001.0,,False,6357000.0,9,0.0,0,,,,0.11466802168021695,0.2327596437490107
Suzan K. Delbene,D000617,MSFT,fedtech,2015-12-31,2016-01-14,15001.0,,False,6350000.0,46,0.0,0,,,,-0.10111751982696471,0.23274698121228726
David Perdue,P000612,MRK,pharma,2017-09-08,2017-10-02,15001.0,,False,6330000.0,25,0.0,0,,,,-0.11840672164306831,0.2327107254729344
Ro Khanna,K000389,MRK,pharma,2017-09-21,2017-10-10,15001.0,,False,6330000.0,25,0.0,0,,,,-0.06585365853658531,0.2327107254729344
Ro Khanna,K000389,MRK,pharma,2017-09-22,2017-10-10,15001.0,,False,6330000.0,25,0.0,0,,,,-0.05957316136956847,0.2327107254729344
Ro Khanna,K000389,MRK,pharma,2017-09-08,2017-10-10,15001.0,,False,6330000.0,25,0.0,0,,,,-0.11840672164306831,0.2327107254729344
David Perdue,P000612,MRK,pharma,2017-09-22,2017-10-02,15001.0,,False,6330000.0,25,0.0,0,,,,-0.05957316136956847,0.2327107254729344
Michael T. McCaul,M001157,CVX,energy,2014-02-19,2014-03-13,15001.0,,False,6276000.0,18,0.0,0,,,,0.16188380281690162,0.23261225981734707
David Perdue,P000612,ORCL,fedtech,2017-02-08,2017-03-01,15001.0,,False,6275000.0,41,0.0,0,,,,0.1349325337331333,0.23261042839995408
Ro Khanna,K000389,MRK,pharma,2019-07-08,2019-08-06,15001.0,,False,6252000.0,34,0.0,0,,,,-0.013326987148976732,0.23256822505151736
Alan S. Lowenthal,L000579,MRK,pharma,2016-01-21,2016-02-12,15001.0,,False,6185000.0,24,0.0,0,,,,0.08228593872741552,0.23244439415074383
Bob Gibbs,G000563,XOM,energy,2016-07-05,2016-07-09,15001.0,,False,6182500.0,24,0.0,0,,,,-0.1028811008385293,0.23243974767410966
Ro Khanna,K000389,ABBV,pharma,2022-01-21,2022-02-08,15001.0,,False,6180000.0,19,0.0,0,,,,0.1216093347476892,0.23243509931821318
E. Scott Rigell,R000589,MRK,pharma,2016-03-16,2016-04-28,15001.0,,False,6165000.0,23,0.0,0,,,,0.1484405082787832,0.2324071696330351
Thomas J. Rooney,R000583,AMZN,fedtech,2016-12-12,2017-01-24,15001.0,,False,6150000.0,15,0.0,0,,,,0.18712834815555435,0.23237917190959093
Dwight Evans,E000296,AMZN,fedtech,2016-12-30,2017-05-24,15001.0,,False,6150000.0,15,0.0,0,,,,0.26452585114753213,0.23237917190959093
Lou Barletta,B001269,AMZN,fedtech,2016-10-28,2016-10-28,15001.0,,False,6150000.0,14,0.0,0,,,,0.09315746084089027,0.23237917190959093
Michael T. McCaul,M001157,MSFT,fedtech,2017-07-26,2017-09-07,15001.0,,False,6148750.0,48,0.0,0,,,,0.12437542201215401,0.23237683568439987
Gilbert Cisneros,C001123,UNH,pharma,2025-12-19,2026-01-12,15001.0,,False,6080000.0,27,0.0,0,,,,-0.012033473825667329,0.23224760641983552
Alan S. Lowenthal,L000579,MSFT,fedtech,2016-06-21,2016-06-24,15001.0,,False,6070000.0,50,0.0,0,,,,0.12385231490525506,0.23222868779866682
Ro Khanna,K000389,MRNA,pharma,2023-08-03,2023-09-06,1001.0,,False,350000.0,7,0.0,1,153.0,0.0,Department of Veterans Affairs,-0.2739427012278308,0.23221616012227264
Michael T. McCaul,M001157,MSFT,fedtech,2015-09-02,2015-10-21,15001.0,,False,6045000.0,46,0.0,0,,,,0.2795202952029521,0.23218125455032626
Michael T. McCaul,M001157,ORCL,fedtech,2016-11-08,2016-12-21,15001.0,,False,6040000.0,39,0.0,0,,,,0.08893432149246094,0.23217174436380542
Maria Elvira Salazar,S000168,OXY,energy,2024-10-25,2024-11-11,15001.0,,False,5980000.0,12,0.0,0,,,,-0.03334625823962778,0.23205700404564097
Pat Roberts,R000307,NOC,defense,2019-11-04,2019-12-01,15001.0,,False,5955000.0,20,0.0,0,,,,-0.03314057592391473,0.2320088554216775
Scott H. Peters,P000608,MSFT,fedtech,2015-06-23,2015-07-28,15001.0,,False,5890000.0,47,0.0,0,,,,0.02809845349597051,0.23188271673356398
Ro Khanna,K000389,CVS,pharma,2019-04-29,2019-05-10,15001.0,,False,5885000.0,32,0.0,0,,,,0.09631413224671226,0.23187295617271866
Michael T. McCaul,M001157,CVS,pharma,2019-05-01,2019-06-27,15001.0,,False,5885000.0,32,0.0,0,,,,0.04918890633176343,0.23187295617271866
Tom Rice,R000597,XOM,energy,2020-03-09,2020-03-16,15001.0,,False,5790000.0,22,0.0,0,,,,0.03296703296703307,0.2316859129575126
Virginia Foxx,F000450,PFE,pharma,2016-01-20,2016-02-04,15001.0,,False,5740000.0,30,0.0,0,,,,0.08871493803000652,0.23158623271720427
Michael T. McCaul,M001157,UNH,pharma,2025-11-04,2025-12-09,15001.0,,False,5720000.0,23,0.0,0,,,,-0.11749236768128646,0.23154611728502564
David Perdue,P000612,CVX,energy,2017-04-04,2017-05-05,15001.0,,False,5715000.0,15,0.0,0,,,,0.01656543346217565,0.23153606651075456
David Perdue,P000612,CVX,energy,2017-03-22,2017-03-31,15001.0,,False,5715000.0,15,0.0,0,,,,-0.03468954700618143,0.23153606651075456
Kevin Hern,H001082,ACN,fedtech,2021-09-23,2021-10-07,100001.0,,False,1480000.0,14,0.0,0,,,,-0.02148688046647229,0.23144821619177794
Michael T. McCaul,M001157,CVS,pharma,2021-02-02,2021-03-30,15001.0,,False,5660000.0,25,0.0,0,,,,0.19713211749965187,0.2314249239690221
Michael T. McCaul,M001157,CVS,pharma,2021-03-01,2021-04-19,15001.0,,False,5660000.0,25,0.0,0,,,,0.20510969976905313,0.2314249239690221
Michael T. McCaul,M001157,CVS,pharma,2021-02-17,2021-03-30,15001.0,,False,5660000.0,25,0.0,0,,,,0.15843762893687274,0.2314249239690221
Ro Khanna,K000389,XOM,energy,2019-07-08,2019-08-06,15001.0,,False,5640000.0,25,0.0,0,,,,-0.04432531380753135,0.23138424052964673
Jefferson Shreve,S001229,OXY,energy,2025-05-08,2025-06-22,15001.0,,False,5550000.0,12,0.0,0,,,,0.10786679536679533,0.23119936158969434
Katherine M. Clark,C001101,OXY,energy,2014-12-17,2015-01-08,15001.0,,False,5504078.0,4,0.0,0,,,,0.04588688946015429,0.23110386971454253
Thomas Macarthur,M001193,OXY,energy,2015-01-09,2015-03-05,15001.0,,False,5504078.0,4,0.0,0,,,,-0.011091049780758255,0.23110386971454253
Ro Khanna,K000389,CVS,pharma,2020-11-03,2020-12-16,15001.0,,False,5475000.0,23,0.0,0,,,,0.16114381833473512,0.2310429910201052
Markwayne Mullin,M001190,UNH,pharma,2023-09-13,2023-10-12,15001.0,,False,5380000.0,18,0.0,0,,,,0.12470823607869286,0.23084181763766867
Kelly Loeffler,L000594,MRK,pharma,2020-04-07,2020-05-01,15001.0,,False,5377000.0,38,0.0,0,,,,0.03920570264765777,0.2308354070809236
Michael T. McCaul,M001157,MRK,pharma,2020-02-12,2020-04-20,15001.0,,False,5377000.0,37,0.0,0,,,,-0.07087087087087096,0.2308354070809236
Richard L. Hanna,H001051,UNH,pharma,2014-08-19,2014-09-16,50001.0,,False,2280000.0,20,0.0,0,,,,0.18773211932430822,0.23077333801595523
Michael T. McCaul,M001157,MRK,pharma,2018-05-01,2018-06-14,15001.0,,False,5285000.0,33,0.0,0,,,,0.18678854777509502,0.23063706010710008
Ro Khanna,K000389,NEE,energy,2024-08-02,2024-09-06,15001.0,,False,5260000.0,40,0.0,0,,,,-0.02689393939393947,0.2305825647016483
Michael T. McCaul,M001157,MRK,pharma,2018-04-05,2018-05-15,15001.0,,False,5182500.0,31,0.0,0,,,,0.2090592334494774,0.23041196791700336
Michael T. McCaul,M001157,UNH,pharma,2024-05-03,2024-06-13,15001.0,,False,5100000.0,20,0.0,0,,,,0.2157173317088028,0.23022753849827862
John A. Boehner,B000589,ABBV,pharma,2015-03-11,2015-03-26,15001.0,,False,5100000.0,22,0.0,0,,,,0.200459201695514,0.23022753849827862
Michael T. McCaul,M001157,UNH,pharma,2024-04-29,2024-05-11,15001.0,,False,5100000.0,20,0.0,0,,,,0.2010510602621518,0.23022753849827862
David Perdue,P000612,XOM,energy,2019-11-14,2019-12-05,15001.0,,False,5080000.0,22,0.0,0,,,,-0.4435036496350365,0.2301823790712228
Scott H. Peters,P000608,ORCL,fedtech,2015-07-10,2015-08-16,15001.0,,False,5030000.0,39,0.0,0,,,,-0.006442021803766074,0.23006869803178537
Thad Cochran,C000567,MRK,pharma,2015-08-28,2015-10-07,15001.0,,False,5020000.0,33,0.0,0,,,,-0.04569261332851715,0.2300458262642978
James M. Inhofe,I000024,MRK,pharma,2015-08-12,2015-09-10,15001.0,,False,5000000.0,32,0.0,0,,,,-0.07844146927566087,0.22999994572687002
Scott H. Peters,P000608,ORCL,fedtech,2015-06-23,2015-07-28,15001.0,,False,4970000.0,39,0.0,0,,,,-0.12203308559098547,0.2299307796644528
Pete Sessions,S000250,OXY,energy,2017-01-06,2017-01-09,15001.0,,False,4859904.0,8,0.0,0,,,,-0.14743950478334267,0.22967332185575398
Brad Ashford,A000373,AMZN,fedtech,2015-09-01,2015-09-02,15001.0,,False,4850000.0,14,0.0,0,,,,0.38774318282514986,0.22964987624832536
Gilbert Cisneros,C001123,CVX,energy,2026-02-10,2026-03-09,15001.0,,False,4850000.0,14,0.0,0,,,,0.041369472182596345,0.22964987624832536
Jefferson Shreve,S001229,XOM,energy,2025-04-07,2025-05-08,15001.0,,False,4830000.0,16,0.0,0,,,,0.04177190596463953,0.2296023842002423
Virginia Foxx,F000450,TXT,defense,2015-04-28,2015-05-07,15001.0,,False,4770000.0,11,0.0,0,,,,-0.1433724075743913,0.2294587190888053
Ro Khanna,K000389,ABBV,pharma,2026-02-05,2026-03-09,15001.0,,False,4710000.0,24,0.0,0,,,,0.03748516117249556,0.22931323538377504
Scott H. Peters,P000608,AMZN,fedtech,2015-06-23,2015-07-28,15001.0,,False,4700000.0,12,0.0,0,,,,0.2461490167940985,0.2292888080436253
Alan S. Lowenthal,L000579,ORCL,fedtech,2015-01-22,2015-01-25,15001.0,,False,4700000.0,37,0.0,0,,,,-0.002724177071509626,0.2292888080436253
Tommy Tuberville,T000278,OXY,energy,2021-02-16,2021-07-23,15001.0,,False,4680000.0,7,0.0,0,,,,0.1541950113378685,0.22923979705589395
Kelly Loeffler,L000594,ABBV,pharma,2020-04-07,2020-05-01,15001.0,,False,4620000.0,14,0.0,0,,,,0.23690144581509487,0.2290914974604269
Ro Khanna,K000389,OXY,energy,2019-06-03,2019-07-11,15001.0,,False,4540456.0,9,0.0,0,,,,-0.11253041362530403,0.2288918945421146
Ro Khanna,K000389,UNH,pharma,2022-02-17,2022-03-08,15001.0,,False,4470000.0,21,0.0,0,,,,-0.03886550155206869,0.22871215414353824
K. Michael Conaway,C001062,JNJ,pharma,2020-05-11,2020-06-09,15001.0,,False,4470000.0,30,0.0,0,,,,-0.012406947890818976,0.22871215414353824
Markwayne Mullin,M001190,LLY,pharma,2024-12-11,2025-08-12,50001.0,,False,1900000.0,1,0.0,0,,,,-0.09436830270215946,0.22867790613054134
Michael T. McCaul,M001157,UNH,pharma,2025-01-14,2025-02-11,15001.0,,False,4395000.0,21,0.0,0,,,,-0.4335344098282268,0.22851768149915583
Thad Cochran,C000567,CVS,pharma,2014-11-05,2014-12-08,15001.0,,False,4230000.0,12,0.0,0,,,,0.18125714285714278,0.2280778934126927
Richard L. Hanna,H001051,BA,defense,2014-08-20,2014-09-16,1001.0,,False,28730000.0,39,0.0,0,,,,-0.013191990577149482,0.2280697738605094
Markwayne Mullin,M001190,CVX,energy,2023-09-13,2023-10-12,15001.0,,False,4200000.0,9,0.0,0,,,,-0.1258724428399518,0.22799609193619302
Ro Khanna,K000389,XOM,energy,2024-06-24,2024-07-08,15001.0,,False,4170000.0,19,0.0,0,,,,0.05830775975449365,0.22791370406431663
Ro Khanna,K000389,ABBV,pharma,2021-11-02,2021-12-07,15001.0,,False,4140000.0,19,0.0,0,,,,0.2835321376469577,0.22783072132915272
Ro Khanna,K000389,ABBV,pharma,2022-01-04,2022-02-08,15001.0,,False,4140000.0,19,0.0,0,,,,0.12155963302752304,0.22783072132915272
Thad Cochran,C000567,ABBV,pharma,2017-02-15,2017-03-10,15001.0,,False,4140000.0,14,0.0,0,,,,0.14517437145174372,0.22783072132915272
Ro Khanna,K000389,CVS,pharma,2018-02-27,2018-03-09,15001.0,,False,4123000.0,16,0.0,0,,,,0.02637362637362628,0.22778343044774377
E. Scott Rigell,R000589,CVX,energy,2016-03-08,2016-04-28,15001.0,,False,4116900.0,13,0.0,0,,,,0.17849898580121715,0.22776641381601365
Katherine M. Clark,C001101,BA,defense,2014-05-13,2014-12-19,1001.0,,False,27970000.0,40,0.0,0,,,,-0.03919070813038583,0.22776165217752353
Ro Khanna,K000389,UNH,pharma,2024-08-02,2024-09-06,15001.0,,False,4110000.0,20,0.0,0,,,,0.03168709628197952,0.22774713507803282
Pete Sessions,S000250,JNJ,pharma,2015-07-29,2016-05-18,15001.0,,False,4040000.0,20,0.0,0,,,,0.026471472977038113,0.22754970344552758
Michael T. McCaul,M001157,UNH,pharma,2016-05-06,2016-06-16,15001.0,,False,4010000.0,24,0.0,0,,,,0.029763707967282782,0.2274640404988823
Michael T. McCaul,M001157,UNH,pharma,2016-06-06,2016-06-16,15001.0,,False,4010000.0,24,0.0,0,,,,7.238508867168925e-05,0.2274640404988823
Thomas J. Rooney,R000583,UNH,pharma,2017-06-14,2017-07-14,15001.0,,False,3870000.0,24,0.0,0,,,,0.05790743584119307,0.22705561472444494
K. Michael Conaway,C001062,OXY,energy,2016-09-12,2016-10-12,15001.0,,False,3864108.0,8,0.0,0,,,,-0.08569545154911007,0.2270381034316442
Ro Khanna,K000389,CVS,pharma,2018-05-08,2018-06-08,15001.0,,False,3853000.0,16,0.0,0,,,,0.2335694284302421,0.22700501720712468
Michael C. Burgess,B001248,XOM,energy,2024-01-02,2024-01-22,15001.0,,False,3850000.0,15,0.0,0,,,,0.13354826103946849,0.2269960650643852
Ro Khanna,K000389,JNJ,pharma,2017-05-02,2017-06-12,15001.0,,False,3750000.0,34,0.0,0,,,,0.059579628132578666,0.22669359869686107
Michael T. McCaul,M001157,UNH,pharma,2016-03-07,2016-03-18,15001.0,,False,3740000.0,24,0.0,0,,,,0.16261498028909327,0.2266629096036256
E. Scott Rigell,R000589,JNJ,pharma,2016-12-15,2017-01-25,15001.0,,False,3700000.0,31,0.0,0,,,,0.08482181378893783,0.2265393271379812
Thomas Macarthur,M001193,JNJ,pharma,2015-01-09,2015-03-05,15001.0,,False,3697500.0,20,0.0,0,,,,-0.03725938631599002,0.2265315589331911
Sheldon Whitehouse,W000802,NEE,energy,2014-02-10,2014-02-27,15001.0,,False,3555000.0,30,0.0,0,,,,0.048609590540836356,0.2260798604455334
Alan S. Lowenthal,L000579,JNJ,pharma,2017-01-18,2017-01-25,15001.0,,False,3530000.0,28,0.0,0,,,,0.10697471665213598,0.22599875172208755
Virginia Foxx,F000450,MRK,pharma,2017-03-17,2017-04-11,15001.0,,False,3490000.0,24,0.0,0,,,,-0.020187793427229983,0.22586777528029375
David Perdue,P000612,MRK,pharma,2017-10-27,2017-11-02,15001.0,,False,3480000.0,25,0.0,0,,,,-0.03743131868131866,0.22583479661101202
Ro Khanna,K000389,MRK,pharma,2018-01-02,2018-02-11,15001.0,,False,3480000.0,28,0.0,0,,,,0.019210245464247544,0.22583479661101202
Virginia Foxx,F000450,TXT,defense,2015-07-30,2015-08-12,15001.0,,False,3460000.0,10,0.0,0,,,,-0.02127659574468077,0.22576855401642162
John A. Boehner,B000589,MRK,pharma,2014-02-07,2014-03-04,15001.0,,False,3420000.0,23,0.0,0,,,,0.057878400584261414,0.2256349122976476
Michael T. McCaul,M001157,UNH,pharma,2020-07-01,2020-08-20,15001.0,,False,3410000.0,20,0.0,0,,,,0.019984549759849424,0.2256012576373147
Michael T. McCaul,M001157,UNH,pharma,2020-06-30,2020-07-22,15001.0,,False,3410000.0,20,0.0,0,,,,0.04424478725207659,0.2256012576373147
Cheri Bustos,B001286,LHX,defense,2019-10-18,2019-11-08,15001.0,,False,3390000.0,9,0.0,0,,,,0.15473546042003217,0.22553365121721566
Ro Khanna,K000389,UNH,pharma,2017-11-30,2017-12-12,15001.0,,False,3280000.0,24,0.0,0,,,,-0.04807818731647451,0.22515453546411124
Ro Khanna,K000389,UNH,pharma,2018-03-07,2018-04-13,15001.0,,False,3260000.0,22,0.0,0,,,,0.10221322655871856,0.22508424131139035
Michael T. McCaul,M001157,UNH,pharma,2024-04-22,2024-05-11,15001.0,,False,3240000.0,12,0.0,0,,,,0.18203285629949306,0.22501351457667926
Michael T. McCaul,M001157,ACN,fedtech,2022-07-15,2022-08-17,15001.0,,False,3170000.0,27,0.0,0,,,,0.06404684737772559,0.2247624861684903
Alan S. Lowenthal,L000579,UNH,pharma,2015-03-30,2015-04-12,15001.0,,False,3120000.0,24,0.0,0,,,,0.004297520661157073,0.22457976279666098
Michael T. McCaul,M001157,IBM,fedtech,2021-10-04,2021-11-22,50001.0,,False,1330000.0,3,0.0,0,,,,-0.01627683318514217,0.22457862160087508
David B. Mckinley,M001180,UNH,pharma,2017-10-16,2017-11-09,15001.0,,False,3070000.0,22,0.0,0,,,,0.17308488612836448,0.22439408738608993
Kathy Castor,C001066,BA,defense,2016-02-12,2016-03-18,1001.0,,False,20854000.0,44,0.0,0,,,,0.19598637577096567,0.22438744191853233
Carlos Curbelo,C001107,BA,defense,2016-03-09,2016-03-22,1001.0,,False,20744000.0,43,0.0,0,,,,0.03508057952140642,0.2243266582429593
Bill Flores,F000461,JNJ,pharma,2013-12-30,2014-01-07,15001.0,,False,3000000.0,20,0.0,0,,,,0.09458288190682551,0.22412899686951784
K. Michael Conaway,C001062,CVS,pharma,2016-09-12,2016-10-12,15001.0,,False,2968247.0,13,0.0,0,,,,-0.1018035636679705,0.22400670216293178
Katherine M. Clark,C001101,LMT,defense,2014-07-30,2014-12-19,1001.0,,False,19934115.0,70,0.0,0,,,,0.12563168409918912,0.22386895326055908
Michael T. McCaul,M001157,OXY,energy,2016-01-21,2016-03-01,15001.0,,False,2835190.0,8,0.0,0,,,,0.23188167625308131,0.22347960078690923
Ro Khanna,K000389,ABBV,pharma,2026-05-01,2026-06-09,15001.0,,False,2820000.0,14,0.0,0,,,,,0.22341785928408636
Ro Khanna,K000389,ABBV,pharma,2026-05-15,2026-06-09,15001.0,,False,2820000.0,13,0.0,0,,,,,0.22341785928408636
Bob Gibbs,G000563,ABBV,pharma,2020-11-17,2020-11-22,15001.0,,False,2820000.0,15,0.0,0,,,,0.058764237476061076,0.22341785928408636
Pat Roberts,R000307,BA,defense,2015-04-24,2015-05-07,1001.0,,False,18848000.0,44,0.0,0,,,,-0.14292452830188684,0.22322504557174688
Ro Khanna,K000389,PFE,pharma,2017-05-17,2017-06-12,1001.0,,False,17832475.0,40,0.0,0,,,,0.10859447719515969,0.222588495786901
Ro Khanna,K000389,PFE,pharma,2017-06-13,2017-07-12,1001.0,,False,17832475.0,39,0.0,0,,,,0.11878453038674053,0.222588495786901
John A. Yarmuth,Y000062,PFE,pharma,2017-06-12,2017-08-09,1001.0,,False,17832475.0,39,0.0,0,,,,0.11314984709480114,0.222588495786901
Ro Khanna,K000389,PFE,pharma,2017-06-12,2017-07-12,1001.0,,False,17832475.0,39,0.0,0,,,,0.11314984709480114,0.222588495786901
Ro Khanna,K000389,PFE,pharma,2017-07-05,2017-08-10,1001.0,,False,17832475.0,39,0.0,0,,,,0.05410225921522005,0.222588495786901
David Perdue,P000612,PFE,pharma,2017-05-17,2017-06-06,1001.0,,False,17832475.0,40,0.0,0,,,,0.10859447719515969,0.222588495786901
Thad Cochran,C000567,TXT,defense,2014-01-31,2014-06-11,15001.0,,False,2620000.0,8,0.0,0,,,,0.10619718309859172,0.22257240047500731
Thomas J. Rooney,R000583,UNH,pharma,2016-12-12,2017-01-24,15001.0,,False,2440000.0,23,0.0,0,,,,0.039751708571070354,0.22175436744168833
Robert P Corker Jr,C001071,LMT,defense,2014-01-08,2014-06-10,1001.0,,False,16265870.0,63,0.0,0,,,,0.10700336700336699,0.22153168370980192
Bill Flores,F000461,LMT,defense,2013-12-30,2014-01-07,1001.0,,False,16221530.0,65,0.0,0,,,,0.10212273778745429,0.22150031138459822
Bill Flores,F000461,LMT,defense,2014-02-05,2014-03-12,1001.0,,False,16217870.0,65,0.0,0,,,,0.10599108983310068,0.22149771795788573
Kathy Manning,M001135,AMZN,fedtech,2022-10-12,2022-11-10,1001.0,,False,15910000.0,25,0.0,0,,,,-0.12984942426926493,0.22127744334995325
Kathy Manning,M001135,AMZN,fedtech,2022-08-05,2022-09-14,1001.0,,False,15880000.0,25,0.0,0,,,,-0.3536221590909091,0.22125575150155052
Diana Harshbarger,H001086,AMZN,fedtech,2022-03-14,2022-03-29,1001.0,,False,15760000.0,27,0.0,0,,,,-0.23004800744432619,0.22116857236599563
Diana Harshbarger,H001086,AMZN,fedtech,2022-03-07,2022-03-29,1001.0,,False,15760000.0,27,0.0,0,,,,-0.17426320269473927,0.22116857236599563
Diana Harshbarger,H001086,AMZN,fedtech,2022-02-28,2022-03-29,1001.0,,False,15760000.0,27,0.0,0,,,,-0.3006127778175731,0.22116857236599563
Zoe Lofgren,L000397,AMZN,fedtech,2022-03-04,2022-04-11,1001.0,,False,15760000.0,27,0.0,0,,,,-0.2206864825152257,0.22116857236599563
Diana Harshbarger,H001086,AMZN,fedtech,2022-03-17,2022-04-25,1001.0,,False,15760000.0,27,0.0,0,,,,-0.2778509148493695,0.22116857236599563
Cindy Axne,A000378,AMZN,fedtech,2022-11-23,2022-12-07,1001.0,,False,15725000.0,27,0.0,0,,,,0.04865611388505253,0.22114302005231434
Ed Perlmutter,P000593,AMZN,fedtech,2022-11-10,2022-12-19,1001.0,,False,15650000.0,25,0.0,0,,,,-0.0610576425540722,0.22108807304283865
Richard L. Hanna,H001051,UNH,pharma,2014-07-28,2014-08-13,15001.0,,False,2280000.0,19,0.0,0,,,,0.14169096209912535,0.22097487849079528
Michael T. McCaul,M001157,UNH,pharma,2015-09-02,2015-10-21,15001.0,,False,2280000.0,21,0.0,0,,,,0.029852052875776858,0.22097487849079528
Tommy Tuberville,T000278,OXY,energy,2022-10-04,2022-11-10,1001.0,,False,15438000.0,13,0.0,0,,,,-0.040350612059845914,0.22093132016812156
Rob Bresnahan,B001327,AMZN,fedtech,2025-04-08,2025-05-08,1001.0,,False,14910000.0,31,0.0,0,,,,0.30264854095863125,0.22053136309981947
Dwight Evans,E000296,AMZN,fedtech,2025-04-03,2025-04-17,1001.0,,False,14910000.0,31,0.0,0,,,,0.2036881340732022,0.22053136309981947
Valerie Hoyle,H001094,AMZN,fedtech,2025-04-02,2025-09-12,1001.0,,False,14910000.0,31,0.0,0,,,,0.19437783786541507,0.22053136309981947
David J. Taylor,T000490,AMZN,fedtech,2025-03-27,2025-04-03,1001.0,,False,14910000.0,31,0.0,0,,,,0.14938418752483096,0.22053136309981947
Marjorie Taylor Greene,G000596,AMZN,fedtech,2025-04-04,2025-04-07,1001.0,,False,14910000.0,31,0.0,0,,,,0.237719298245614,0.22053136309981947
Marjorie Taylor Greene,G000596,AMZN,fedtech,2025-04-08,2025-04-11,1001.0,,False,14910000.0,31,0.0,0,,,,0.30264854095863125,0.22053136309981947
Tim Walberg,W000798,AMZN,fedtech,2025-02-07,2026-06-03,1001.0,,False,14910000.0,31,0.0,0,,,,-0.053109317041239446,0.22053136309981947
Jonathan Jackson,J000309,AMZN,fedtech,2025-03-24,2025-08-25,1001.0,,False,14910000.0,31,0.0,0,,,,0.11910853094558704,0.22053136309981947
Jonathan Jackson,J000309,AMZN,fedtech,2025-03-03,2025-08-25,1001.0,,False,14910000.0,31,0.0,0,,,,0.07530972588040186,0.22053136309981947
Thomas H. Kean Jr,K000398,AMZN,fedtech,2025-02-26,2025-03-14,1001.0,,False,14910000.0,31,0.0,0,,,,0.012922789829717729,0.22053136309981947
Jared Moskowitz,M001217,AMZN,fedtech,2025-04-07,2025-05-09,1001.0,,False,14910000.0,31,0.0,0,,,,0.21961656966792198,0.22053136309981947
Marjorie Taylor Greene,G000596,AMZN,fedtech,2025-05-05,2025-05-06,1001.0,,False,14575000.0,29,0.0,0,,,,0.20922994365441383,0.2202701902269903
Thomas H. Kean Jr,K000398,AMZN,fedtech,2025-05-08,2025-06-17,1001.0,,False,14575000.0,29,0.0,0,,,,0.2095481049562682,0.2202701902269903
Thomas H. Kean Jr,K000398,AMZN,fedtech,2025-04-24,2025-05-15,1001.0,,False,14575000.0,29,0.0,0,,,,0.2267610164039886,0.2202701902269903
Valerie Hoyle,H001094,AMZN,fedtech,2025-06-06,2025-09-12,1001.0,,False,14525000.0,27,0.0,0,,,,0.03432129980802556,0.22023069513359866
Valerie Hoyle,H001094,AMZN,fedtech,2025-07-02,2025-09-12,1001.0,,False,14525000.0,27,0.0,0,,,,0.013368497635503962,0.22023069513359866
Jonathan Jackson,J000309,AMZN,fedtech,2025-04-23,2025-08-25,1001.0,,False,14525000.0,28,0.0,0,,,,0.22895902547065328,0.22023069513359866
Lisa Mcclain,M001136,AMZN,fedtech,2025-06-09,2025-08-13,1001.0,,False,14525000.0,27,0.0,0,,,,0.02212185454880644,0.22023069513359866
Lisa Mcclain,M001136,AMZN,fedtech,2025-06-17,2025-08-13,1001.0,,False,14525000.0,27,0.0,0,,,,0.003491295037705955,0.22023069513359866
Raúl M. Grijalva,G000551,BA,defense,2015-09-03,2015-10-05,1001.0,,False,14505000.0,35,0.0,0,,,,0.07235536559303912,0.220214859015537
John A. Yarmuth,Y000062,BA,defense,2015-07-31,2015-09-02,1001.0,,False,14445000.0,35,0.0,0,,,,0.008878407435666258,0.2201672193168072
Cleo Fields,F000110,AMZN,fedtech,2025-07-14,2025-08-06,1001.0,,False,14445000.0,25,0.0,0,,,,0.10372635030351374,0.2201672193168072
Michael T. McCaul,M001157,UNH,pharma,2016-02-19,2016-03-18,15001.0,,False,2100000.0,21,0.0,0,,,,0.17709041468388853,0.22002971138929858
Pat Roberts,R000307,BA,defense,2015-03-17,2015-03-24,1001.0,,False,13820000.0,44,0.0,0,,,,-0.049317196297974264,0.219658863817075
Robert P Corker Jr,C001071,PFE,pharma,2014-03-03,2014-06-10,1001.0,,False,13540000.0,37,0.0,0,,,,-0.059412132582864374,0.21942361751726844
Michael T. McCaul,M001157,HII,defense,2020-12-16,2021-01-25,1001.0,,False,13441218.0,25,0.0,0,,,,0.1931622952697285,0.21933946174602134
Michael T. McCaul,M001157,HII,defense,2020-10-15,2020-11-30,1001.0,,False,13324194.0,22,0.0,0,,,,0.1936970518468315,0.21923896095663553
Thomas Macarthur,M001193,NEE,energy,2015-06-12,2015-07-11,15001.0,,False,1880000.0,27,0.0,0,,,,0.02226924627166471,0.2187578258347385
Robert P Corker Jr,C001071,PFE,pharma,2014-01-08,2014-06-10,1001.0,,False,12680000.0,33,0.0,0,,,,-0.05751211631663966,0.21866941622254968
Lisa Mcclain,M001136,UNH,pharma,2025-06-17,2025-08-13,1001.0,,False,12540000.0,24,0.0,0,,,,0.169262149124227,0.21854181550627794
Valerie Hoyle,H001094,UNH,pharma,2025-04-29,2025-09-12,1001.0,,False,12540000.0,25,0.0,0,,,,-0.25743469442611744,0.21854181550627794
Marjorie Taylor Greene,G000596,UNH,pharma,2025-05-16,2025-05-19,1001.0,,False,12540000.0,24,0.0,0,,,,0.19177143640163052,0.21854181550627794
Gilbert Cisneros,C001123,UNH,pharma,2025-05-30,2025-06-06,1001.0,,False,12540000.0,24,0.0,0,,,,0.14332085720910204,0.21854181550627794
Robert P Corker Jr,C001071,LMT,defense,2014-04-11,2014-06-10,1001.0,,False,12453797.0,68,0.0,0,,,,0.08015862696658438,0.21846253661614745
Robert P Corker Jr,C001071,LMT,defense,2014-03-03,2014-06-10,1001.0,,False,12190370.0,66,0.0,0,,,,-0.01779272393763387,0.21821682347638238
Ro Khanna,K000389,JNJ,pharma,2019-10-21,2019-11-12,15001.0,,False,1780000.0,27,0.0,0,,,,0.1649742227776907,0.21812963367282936
Ro Khanna,K000389,MRK,pharma,2019-10-21,2019-11-12,15001.0,,False,1773400.0,27,0.0,0,,,,-0.024372929484145822,0.2180869397732015
Ro Khanna,K000389,CVS,pharma,2023-04-17,2023-05-08,1001.0,,False,11890000.0,22,0.0,0,,,,-0.0325857519788918,0.21793008787365098
Daniel Goldman,G000599,CVS,pharma,2023-01-31,2023-02-24,1001.0,,False,11790000.0,21,0.0,0,,,,-0.22885966900929489,0.21783301752730627
Pete Sessions,S000250,CVS,pharma,2015-05-01,2015-05-14,1001.0,,False,11750000.0,10,0.0,0,,,,0.019311168624328134,0.21779395865987405
Ro Khanna,K000389,UNH,pharma,2019-10-21,2019-11-12,15001.0,,False,1710000.0,15,0.0,0,,,,0.23868481469334202,0.21766853237485376
K. Michael Conaway,C001062,NEE,energy,2016-09-12,2016-10-12,15001.0,,False,1680000.0,28,0.0,0,,,,-0.03820261172844519,0.21746511016397235
Alan S. Lowenthal,L000579,AMZN,fedtech,2022-06-07,2022-06-19,1001.0,,False,11120000.0,25,0.0,0,,,,-0.016666666666666607,0.2171605996278494
Kathy Manning,M001135,AMZN,fedtech,2022-05-27,2022-06-06,1001.0,,False,11120000.0,25,0.0,0,,,,3.0396060670456748e-05,0.2171605996278494
Kathy Manning,M001135,AMZN,fedtech,2022-07-14,2022-08-10,1001.0,,False,11030000.0,22,0.0,0,,,,-0.08894513242339319,0.21706720178151542
Kathy Manning,M001135,AMZN,fedtech,2022-07-15,2022-08-10,1001.0,,False,11000000.0,21,0.0,0,,,,-0.1326287978863937,0.21703589973598378
Robert J. Wittman,W000804,CVS,pharma,2015-09-15,2015-10-15,1001.0,,False,10950000.0,11,0.0,0,,,,-0.07372047244094482,0.21698353946041146
Pete Sessions,S000250,CVS,pharma,2015-07-27,2016-05-18,1001.0,,False,10930000.0,9,0.0,0,,,,-0.15960644984968564,0.21696252837484087
Tim Moore,M001236,UNH,pharma,2025-08-01,2025-09-03,1001.0,,False,10900000.0,25,0.0,0,,,,0.35933885687849587,0.21693093954889792
Marjorie Taylor Greene,G000596,UNH,pharma,2025-08-04,2025-08-15,1001.0,,False,10900000.0,25,0.0,0,,,,0.3467507676985644,0.21693093954889792
Lisa Mcclain,M001136,UNH,pharma,2025-08-13,2025-09-12,1001.0,,False,10900000.0,25,0.0,0,,,,0.23884330966483946,0.21693093954889792
David Perdue,P000612,PFE,pharma,2020-02-26,2020-03-03,1001.0,,False,10855000.0,43,0.0,0,,,,-0.06912442396313356,0.2168833929191918
David Perdue,P000612,PFE,pharma,2020-02-28,2020-03-03,1001.0,,False,10855000.0,43,0.0,0,,,,-0.02333931777378817,0.2168833929191918
Ro Khanna,K000389,PFE,pharma,2020-02-27,2020-03-09,1001.0,,False,10855000.0,43,0.0,0,,,,-0.060410557184750746,0.2168833929191918
Ro Khanna,K000389,PFE,pharma,2020-02-23,2020-03-09,1001.0,,False,10855000.0,43,0.0,0,,,,-0.04499567349293343,0.2168833929191918
Ro Khanna,K000389,PFE,pharma,2020-02-11,2020-03-09,1001.0,,False,10855000.0,43,0.0,0,,,,-0.056970333420845454,0.2168833929191918
Ro Khanna,K000389,PFE,pharma,2020-02-12,2020-03-09,1001.0,,False,10855000.0,43,0.0,0,,,,-0.11764705882352955,0.2168833929191918
Ro Khanna,K000389,PFE,pharma,2020-02-28,2020-03-09,1001.0,,False,10855000.0,43,0.0,0,,,,-0.02333931777378817,0.2168833929191918
Ro Khanna,K000389,PFE,pharma,2020-02-26,2020-03-09,1001.0,,False,10855000.0,43,0.0,0,,,,-0.06912442396313356,0.2168833929191918
Mo Brooks,B001274,PFE,pharma,2020-03-17,2020-03-24,1001.0,,False,10855000.0,43,0.0,0,,,,0.11069651741293551,0.2168833929191918
Mikie Sherrill,S001207,PFE,pharma,2020-01-21,2020-02-19,1001.0,,False,10825000.0,42,0.0,0,,,,-0.0671789786812097,0.2168515855356159
Morgan Mcgarvey,M001220,AMZN,fedtech,2023-02-07,2023-03-23,1001.0,,False,10730000.0,27,0.0,0,,,,0.18724904514739005,0.216750277456222
Ro Khanna,K000389,PFE,pharma,2019-08-12,2019-09-11,1001.0,,False,10680000.0,39,0.0,0,,,,0.08731280022605237,0.2166965965525456
Valerie Hoyle,H001094,AMZN,fedtech,2025-01-13,2025-09-12,1001.0,,False,10660000.0,31,0.0,0,,,,-0.032454453904604996,0.21667505378976293
Marjorie Taylor Greene,G000596,AMZN,fedtech,2025-01-08,2025-01-27,1001.0,,False,10660000.0,31,0.0,0,,,,-0.13528114167379457,0.21667505378976293
Marjorie Taylor Greene,G000596,AMZN,fedtech,2024-12-24,2024-12-27,1001.0,,False,10660000.0,31,0.0,0,,,,-0.2115258677144729,0.21667505378976293
Marjorie Taylor Greene,G000596,AMZN,fedtech,2024-11-20,2024-11-21,1001.0,,False,10660000.0,30,0.0,0,,,,-0.039087145110410115,0.21667505378976293
Lisa Mcclain,M001136,AMZN,fedtech,2024-12-11,2025-08-13,1001.0,,False,10660000.0,31,0.0,0,,,,-0.21297663510813858,0.21667505378976293
Thomas H. Kean Jr,K000398,AMZN,fedtech,2025-01-16,2025-02-19,1001.0,,False,10650000.0,30,0.0,0,,,,-0.06829511465603189,0.21666426724689888
Ro Khanna,K000389,PFE,pharma,2019-09-05,2019-10-16,1001.0,,False,10630000.0,38,0.0,0,,,,0.07127132636213518,0.2166426637432137
Ro Khanna,K000389,PFE,pharma,2019-09-10,2019-10-16,1001.0,,False,10630000.0,38,0.0,0,,,,0.04494382022471899,0.2166426637432137
Jared Moskowitz,M001217,AMZN,fedtech,2024-11-08,2024-12-09,1001.0,,False,10610000.0,29,0.0,0,,,,-0.06552022288404269,0.21662101955494392
Valerie Hoyle,H001094,AMZN,fedtech,2024-10-29,2025-09-12,1001.0,,False,10610000.0,29,0.0,0,,,,0.1232510611539066,0.21662101955494392
Marjorie Taylor Greene,G000596,AMZN,fedtech,2025-01-21,2025-01-27,1001.0,,False,10530000.0,30,0.0,0,,,,-0.12825625243812577,0.21653403287238238
Greg Landsman,L000601,AMZN,fedtech,2024-06-03,2024-08-14,1001.0,,False,10520000.0,32,0.0,0,,,,0.03807334305259613,0.2165231130990529
Jared Moskowitz,M001217,AMZN,fedtech,2024-07-05,2024-08-06,1001.0,,False,10520000.0,31,0.0,0,,,,-0.021100000000000008,0.2165231130990529
Cindy Axne,A000378,AMZN,fedtech,2021-08-20,2021-10-08,1001.0,,False,10505000.0,25,0.0,0,,,,0.04426006656353998,0.21650671396110277
Zoe Lofgren,L000397,AMZN,fedtech,2021-09-30,2021-10-07,1001.0,,False,10505000.0,23,0.0,0,,,,-0.12343228697367459,0.21650671396110277
David J. Taylor,T000490,AMZN,fedtech,2026-02-26,2026-03-06,1001.0,,False,10500000.0,28,0.0,0,,,,0.11913235859946147,0.21650124237777527
Jonathan Jackson,J000309,AMZN,fedtech,2026-02-05,2026-03-12,1001.0,,False,10500000.0,28,0.0,0,,,,0.10480937626296649,0.21650124237777527
David J. Taylor,T000490,AMZN,fedtech,2026-02-09,2026-02-20,1001.0,,False,10500000.0,28,0.0,0,,,,0.16994059026446906,0.21650124237777527
David J. Taylor,T000490,AMZN,fedtech,2026-01-29,2026-02-02,1001.0,,False,10500000.0,28,0.0,0,,,,0.11959624374301914,0.21650124237777527
Cindy Axne,A000378,AMZN,fedtech,2021-06-10,2021-10-08,1001.0,,False,10490000.0,22,0.0,0,,,,-0.018219814010418833,0.2164902913902277
Blake Moore,M001213,AMZN,fedtech,2021-05-03,2021-07-17,1001.0,,False,10490000.0,21,0.0,0,,,,0.024893030837238594,0.2164902913902277
Marjorie Taylor Greene,G000596,AMZN,fedtech,2024-09-03,2024-09-04,1001.0,,False,10470000.0,30,0.0,0,,,,0.2494751773049646,0.21646835806189157
Marjorie Taylor Greene,G000596,AMZN,fedtech,2024-08-21,2024-08-22,1001.0,,False,10470000.0,30,0.0,0,,,,0.23974237965687628,0.21646835806189157
Marjorie Taylor Greene,G000596,AMZN,fedtech,2025-10-24,2025-10-28,1001.0,,False,10410000.0,27,0.0,0,,,,-0.0844743767004148,0.2164023058079254
Bruce Westerman,W000821,UNH,pharma,2025-03-03,2025-04-16,1001.0,,False,10355000.0,25,0.0,0,,,,-0.30170217321485926,0.21634142260942224
Valerie Hoyle,H001094,UNH,pharma,2025-04-15,2025-09-12,1001.0,,False,10340000.0,24,0.0,0,,,,-0.5342449322298188,0.21632476197271006
David Perdue,P000612,ORCL,fedtech,2016-02-05,2016-03-01,1001.0,,False,10330000.0,42,0.0,0,,,,0.10476190476190461,0.21631364144881907
Blake Moore,M001213,AMZN,fedtech,2021-03-04,2021-07-17,1001.0,,False,10320000.0,18,0.0,0,,,,0.17914272376468054,0.2163025101544443
Blake Moore,M001213,AMZN,fedtech,2021-02-24,2021-07-17,1001.0,,False,10320000.0,18,0.0,0,,,,0.09164337733776873,0.2163025101544443
Garret Graves,G000577,AMZN,fedtech,2021-04-12,2021-04-15,1001.0,,False,10320000.0,18,0.0,0,,,,-0.017372957841504055,0.2163025101544443
Blake Moore,M001213,AMZN,fedtech,2021-03-26,2021-07-17,1001.0,,False,10320000.0,18,0.0,0,,,,0.21224889663600965,0.2163025101544443
Blake Moore,M001213,AMZN,fedtech,2021-02-25,2021-07-17,1001.0,,False,10320000.0,18,0.0,0,,,,0.11262086380824043,0.2163025101544443
Michael T. McCaul,M001157,UNH,pharma,2025-04-05,2025-04-17,1001.0,,False,10265000.0,23,0.0,0,,,,-0.5407280350676578,0.21624109457670398
Greg Landsman,L000601,AMZN,fedtech,2024-04-12,2024-08-14,1001.0,,False,10260000.0,30,0.0,0,,,,-0.1038521463493256,0.21623549503430978
John Curtis,C001114,UNH,pharma,2023-06-21,2023-08-07,1001.0,,False,10250000.0,19,0.0,0,,,,0.11511274252753023,0.21622428775839886
Jared Moskowitz,M001217,UNH,pharma,2023-07-14,2024-08-21,1001.0,,False,10250000.0,19,0.0,0,,,,0.12995397463398395,0.21622428775839886
Ro Khanna,K000389,UNH,pharma,2023-06-29,2023-07-11,1001.0,,False,10250000.0,19,0.0,0,,,,0.1012089665015532,0.21622428775839886
Ro Khanna,K000389,UNH,pharma,2025-04-09,2025-05-12,1001.0,,False,10250000.0,23,0.0,0,,,,-0.5770613656006915,0.21622428775839886
Ro Khanna,K000389,UNH,pharma,2023-07-18,2023-08-07,1001.0,,False,10250000.0,19,0.0,0,,,,0.07681999999999989,0.21622428775839886
John Mcguire,M001239,UNH,pharma,2025-04-10,2025-05-16,1001.0,,False,10250000.0,23,0.0,0,,,,-0.5779104979811575,0.21622428775839886
Pat Roberts,R000307,BA,defense,2014-12-19,2015-01-05,1001.0,,False,10220000.0,37,0.0,0,,,,0.20945892418600942,0.2161906002095108
Valerie Hoyle,H001094,AMZN,fedtech,2025-09-10,2025-10-10,1001.0,,False,10190000.0,26,0.0,0,,,,0.06929188555550714,0.2161568136280093
Marjorie Taylor Greene,G000596,AMZN,fedtech,2025-10-09,2025-10-20,1001.0,,False,10190000.0,26,0.0,0,,,,-0.07649073504873982,0.2161568136280093
Lisa Mcclain,M001136,AMZN,fedtech,2025-09-11,2025-10-22,1001.0,,False,10190000.0,26,0.0,0,,,,0.07579908675799096,0.2161568136280093
Marjorie Taylor Greene,G000596,AMZN,fedtech,2025-10-15,2025-10-20,1001.0,,False,10070000.0,24,0.0,0,,,,-0.07408266456371482,0.21602066521824154
Markwayne Mullin,M001190,AMZN,fedtech,2023-10-03,2023-11-01,1001.0,,False,10060000.0,26,0.0,0,,,,0.24438742783835776,0.21600924637923485
HON. GREG STANTON,S001211,AMZN,fedtech,2023-09-26,2023-11-09,1001.0,,False,10060000.0,26,0.0,0,,,,0.24519765042070163,0.21600924637923485
John James,J000307,AMZN,fedtech,2023-11-10,2024-09-02,1001.0,,False,10030000.0,26,0.0,0,,,,0.19782669267205355,0.21597492163342516
Sheldon Whitehouse,W000802,BA,defense,2016-09-28,2016-10-07,1001.0,,False,9795000.0,41,0.0,0,,,,0.2789835892006354,0.2157024378273405
Ed Perlmutter,P000593,AMZN,fedtech,2020-11-18,2020-12-22,1001.0,,False,9790000.0,16,0.0,0,,,,-0.024946384754593542,0.21569656952980018
Sheldon Whitehouse,W000802,BA,defense,2017-01-24,2017-02-14,1001.0,,False,9720000.0,43,0.0,0,,,,0.15384615384615374,0.21561409718887686
Gary Palmer,P000609,BA,defense,2017-04-04,2018-09-29,1001.0,,False,9705000.0,42,0.0,0,,,,0.3315612758813655,0.21559634728500385
Ro Khanna,K000389,UNH,pharma,2023-04-05,2023-05-08,1001.0,,False,9620000.0,19,0.0,0,,,,-0.008581583960096673,0.21549524338439152
Ro Khanna,K000389,UNH,pharma,2023-01-20,2023-02-07,1001.0,,False,9620000.0,19,0.0,0,,,,-0.012532873109796228,0.21549524338439152
Richard Dean Mccormick,M001218,UNH,pharma,2023-03-15,2025-09-17,1001.0,,False,9620000.0,19,0.0,0,,,,-0.037986378187912284,0.21549524338439152
Ro Khanna,K000389,CVS,pharma,2023-07-06,2023-07-11,1001.0,,False,9550000.0,20,0.0,0,,,,0.010209951107276405,0.21541130829750701
Ro Khanna,K000389,CVS,pharma,2023-04-25,2023-05-08,1001.0,,False,9550000.0,20,0.0,0,,,,-0.08878825305338267,0.21541130829750701
Dean Phillips,P000616,AMZN,fedtech,2020-09-23,2020-10-09,1001.0,,False,9430000.0,15,0.0,0,,,,0.10238144446740849,0.21526597788333035
Kevin Hern,H001082,AMZN,fedtech,2020-07-27,2020-08-15,1001.0,,False,9410000.0,14,0.0,0,,,,0.02057141734938006,0.2152415764719632
Pat Roberts,R000307,AMZN,fedtech,2020-06-26,2020-07-06,1001.0,,False,9330000.0,14,0.0,0,,,,0.19093754990029232,0.21514344942609853
Michael T. McCaul,M001157,AMZN,fedtech,2020-04-29,2020-05-18,1001.0,,False,9330000.0,14,0.0,0,,,,0.4329606230849956,0.21514344942609853
John Curtis,C001114,AMZN,fedtech,2020-03-04,2020-04-09,1001.0,,False,9280000.0,15,0.0,0,,,,0.46282827976091045,0.2150816918329986
Dean Phillips,P000616,AMZN,fedtech,2020-04-02,2020-05-07,1001.0,,False,9280000.0,15,0.0,0,,,,0.649275860811015,0.2150816918329986
Susan W. Brooks,B001284,AMZN,fedtech,2020-04-06,2020-04-27,1001.0,,False,9280000.0,15,0.0,0,,,,0.5713084266541182,0.2150816918329986
Alan S. Lowenthal,L000579,AMZN,fedtech,2020-03-16,2020-03-22,1001.0,,False,9280000.0,15,0.0,0,,,,0.8257703578723026,0.2150816918329986
Donald Sternoff Beyer Jr,B001292,AMZN,fedtech,2020-02-19,2020-02-22,1001.0,,False,9280000.0,15,0.0,0,,,,0.2229082765802548,0.2150816918329986
Harley E. Rouda Jr.,R000616,AMZN,fedtech,2020-02-20,2020-04-01,1001.0,,False,9280000.0,15,0.0,0,,,,0.24239933119687884,0.2150816918329986
Sheldon Whitehouse,W000802,BA,defense,2016-11-15,2016-12-12,1001.0,,False,9195000.0,40,0.0,0,,,,0.2066032003240834,0.2149759362683918
Rubén Hinojosa,H000636,BA,defense,2016-12-27,2017-01-29,1001.0,,False,9195000.0,40,0.0,0,,,,0.15386080772161548,0.2149759362683918
Thomas Suozzi,S001201,BA,defense,2019-08-21,2021-09-23,1001.0,,False,9180000.0,49,0.0,0,,,,-0.019088796729315627,0.21495717208396944
Donald Sternoff Beyer Jr,B001292,AMZN,fedtech,2020-01-10,2020-02-22,1001.0,,False,9080000.0,16,0.0,0,,,,0.27923277894602694,0.21483128845529453
Donald Sternoff Beyer Jr,B001292,AMZN,fedtech,2019-12-09,2019-12-14,1001.0,,False,9010000.0,15,0.0,0,,,,0.14980766043063487,0.21474234227038774
Alan S. Lowenthal,L000579,AMZN,fedtech,2019-10-29,2019-12-15,1001.0,,False,9010000.0,15,0.0,0,,,,0.12303782244385086,0.21474234227038774
Kevin Hern,H001082,AMZN,fedtech,2019-11-07,2019-12-15,1001.0,,False,9010000.0,15,0.0,0,,,,0.06313052231294058,0.21474234227038774
Alan S. Lowenthal,L000579,AMZN,fedtech,2019-11-19,2019-12-06,1001.0,,False,9010000.0,15,0.0,0,,,,0.044049772077659144,0.21474234227038774
Donald Sternoff Beyer Jr,B001292,AMZN,fedtech,2019-11-19,2019-12-14,1001.0,,False,9010000.0,15,0.0,0,,,,0.044049772077659144,0.21474234227038774
Roger W. Marshall,M001198,AMZN,fedtech,2019-11-15,2019-12-11,1001.0,,False,9010000.0,15,0.0,0,,,,-0.02893951675491102,0.21474234227038774
Alan S. Lowenthal,L000579,AMZN,fedtech,2019-10-31,2019-11-08,1001.0,,False,9010000.0,15,0.0,0,,,,0.06027602354980699,0.21474234227038774
Mikie Sherrill,S001207,AMZN,fedtech,2020-01-15,2020-02-19,1001.0,,False,8990000.0,15,0.0,0,,,,0.2829346623559359,0.21471680212570032
Bob Gibbs,G000563,BA,defense,2019-12-17,2019-12-20,1001.0,,False,8780000.0,47,0.0,0,,,,-0.5535779816513762,0.21444514708439907
Pete Sessions,S000250,BA,defense,2014-01-29,2015-05-14,1001.0,,False,8759625.0,36,0.0,0,,,,0.041300662659885745,0.2144184451212856
John Curtis,C001114,AMZN,fedtech,2019-08-02,2020-04-09,1001.0,,False,8720000.0,14,0.0,0,,,,-0.02283846339483564,0.2143663372189531
Ro Khanna,K000389,PFE,pharma,2020-05-01,2020-10-21,1001.0,,False,8650000.0,39,0.0,0,,,,0.00398512221041436,0.21427370410685348
Ed Perlmutter,P000593,PFE,pharma,2020-06-10,2020-08-13,1001.0,,False,8650000.0,40,0.0,0,,,,0.027004454342984374,0.21427370410685348
Mo Brooks,B001274,PFE,pharma,2020-07-01,2020-07-11,1001.0,,False,8650000.0,40,0.0,0,,,,0.045643153526971014,0.21427370410685348
Thomas R. Carper,C000174,PFE,pharma,2020-07-09,2020-08-04,1001.0,,False,8650000.0,40,0.0,0,,,,0.08786610878661083,0.21427370410685348
Tim Moore,M001236,UNH,pharma,2025-07-21,2025-08-05,1001.0,,False,8640000.0,16,0.0,0,,,,0.11143403983837818,0.21426040964576756
James R. Langevin,L000559,AMZN,fedtech,2019-07-03,2019-09-05,1001.0,,False,8580000.0,14,0.0,0,,,,-0.08372356884992271,0.21418031830895481
John Curtis,C001114,AMZN,fedtech,2019-04-29,2020-04-09,1001.0,,False,8580000.0,15,0.0,0,,,,-0.09110465686148062,0.21418031830895481
Ro Khanna,K000389,PFE,pharma,2020-01-08,2020-02-10,1001.0,,False,8360000.0,42,0.0,0,,,,-0.05376344086021512,0.21388178047741008
John Curtis,C001114,LMT,defense,2020-03-27,2020-04-09,1001.0,,False,8297329.0,40,0.0,0,,,,0.09676215626614604,0.21379529782712925
Bill Flores,F000461,LMT,defense,2016-03-28,2016-04-13,1001.0,,False,8253132.0,56,0.0,0,,,,0.16296904957545877,0.2137339146436491
Bill Flores,F000461,LMT,defense,2016-01-29,2016-02-24,1001.0,,False,8253132.0,54,0.0,0,,,,0.11957345971563971,0.2137339146436491
Pat Roberts,R000307,AMZN,fedtech,2017-11-07,2017-12-01,1001.0,,False,8030000.0,20,0.0,0,,,,0.37557092871070274,0.2134189101279597
Bill Flores,F000461,LMT,defense,2015-12-29,2016-01-15,1001.0,,False,8021102.0,53,0.0,0,,,,0.05978137615095025,0.21340616766823894
Jeffry Flake,F000444,AMZN,fedtech,2017-12-29,2018-01-24,1001.0,,False,7970000.0,19,0.0,0,,,,0.33917928634338623,0.21333271177225305
Michael T. McCaul,M001157,AMZN,fedtech,2018-01-05,2018-02-27,1001.0,,False,7970000.0,19,0.0,0,,,,0.30183705680394435,0.21333271177225305
Sheldon Whitehouse,W000802,AMZN,fedtech,2018-12-28,2019-01-10,1001.0,,False,7950000.0,14,0.0,0,,,,0.31150458045222673,0.21330383472135075
Justin Amash,A000367,AMZN,fedtech,2019-01-02,2019-01-29,1001.0,,False,7950000.0,14,0.0,0,,,,0.23499639406677786,0.21330383472135075
Ed Perlmutter,P000593,AMZN,fedtech,2018-11-05,2018-12-19,1001.0,,False,7950000.0,13,0.0,0,,,,0.03970389482737424,0.21330383472135075
Dean Heller,H001041,AMZN,fedtech,2018-11-28,2018-12-07,1001.0,,False,7950000.0,14,0.0,0,,,,0.0570227983907019,0.21330383472135075
John A. Yarmuth,Y000062,AMZN,fedtech,2018-12-07,2018-01-18,1001.0,,False,7950000.0,14,0.0,0,,,,0.13548949439271252,0.21330383472135075
Pat Roberts,R000307,AMZN,fedtech,2018-01-25,2018-01-29,1001.0,,False,7910000.0,19,0.0,0,,,,0.16851119416524551,0.21324586203748733
Lamar Smith,S000583,AMZN,fedtech,2017-08-24,2017-09-18,1001.0,,False,7830000.0,22,0.0,0,,,,0.2266890650427844,0.21312903195704422
John A. Yarmuth,Y000062,AMZN,fedtech,2017-07-24,2017-08-29,1001.0,,False,7830000.0,22,0.0,0,,,,0.09677077818951818,0.21312903195704422
Roger W. Marshall,M001198,AMZN,fedtech,2018-08-03,2018-08-10,1001.0,,False,7810000.0,15,0.0,0,,,,-0.027933022174201683,0.21309963792519843
Carlos Curbelo,C001107,AMZN,fedtech,2018-06-08,2018-08-02,1001.0,,False,7780000.0,17,0.0,0,,,,0.10714434171224307,0.21305540543885415
David Perdue,P000612,PFE,pharma,2017-02-07,2017-03-01,1001.0,,False,7749154.5,37,0.0,0,,,,-0.0024937655860348684,0.21300974813614668
Ro Khanna,K000389,PFE,pharma,2017-02-07,2017-03-14,1001.0,,False,7749154.5,37,0.0,0,,,,-0.0024937655860348684,0.21300974813614668
David Perdue,P000612,PFE,pharma,2017-02-14,2017-03-01,1001.0,,False,7749154.5,37,0.0,0,,,,-0.001832061068702373,0.21300974813614668
David Perdue,P000612,PFE,pharma,2017-02-17,2017-03-01,1001.0,,False,7749154.5,37,0.0,0,,,,-0.011897679952409201,0.21300974813614668
David Perdue,P000612,PFE,pharma,2017-02-27,2017-03-01,1001.0,,False,7749154.5,37,0.0,0,,,,-0.014877479579929909,0.21300974813614668
Ro Khanna,K000389,PFE,pharma,2017-02-17,2017-03-14,1001.0,,False,7749154.5,37,0.0,0,,,,-0.011897679952409201,0.21300974813614668
Ro Khanna,K000389,PFE,pharma,2017-02-10,2017-03-14,1001.0,,False,7749154.5,37,0.0,0,,,,0.010819165378670892,0.21300974813614668
David Perdue,P000612,PFE,pharma,2017-02-10,2017-03-01,1001.0,,False,7749154.5,37,0.0,0,,,,0.010819165378670892,0.21300974813614668
David Perdue,P000612,PFE,pharma,2017-02-09,2017-03-01,1001.0,,False,7749154.5,37,0.0,0,,,,0.012044471896232256,0.21300974813614668
David Perdue,P000612,PFE,pharma,2017-02-13,2017-03-01,1001.0,,False,7749154.5,37,0.0,0,,,,-0.0009199632014720294,0.21300974813614668
Ro Khanna,K000389,PFE,pharma,2017-02-27,2017-03-14,1001.0,,False,7749154.5,37,0.0,0,,,,-0.014877479579929909,0.21300974813614668
Ro Khanna,K000389,PFE,pharma,2017-02-16,2017-03-14,1001.0,,False,7749154.5,37,0.0,0,,,,-0.01933372992266502,0.21300974813614668
David Perdue,P000612,PFE,pharma,2017-02-16,2017-03-01,1001.0,,False,7749154.5,37,0.0,0,,,,-0.01933372992266502,0.21300974813614668
David Perdue,P000612,PFE,pharma,2017-02-06,2017-03-01,1001.0,,False,7749154.5,37,0.0,0,,,,-0.004964318957492941,0.21300974813614668
Ro Khanna,K000389,PFE,pharma,2017-02-14,2017-03-14,1001.0,,False,7749154.5,37,0.0,0,,,,-0.001832061068702373,0.21300974813614668
Ro Khanna,K000389,PFE,pharma,2017-02-09,2017-03-14,1001.0,,False,7749154.5,37,0.0,0,,,,0.012044471896232256,0.21300974813614668
Ro Khanna,K000389,PFE,pharma,2017-02-08,2017-03-14,1001.0,,False,7749154.5,37,0.0,0,,,,-0.012134411947728685,0.21300974813614668
David Perdue,P000612,PFE,pharma,2017-02-08,2017-03-01,1001.0,,False,7749154.5,37,0.0,0,,,,-0.012134411947728685,0.21300974813614668
John A. Yarmuth,Y000062,GD,defense,2017-03-23,2017-04-22,1001.0,,False,7694892.0,49,0.0,0,,,,0.07907786452838161,0.21292898630425117
Ed Perlmutter,P000593,AMZN,fedtech,2019-01-18,2019-02-22,1001.0,,False,7690000.0,10,0.0,0,,,,0.09596156113665844,0.21292167730887956
David Perdue,P000612,PFE,pharma,2017-03-02,2017-03-31,1001.0,,False,7659154.5,36,0.0,0,,,,-0.02665893943784392,0.2128754845802361
Lamar Smith,S000583,AMZN,fedtech,2018-10-17,2018-11-08,1001.0,,False,7600000.0,12,0.0,0,,,,-0.11414346000775233,0.21278637484188548
Suzan K. Delbene,D000617,MSFT,fedtech,2019-06-28,2019-07-16,1001.0,,False,7500000.0,57,0.0,0,,,,0.07636607942669449,0.21263414665435393
Robert P Corker Jr,C001071,XOM,energy,2014-03-03,2014-06-10,1001.0,,False,7455160.0,33,0.0,0,,,,0.06136125654450253,0.21256522724993893
John Hoeven,H001061,IBM,fedtech,2017-04-24,2017-05-03,50001.0,Senate Committee on Appropriations,True,0.0,0,0.0,0,,,,-0.1227994146304644,0.21251851913185354
John Hoeven,H001061,IBM,fedtech,2014-02-19,2014-03-11,50001.0,Senate Committee on Appropriations,True,0.0,0,0.0,0,,,,-0.0007106739453095479,0.21251851913185354
John Hoeven,H001061,IBM,fedtech,2018-04-18,2018-05-09,50001.0,Senate Committee on Appropriations,True,0.0,0,0.0,0,,,,-0.023187181143745406,0.21251851913185354
John Hoeven,H001061,IBM,fedtech,2019-10-21,2019-10-24,50001.0,Senate Committee on Appropriations,True,0.0,0,0.0,0,,,,0.13968970291796023,0.21251851913185354
Thomas Suozzi,S001201,LLY,pharma,2021-03-03,2021-09-23,50001.0,House Committee on Ways and Means,True,0.0,0,0.0,0,,,,0.14420792079207922,0.21251851913185354
Bill Flores,F000461,MSFT,fedtech,2013-12-30,2014-01-07,1001.0,,False,7397000.0,55,0.0,0,,,,0.08635022794314828,0.21247521478135742
Marjorie Taylor Greene,G000596,OXY,energy,2025-10-24,2025-10-28,1001.0,,False,7370000.0,13,0.0,0,,,,0.2316185106882782,0.21243318688557622
Robert P Corker Jr,C001071,MSFT,fedtech,2014-01-08,2014-06-10,1001.0,,False,7337000.0,54,0.0,0,,,,0.10850111856823275,0.21238160986516286
Gilbert Cisneros,C001123,OXY,energy,2026-02-10,2026-03-09,1001.0,,False,7335000.0,12,0.0,0,,,,0.23406094661767884,0.2123784765336031
Alan S. Lowenthal,L000579,GD,defense,2016-12-19,2017-01-07,1001.0,,False,7332801.0,52,0.0,0,,,,0.07301151004981965,0.21237503044930917
Thomas J. Rooney,R000583,GD,defense,2016-11-02,2017-01-16,1001.0,,False,7312801.0,50,0.0,0,,,,0.27647491147190495,0.21234364063759228
Pat Roberts,R000307,CVX,energy,2015-03-16,2015-03-24,1001.0,,False,7298000.0,13,0.0,0,,,,-0.07349946669252394,0.2123203552830817
Raúl M. Grijalva,G000551,GD,defense,2015-04-10,2015-05-14,1001.0,,False,7235214.0,49,0.0,0,,,,0.11809285556618354,0.2122210506476127
Jackie Speier,S001175,AMZN,fedtech,2017-06-16,2017-06-21,1001.0,,False,7220000.0,21,0.0,0,,,,0.01886181166536738,0.21219685792650642
Pat Roberts,R000307,AMZN,fedtech,2017-06-20,2017-07-10,1001.0,,False,7220000.0,21,0.0,0,,,,0.00444292205240826,0.21219685792650642
Thomas J. Rooney,R000583,AMZN,fedtech,2017-06-14,2017-07-14,1001.0,,False,7220000.0,21,0.0,0,,,,0.025049412680369088,0.21219685792650642
Robert P Corker Jr,C001071,MSFT,fedtech,2014-03-03,2014-06-10,1001.0,,False,7217000.0,54,0.0,0,,,,0.1082583377448385,0.2121920814243675
Michael T. McCaul,M001157,MSFT,fedtech,2017-02-09,2017-03-17,1001.0,,False,7195000.0,69,0.0,0,,,,0.09772088666874801,0.21215699295396012
Thomas R. Carper,C000174,CVS,pharma,2020-04-14,2020-05-04,1001.0,,False,7192000.0,33,0.0,0,,,,0.055717998700454796,0.21215219985175998
Kelly Loeffler,L000594,CVS,pharma,2020-04-07,2020-05-01,1001.0,,False,7192000.0,33,0.0,0,,,,0.1324072445929314,0.21215219985175998
Thomas R. Carper,C000174,CVS,pharma,2020-03-27,2020-04-01,1001.0,,False,7192000.0,33,0.0,0,,,,0.06774744027303758,0.21215219985175998
Thomas R. Carper,C000174,CVS,pharma,2020-04-02,2020-05-04,1001.0,,False,7192000.0,33,0.0,0,,,,0.13589604764482943,0.21215219985175998
Thomas Macarthur,M001193,MSFT,fedtech,2017-03-09,2017-04-09,1001.0,,False,7145000.0,69,0.0,0,,,,0.0730727637880424,0.21207684576686509
Thomas J. Rooney,R000583,GD,defense,2016-09-01,2017-01-16,1001.0,,False,7124799.0,48,0.0,0,,,,0.12967809473959702,0.2120443055101899
Gilbert Cisneros,C001123,UNH,pharma,2026-03-13,2026-04-07,1001.0,,False,7090000.0,24,0.0,0,,,,,0.21198803348055417
Ro Khanna,K000389,UNH,pharma,2026-04-13,2026-05-11,1001.0,,False,7090000.0,24,0.0,0,,,,,0.21198803348055417
Ro Khanna,K000389,UNH,pharma,2026-01-23,2026-02-06,1001.0,,False,7090000.0,24,0.0,0,,,,0.05782293830348628,0.21198803348055417
Richard Dean Mccormick,M001218,UNH,pharma,2026-03-19,2026-04-07,1001.0,,False,7090000.0,24,0.0,0,,,,,0.21198803348055417
Gilbert Cisneros,C001123,UNH,pharma,2026-04-14,2026-05-08,1001.0,,False,7090000.0,24,0.0,0,,,,,0.21198803348055417
Josh Gottheimer,G000583,UNH,pharma,2026-02-05,2026-03-16,1001.0,,False,7090000.0,24,0.0,0,,,,0.4875069819400484,0.21198803348055417
Alan S. Lowenthal,L000579,ORCL,fedtech,2017-05-25,2017-06-05,1001.0,,False,7035000.0,41,0.0,0,,,,0.0654867256637166,0.21189852955187316
K. Michael Conaway,C001062,GD,defense,2014-07-24,2014-08-18,1001.0,,False,7029423.0,46,0.0,0,,,,0.1902370760619032,0.21188941480907797
K. Michael Conaway,C001062,GD,defense,2014-07-25,2014-08-18,1001.0,,False,7029423.0,46,0.0,0,,,,0.19597160310384676,0.21188941480907797
Thomas J. Rooney,R000583,MSFT,fedtech,2016-12-12,2017-01-24,1001.0,,False,7020000.0,71,0.0,0,,,,0.05324111307704693,0.21187399793098788
Thomas Macarthur,M001193,MSFT,fedtech,2016-12-08,2017-01-07,1001.0,,False,7020000.0,71,0.0,0,,,,0.07654482871660395,0.21187399793098788
Suzan K. Delbene,D000617,MSFT,fedtech,2016-12-30,2017-01-10,1001.0,,False,7020000.0,71,0.0,0,,,,0.11699388477631145,0.21187399793098788
Thomas J. Rooney,R000583,MSFT,fedtech,2016-11-02,2017-01-16,1001.0,,False,7020000.0,69,0.0,0,,,,0.07706545515732799,0.21187399793098788
Thomas J. Rooney,R000583,GD,defense,2016-06-01,2017-01-16,1001.0,,False,7002143.0,49,0.0,0,,,,0.09995051954477985,0.2118447254176956
K. Michael Conaway,C001062,GD,defense,2016-05-20,2016-06-03,1001.0,,False,7002143.0,50,0.0,0,,,,0.05220578066657433,0.2118447254176956
K. Michael Conaway,C001062,GD,defense,2016-05-10,2016-06-03,1001.0,,False,7002143.0,50,0.0,0,,,,0.050785807425708596,0.2118447254176956
Suzan K. Delbene,D000617,MSFT,fedtech,2019-09-30,2019-10-15,1001.0,,False,6995000.0,54,0.0,0,,,,0.19010285549881334,0.21183299517605841
Alan S. Lowenthal,L000579,MSFT,fedtech,2019-09-20,2019-09-21,1001.0,,False,6995000.0,55,0.0,0,,,,0.19406196213425142,0.21183299517605841
Kevin Hern,H001082,LMT,defense,2019-10-15,2019-11-14,1001.0,,False,6986211.0,36,0.0,0,,,,0.14069235793598955,0.2118185454237792
Michael T. McCaul,M001157,CVX,energy,2014-12-31,2015-01-21,1001.0,,False,6960000.0,14,0.0,0,,,,-0.00998395435906585,0.2117753444496112
Bill Flores,F000461,XOM,energy,2017-03-13,2017-04-05,1001.0,,False,6940000.0,22,0.0,0,,,,-0.010071235568656411,0.21174227087282174
Bob Gibbs,G000563,XOM,energy,2017-03-22,2017-03-27,1001.0,,False,6940000.0,22,0.0,0,,,,-0.011007827788649727,0.21174227087282174
Earl Blumenauer,B000574,GD,defense,2020-03-03,2020-04-16,1001.0,,False,6933593.0,42,0.0,0,,,,-0.08637069233157424,0.2117316555923167
Earl Blumenauer,B000574,GD,defense,2020-03-10,2020-04-16,1001.0,,False,6933593.0,42,0.0,0,,,,-0.0734063103670316,0.2117316555923167
Carlos Curbelo,C001107,XOM,energy,2016-01-15,2016-01-28,1001.0,,False,6915000.0,19,0.0,0,,,,0.15455014178912085,0.21170079460984462
Ro Khanna,K000389,MRK,pharma,2023-07-06,2023-07-11,1001.0,,False,6910000.0,26,0.0,0,,,,-0.07489932885906048,0.2116924813653635
Ro Khanna,K000389,UNH,pharma,2025-09-03,2025-10-03,1001.0,,False,6910000.0,24,0.0,0,,,,0.09263349356892281,0.2116924813653635
Gilbert Cisneros,C001123,UNH,pharma,2025-09-05,2025-10-10,1001.0,,False,6910000.0,24,0.0,0,,,,0.08443514379022798,0.2116924813653635
Marjorie Taylor Greene,G000596,UNH,pharma,2025-08-28,2025-08-29,1001.0,,False,6910000.0,24,0.0,0,,,,0.09772073174765938,0.2116924813653635
Mikie Sherrill,S001207,GD,defense,2020-01-21,2020-02-19,1001.0,,False,6903593.0,41,0.0,0,,,,-0.2526051612199246,0.2116818199768814
Jared Moskowitz,M001217,UNH,pharma,2024-02-13,2024-08-21,1001.0,,False,6890000.0,19,0.0,0,,,,-0.046009480506917,0.21165916812467447
Jared Moskowitz,M001217,MRK,pharma,2023-07-14,2024-08-21,1001.0,,False,6860000.0,25,0.0,0,,,,-0.045369852804173716,0.21160901651061512
Thomas Suozzi,S001201,MSFT,fedtech,2020-03-20,2021-09-23,1001.0,,False,6804000.0,51,0.0,0,,,,0.5405897342555515,0.21151481057354105
Pat Roberts,R000307,MSFT,fedtech,2020-03-26,2020-03-28,1001.0,,False,6804000.0,51,0.0,0,,,,0.2894753699314585,0.21151481057354105
Pat Roberts,R000307,MSFT,fedtech,2020-03-24,2020-03-28,1001.0,,False,6804000.0,51,0.0,0,,,,0.42746393420520423,0.21151481057354105
Donald Sternoff Beyer Jr,B001292,MSFT,fedtech,2020-01-24,2020-02-22,1001.0,,False,6804000.0,51,0.0,0,,,,0.10015753756665058,0.21151481057354105
Earl Blumenauer,B000574,MSFT,fedtech,2020-03-03,2020-04-16,1001.0,,False,6804000.0,51,0.0,0,,,,0.2443012582821713,0.21151481057354105
John Curtis,C001114,MSFT,fedtech,2020-03-11,2020-04-09,1001.0,,False,6804000.0,51,0.0,0,,,,0.39504003124389775,0.21151481057354105
Daniel Meuser,M001204,MSFT,fedtech,2020-03-30,2021-08-11,1001.0,,False,6804000.0,51,0.0,0,,,,0.26081258191349943,0.21151481057354105
Suzan K. Delbene,D000617,MSFT,fedtech,2020-03-31,2020-04-14,1001.0,,False,6804000.0,51,0.0,0,,,,0.2938938558112991,0.21151481057354105
Donald Sternoff Beyer Jr,B001292,MSFT,fedtech,2020-02-14,2020-02-22,1001.0,,False,6794000.0,50,0.0,0,,,,0.019368761801996204,0.21149790652583084
Gilbert Cisneros,C001123,UNH,pharma,2025-10-09,2025-11-18,1001.0,,False,6790000.0,22,0.0,0,,,,-0.24759988033397706,0.21149113793908364
Alan S. Lowenthal,L000579,BA,defense,2019-11-04,2019-11-25,701.19,,False,8720000.0,46,0.0,0,,,,-0.2007177646757241,0.21147249686055827
Katherine M. Clark,C001101,MSFT,fedtech,2016-10-11,2017-05-25,1001.0,,False,6760000.0,69,0.0,0,,,,0.10753628256688241,0.21144024607750606
David Perdue,P000612,XOM,energy,2015-08-07,2015-09-08,1001.0,,False,6738500.0,25,0.0,0,,,,-0.0003904724716907726,0.2114036344542938
Earl Blumenauer,B000574,CVS,pharma,2020-05-08,2020-06-03,1001.0,,False,6720000.0,27,0.0,0,,,,-0.05687579214195182,0.21137203780638067
Pat Roberts,R000307,MSFT,fedtech,2019-10-23,2019-11-03,1001.0,,False,6690000.0,51,0.0,0,,,,0.3437773243952198,0.2113206146336019
Donald Sternoff Beyer Jr,B001292,MSFT,fedtech,2019-12-24,2020-01-02,1001.0,,False,6690000.0,51,0.0,0,,,,0.10255432710636692,0.2113206146336019
Suzan K. Delbene,D000617,MSFT,fedtech,2019-12-31,2020-01-15,1001.0,,False,6690000.0,51,0.0,0,,,,0.1251109701965758,0.2113206146336019
Carlos Curbelo,C001107,XOM,energy,2015-08-24,2015-08-24,1001.0,,False,6680000.0,24,0.0,0,,,,0.1299476135040747,0.2113034223193452
K. Michael Conaway,C001062,XOM,energy,2015-09-25,2015-10-06,1001.0,,False,6680000.0,24,0.0,0,,,,0.010241704219582148,0.2113034223193452
Donald Sternoff Beyer Jr,B001292,MSFT,fedtech,2019-12-09,2019-12-14,1001.0,,False,6680000.0,50,0.0,0,,,,0.08014006342494717,0.2113034223193452
Donald Sternoff Beyer Jr,B001292,MSFT,fedtech,2019-11-22,2019-12-14,1001.0,,False,6680000.0,50,0.0,0,,,,-0.09098201751453983,0.2113034223193452
K. Michael Conaway,C001062,XOM,energy,2015-10-06,2015-11-04,1001.0,,False,6680000.0,24,0.0,0,,,,0.007574784953139124,0.2113034223193452
Ro Khanna,K000389,CVS,pharma,2026-04-13,2026-05-11,1001.0,,False,6645000.0,22,0.0,0,,,,,0.21124304588066578
Jared Moskowitz,M001217,NEE,energy,2023-02-24,2023-03-10,1001.0,,False,6617000.0,37,0.0,0,,,,0.018787712561711523,0.21119451531875733
Kevin Hern,H001082,NEE,energy,2023-03-15,2023-04-10,1001.0,,False,6617000.0,37,0.0,0,,,,-0.02396716101694918,0.21119451531875733
Ro Khanna,K000389,NEE,energy,2023-03-03,2023-04-07,1001.0,,False,6617000.0,37,0.0,0,,,,0.007449546254909789,0.21119451531875733
Ro Khanna,K000389,XOM,energy,2017-05-08,2017-06-12,1001.0,,False,6610000.0,23,0.0,0,,,,-0.06888647605259979,0.21118235059101215
Ro Khanna,K000389,XOM,energy,2017-07-05,2017-08-10,1001.0,,False,6610000.0,24,0.0,0,,,,0.033147804576376005,0.21118235059101215
Bill Flores,F000461,XOM,energy,2016-02-17,2016-03-15,1001.0,,False,6607500.0,20,0.0,0,,,,0.11243902439024378,0.21117800292312688
Suzan K. Delbene,D000617,MSFT,fedtech,2017-06-30,2017-07-16,1001.0,,False,6603750.0,50,0.0,0,,,,0.21703177136225138,0.21117147833599914
Thomas J. Rooney,R000583,MSFT,fedtech,2017-06-14,2017-07-14,1001.0,,False,6603750.0,50,0.0,0,,,,0.09748114415824682,0.21117147833599914
Thomas Macarthur,M001193,MSFT,fedtech,2017-06-08,2017-07-09,1001.0,,False,6603750.0,50,0.0,0,,,,0.05628908964558721,0.21117147833599914
Zoe Lofgren,L000397,MSFT,fedtech,2017-06-15,2017-07-18,1001.0,,False,6603750.0,50,0.0,0,,,,0.10858369098712428,0.21117147833599914
Bill Flores,F000461,XOM,energy,2016-11-08,2016-12-11,1001.0,,False,6580000.0,20,0.0,0,,,,-0.05016996835072096,0.2111300697127753
Thomas Macarthur,M001193,XOM,energy,2016-12-09,2017-01-07,1001.0,,False,6580000.0,20,0.0,0,,,,-0.06595505617977537,0.2111300697127753
Mikie Sherrill,S001207,CVS,pharma,2019-11-18,2020-01-03,1001.0,,False,6557000.0,34,0.0,0,,,,-0.22769640479360842,0.21108982602731458
Kevin Hern,H001082,NEE,energy,2022-12-15,2023-01-13,1001.0,,False,6552000.0,36,0.0,0,,,,-0.09078196014450535,0.2110810587220582
Ro Khanna,K000389,NEE,energy,2023-04-21,2023-05-08,1001.0,,False,6532000.0,38,0.0,0,,,,-0.15077857956703378,0.2110459224675448
Donald Sternoff Beyer Jr,B001292,MSFT,fedtech,2020-01-09,2020-02-22,1001.0,,False,6530000.0,47,0.0,0,,,,0.1393670183231539,0.21104240292689658
Thomas Suozzi,S001201,MSFT,fedtech,2020-01-09,2021-09-23,1001.0,,False,6530000.0,47,0.0,0,,,,0.1393670183231539,0.21104240292689658
Thomas J. Rooney,R000583,AMZN,fedtech,2016-07-27,2017-01-16,1001.0,,False,6490000.0,14,0.0,0,,,,0.059320998547518045,0.21097178482520623
James R. Langevin,L000559,ORCL,fedtech,2019-07-03,2019-09-05,1001.0,,False,6485000.0,31,0.0,0,,,,-0.07424396873938155,0.21096292697514532
Michael T. McCaul,M001157,AMZN,fedtech,2017-02-09,2017-03-17,1001.0,,False,6430000.0,16,0.0,0,,,,0.1910855167040033,0.21086503737164683
John A. Yarmuth,Y000062,AMZN,fedtech,2017-03-31,2017-04-22,1001.0,,False,6430000.0,16,0.0,0,,,,0.1141967649513842,0.21086503737164683
Thomas J. Rooney,R000583,MSFT,fedtech,2016-09-01,2017-01-16,1001.0,,False,6420000.0,52,0.0,0,,,,0.07900677200902928,0.210847149337113
Thomas J. Rooney,R000583,MSFT,fedtech,2016-02-10,2017-01-16,1001.0,,False,6420000.0,49,0.0,0,,,,0.038422852544759634,0.210847149337113
Michael T. McCaul,M001157,AMZN,fedtech,2016-02-08,2016-03-18,1001.0,,False,6420000.0,14,0.0,0,,,,0.4827699241958614,0.210847149337113
Thomas Macarthur,M001193,MSFT,fedtech,2016-09-08,2016-11-07,1001.0,,False,6420000.0,52,0.0,0,,,,0.09420163677520477,0.210847149337113
Lamar Smith,S000583,MSFT,fedtech,2016-03-22,2016-04-12,1001.0,,False,6420000.0,49,0.0,0,,,,0.0340299611614574,0.210847149337113
Michael T. McCaul,M001157,AMZN,fedtech,2016-03-24,2016-04-20,1001.0,,False,6420000.0,14,0.0,0,,,,0.27774251651085,0.210847149337113
Lamar Smith,S000583,MSFT,fedtech,2016-01-27,2016-02-09,1001.0,,False,6420000.0,48,0.0,0,,,,0.013080827801640105,0.210847149337113
Suzan K. Delbene,D000617,MSFT,fedtech,2016-03-31,2016-04-15,1001.0,,False,6420000.0,49,0.0,0,,,,0.026253847546623188,0.210847149337113
Ed Whitfield,W000413,AMZN,fedtech,2016-02-08,2016-03-10,1001.0,,False,6420000.0,14,0.0,0,,,,0.4827699241958614,0.210847149337113
Lamar Smith,S000583,MSFT,fedtech,2016-03-08,2016-04-12,1001.0,,False,6420000.0,49,0.0,0,,,,-0.005227492739593331,0.210847149337113
Bill Cassidy,C001075,MSFT,fedtech,2016-03-31,2016-05-02,1001.0,,False,6420000.0,49,0.0,0,,,,0.026253847546623188,0.210847149337113
Ed Whitfield,W000413,AMZN,fedtech,2016-01-29,2016-02-02,1001.0,,False,6420000.0,14,0.0,0,,,,0.2313287904599659,0.210847149337113
Ro Khanna,K000389,UNH,pharma,2025-02-19,2025-03-06,1001.0,,False,6365000.0,24,0.0,0,,,,-0.40902864746399503,0.21074826436383104
Ro Khanna,K000389,CVS,pharma,2019-09-11,2019-10-16,1001.0,,False,6355000.0,34,0.0,0,,,,0.1386154086576028,0.210730193511288
Ro Khanna,K000389,CVS,pharma,2019-09-16,2019-10-16,1001.0,,False,6355000.0,34,0.0,0,,,,0.16396027116506384,0.210730193511288
Ro Khanna,K000389,CVS,pharma,2019-08-12,2019-09-11,1001.0,,False,6355000.0,34,0.0,0,,,,0.2456170212765958,0.210730193511288
Thomas J. Rooney,R000583,MSFT,fedtech,2015-11-12,2017-01-16,1001.0,,False,6350000.0,46,0.0,0,,,,-0.00468867216804203,0.2107211474188513
Thomas Macarthur,M001193,MSFT,fedtech,2015-12-10,2016-01-06,1001.0,,False,6350000.0,46,0.0,0,,,,-0.015379048308304721,0.2107211474188513
Lamar Smith,S000583,MSFT,fedtech,2015-12-15,2016-01-12,1001.0,,False,6350000.0,46,0.0,0,,,,0.0027173913043478937,0.2107211474188513
Virginia Foxx,F000450,MRK,pharma,2017-10-11,2017-11-08,1001.0,,False,6350000.0,26,0.0,0,,,,-0.14189401066164953,0.2107211474188513
Sheldon Whitehouse,W000802,MSFT,fedtech,2016-01-06,2016-01-20,1001.0,,False,6350000.0,46,0.0,0,,,,-0.07604070305272892,0.2107211474188513
Suzan K. Delbene,D000617,MSFT,fedtech,2015-10-27,2015-11-11,1001.0,,False,6345000.0,46,0.0,0,,,,-0.04339728068541626,0.21071209420070217
Ro Khanna,K000389,MRK,pharma,2017-09-11,2017-10-10,1001.0,,False,6330000.0,25,0.0,0,,,,-0.12789805005373867,0.21068489167949844
Ro Khanna,K000389,MRK,pharma,2017-09-26,2017-10-10,1001.0,,False,6330000.0,25,0.0,0,,,,-0.05528103767757886,0.21068489167949844
David Perdue,P000612,MRK,pharma,2017-09-26,2017-10-02,1001.0,,False,6330000.0,25,0.0,0,,,,-0.05528103767757886,0.21068489167949844
David Perdue,P000612,MRK,pharma,2017-09-29,2017-10-02,1001.0,,False,6330000.0,25,0.0,0,,,,-0.03748243011088548,0.21068489167949844
Ro Khanna,K000389,MRK,pharma,2017-09-25,2017-10-10,1001.0,,False,6330000.0,25,0.0,0,,,,-0.05339061061675365,0.21068489167949844
Ro Khanna,K000389,MRK,pharma,2017-09-29,2017-10-10,1001.0,,False,6330000.0,25,0.0,0,,,,-0.03748243011088548,0.21068489167949844
David Perdue,P000612,MRK,pharma,2017-09-12,2017-10-02,1001.0,,False,6330000.0,25,0.0,0,,,,-0.1246562786434463,0.21068489167949844
David Perdue,P000612,MRK,pharma,2017-09-11,2017-10-02,1001.0,,False,6330000.0,25,0.0,0,,,,-0.12789805005373867,0.21068489167949844
Ro Khanna,K000389,MRK,pharma,2017-10-05,2017-11-09,1001.0,,False,6330000.0,25,0.0,0,,,,-0.09349845201238383,0.21068489167949844
Ro Khanna,K000389,MRK,pharma,2017-09-12,2017-10-10,1001.0,,False,6330000.0,25,0.0,0,,,,-0.1246562786434463,0.21068489167949844
David Perdue,P000612,MRK,pharma,2017-09-21,2017-10-02,1001.0,,False,6330000.0,25,0.0,0,,,,-0.06585365853658531,0.21068489167949844
Ro Khanna,K000389,MRK,pharma,2017-09-27,2017-10-10,1001.0,,False,6330000.0,25,0.0,0,,,,-0.05064271333436576,0.21068489167949844
David Perdue,P000612,MRK,pharma,2017-09-27,2017-10-02,1001.0,,False,6330000.0,25,0.0,0,,,,-0.05064271333436576,0.21068489167949844
David Perdue,P000612,MRK,pharma,2017-10-05,2017-11-02,1001.0,,False,6330000.0,25,0.0,0,,,,-0.09349845201238383,0.21068489167949844
Lamar Smith,S000583,MSFT,fedtech,2015-11-04,2015-12-09,1001.0,,False,6300000.0,45,0.0,0,,,,-0.037683823529411686,0.21063029271773337
Michael T. McCaul,M001157,MRK,pharma,2019-05-01,2019-06-27,1001.0,,False,6277000.0,36,0.0,0,,,,0.10162601626016254,0.21058825714951454
Michael T. McCaul,M001157,ORCL,fedtech,2017-02-09,2017-03-17,1001.0,,False,6275000.0,41,0.0,0,,,,0.11931394481730062,0.21058459460651813
Ro Khanna,K000389,MRK,pharma,2019-07-01,2019-08-06,1001.0,,False,6252000.0,35,0.0,0,,,,0.004129793510324387,0.2105423912580814
Zoe Lofgren,L000397,MRK,pharma,2017-06-15,2017-07-18,1001.0,,False,6240000.0,24,0.0,0,,,,0.0031650577623041354,0.21052031044472538
Ro Khanna,K000389,MRK,pharma,2017-05-02,2017-06-12,1001.0,,False,6240000.0,25,0.0,0,,,,0.006698564593301315,0.21052031044472538
Ed Whitfield,W000413,MSFT,fedtech,2016-01-15,2016-02-02,1001.0,,False,6210000.0,43,0.0,0,,,,0.016473818395763784,0.21046492209747353
Josh Gottheimer,G000583,ABBV,pharma,2022-03-08,2022-04-17,1001.0,,False,6190000.0,19,0.0,0,,,,0.03656133197417599,0.21042784767886313
Josh Gottheimer,G000583,ABBV,pharma,2022-03-17,2022-04-17,1001.0,,False,6190000.0,19,0.0,0,,,,-0.031338672047417915,0.21042784767886313
Michael T. McCaul,M001157,MRK,pharma,2016-01-26,2016-03-01,1001.0,,False,6185000.0,24,0.0,0,,,,0.0995140913508259,0.21041856035730788
Thomas Macarthur,M001193,XOM,energy,2016-06-13,2016-07-08,1001.0,,False,6182500.0,24,0.0,0,,,,-0.03146042609559563,0.2104139138806737
Thomas J. Rooney,R000583,XOM,energy,2016-06-01,2017-01-16,1001.0,,False,6182500.0,24,0.0,0,,,,-0.03115194979829672,0.2104139138806737
Thomas Macarthur,M001193,XOM,energy,2016-05-09,2016-06-04,1001.0,,False,6182500.0,24,0.0,0,,,,0.0,0.2104139138806737
Josh Gottheimer,G000583,ABBV,pharma,2022-02-09,2022-03-18,1001.0,,False,6180000.0,19,0.0,0,,,,0.015572625698324183,0.21040926552477723
Josh Gottheimer,G000583,ABBV,pharma,2022-02-18,2022-03-18,1001.0,,False,6180000.0,19,0.0,0,,,,-0.0038880788724571236,0.21040926552477723
Josh Gottheimer,G000583,ABBV,pharma,2022-01-28,2022-02-18,1001.0,,False,6180000.0,19,0.0,0,,,,0.06851798143851529,0.21040926552477723
Pat Roberts,R000307,NOC,defense,2017-01-03,2017-01-30,1001.0,,False,6165000.0,24,0.0,0,,,,0.04521265273106567,0.21038133583959914
David Perdue,P000612,MRK,pharma,2017-10-18,2017-11-02,1001.0,,False,6150000.0,22,0.0,0,,,,-0.11840655014958268,0.21035333811615498
Thomas J. Rooney,R000583,AMZN,fedtech,2016-11-10,2017-01-16,1001.0,,False,6150000.0,14,0.0,0,,,,0.14827985667717325,0.21035333811615498
Thomas Macarthur,M001193,MSFT,fedtech,2017-07-28,2017-08-03,1001.0,,False,6148750.0,48,0.0,0,,,,0.148274917853231,0.21035100189096392
Michael G. Fitzpatrick,F000451,CVX,energy,2014-02-21,2014-04-05,1001.0,,False,6126000.0,17,0.0,0,,,,0.1801561945331911,0.21030839940871784
Pat Roberts,R000307,NOC,defense,2016-11-14,2016-12-01,1001.0,,False,6115000.0,23,0.0,0,,,,-0.029268875438037578,0.21028774363033412
John A. Yarmuth,Y000062,CVS,pharma,2016-02-01,2016-03-17,1001.0,,False,6090000.0,12,0.0,0,,,,-0.008939580764488197,0.21024066015697404
Thomas Macarthur,M001193,MSFT,fedtech,2016-06-13,2016-07-08,1001.0,,False,6070000.0,50,0.0,0,,,,0.14060630235341032,0.21020285400523087
Thomas J. Rooney,R000583,MSFT,fedtech,2016-06-02,2017-01-16,1001.0,,False,6070000.0,50,0.0,0,,,,0.09756097560975618,0.21020285400523087
Thomas J. Rooney,R000583,MSFT,fedtech,2016-06-01,2017-01-16,1001.0,,False,6070000.0,50,0.0,0,,,,0.08609271523178808,0.21020285400523087
Suzan K. Delbene,D000617,MSFT,fedtech,2016-06-30,2016-07-13,1001.0,,False,6070000.0,50,0.0,0,,,,0.17002149697088131,0.21020285400523087
Katherine M. Clark,C001101,ORCL,fedtech,2016-10-11,2017-05-25,1001.0,,False,6060000.0,40,0.0,0,,,,0.052880820836622044,0.2101839041909433
Suzan K. Delbene,D000617,MSFT,fedtech,2015-10-09,2015-11-11,1001.0,,False,6055000.0,45,0.0,0,,,,0.048821906177032526,0.21017441755420213
Raúl M. Grijalva,G000551,MSFT,fedtech,2015-09-15,2015-10-05,1001.0,,False,6045000.0,46,0.0,0,,,,0.17417007730786738,0.2101554207568903
Lamar Smith,S000583,MSFT,fedtech,2016-07-13,2016-08-11,1001.0,,False,6010000.0,49,0.0,0,,,,0.09699121659502907,0.2100886835986112
K. Michael Conaway,C001062,XOM,energy,2016-09-12,2016-10-12,1001.0,,False,6000000.0,22,0.0,0,,,,-0.015580249742238483,0.2100695444439088
Thomas Macarthur,M001193,XOM,energy,2016-09-09,2016-11-07,1001.0,,False,6000000.0,22,0.0,0,,,,0.002303086135421406,0.2100695444439088
Marjorie Taylor Greene,G000596,OXY,energy,2024-11-20,2024-11-21,1001.0,,False,5980000.0,12,0.0,0,,,,-0.057945393832252945,0.21003117025220502
K. Michael Conaway,C001062,ORCL,fedtech,2016-08-03,2016-09-06,1001.0,,False,5950000.0,38,0.0,0,,,,-0.04937361827560793,0.20997336765058372
K. Michael Conaway,C001062,ORCL,fedtech,2016-08-10,2016-09-06,1001.0,,False,5950000.0,38,0.0,0,,,,-0.018009247992212263,0.20997336765058372
Ro Khanna,K000389,CVS,pharma,2019-02-15,2019-03-08,1001.0,,False,5898000.0,28,0.0,0,,,,-0.2155903926362721,0.2098724826163699
Bill Flores,F000461,CVS,pharma,2019-03-25,2019-04-04,1001.0,,False,5898000.0,26,0.0,0,,,,0.024021838034576914,0.2098724826163699
Robert J. Wittman,W000804,CVS,pharma,2019-01-22,2019-02-07,1001.0,,False,5898000.0,28,0.0,0,,,,-0.1726740603820086,0.2098724826163699
Michael T. McCaul,M001157,CVS,pharma,2019-04-26,2019-05-15,1001.0,,False,5885000.0,32,0.0,0,,,,0.13506444984121058,0.2098471223792827
Ro Khanna,K000389,CVS,pharma,2019-05-28,2019-06-11,1001.0,,False,5885000.0,32,0.0,0,,,,0.1876660341555978,0.2098471223792827
Dean Phillips,P000616,CVS,pharma,2019-05-13,2019-06-13,1001.0,,False,5885000.0,32,0.0,0,,,,0.1817168338907469,0.2098471223792827
Michael T. McCaul,M001157,CVS,pharma,2019-05-02,2019-06-27,1001.0,,False,5885000.0,32,0.0,0,,,,0.0738586285915741,0.2098471223792827
Gilbert Cisneros,C001123,CVS,pharma,2019-05-09,2019-06-18,1001.0,,False,5885000.0,32,0.0,0,,,,0.12429990966576332,0.2098471223792827
Bill Flores,F000461,CVS,pharma,2019-05-08,2019-06-13,1001.0,,False,5885000.0,32,0.0,0,,,,0.1259418729817008,0.2098471223792827
Bob Gibbs,G000563,ORCL,fedtech,2020-01-08,2020-01-13,1001.0,,False,5875000.0,34,0.0,0,,,,-0.028265287271383777,0.2098275763546701
Ro Khanna,K000389,CVS,pharma,2019-07-08,2019-08-06,1001.0,,False,5875000.0,31,0.0,0,,,,0.21713975772916272,0.2098275763546701
Bruce Westerman,W000821,LLY,pharma,2025-03-03,2025-04-16,1001.0,,False,5860000.0,17,0.0,0,,,,-0.16544766166157554,0.20979819484817508
Marjorie Taylor Greene,G000596,LLY,pharma,2025-01-21,2025-01-27,1001.0,,False,5860000.0,17,0.0,0,,,,-0.023439078601737662,0.20979819484817508
Thomas Macarthur,M001193,MSFT,fedtech,2015-01-28,2015-03-05,1001.0,,False,5830000.0,50,0.0,0,,,,0.15197863559116298,0.2097392055329257
Josh Gottheimer,G000583,XOM,energy,2026-02-02,2026-03-16,1001.0,,False,5830000.0,17,0.0,0,,,,0.08063583815028896,0.2097392055329257
Josh Gottheimer,G000583,XOM,energy,2026-02-04,2026-03-16,1001.0,,False,5830000.0,17,0.0,0,,,,0.03015109424757778,0.2097392055329257
Ro Khanna,K000389,CVX,energy,2017-06-12,2017-07-12,1001.0,,False,5820000.0,13,0.0,0,,,,0.09959274342835989,0.2097194749535157
Richard L. Hanna,H001051,MSFT,fedtech,2015-02-02,2015-03-11,1001.0,,False,5810000.0,49,0.0,0,,,,0.1366279069767442,0.20969971044360572
Thomas Macarthur,M001193,MSFT,fedtech,2015-02-12,2015-03-11,1001.0,,False,5790000.0,48,0.0,0,,,,0.06683685309816645,0.20966007916407664
Dwight Evans,E000296,XOM,energy,2020-03-02,2020-04-23,1001.0,,False,5790000.0,22,0.0,0,,,,-0.17000742390497403,0.20966007916407664
John A. Yarmuth,Y000062,XOM,energy,2020-03-31,2020-05-02,1001.0,,False,5790000.0,22,0.0,0,,,,0.15959968396102187,0.20966007916407664
K. Michael Conaway,C001062,MSFT,fedtech,2015-02-09,2015-03-03,1001.0,,False,5790000.0,48,0.0,0,,,,0.07766761095372998,0.20966007916407664
Pat Roberts,R000307,XOM,energy,2020-03-26,2020-03-28,1001.0,,False,5790000.0,22,0.0,0,,,,0.11875321998969612,0.20966007916407664
Robert J. Wittman,W000804,ABBV,pharma,2022-06-16,2022-07-08,1001.0,,False,5780000.0,19,0.0,0,,,,0.027236794825727495,0.20964021215883577
Ro Khanna,K000389,ABBV,pharma,2022-05-10,2022-06-10,1001.0,,False,5780000.0,19,0.0,0,,,,-0.08797422578736269,0.20964021215883577
Zoe Lofgren,L000397,CVS,pharma,2021-08-09,2021-09-10,1001.0,,False,5750000.0,24,0.0,0,,,,0.138150642988365,0.20958040425459165
Bob Gibbs,G000563,AMZN,fedtech,2015-12-08,2015-12-21,1001.0,,False,5750000.0,15,0.0,0,,,,-0.11109798768694734,0.20958040425459165
Ed Whitfield,W000413,AMZN,fedtech,2016-01-07,2016-02-02,1001.0,,False,5750000.0,15,0.0,0,,,,0.10857979405862417,0.20958040425459165
Ed Whitfield,W000413,AMZN,fedtech,2015-12-11,2016-01-15,1001.0,,False,5750000.0,15,0.0,0,,,,-0.06907755994688736,0.20958040425459165
Susan W. Brooks,B001284,XOM,energy,2020-04-06,2020-04-27,1001.0,,False,5740000.0,21,0.0,0,,,,0.07412898443291338,0.20956039892376832
Mikie Sherrill,S001207,XOM,energy,2020-01-21,2020-02-19,1001.0,,False,5730000.0,21,0.0,0,,,,-0.32864752885469073,0.2095403587100549
Ro Khanna,K000389,UNH,pharma,2025-11-10,2025-12-08,1001.0,,False,5720000.0,23,0.0,0,,,,-0.12202251383792528,0.2095202834915897
Richard Dean Mccormick,M001218,UNH,pharma,2025-11-05,2025-12-09,1001.0,,False,5720000.0,23,0.0,0,,,,-0.11890522975529394,0.2095202834915897
Kathy Manning,M001135,ABBV,pharma,2022-07-15,2022-08-10,1001.0,,False,5720000.0,18,0.0,0,,,,-0.012237989845072184,0.2095202834915897
Lisa Mcclain,M001136,UNH,pharma,2025-10-30,2025-11-21,1001.0,,False,5720000.0,23,0.0,0,,,,-0.14932559825960845,0.2095202834915897
Ro Khanna,K000389,CVX,energy,2017-02-27,2017-03-14,1001.0,,False,5715000.0,14,0.0,0,,,,-0.06872483221476511,0.2095102327173186
Robert P Corker Jr,C001071,MRK,pharma,2014-01-08,2014-06-10,1001.0,,False,5682500.0,25,0.0,0,,,,0.10122514561156848,0.20944468756255905
Thomas Macarthur,M001193,MSFT,fedtech,2015-01-09,2015-03-05,1001.0,,False,5665000.0,49,0.0,0,,,,0.00381436745073116,0.20940923857326718
Mikie Sherrill,S001207,XOM,energy,2019-06-17,2019-07-08,1001.0,,False,5660000.0,26,0.0,0,,,,-0.07550938873351976,0.20939909017558614
William R. Keating,K000375,CVS,pharma,2021-03-17,2021-04-27,1001.0,,False,5660000.0,25,0.0,0,,,,0.10890420213484653,0.20939909017558614
Kevin Hern,H001082,NEE,energy,2021-12-15,2022-01-11,1001.0,,False,5652000.0,35,0.0,0,,,,-0.09989130434782612,0.2093828340772258
Robert J. Wittman,W000804,ABBV,pharma,2015-09-15,2015-10-15,1001.0,,False,5620000.0,17,0.0,0,,,,-0.135472972972973,0.20931757877279433
Thomas Macarthur,M001193,OXY,energy,2016-01-15,2016-02-06,1001.0,,False,5605206.0,8,0.0,0,,,,0.21882465360726244,0.20928728473234687
Gilbert Cisneros,C001123,OXY,energy,2025-08-05,2025-09-12,1001.0,,False,5600000.0,13,0.0,0,,,,-0.014623955431754765,0.20927660525485925
Rob Bresnahan,B001327,OXY,energy,2025-05-15,2025-05-31,1001.0,,False,5550000.0,12,0.0,0,,,,0.053032049804011994,0.2091735277962584
Marjorie Taylor Greene,G000596,OXY,energy,2025-05-05,2025-05-06,1001.0,,False,5550000.0,12,0.0,0,,,,0.23808296830713727,0.2091735277962584
Thomas Macarthur,M001193,OXY,energy,2015-01-12,2015-03-05,1001.0,,False,5504078.0,4,0.0,0,,,,0.023082054703135402,0.20907803592110658
Lisa Mcclain,M001136,CVS,pharma,2025-10-30,2025-11-21,1001.0,,False,5500000.0,21,0.0,0,,,,0.04185682618333564,0.2090695174974707
Pat Roberts,R000307,CVX,energy,2020-03-26,2020-03-28,1001.0,,False,5420000.0,16,0.0,0,,,,0.18002094789211842,0.20890111800779182
John Curtis,C001114,CVX,energy,2020-03-27,2020-04-09,1001.0,,False,5420000.0,16,0.0,0,,,,0.3236405931956965,0.20890111800779182
Susan W. Brooks,B001284,CVX,energy,2020-04-06,2020-04-27,1001.0,,False,5420000.0,16,0.0,0,,,,0.07588008458763529,0.20890111800779182
Ro Khanna,K000389,UNH,pharma,2023-10-02,2023-11-08,1001.0,,False,5380000.0,18,0.0,0,,,,-0.021299337310764388,0.20881598384423272
HON. GREG STANTON,S001211,UNH,pharma,2023-09-26,2023-11-09,1001.0,,False,5380000.0,18,0.0,0,,,,0.015392224750222727,0.20881598384423272
Markwayne Mullin,M001190,UNH,pharma,2023-10-03,2023-11-01,1001.0,,False,5380000.0,18,0.0,0,,,,0.0044556107327222705,0.20881598384423272
Ro Khanna,K000389,UNH,pharma,2023-09-06,2023-10-06,1001.0,,False,5380000.0,18,0.0,0,,,,0.14358200192896375,0.20881598384423272
Michael T. McCaul,M001157,MRK,pharma,2020-03-30,2020-05-06,1001.0,,False,5377000.0,38,0.0,0,,,,0.03560753736192335,0.20880957328748764
Robert J. Wittman,W000804,MRK,pharma,2020-03-30,2020-04-13,1001.0,,False,5377000.0,38,0.0,0,,,,0.03560753736192335,0.20880957328748764
John Curtis,C001114,MRK,pharma,2020-03-27,2020-04-09,1001.0,,False,5377000.0,38,0.0,0,,,,0.10037641154328747,0.20880957328748764
Ro Khanna,K000389,OXY,energy,2020-07-28,2020-08-17,1001.0,,False,5320000.0,9,0.0,0,,,,0.022629969418960005,0.20868708836790584
Marjorie Taylor Greene,G000596,NEE,energy,2024-11-25,2024-11-27,1001.0,,False,5312500.0,43,0.0,0,,,,-0.10503653444676408,0.20867087431467143
Marjorie Taylor Greene,G000596,NEE,energy,2024-11-07,2024-11-08,1001.0,,False,5312500.0,43,0.0,0,,,,-0.023988206915036225,0.20867087431467143
Ro Khanna,K000389,NEE,energy,2024-05-01,2024-06-05,1001.0,,False,5300000.0,39,0.0,0,,,,0.16644803964436683,0.20864379995706084
Julie Johnson,J000310,NEE,energy,2025-01-15,2025-02-12,1001.0,,False,5292500.0,42,0.0,0,,,,0.07591283013421846,0.208627524675389
Ro Khanna,K000389,MRK,pharma,2018-05-08,2018-06-08,1001.0,,False,5285000.0,33,0.0,0,,,,0.20894996476391836,0.20861122631366413
Ro Khanna,K000389,MRK,pharma,2018-05-04,2018-05-10,1001.0,,False,5285000.0,33,0.0,0,,,,0.17662337662337668,0.20861122631366413
David Perdue,P000612,MRK,pharma,2018-04-24,2018-05-01,1001.0,,False,5285000.0,33,0.0,0,,,,0.14894325178898327,0.20861122631366413
Ro Khanna,K000389,MRK,pharma,2018-05-15,2018-06-08,1001.0,,False,5285000.0,33,0.0,0,,,,0.1800675675675676,0.20861122631366413
Ro Khanna,K000389,OXY,energy,2020-02-12,2020-03-09,1001.0,,False,5280000.0,8,0.0,0,,,,-0.5902565309484584,0.20860034788456894
Ro Khanna,K000389,OXY,energy,2020-02-11,2020-03-09,1001.0,,False,5280000.0,8,0.0,0,,,,-0.4957493320378916,0.20860034788456894
Kevin Hern,H001082,NEE,energy,2024-06-17,2024-07-15,1001.0,,False,5250000.0,39,0.0,0,,,,0.14493154473793401,0.20853486018901568
Marjorie Taylor Greene,G000596,NEE,energy,2024-06-24,2024-06-27,1001.0,,False,5250000.0,39,0.0,0,,,,0.13337846987136093,0.20853486018901568
Jared Moskowitz,M001217,NEE,energy,2024-07-01,2024-08-06,1001.0,,False,5250000.0,39,0.0,0,,,,0.1381974248927038,0.20853486018901568
Kevin Hern,H001082,NEE,energy,2023-06-15,2023-07-12,1001.0,,False,5242000.0,36,0.0,0,,,,-0.2672135556750941,0.20851733359855718
Ro Khanna,K000389,NEE,energy,2023-06-09,2023-07-11,1001.0,,False,5242000.0,36,0.0,0,,,,-0.33414337788578363,0.20851733359855718
Ro Khanna,K000389,NEE,energy,2023-06-02,2023-07-11,1001.0,,False,5242000.0,36,0.0,0,,,,-0.29383886255924163,0.20851733359855718
Kevin Hern,H001082,NEE,energy,2024-03-15,2024-04-12,1001.0,,False,5241000.0,34,0.0,0,,,,0.18125832223701743,0.20851514089427425
Marjorie Taylor Greene,G000596,NEE,energy,2022-02-22,2022-03-07,1001.0,,False,5232000.0,35,0.0,0,,,,0.012333965844402162,0.20849538770786744
Kevin Hern,H001082,NEE,energy,2022-03-15,2022-04-12,1001.0,,False,5232000.0,36,0.0,0,,,,-0.02098072700658693,0.20849538770786744
Thomas Macarthur,M001193,OXY,energy,2015-10-15,2015-11-03,1001.0,,False,5227414.0,6,0.0,0,,,,-0.10251605995717339,0.20848530928969664
K. Michael Conaway,C001062,PFE,pharma,2014-09-18,2014-10-02,1001.0,,False,5223000.0,33,0.0,0,,,,0.07259646827992139,0.20847560051309494
Ritchie John Torres,T000486,NEE,energy,2024-09-26,2025-08-20,1001.0,,False,5210000.0,38,0.0,0,,,,-0.1273664030673376,0.20844695873216493
Ro Khanna,K000389,MRK,pharma,2018-04-03,2018-05-10,1001.0,,False,5202500.0,32,0.0,0,,,,0.21075984470327214,0.20843040210104358
Ro Khanna,K000389,MRK,pharma,2018-01-22,2018-02-11,1001.0,,False,5202500.0,32,0.0,0,,,,-0.04571428571428571,0.20843040210104358
Jared Moskowitz,M001217,NEE,energy,2023-07-14,2024-08-21,1001.0,,False,5192000.0,35,0.0,0,,,,-0.25546448087431695,0.20840718267438096
Ro Khanna,K000389,NEE,energy,2024-02-02,2024-03-06,1001.0,,False,5191000.0,34,0.0,0,,,,0.336371453138435,0.2084049688518868
Kevin Hern,H001082,CVX,energy,2019-10-15,2019-11-14,1001.0,,False,5180000.0,13,0.0,0,,,,-0.03671223454561079,0.20838058861830253
Ro Khanna,K000389,UNH,pharma,2024-04-26,2024-05-06,1001.0,,False,5100000.0,20,0.0,0,,,,0.185283133138185,0.20820170470484267
Ro Khanna,K000389,UNH,pharma,2024-05-29,2024-06-05,1001.0,,False,5100000.0,21,0.0,0,,,,0.1858598778676348,0.20820170470484267
Thomas R. Carper,C000174,ABBV,pharma,2015-02-12,2015-03-03,1001.0,,False,5100000.0,22,0.0,0,,,,0.17528483786152504,0.20820170470484267
Ro Khanna,K000389,CVS,pharma,2025-08-04,2025-09-09,1001.0,,False,5095000.0,21,0.0,0,,,,0.263140764849471,0.2081904314725489
Ro Khanna,K000389,XOM,energy,2019-12-12,2020-01-09,1001.0,,False,5080000.0,22,0.0,0,,,,-0.3920955359681547,0.20815654527778685
Ro Khanna,K000389,XOM,energy,2020-01-08,2020-02-10,1001.0,,False,5080000.0,22,0.0,0,,,,-0.36097067745197164,0.20815654527778685
Nicholas Van Taylor,T000479,XOM,energy,2019-11-07,2019-12-09,1001.0,,False,5070000.0,21,0.0,0,,,,-0.34680180797151083,0.20813389884801212
Lisa Mcclain,M001136,XOM,energy,2025-06-24,2025-08-13,1001.0,,False,5070000.0,15,0.0,0,,,,0.05879638176112234,0.20813389884801212
Ro Khanna,K000389,XOM,energy,2025-05-09,2025-06-10,1001.0,,False,5070000.0,15,0.0,0,,,,0.023669741869350336,0.20813389884801212
Kevin Hern,H001082,NEE,energy,2023-12-15,2024-01-13,1001.0,,False,5052000.0,35,0.0,0,,,,0.020325203252032464,0.20809302248227093
Kevin Hern,H001082,NEE,energy,2023-09-15,2023-10-13,1001.0,,False,5052000.0,38,0.0,0,,,,-0.1207750582750583,0.20809302248227093
Thomas R. Carper,C000174,NEE,energy,2023-08-29,2023-09-05,1001.0,,False,5052000.0,37,0.0,0,,,,-0.1026514590431048,0.20809302248227093
HON. GREG STANTON,S001211,NEE,energy,2023-09-26,2023-11-09,1001.0,,False,5042000.0,37,0.0,0,,,,-0.12748699112335482,0.208070250413439
Pat Toomey,T000461,CVX,energy,2015-06-16,2015-07-09,1001.0,,False,5013000.0,12,0.0,0,,,,-0.10275889644142344,0.20800395510843514
Pat Roberts,R000307,CVX,energy,2015-04-24,2015-05-07,1001.0,,False,5013000.0,12,0.0,0,,,,-0.34358787658141443,0.20800395510843514
Bill Flores,F000461,JNJ,pharma,2015-05-29,2015-06-12,1001.0,,False,4990000.0,20,0.0,0,,,,-0.08757739165168754,0.20795110279790957
Robert J. Wittman,W000804,PFE,pharma,2015-09-15,2015-10-15,1001.0,,False,4990000.0,29,0.0,0,,,,-0.0844136267711788,0.20795110279790957
Pete Sessions,S000250,JNJ,pharma,2015-06-12,2016-05-18,1001.0,,False,4990000.0,20,0.0,0,,,,-0.023995932892730054,0.20795110279790957
Thomas Macarthur,M001193,JNJ,pharma,2015-06-09,2015-07-11,1001.0,,False,4990000.0,20,0.0,0,,,,-0.03288870787088882,0.20795110279790957
K. Michael Conaway,C001062,ABBV,pharma,2015-06-08,2015-07-07,1001.0,,False,4960000.0,18,0.0,0,,,,-0.18749078035108435,0.20788179770741744
Ro Khanna,K000389,OXY,energy,2019-09-16,2019-10-16,1001.0,,False,4925799.0,9,0.0,0,,,,-0.01171548117154797,0.20780227440526877
Ro Khanna,K000389,OXY,energy,2017-05-02,2017-06-12,1001.0,,False,4902511.0,9,0.0,0,,,,-0.014490339773484351,0.2077478091174828
Ro Khanna,K000389,OXY,energy,2017-06-12,2017-07-12,1001.0,,False,4902511.0,9,0.0,0,,,,0.059983566146261325,0.2077478091174828
Kevin Hern,H001082,XOM,energy,2019-10-15,2019-11-14,1001.0,,False,4900000.0,24,0.0,0,,,,-0.11740132526649383,0.20774192101951217
Ro Khanna,K000389,OXY,energy,2017-01-24,2017-02-13,1001.0,,False,4897357.0,7,0.0,0,,,,-0.09886547811993529,0.2077357201315595
Ro Khanna,K000389,OXY,energy,2017-04-03,2017-05-11,1001.0,,False,4897357.0,8,0.0,0,,,,-0.03467210542830246,0.2077357201315595
Ro Khanna,K000389,OXY,energy,2019-08-02,2019-09-11,1001.0,,False,4895799.0,8,0.0,0,,,,-0.2442360296991012,0.2077320632539288
Brian Mast,M001199,AMZN,fedtech,2024-03-04,2024-03-26,350.78,,False,10240000.0,30,0.0,0,,,,0.12625295641401046,0.20769351983375547
John A. Yarmuth,Y000062,MRK,pharma,2015-01-20,2015-02-27,1001.0,,False,4877500.0,35,0.0,0,,,,-0.034339562370228394,0.20768902523002714
Ro Khanna,K000389,XOM,energy,2019-09-16,2019-10-16,1001.0,,False,4870000.0,23,0.0,0,,,,-0.06144039061440387,0.2076713390619329
Ro Khanna,K000389,XOM,energy,2019-09-11,2019-10-16,1001.0,,False,4870000.0,24,0.0,0,,,,-0.030168219101904703,0.2076713390619329
David Perdue,P000612,XOM,energy,2019-09-30,2019-11-05,1001.0,,False,4850000.0,22,0.0,0,,,,-0.08440730774677796,0.2076240424548894
Robert P Corker Jr,C001071,OXY,energy,2014-03-03,2014-06-10,1001.0,,False,4837699.0,4,0.0,0,,,,0.07027589796980749,0.20759485571029068
Ro Khanna,K000389,XOM,energy,2025-04-04,2025-05-12,1001.0,,False,4830000.0,16,0.0,0,,,,0.029039677975848166,0.20757655040680634
Rob Bresnahan,B001327,XOM,energy,2025-04-08,2025-05-08,1001.0,,False,4830000.0,16,0.0,0,,,,0.056961397241242606,0.20757655040680634
E. Scott Rigell,R000589,MRK,pharma,2015-05-28,2015-06-16,1001.0,,False,4825000.0,34,0.0,0,,,,-0.16917922948073705,0.20756464666749677
Cindy Axne,A000378,JNJ,pharma,2019-07-18,2021-10-08,1001.0,,False,4805000.0,34,0.0,0,,,,0.021730900280154453,0.20751690803491507
Kevin Hern,H001082,NEE,energy,2022-09-15,2022-10-10,1001.0,,False,4802000.0,36,0.0,0,,,,-0.01546331821881175,0.20750973010654764
Thomas J. Rooney,R000583,CVX,energy,2016-06-01,2017-01-16,1001.0,,False,4796400.0,12,0.0,0,,,,0.001384356768515671,0.20749631930075307
Kevin Hern,H001082,NEE,energy,2021-09-15,2021-10-07,1001.0,,False,4777000.0,38,0.0,0,,,,0.0034274908403262305,0.20744973905658443
K. Michael Conaway,C001062,ORCL,fedtech,2015-02-09,2015-03-03,1001.0,,False,4750000.0,36,0.0,0,,,,-0.007603686635944684,0.20738459505944273
Ro Khanna,K000389,CVS,pharma,2018-12-10,2019-01-11,1001.0,,False,4750000.0,22,0.0,0,,,,-0.2675211344423235,0.20738459505944273
Robert P Corker Jr,C001071,OXY,energy,2014-01-08,2014-06-10,1001.0,,False,4741026.0,4,0.0,0,,,,0.004219854415022484,0.20736286110901225
Ro Khanna,K000389,CEG,energy,2026-02-05,2026-03-09,1001.0,,False,4740000.0,22,0.0,0,,,,0.03144985023880853,0.20736037364007834
Ro Khanna,K000389,CEG,energy,2026-04-13,2026-05-11,1001.0,,False,4740000.0,22,0.0,0,,,,,0.20736037364007834
Ro Khanna,K000389,CEG,energy,2026-03-19,2026-04-07,1001.0,,False,4740000.0,22,0.0,0,,,,,0.20736037364007834
Ro Khanna,K000389,CEG,energy,2026-02-19,2026-03-09,1001.0,,False,4725000.0,21,0.0,0,,,,-0.05530412123705697,0.2073239455296189
Thomas R. Carper,C000174,OXY,energy,2024-05-09,2024-06-03,1001.0,,False,4720000.0,12,0.0,0,,,,-0.19006849315068486,0.20731177712274054
Ro Khanna,K000389,ABBV,pharma,2026-01-23,2026-02-06,1001.0,,False,4710000.0,24,0.0,0,,,,-0.028003283772689902,0.2072874015903391
K. Michael Conaway,C001062,AMZN,fedtech,2015-04-21,2015-05-05,1001.0,,False,4700000.0,13,0.0,0,,,,0.3623395879134925,0.20726297425018936
David B. Mckinley,M001180,RTX,defense,2020-04-24,2020-05-15,1001.0,,False,4680000.0,50,0.0,0,,,,-0.02443638656787006,0.207213963262458
David B. Mckinley,M001180,RTX,defense,2020-04-30,2020-05-15,1001.0,,False,4680000.0,50,0.0,0,,,,-0.03965437432494989,0.207213963262458
Ro Khanna,K000389,ABBV,pharma,2021-04-21,2021-05-14,1001.0,,False,4630000.0,20,0.0,0,,,,0.06435018050541519,0.2070905135343405
Kevin Hern,H001082,XOM,energy,2024-03-11,2024-04-12,1001.0,,False,4630000.0,16,0.0,0,,,,0.017611447440836647,0.2070905135343405
Thomas R. Carper,C000174,ABBV,pharma,2020-03-24,2020-04-01,1001.0,,False,4620000.0,14,0.0,0,,,,0.447621869906653,0.20706566366699095
Robert J. Wittman,W000804,ABBV,pharma,2020-02-27,2020-03-09,1001.0,,False,4620000.0,14,0.0,0,,,,0.12538047295715282,0.20706566366699095
Kevin Hern,H001082,NEE,energy,2022-06-15,2022-07-15,1001.0,,False,4602000.0,36,0.0,0,,,,-0.014826796064159486,0.20702079805699997
Ro Khanna,K000389,NEE,energy,2022-05-06,2022-06-10,1001.0,,False,4602000.0,36,0.0,0,,,,0.2056023182006348,0.20702079805699997
Sheldon Whitehouse,W000802,ORCL,fedtech,2014-12-18,2015-01-05,1001.0,,False,4580000.0,34,0.0,0,,,,-0.051819184123484074,0.20696572339239075
Ro Khanna,K000389,ABBV,pharma,2021-07-06,2021-08-13,1001.0,,False,4560000.0,19,0.0,0,,,,0.015899075434200105,0.20691542546028863
Marjorie Taylor Greene,G000596,ABBV,pharma,2021-06-16,2021-06-21,1001.0,,False,4560000.0,19,0.0,0,,,,-0.057301133904613555,0.20691542546028863
K. Michael Conaway,C001062,ORCL,fedtech,2014-01-29,2014-08-18,1001.0,,False,4550000.0,24,0.0,0,,,,0.1414660535569381,0.2068901937067219
Sheldon Whitehouse,W000802,ORCL,fedtech,2014-02-19,2014-03-26,1001.0,,False,4550000.0,26,0.0,0,,,,0.12252442566675481,0.2068901937067219
Robert P Corker Jr,C001071,ORCL,fedtech,2014-03-19,2014-06-10,1001.0,,False,4550000.0,26,0.0,0,,,,0.035278858625162224,0.2068901937067219
Donna Shalala,S001206,OXY,energy,2019-05-20,2020-04-27,1001.0,,False,4540456.0,9,0.0,0,,,,-0.1554433221099888,0.20686606074867864
Ro Khanna,K000389,OXY,energy,2019-05-28,2019-06-11,1001.0,,False,4540456.0,9,0.0,0,,,,-0.13293802601377203,0.20686606074867864
Marjorie Taylor Greene,G000596,OXY,energy,2025-01-21,2025-01-27,1001.0,,False,4540000.0,11,0.0,0,,,,-0.18635014836795238,0.20686490643771327
Kathy Manning,M001135,NEE,energy,2022-07-15,2022-08-10,1001.0,,False,4522000.0,34,0.0,0,,,,0.037479354592809155,0.2068192486720467
Robert P Corker Jr,C001071,ORCL,fedtech,2014-04-11,2014-06-10,1001.0,,False,4490000.0,25,0.0,0,,,,0.024114930733709627,0.20673762873483104
Christopher L. Jacobs,J000020,XOM,energy,2022-11-08,2022-12-12,1001.0,,False,4475000.0,22,0.0,0,,,,-0.035263157894736774,0.20669916893622187
Kevin Hern,H001082,XOM,energy,2022-12-09,2023-01-13,1001.0,,False,4475000.0,22,0.0,0,,,,0.10623913463395795,0.20669916893622187
Ro Khanna,K000389,ABBV,pharma,2021-02-11,2021-03-12,1001.0,,False,4450000.0,16,0.0,0,,,,0.11248192771084331,0.20663478188221304
Ro Khanna,K000389,CVS,pharma,2017-01-24,2017-02-13,1001.0,,False,4450000.0,14,0.0,0,,,,-0.06554169723648817,0.20663478188221304
Ro Khanna,K000389,MRK,pharma,2019-08-02,2019-09-11,1001.0,,False,4444400.0,37,0.0,0,,,,0.030425002959630687,0.20662030959868416
Ro Khanna,K000389,MRK,pharma,2019-07-30,2019-08-06,1001.0,,False,4444400.0,37,0.0,0,,,,0.052119610904287406,0.20662030959868416
Daniel Goldman,G000599,CEG,energy,2023-03-01,2023-04-17,1001.0,,False,4425000.0,18,0.0,0,,,,0.22219233355749846,0.20657003208240612
Pete Sessions,S000250,CVX,energy,2015-08-26,2016-05-18,1001.0,,False,4422500.0,13,0.0,0,,,,0.25940621152004373,0.20656353699375707
Pat Toomey,T000461,CVX,energy,2015-08-07,2015-11-04,1001.0,,False,4422500.0,12,0.0,0,,,,0.04214925373134326,0.20656353699375707
Ro Khanna,K000389,UNH,pharma,2024-11-01,2024-12-05,1001.0,,False,4400000.0,21,0.0,0,,,,-0.17709140883783203,0.20650491542633537
Valerie Hoyle,H001094,UNH,pharma,2024-10-29,2025-09-12,1001.0,,False,4400000.0,21,0.0,0,,,,-0.175297529041325,0.20650491542633537
Ro Khanna,K000389,MRK,pharma,2019-10-15,2019-11-12,1001.0,,False,4393400.0,34,0.0,0,,,,-0.021048918156161833,0.2064876628951357
Ro Khanna,K000389,ABBV,pharma,2019-07-08,2019-08-06,1001.0,,False,4370000.0,17,0.0,0,,,,0.14911541701769182,0.2064262852972714
Lisa Mcclain,M001136,XOM,energy,2025-10-30,2025-11-21,1001.0,,False,4360000.0,19,0.0,0,,,,0.3296712878193391,0.2063999552536278
Thomas Macarthur,M001193,OXY,energy,2015-03-16,2015-04-11,1001.0,,False,4359259.0,4,0.0,0,,,,0.01600328272466145,0.20639800179479495
Thomas Macarthur,M001193,OXY,energy,2015-04-15,2015-05-13,1001.0,,False,4359259.0,4,0.0,0,,,,-0.10526315789473684,0.20639800179479495
Sheldon Whitehouse,W000802,ORCL,fedtech,2014-05-29,2014-06-12,1001.0,,False,4320000.0,25,0.0,0,,,,-0.07701421800947872,0.20629402769264607
Ro Khanna,K000389,JNJ,pharma,2019-09-11,2019-10-16,1001.0,,False,4285000.0,36,0.0,0,,,,0.10840893496988646,0.20620053337938787
K. Michael Conaway,C001062,AMZN,fedtech,2015-04-20,2015-05-05,1001.0,,False,4260000.0,15,0.0,0,,,,0.3735719236990065,0.20613328298875586
Lisa Mcclain,M001136,XOM,energy,2025-07-22,2025-08-13,1001.0,,False,4250000.0,18,0.0,0,,,,0.08116823290952624,0.20610627226197414
K. Michael Conaway,C001062,ORCL,fedtech,2014-01-13,2014-08-18,1001.0,,False,4210000.0,21,0.0,0,,,,0.1096688741721854,0.20599759004368468
Ro Khanna,K000389,JNJ,pharma,2019-10-15,2019-11-12,1001.0,,False,4210000.0,34,0.0,0,,,,0.13738331827762718,0.20599759004368468
HON. GREG STANTON,S001211,CVX,energy,2023-09-26,2023-11-09,1001.0,,False,4200000.0,9,0.0,0,,,,-0.1363528009535162,0.20597025814275707
Markwayne Mullin,M001190,CVX,energy,2023-10-03,2023-11-01,1001.0,,False,4200000.0,9,0.0,0,,,,-0.11681543161804353,0.20597025814275707
Lisa Mcclain,M001136,CEG,energy,2025-10-30,2025-11-21,1001.0,,False,4195000.0,23,0.0,0,,,,-0.13752353064212508,0.20595656777911492
K. Michael Conaway,C001062,OXY,energy,2014-06-24,2014-08-18,1001.0,,False,4174720.0,4,0.0,0,,,,-0.11582060128141947,0.2059008718440439
Kathy Manning,M001135,ABBV,pharma,2022-07-27,2022-08-10,1001.0,,False,4170000.0,19,0.0,0,,,,0.056037049288786056,0.20588787027088068
Kevin Hern,H001082,XOM,energy,2024-06-10,2024-07-15,1001.0,,False,4170000.0,19,0.0,0,,,,0.07923593915811811,0.20588787027088068
Valerie Hoyle,H001094,CVS,pharma,2024-10-29,2025-09-12,1001.0,,False,4155000.0,13,0.0,0,,,,0.1352888888888888,0.20584645379760869
Ro Khanna,K000389,CVS,pharma,2022-09-29,2022-10-07,1001.0,,False,4150000.0,22,0.0,0,,,,-0.0948649206021861,0.20583261507361406
Bob Gibbs,G000563,ABBV,pharma,2021-11-26,2021-11-28,1001.0,,False,4140000.0,19,0.0,0,,,,0.3901811003347351,0.20580488753571677
Ro Khanna,K000389,MRK,pharma,2020-01-08,2020-02-10,1001.0,,False,4136900.0,38,0.0,0,,,,-0.1467268623024831,0.20579627839843284
Ro Khanna,K000389,CVS,pharma,2018-03-06,2018-04-13,1001.0,,False,4123000.0,16,0.0,0,,,,-0.03784183296378418,0.20575759665430782
Ro Khanna,K000389,CVS,pharma,2018-01-22,2018-02-11,1001.0,,False,4123000.0,16,0.0,0,,,,-0.1893761581222977,0.20575759665430782
Michael T. McCaul,M001157,CVX,energy,2016-01-26,2016-03-01,1001.0,,False,4116900.0,14,0.0,0,,,,0.20981930575368501,0.2057405800225777
Ritchie John Torres,T000486,UNH,pharma,2024-09-26,2025-08-20,1001.0,,False,4110000.0,21,0.0,0,,,,-0.07358953393295165,0.20572130128459687
Kathy Manning,M001135,ABBV,pharma,2022-09-12,2022-10-11,1001.0,,False,4110000.0,18,0.0,0,,,,0.12232845894263211,0.20572130128459687
Rubén Hinojosa,H000636,CVX,energy,2016-12-27,2017-01-29,1001.0,,False,4100000.0,15,0.0,0,,,,-0.1026899001860937,0.20569330356342616
Ro Khanna,K000389,UNH,pharma,2022-05-19,2022-06-10,1001.0,,False,4100000.0,20,0.0,0,,,,0.08874725733988087,0.20569330356342616
Ro Khanna,K000389,UNH,pharma,2022-05-10,2022-06-10,1001.0,,False,4100000.0,20,0.0,0,,,,0.06899448781787254,0.20569330356342616
Josh Gottheimer,G000583,UNH,pharma,2022-06-21,2022-07-22,1001.0,,False,4100000.0,21,0.0,0,,,,0.08327781479014007,0.20569330356342616
Josh Gottheimer,G000583,UNH,pharma,2022-06-23,2022-07-22,1001.0,,False,4100000.0,21,0.0,0,,,,0.06786578899981999,0.20569330356342616
Ro Khanna,K000389,CVS,pharma,2025-01-17,2025-02-06,1001.0,,False,4100000.0,14,0.0,0,,,,0.19308247814519208,0.20569330356342616
Ro Khanna,K000389,OXY,energy,2018-05-08,2018-06-08,1001.0,,False,4094173.0,8,0.0,0,,,,0.012020460358056262,0.20567695778570916
Ro Khanna,K000389,JNJ,pharma,2020-04-14,2020-05-13,1001.0,,False,4080000.0,29,0.0,0,,,,0.02485790590974446,0.20563710267468083
Thomas Macarthur,M001193,NEE,energy,2015-01-12,2015-03-05,1001.0,,False,4080000.0,24,0.0,0,,,,-0.060731409231926325,0.20563710267468083
Robert P Corker Jr,C001071,ABBV,pharma,2014-01-08,2014-06-10,1001.0,,False,4070000.0,17,0.0,0,,,,0.03554408260524222,0.20560889883516187
Richard L. Hanna,H001051,JNJ,pharma,2015-02-02,2015-03-11,1001.0,,False,4067500.0,21,0.0,0,,,,-0.008430030744817962,0.20560183704763896
Thomas Macarthur,M001193,JNJ,pharma,2015-03-16,2015-04-11,1001.0,,False,4067500.0,21,0.0,0,,,,-0.012665743122897255,0.20560183704763896
Thomas Macarthur,M001193,JNJ,pharma,2015-02-12,2015-03-11,1001.0,,False,4067500.0,21,0.0,0,,,,-0.00091426249492077,0.20560183704763896
Thomas Macarthur,M001193,JNJ,pharma,2015-01-28,2015-03-05,1001.0,,False,4067500.0,21,0.0,0,,,,-0.0032518722901063724,0.20560183704763896
Thomas Macarthur,M001193,JNJ,pharma,2015-02-13,2015-03-11,1001.0,,False,4067500.0,21,0.0,0,,,,-0.02138124874523195,0.20560183704763896
David Perdue,P000612,JNJ,pharma,2015-04-02,2015-06-04,1001.0,,False,4067500.0,21,0.0,0,,,,0.005720594138900026,0.20560183704763896
Kathy Manning,M001135,UNH,pharma,2022-07-15,2022-08-10,1001.0,,False,4055000.0,20,0.0,0,,,,-0.03020292590844742,0.2055664628774332
Robert J. Wittman,W000804,JNJ,pharma,2015-09-15,2015-10-15,1001.0,,False,4040000.0,20,0.0,0,,,,0.02775423728813542,0.20552386965209163
Ro Khanna,K000389,OXY,energy,2018-07-18,2018-08-10,1001.0,,False,4034173.0,6,0.0,0,,,,-0.12499999999999989,0.20550728094008078
Thomas Macarthur,M001193,NEE,energy,2015-03-16,2015-04-11,1001.0,,False,4030000.0,27,0.0,0,,,,-0.009517335146159156,0.2054953862203917
Thomas Macarthur,M001193,NEE,energy,2015-02-12,2015-03-11,1001.0,,False,4030000.0,27,0.0,0,,,,-0.05790772735902794,0.2054953862203917
Cindy Axne,A000378,JNJ,pharma,2020-02-13,2021-10-08,1001.0,,False,4025000.0,31,0.0,0,,,,-0.05290159237790659,0.20548111798913263
Ro Khanna,K000389,CVS,pharma,2023-08-03,2023-09-06,1001.0,,False,4015000.0,19,0.0,0,,,,-0.07857911733046274,0.20545252827588817
Thomas R. Carper,C000174,CVS,pharma,2022-10-17,2022-11-03,1001.0,,False,4010000.0,20,0.0,0,,,,-0.02607547584992853,0.20543820670544635
Josh Gottheimer,G000583,UNH,pharma,2022-11-08,2022-12-17,1001.0,,False,4010000.0,18,0.0,0,,,,-0.14908236145013998,0.20543820670544635
Thomas J. Rooney,R000583,UNH,pharma,2016-06-02,2017-01-16,1001.0,,False,4010000.0,24,0.0,0,,,,0.029109085563069792,0.20543820670544635
Rick Larsen,L000560,UNH,pharma,2022-01-06,2023-05-26,1001.0,,False,3960000.0,23,0.0,0,,,,0.06381347812200588,0.205294000813928
Ro Khanna,K000389,CVS,pharma,2017-05-02,2017-06-12,1001.0,,False,3952000.0,16,0.0,0,,,,-0.03316455696202536,0.20527075902895697
Ro Khanna,K000389,CVS,pharma,2017-05-08,2017-06-12,1001.0,,False,3952000.0,16,0.0,0,,,,-0.02911782850092537,0.20527075902895697
Tommy Tuberville,T000278,OXY,energy,2021-06-25,2021-07-16,1001.0,,False,3940000.0,8,0.0,0,,,,0.0701914311759344,0.2052358079870874
Thomas J. Rooney,R000583,JNJ,pharma,2016-06-01,2017-01-16,1001.0,,False,3930000.0,25,0.0,0,,,,0.03981202340840562,0.20520660070647412
Ro Khanna,K000389,UNH,pharma,2021-11-09,2021-12-07,1001.0,,False,3870000.0,23,0.0,0,,,,0.04569828792936348,0.205029780931009
Zoe Lofgren,L000397,UNH,pharma,2017-06-15,2017-07-18,1001.0,,False,3870000.0,24,0.0,0,,,,0.06730236168089587,0.205029780931009
Josh Gottheimer,G000583,UNH,pharma,2017-05-15,2018-08-13,1001.0,,False,3870000.0,26,0.0,0,,,,0.15122719057890754,0.205029780931009
Carlos Curbelo,C001107,CVS,pharma,2016-12-30,2017-01-10,1001.0,,False,3860000.0,13,0.0,0,,,,0.038651628437460284,0.20500004466944496
Ro Khanna,K000389,CVS,pharma,2018-05-15,2018-06-08,1001.0,,False,3853000.0,16,0.0,0,,,,0.17436208991494517,0.20497918341368873
Josh Gottheimer,G000583,UNH,pharma,2022-09-28,2022-10-16,1001.0,,False,3850000.0,19,0.0,0,,,,-0.04175584698602952,0.20497023127094924
Kathy Manning,M001135,UNH,pharma,2022-08-05,2022-09-14,1001.0,,False,3850000.0,20,0.0,0,,,,-3.737898553435315e-05,0.20497023127094924
Ro Khanna,K000389,UNH,pharma,2022-09-22,2022-10-07,1001.0,,False,3850000.0,19,0.0,0,,,,-0.059405557917520224,0.20497023127094924
Josh Gottheimer,G000583,UNH,pharma,2022-08-11,2022-09-16,1001.0,,False,3850000.0,20,0.0,0,,,,0.011898059527831073,0.20497023127094924
Kevin Hern,H001082,XOM,energy,2023-12-11,2024-01-13,1001.0,,False,3850000.0,16,0.0,0,,,,0.21642240513953026,0.20497023127094924
Josh Gottheimer,G000583,UNH,pharma,2022-07-29,2022-08-29,1001.0,,False,3850000.0,20,0.0,0,,,,-0.01856768816609511,0.20497023127094924
Christopher L. Jacobs,J000020,CVX,energy,2022-10-12,2022-11-16,1001.0,,False,3840000.0,10,0.0,0,,,,0.0685105303222533,0.20494034033428887
Ro Khanna,K000389,CVS,pharma,2026-05-15,2026-06-09,1001.0,,False,3835000.0,11,0.0,0,,,,,0.20492536566290426
Ro Khanna,K000389,CVS,pharma,2026-05-01,2026-06-09,1001.0,,False,3835000.0,11,0.0,0,,,,,0.20492536566290426
Christopher L. Jacobs,J000020,XOM,energy,2022-10-12,2022-11-16,1001.0,,False,3830000.0,19,0.0,0,,,,0.16173930712181228,0.20491037145509214
Bill Flores,F000461,JNJ,pharma,2014-02-05,2014-03-12,1001.0,,False,3830000.0,21,0.0,0,,,,0.1826306141154903,0.20491037145509214
Robert P Corker Jr,C001071,JNJ,pharma,2014-03-03,2014-06-10,1001.0,,False,3830000.0,21,0.0,0,,,,0.15629095674967242,0.20491037145509214
Michael T. McCaul,M001157,CVX,energy,2023-11-16,2023-12-09,1001.0,,False,3820000.0,8,0.0,0,,,,0.0971996896381464,0.20488032422581576
Ro Khanna,K000389,UNH,pharma,2026-05-15,2026-06-09,1001.0,,False,3810000.0,14,0.0,0,,,,,0.2048501982357117
Maria Elvira Salazar,S000168,UNH,pharma,2026-04-22,2026-05-08,1001.0,,False,3810000.0,14,0.0,0,,,,,0.2048501982357117
Kathy Manning,M001135,XOM,energy,2022-08-05,2022-09-14,1001.0,,False,3810000.0,17,0.0,0,,,,0.20802713397399653,0.2048501982357117
Kevin Hern,H001082,XOM,energy,2022-09-09,2022-10-10,1001.0,,False,3800000.0,17,0.0,0,,,,0.12404145077720208,0.20481999307079343
Roger Williams,W000816,CVX,energy,2015-10-31,2016-08-01,1001.0,,False,3775000.0,14,0.0,0,,,,-0.12131423757371518,0.2047441310222745
Thomas J. Rooney,R000583,JNJ,pharma,2016-09-01,2017-01-16,1001.0,,False,3770000.0,25,0.0,0,,,,-0.03249916022841792,0.2047288983379901
K. Michael Conaway,C001062,JNJ,pharma,2016-09-12,2016-10-12,1001.0,,False,3770000.0,25,0.0,0,,,,-0.025176233635448186,0.2047288983379901
Ro Khanna,K000389,CEG,energy,2025-06-27,2025-07-09,1001.0,,False,3760000.0,19,0.0,0,,,,0.22169472467751494,0.20469837226797516
Ro Khanna,K000389,OXY,energy,2018-03-05,2018-03-09,1001.0,,False,3751729.0,8,0.0,0,,,,0.27214805825242716,0.20467306274840416
Ro Khanna,K000389,ABBV,pharma,2017-07-05,2017-08-10,1001.0,,False,3750000.0,12,0.0,0,,,,0.2557947019867548,0.20466776490342511
Ro Khanna,K000389,CVS,pharma,2017-12-05,2017-12-12,1001.0,,False,3740000.0,15,0.0,0,,,,-0.09477538374876782,0.20463707581018964
Ro Khanna,K000389,OXY,energy,2017-11-30,2017-12-12,1001.0,,False,3723252.0,8,0.0,0,,,,-0.08269503546099288,0.2045854934522169
Robert P Corker Jr,C001071,ABBV,pharma,2014-03-03,2014-06-10,1001.0,,False,3720000.0,16,0.0,0,,,,0.1357556398482731,0.2045754506835876
Thomas Macarthur,M001193,JNJ,pharma,2015-01-12,2015-03-05,1001.0,,False,3697500.0,20,0.0,0,,,,-0.03930005737234654,0.20450572513975515
Bob Gibbs,G000563,JNJ,pharma,2016-07-28,2016-08-05,1001.0,,False,3680000.0,24,0.0,0,,,,-0.08299855375220955,0.2044512001918184
Ro Khanna,K000389,JNJ,pharma,2017-04-03,2017-05-11,1001.0,,False,3680000.0,29,0.0,0,,,,0.0627155345256234,0.2044512001918184
Kevin Hern,H001082,NEE,energy,2021-06-15,2021-07-14,1001.0,,False,3676000.0,37,0.0,0,,,,0.09206046574969351,0.2044387009425909
Donald Sternoff Beyer Jr,B001292,NEE,energy,2021-06-08,2021-07-04,1001.0,,False,3656000.0,36,0.0,0,,,,0.12531189354033834,0.2043759999768118
Marjorie Taylor Greene,G000596,NEE,energy,2021-05-18,2021-06-17,1001.0,,False,3641000.0,35,0.0,0,,,,0.1704246783787522,0.20432874874468132
John Curtis,C001114,UNH,pharma,2020-03-27,2020-04-09,1001.0,,False,3640000.0,20,0.0,0,,,,0.23159414312229343,0.20432559174466156
Dean Phillips,P000616,UNH,pharma,2020-03-13,2020-04-10,1001.0,,False,3640000.0,20,0.0,0,,,,0.10171298338479628,0.20432559174466156
Michael T. McCaul,M001157,UNH,pharma,2017-02-09,2017-03-17,1001.0,,False,3595000.0,25,0.0,0,,,,0.13101470954874106,0.2041826216545577
Lamar Smith,S000583,UNH,pharma,2017-03-22,2017-04-10,1001.0,,False,3595000.0,25,0.0,0,,,,0.14650062862958757,0.2041826216545577
K. Michael Conaway,C001062,UNH,pharma,2017-03-24,2017-04-02,1001.0,,False,3595000.0,25,0.0,0,,,,0.1569090909090909,0.2041826216545577
Lamar Smith,S000583,UNH,pharma,2017-03-16,2017-04-10,1001.0,,False,3595000.0,25,0.0,0,,,,0.09106830122591947,0.2041826216545577
Lamar Smith,S000583,UNH,pharma,2017-03-29,2017-04-10,1001.0,,False,3595000.0,25,0.0,0,,,,0.1559593734703868,0.2041826216545577
Ro Khanna,K000389,CVS,pharma,2017-09-25,2017-10-10,1001.0,,False,3582000.0,15,0.0,0,,,,-0.011429273688091546,0.20414098589496343
Ro Khanna,K000389,CVS,pharma,2017-08-21,2017-09-08,1001.0,,False,3582000.0,15,0.0,0,,,,-0.06865018031942294,0.20414098589496343
Thomas Macarthur,M001193,CVS,pharma,2017-07-28,2017-08-03,1001.0,,False,3582000.0,15,0.0,0,,,,-0.11724137931034473,0.20414098589496343
Katherine M. Clark,C001101,NEE,energy,2014-03-13,2014-12-19,1001.0,,False,3575000.0,32,0.0,0,,,,0.055342290467050415,0.20411850400736575
K. Michael Conaway,C001062,NEE,energy,2014-01-30,2014-08-18,1001.0,,False,3555000.0,30,0.0,0,,,,0.07036059806508366,0.20405402665209746
K. Michael Conaway,C001062,NEE,energy,2014-01-31,2014-08-18,1001.0,,False,3555000.0,30,0.0,0,,,,0.05710866963994343,0.20405402665209746
Mikie Sherrill,S001207,JNJ,pharma,2019-11-18,2020-01-03,1001.0,,False,3550000.0,36,0.0,0,,,,0.01305347474597629,0.20403785063475932
Cindy Axne,A000378,JNJ,pharma,2019-12-31,2021-10-08,1001.0,,False,3550000.0,36,0.0,0,,,,0.029958181942825846,0.20403785063475932
Zoe Lofgren,L000397,ABBV,pharma,2021-08-09,2021-09-10,1001.0,,False,3530000.0,20,0.0,0,,,,0.0653165000876732,0.2039729179286516
Michael T. McCaul,M001157,HII,defense,2022-02-15,2022-03-17,1001.0,,False,3508000.0,29,0.0,0,,,,0.14178648753677892,0.2039010656671745
Ro Khanna,K000389,MRK,pharma,2017-01-24,2017-02-13,1001.0,,False,3490000.0,24,0.0,0,,,,0.0607743832707075,0.2038419414868578
Ro Khanna,K000389,MRK,pharma,2017-10-30,2017-11-09,1001.0,,False,3480000.0,25,0.0,0,,,,0.00018278194114418334,0.20380896281757607
Kevin Hern,H001082,XOM,energy,2024-12-10,2025-01-15,1001.0,,False,3480000.0,18,0.0,0,,,,-0.060974527380846744,0.20380896281757607
Ro Khanna,K000389,MRK,pharma,2017-11-30,2017-12-12,1001.0,,False,3480000.0,26,0.0,0,,,,-0.03618599601954042,0.20380896281757607
John A. Yarmuth,Y000062,MRK,pharma,2017-11-09,2017-12-12,1001.0,,False,3480000.0,25,0.0,0,,,,-0.019035758761786203,0.20380896281757607
David Perdue,P000612,MRK,pharma,2017-10-30,2017-11-02,1001.0,,False,3480000.0,25,0.0,0,,,,0.00018278194114418334,0.20380896281757607
Ro Khanna,K000389,MRK,pharma,2017-10-27,2017-11-09,1001.0,,False,3480000.0,25,0.0,0,,,,-0.03743131868131866,0.20380896281757607
Lamar Smith,S000583,UNH,pharma,2017-04-19,2017-05-07,1001.0,,False,3480000.0,23,0.0,0,,,,0.13855243722304267,0.20380896281757607
Ro Khanna,K000389,ABBV,pharma,2019-08-12,2019-09-11,1001.0,,False,3460000.0,18,0.0,0,,,,0.34139160080582687,0.20374272022298567
Ro Khanna,K000389,ABBV,pharma,2019-08-02,2019-09-11,1001.0,,False,3460000.0,18,0.0,0,,,,0.33175210405508815,0.20374272022298567
Dean Phillips,P000616,ABBV,pharma,2019-08-13,2019-09-16,1001.0,,False,3460000.0,18,0.0,0,,,,0.333640978311029,0.20374272022298567
Ro Khanna,K000389,ABBV,pharma,2020-01-08,2020-02-10,1001.0,,False,3450000.0,16,0.0,0,,,,-0.059204647006255606,0.20370945519736022
Ro Khanna,K000389,MRK,pharma,2018-01-12,2018-02-11,1001.0,,False,3450000.0,27,0.0,0,,,,0.017388339584043733,0.20370945519736022
Katherine M. Clark,C001101,MRK,pharma,2014-01-23,2014-12-19,1001.0,,False,3420000.0,23,0.0,0,,,,0.1009689922480621,0.20360907850421164
Gilbert Cisneros,C001123,UNH,pharma,2019-05-01,2019-05-14,1001.0,,False,3420000.0,22,0.0,0,,,,-0.005733994395343722,0.20360907850421164
Dean Phillips,P000616,UNH,pharma,2019-05-13,2019-06-13,1001.0,,False,3420000.0,22,0.0,0,,,,-0.029597161344186995,0.20360907850421164
Ro Khanna,K000389,UNH,pharma,2019-05-28,2019-06-11,1001.0,,False,3420000.0,22,0.0,0,,,,-0.08216970998925888,0.20360907850421164
Gilbert Cisneros,C001123,UNH,pharma,2019-05-09,2019-06-18,1001.0,,False,3420000.0,22,0.0,0,,,,-0.037693826952977294,0.20360907850421164
Katherine M. Clark,C001101,MRK,pharma,2014-02-27,2014-12-19,1001.0,,False,3420000.0,23,0.0,0,,,,0.01535474761736677,0.20360907850421164
Robert P Corker Jr,C001071,MRK,pharma,2014-03-03,2014-06-10,1001.0,,False,3420000.0,23,0.0,0,,,,0.03704360155973063,0.20360907850421164
David B. Mckinley,M001180,RTX,defense,2020-04-13,2020-05-15,1001.0,,False,3415000.0,54,0.0,0,,,,0.039301310043668325,0.20359226349273574
Lamar Smith,S000583,AMZN,fedtech,2014-12-23,2015-01-19,1001.0,,False,3410000.0,15,0.0,0,,,,0.2726667232586537,0.20357542384387875
David B. Mckinley,M001180,UNH,pharma,2020-04-30,2020-05-15,1001.0,,False,3410000.0,20,0.0,0,,,,0.07487947481793,0.20357542384387875
Ro Khanna,K000389,UNH,pharma,2020-04-24,2020-05-13,1001.0,,False,3410000.0,20,0.0,0,,,,0.06024923615640754,0.20357542384387875
Michael T. McCaul,M001157,UNH,pharma,2019-07-08,2019-07-24,1001.0,,False,3375000.0,22,0.0,0,,,,0.009925758553905872,0.20345685034132405
Katherine M. Clark,C001101,ABBV,pharma,2014-11-13,2014-12-19,1001.0,,False,3370000.0,24,0.0,0,,,,-0.08848027659908853,0.2034398109634827
Katherine M. Clark,C001101,ABBV,pharma,2014-10-27,2014-12-19,1001.0,,False,3370000.0,24,0.0,0,,,,0.006282030087617629,0.2034398109634827
Jared Moskowitz,M001217,XOM,energy,2023-07-14,2024-08-21,1001.0,,False,3360000.0,18,0.0,0,,,,0.03863681394888063,0.20340565623332058
Ro Khanna,K000389,MRK,pharma,2020-07-20,2020-08-17,1001.0,,False,3351000.0,23,0.0,0,,,,0.02631910338748278,0.2033748299522612
Ro Khanna,K000389,JNJ,pharma,2017-06-12,2017-07-12,1001.0,,False,3340000.0,29,0.0,0,,,,0.015779092702169706,0.2033370407565263
Zoe Lofgren,L000397,JNJ,pharma,2017-06-15,2017-07-18,1001.0,,False,3340000.0,28,0.0,0,,,,0.02548105832832248,0.2033370407565263
Ro Khanna,K000389,JNJ,pharma,2017-07-05,2017-08-10,1001.0,,False,3340000.0,28,0.0,0,,,,0.04706674648308895,0.2033370407565263
Thomas Macarthur,M001193,JNJ,pharma,2017-06-13,2017-07-09,1001.0,,False,3340000.0,29,0.0,0,,,,0.03507044387214053,0.2033370407565263
Kevin Hern,H001082,XOM,energy,2023-06-09,2023-07-12,1001.0,,False,3330000.0,16,0.0,0,,,,0.03287084458515688,0.20330257878704602
Michael T. McCaul,M001157,UNH,pharma,2019-06-11,2019-07-24,1001.0,,False,3330000.0,21,0.0,0,,,,-0.09675844958718016,0.20330257878704602
Dean Phillips,P000616,UNH,pharma,2019-06-07,2019-07-11,1001.0,,False,3330000.0,21,0.0,0,,,,-0.10345666004781784,0.20330257878704602
Thomas Macarthur,M001193,NEE,energy,2017-06-15,2017-07-09,1001.0,,False,3320000.0,33,0.0,0,,,,0.06118277296116159,0.20326801317241985
Ro Khanna,K000389,NEE,energy,2017-05-02,2017-06-12,1001.0,,False,3320000.0,34,0.0,0,,,,0.1238621101328159,0.20326801317241985
Ro Khanna,K000389,NEE,energy,2018-02-27,2018-03-09,1001.0,,False,3300000.0,31,0.0,0,,,,0.1081223628691983,0.20319856850080878
Thomas Macarthur,M001193,NEE,energy,2018-03-15,2018-04-09,1001.0,,False,3300000.0,31,0.0,0,,,,0.07196155305425589,0.20319856850080878
Thomas J. Rooney,R000583,JNJ,pharma,2016-11-02,2017-01-16,1001.0,,False,3290000.0,25,0.0,0,,,,0.07635382204422769,0.20316368817610408
Gilbert Cisneros,C001123,UNH,pharma,2019-03-14,2019-04-16,1001.0,,False,3290000.0,22,0.0,0,,,,0.04986773009041712,0.20316368817610408
K. Michael Conaway,C001062,UNH,pharma,2017-12-08,2018-01-04,1001.0,,False,3280000.0,24,0.0,0,,,,-0.005269974543343325,0.2031287016706753
Kevin Hern,H001082,ACN,fedtech,2022-05-13,2022-06-14,1001.0,,False,3280000.0,31,0.0,0,,,,0.029605607281096402,0.2031287016706753
Ro Khanna,K000389,UNH,pharma,2018-02-27,2018-03-09,1001.0,,False,3260000.0,22,0.0,0,,,,0.06730603819026304,0.2030584075179544
Ro Khanna,K000389,UNH,pharma,2018-03-08,2018-04-13,1001.0,,False,3260000.0,22,0.0,0,,,,0.11582788234770613,0.2030584075179544
Ro Khanna,K000389,UNH,pharma,2018-04-03,2018-05-10,1001.0,,False,3260000.0,22,0.0,0,,,,0.12819485261376795,0.2030584075179544
Thomas Macarthur,M001193,OXY,energy,2015-07-15,2015-08-06,1001.0,,False,3252515.0,4,0.0,0,,,,0.0006840881105485419,0.20303198897520702
Marjorie Taylor Greene,G000596,NEE,energy,2021-04-16,2021-05-12,1001.0,,False,3245000.0,31,0.0,0,,,,0.037188040523844945,0.20300540331275688
Christopher L. Jacobs,J000020,CVX,energy,2022-11-08,2022-12-12,1001.0,,False,3240000.0,10,0.0,0,,,,-0.1205891874393007,0.2029876807832433
John A. Yarmuth,Y000062,NEE,energy,2021-03-05,2021-04-21,1001.0,,False,3235000.0,30,0.0,0,,,,0.06265912305516252,0.20296993088302537
Kevin Hern,H001082,XOM,energy,2023-09-11,2023-10-13,1001.0,,False,3180000.0,17,0.0,0,,,,-0.12692711983181493,0.2027728510129686
HON. GREG STANTON,S001211,XOM,energy,2023-09-26,2023-11-09,1001.0,,False,3180000.0,17,0.0,0,,,,-0.14440340176960742,0.2027728510129686
Kathy Manning,M001135,ACN,fedtech,2022-07-15,2022-08-10,1001.0,,False,3170000.0,27,0.0,0,,,,0.06404684737772559,0.20273665237505434
Sheldon Whitehouse,W000802,LLY,pharma,2024-10-30,2024-11-07,15001.0,Senate Committee on Finance,True,0.0,0,0.0,0,,,,0.06888041283374458,0.2027200596066936
Ro Khanna,K000389,IBM,fedtech,2017-11-30,2017-12-12,15001.0,House Committee on Armed Services; House Committee on Oversight and Government Reform,True,0.0,0,0.0,0,,,,-0.025329672979893192,0.2027200596066936
Sheldon Whitehouse,W000802,LLY,pharma,2023-09-20,2023-10-17,15001.0,Senate Committee on Finance,True,0.0,0,0.0,0,,,,0.09428762025138693,0.2027200596066936
Ro Khanna,K000389,IBM,fedtech,2018-12-17,2019-01-11,15001.0,House Committee on Armed Services; House Committee on Oversight and Government Reform,True,0.0,0,0.0,0,,,,0.25012906068149454,0.2027200596066936
William R. Keating,K000375,UNH,pharma,2021-03-17,2021-04-27,1001.0,,False,3165000.0,23,0.0,0,,,,0.19271395309216888,0.20271851021181087
Robert P Corker Jr,C001071,HII,defense,2014-01-08,2014-06-10,1001.0,,False,3160978.0,11,0.0,0,,,,0.11030303030303035,0.20270389584369342
Kathy Manning,M001135,ABBV,pharma,2024-01-23,2024-02-06,1001.0,,False,3160000.0,16,0.0,0,,,,-0.047104477611940254,0.20270033936530243
Ro Khanna,K000389,UNH,pharma,2018-05-08,2018-06-08,1001.0,,False,3140000.0,22,0.0,0,,,,0.15347153385338097,0.20262736732328512
Ro Khanna,K000389,UNH,pharma,2018-05-15,2018-06-08,1001.0,,False,3140000.0,22,0.0,0,,,,0.09674321503131522,0.20262736732328512
Donald Sternoff Beyer Jr,B001292,ACN,fedtech,2022-02-02,2022-03-03,1001.0,,False,3130000.0,31,0.0,0,,,,-0.1470220046179097,0.20259070682014127
Kevin Hern,H001082,ACN,fedtech,2022-02-15,2022-03-07,1001.0,,False,3130000.0,31,0.0,0,,,,-0.146382927051395,0.20259070682014127
Thad Cochran,C000567,ABBV,pharma,2014-09-15,2014-11-12,1001.0,,False,3120000.0,20,0.0,0,,,,0.09425168306576914,0.20255392900322503
Carlos Curbelo,C001107,HII,defense,2018-08-28,2018-09-25,1001.0,,False,3099250.0,14,0.0,0,,,,-0.2601658748691521,0.20247723749296664
Virginia Foxx,F000450,XOM,energy,2021-09-13,2021-10-04,1001.0,,False,3080000.0,19,0.0,0,,,,0.28860393715008126,0.20240562942370457
Kevin Hern,H001082,XOM,energy,2021-09-02,2021-10-07,1001.0,,False,3080000.0,19,0.0,0,,,,0.11092955700798846,0.20240562942370457
Bill Flores,F000461,JNJ,pharma,2014-10-17,2014-11-10,1001.0,,False,3060000.0,17,0.0,0,,,,0.017629179331307032,0.2023307558174433
Pete Sessions,S000250,JNJ,pharma,2015-07-21,2016-05-18,1001.0,,False,3060000.0,15,0.0,0,,,,0.023221048435319913,0.2023307558174433
Ro Khanna,K000389,UNH,pharma,2019-10-15,2019-11-12,1001.0,,False,3060000.0,21,0.0,0,,,,0.27197284043757075,0.2023307558174433
Cindy Axne,A000378,UNH,pharma,2019-10-04,2021-10-08,1001.0,,False,3060000.0,21,0.0,0,,,,0.24667879890809807,0.2023307558174433
Dean Phillips,P000616,UNH,pharma,2019-09-11,2019-10-11,1001.0,,False,3060000.0,21,0.0,0,,,,0.256223047692242,0.2023307558174433
Dean Phillips,P000616,UNH,pharma,2019-09-24,2019-10-11,1001.0,,False,3060000.0,21,0.0,0,,,,0.33595555555555534,0.2023307558174433
Richard L. Hanna,H001051,UNH,pharma,2015-07-16,2015-08-13,1001.0,,False,3020000.0,21,0.0,0,,,,-0.10822060353798135,0.20217952918985707
Alan S. Lowenthal,L000579,UNH,pharma,2015-07-16,2015-07-25,1001.0,,False,3020000.0,21,0.0,0,,,,-0.10822060353798135,0.20217952918985707
David B. Mckinley,M001180,UNH,pharma,2018-12-20,2019-01-09,1001.0,,False,3010000.0,21,0.0,0,,,,-0.0632321399109057,0.20214140956006987
Dean Heller,H001041,UNH,pharma,2018-10-26,2018-11-13,1001.0,,False,2980000.0,21,0.0,0,,,,0.02486637229839661,0.20202628614855545
Katherine M. Clark,C001101,JNJ,pharma,2014-01-10,2014-12-19,1001.0,,False,2970000.0,19,0.0,0,,,,0.06100907747519524,0.2019876539851443
Robert P Corker Jr,C001071,JNJ,pharma,2014-01-08,2014-06-10,1001.0,,False,2970000.0,19,0.0,0,,,,0.06733220050977073,0.2019876539851443
Kevin Hern,H001082,XOM,energy,2021-06-10,2021-07-14,1001.0,,False,2970000.0,18,0.0,0,,,,-0.009083665338645464,0.2019876539851443
Kurt Schrader,S001180,XOM,energy,2021-06-10,2021-07-07,1001.0,,False,2970000.0,18,0.0,0,,,,-0.009083665338645464,0.2019876539851443
Alan S. Lowenthal,L000579,UNH,pharma,2015-08-25,2015-08-29,1001.0,,False,2940000.0,22,0.0,0,,,,0.07919621749408967,0.20187097219343364
Alan S. Lowenthal,L000579,UNH,pharma,2018-11-29,2018-12-11,1001.0,,False,2920000.0,20,0.0,0,,,,-0.12489824809768191,0.20179252098278846
Thomas Macarthur,M001193,CVS,pharma,2016-10-14,2016-11-07,1001.0,,False,2908247.0,12,0.0,0,,,,-0.11373873873873863,0.20174616807756773
Lloyd Doggett,D000399,IBM,fedtech,2022-06-10,2022-07-11,1001.0,,False,2880000.0,5,0.0,0,,,,-0.1353990748219399,0.2016339935357373
Dean Heller,H001041,UNH,pharma,2018-10-04,2018-10-17,1001.0,,False,2880000.0,22,0.0,0,,,,0.0014907573047109324,0.2016339935357373
Carlos Curbelo,C001107,UNH,pharma,2018-08-28,2018-09-25,1001.0,,False,2880000.0,22,0.0,0,,,,-0.09370228296897698,0.2016339935357373
Ro Khanna,K000389,NEE,energy,2019-04-29,2019-05-10,1001.0,,False,2870000.0,23,0.0,0,,,,0.16811805809042069,0.2015940176427066
Ro Khanna,K000389,ABBV,pharma,2020-11-03,2020-12-16,1001.0,,False,2870000.0,16,0.0,0,,,,0.21316507503410653,0.2015940176427066
Ro Khanna,K000389,NEE,energy,2019-06-03,2019-07-11,1001.0,,False,2870000.0,23,0.0,0,,,,0.16259144202825926,0.2015940176427066
Donald Sternoff Beyer Jr,B001292,NEE,energy,2020-02-14,2020-02-22,1001.0,,False,2867500.0,30,0.0,0,,,,-0.10753267269854949,0.20158400190555825
Alan S. Lowenthal,L000579,NEE,energy,2020-03-24,2020-03-31,1001.0,,False,2867500.0,30,0.0,0,,,,0.35776884714085133,0.20158400190555825
Donald Sternoff Beyer Jr,B001292,NEE,energy,2020-01-28,2020-02-22,1001.0,,False,2867500.0,30,0.0,0,,,,-0.09284827508370641,0.20158400190555825
Donald Sternoff Beyer Jr,B001292,NEE,energy,2020-11-17,2020-12-01,1001.0,,False,2865000.0,27,0.0,0,,,,-0.047643910716616666,0.20157397743248756
Michael T. McCaul,M001157,HII,defense,2020-09-02,2020-10-16,1001.0,,False,2859268.0,16,0.0,0,,,,0.12639577139081593,0.2015509602612378
Ro Khanna,K000389,NEE,energy,2020-05-20,2020-06-17,1001.0,,False,2855000.0,28,0.0,0,,,,0.20073886335323676,0.20153379187532947
Ro Khanna,K000389,OXY,energy,2018-11-05,2018-12-10,1001.0,,False,2853251.0,7,0.0,0,,,,-0.034596140100071504,0.2015267489620365
Zoe Lofgren,L000397,UNH,pharma,2021-09-02,2021-10-07,1001.0,,False,2850000.0,22,0.0,0,,,,0.18510301857402478,0.2015136462827436
Zoe Lofgren,L000397,UNH,pharma,2021-08-09,2021-09-10,1001.0,,False,2850000.0,22,0.0,0,,,,0.13108769197069625,0.2015136462827436
Kurt Schrader,S001180,UNH,pharma,2021-06-08,2021-07-07,1001.0,,False,2850000.0,20,0.0,0,,,,-0.018643899039179623,0.2015136462827436
Thomas Macarthur,M001193,NEE,energy,2017-03-15,2017-04-09,1001.0,,False,2850000.0,34,0.0,0,,,,0.06580742987111443,0.2015136462827436
Kevin Hern,H001082,ACN,fedtech,2021-11-26,2021-12-09,1001.0,,False,2850000.0,30,0.0,0,,,,-0.06464932126696832,0.2015136462827436
Gilbert Cisneros,C001123,ABBV,pharma,2020-12-22,2021-01-11,1001.0,,False,2820000.0,15,0.0,0,,,,0.0778210116731517,0.2013920254906504
Thomas R. Carper,C000174,ABBV,pharma,2020-11-20,2020-12-02,1001.0,,False,2820000.0,15,0.0,0,,,,0.05017850059500195,0.2013920254906504
Thomas Macarthur,M001193,NEE,energy,2018-06-15,2018-07-10,1001.0,,False,2820000.0,25,0.0,0,,,,0.06330700764698505,0.2013920254906504
Donald Sternoff Beyer Jr,B001292,NEE,energy,2020-11-02,2020-12-01,1001.0,,False,2815000.0,25,0.0,0,,,,0.005457207506988082,0.20137162964221428
Donald Sternoff Beyer Jr,B001292,NEE,energy,2020-10-23,2020-11-05,1001.0,,False,2815000.0,25,0.0,0,,,,-0.008809845910185854,0.20137162964221428
K. Michael Conaway,C001062,AMZN,fedtech,2014-09-04,2014-10-02,1001.0,,False,2780000.0,14,0.0,0,,,,-0.10819482584188467,0.20122783616182138
Ro Khanna,K000389,CEG,energy,2024-08-02,2024-09-06,1001.0,,False,2770000.0,19,0.0,0,,,,0.4937754369164471,0.20118641969352433
Katherine M. Clark,C001101,MRK,pharma,2014-08-26,2014-12-19,1001.0,,False,2735000.0,18,0.0,0,,,,-0.045514950166112955,0.20104027530405086
Katherine M. Clark,C001101,MRK,pharma,2014-08-14,2014-12-19,1001.0,,False,2735000.0,18,0.0,0,,,,-0.01803334467505957,0.20104027530405086
Kevin Hern,H001082,NEE,energy,2020-07-27,2020-08-15,1001.0,,False,2667500.0,27,0.0,0,,,,0.08028671253106667,0.20075306688340178
Donald Sternoff Beyer Jr,B001292,NEE,energy,2020-08-28,2020-09-06,1001.0,,False,2667500.0,27,0.0,0,,,,0.08016455016991575,0.20075306688340178
Donald Sternoff Beyer Jr,B001292,NEE,energy,2020-01-14,2020-02-22,1001.0,,False,2580000.0,30,0.0,0,,,,-0.07108545593993454,0.20036974692877635
Jeffry Flake,F000444,AMZN,fedtech,2014-04-11,2014-05-09,1001.0,,False,2570000.0,13,0.0,0,,,,0.021172168222500343,0.20032511364086256
Lamar Smith,S000583,AMZN,fedtech,2014-04-03,2014-05-06,1001.0,,False,2570000.0,13,0.0,0,,,,-0.07961153408069066,0.20032511364086256
Rubén Hinojosa,H000636,AMZN,fedtech,2014-01-24,2014-02-04,1001.0,,False,2570000.0,12,0.0,0,,,,-0.19809081527347772,0.20032511364086256
Richard L. Hanna,H001051,AMZN,fedtech,2014-02-28,2014-03-28,1001.0,,False,2570000.0,12,0.0,0,,,,-0.10306545153272573,0.20032511364086256
Robert P Corker Jr,C001071,HII,defense,2014-03-03,2014-06-10,1001.0,,False,2554808.0,13,0.0,0,,,,-0.07669959325973275,0.20025697331794645
Robert P Corker Jr,C001071,UNH,pharma,2014-01-08,2014-06-10,1001.0,,False,2540000.0,21,0.0,0,,,,0.01679449880983852,0.20019016425686317
Joe Courtney,C001069,NEE,energy,2019-12-31,2020-07-29,1001.0,,False,2530000.0,31,0.0,0,,,,-0.02903039312851008,0.20014482669462724
Donald Sternoff Beyer Jr,B001292,NEE,energy,2019-12-09,2019-12-14,1001.0,,False,2530000.0,31,0.0,0,,,,-0.02467238656251336,0.20014482669462724
Ro Khanna,K000389,NEE,energy,2017-11-30,2017-12-12,1001.0,,False,2530000.0,33,0.0,0,,,,0.0273981270564414,0.20014482669462724
Katherine M. Clark,C001101,UNH,pharma,2016-10-11,2017-05-25,1001.0,,False,2530000.0,22,0.0,0,,,,0.18968460111317254,0.20014482669462724
Donald Sternoff Beyer Jr,B001292,NEE,energy,2019-11-18,2019-12-14,1001.0,,False,2530000.0,32,0.0,0,,,,-0.04479669193659552,0.20014482669462724
Donald Sternoff Beyer Jr,B001292,NEE,energy,2019-12-23,2020-01-02,1001.0,,False,2530000.0,31,0.0,0,,,,-0.014071530278917943,0.20014482669462724
Donald Sternoff Beyer Jr,B001292,NEE,energy,2019-11-25,2019-12-14,1001.0,,False,2530000.0,31,0.0,0,,,,-0.11192810457516345,0.20014482669462724
Thomas Macarthur,M001193,NEE,energy,2018-01-08,2018-02-05,1001.0,,False,2530000.0,33,0.0,0,,,,0.04543671548117145,0.20014482669462724
Kevin Hern,H001082,NEE,energy,2020-10-16,2020-11-14,1001.0,,False,2525000.0,21,0.0,0,,,,0.0626963350785339,0.20012209066919184
Alan S. Lowenthal,L000579,NEE,energy,2020-03-20,2020-03-31,820.31,,False,2867500.0,30,0.0,0,,,,0.43066492829204694,0.19996552619693952
Angus King,K000383,UNH,pharma,2014-04-28,2014-05-13,1001.0,,False,2470000.0,19,0.0,0,,,,0.12384473197781909,0.19986898008406484
Lloyd Doggett,D000399,IBM,fedtech,2021-12-10,2022-01-10,1001.0,,False,2470000.0,6,0.0,0,,,,0.01837376097993393,0.19986898008406484
K. Michael Conaway,C001062,UNH,pharma,2015-02-09,2015-03-03,1001.0,,False,2460000.0,23,0.0,0,,,,0.09860080758756684,0.1998223550424561
Ro Khanna,K000389,OXY,energy,2017-08-18,2017-09-08,1001.0,,False,2410334.0,9,0.0,0,,,,0.19983093829247678,0.19958794239075683
Ro Khanna,K000389,OXY,energy,2017-09-25,2017-10-10,1001.0,,False,2410334.0,8,0.0,0,,,,0.19882316506658415,0.19958794239075683
Richard L. Hanna,H001051,AMZN,fedtech,2014-04-17,2014-05-19,1001.0,,False,2370000.0,11,0.0,0,,,,0.026838201348065693,0.1993939927814374
Thomas Macarthur,M001193,NEE,energy,2016-04-04,2016-05-09,1001.0,,False,2340000.0,27,0.0,0,,,,0.07505053908355785,0.19924758243490293
Thomas Macarthur,M001193,NEE,energy,2016-02-12,2016-03-03,1001.0,,False,2340000.0,26,0.0,0,,,,0.1067430822960509,0.19924758243490293
Ro Khanna,K000389,NEE,energy,2019-08-02,2019-09-11,1001.0,,False,2330000.0,27,0.0,0,,,,0.09384608107468906,0.19919836155995235
John A. Yarmuth,Y000062,UNH,pharma,2015-01-13,2015-02-27,1001.0,,False,2330000.0,23,0.0,0,,,,0.1240904239837004,0.19919836155995235
John A. Yarmuth,Y000062,UNH,pharma,2015-01-12,2015-02-27,1001.0,,False,2330000.0,23,0.0,0,,,,0.11789371038517804,0.19919836155995235
Ro Khanna,K000389,ABBV,pharma,2024-01-10,2024-02-05,1001.0,,False,2330000.0,16,0.0,0,,,,-0.02723027472860684,0.19919836155995235
Thomas Macarthur,M001193,NEE,energy,2016-06-13,2016-07-08,1001.0,,False,2310000.0,26,0.0,0,,,,-0.019742697629258066,0.1990992828713291
Thomas J. Rooney,R000583,NEE,energy,2016-06-01,2017-01-16,1001.0,,False,2310000.0,26,0.0,0,,,,0.02954640033291711,0.1990992828713291
Ro Khanna,K000389,ABBV,pharma,2019-10-21,2019-11-12,1001.0,,False,2300000.0,12,0.0,0,,,,0.2109961190168177,0.19904942137589687
David B. Mckinley,M001180,UNH,pharma,2015-09-18,2015-10-05,1001.0,,False,2280000.0,21,0.0,0,,,,-0.08075447048256712,0.19894904469735933
Robert J. Wittman,W000804,UNH,pharma,2015-09-15,2015-10-15,1001.0,,False,2280000.0,21,0.0,0,,,,-0.08997750562359408,0.19894904469735933
Lloyd Doggett,D000399,IBM,fedtech,2022-03-10,2022-04-08,1001.0,,False,2260000.0,6,0.0,0,,,,0.1296340973059913,0.19884778363179703
Raúl M. Grijalva,G000551,TXT,defense,2016-04-06,2016-05-04,1001.0,,False,2190000.0,8,0.0,0,,,,0.04497426171769181,0.19848617449856842
David J. Taylor,T000490,CVX,energy,2026-06-15,2026-07-01,1001.0,,False,2190000.0,6,0.0,0,,,,,0.19848617449856842
Suzan K. Delbene,D000617,FSLR,energy,2014-05-12,2014-06-12,15001.0,,False,310000.0,4,0.0,0,,,,0.11068463105122972,0.19804213312468985
Thomas J. Rooney,R000583,UNH,pharma,2015-11-12,2017-01-16,1001.0,,False,2100000.0,20,0.0,0,,,,0.10884594929976954,0.19800387759586263
Ro Khanna,K000389,MRNA,pharma,2022-02-17,2022-03-08,15001.0,,False,305000.0,6,0.0,0,,,,-0.1252391363760591,0.19785525056351555
Dwight Evans,E000296,NEE,energy,2018-08-17,2018-09-26,1001.0,,False,1980000.0,23,0.0,0,,,,0.002740195238910781,0.19732762043287846
Ro Khanna,K000389,NEE,energy,2018-09-25,2018-10-10,1001.0,,False,1980000.0,23,0.0,0,,,,0.07509739286784534,0.19732762043287846
Thomas Macarthur,M001193,NEE,energy,2018-09-17,2018-10-06,1001.0,,False,1980000.0,23,0.0,0,,,,0.004946508685148787,0.19732762043287846
Thomas Suozzi,S001201,NEE,energy,2019-01-07,2021-09-23,1001.0,,False,1910000.0,23,0.0,0,,,,0.10140469003947072,0.19691394395113274
Thomas Macarthur,M001193,NEE,energy,2018-12-17,2019-01-11,1001.0,,False,1910000.0,23,0.0,0,,,,0.07896384856248218,0.19691394395113274
Marjorie Taylor Greene,G000596,LLY,pharma,2024-12-24,2024-12-27,1001.0,,False,1900000.0,2,0.0,0,,,,0.042417082458808375,0.19685361281194544
Lisa Mcclain,M001136,LLY,pharma,2024-12-11,2025-08-13,1001.0,,False,1900000.0,1,0.0,0,,,,-0.09436830270215946,0.19685361281194544
Thomas Macarthur,M001193,NEE,energy,2016-12-15,2017-01-07,1001.0,,False,1785000.0,32,0.0,0,,,,0.11860206784585148,0.19613603848456837
Thomas J. Rooney,R000583,NEE,energy,2016-11-02,2017-01-16,1001.0,,False,1785000.0,31,0.0,0,,,,0.058699870633893925,0.19613603848456837
Thomas Macarthur,M001193,NEE,energy,2015-09-15,2015-10-08,1001.0,,False,1760000.0,25,0.0,0,,,,0.0871869479372338,0.19597393346753916
Thomas Macarthur,M001193,NEE,energy,2016-09-15,2016-11-07,1001.0,,False,1680000.0,28,0.0,0,,,,-0.02998451886254383,0.1954392763705364
Thomas J. Rooney,R000583,NEE,energy,2016-09-01,2017-01-16,1001.0,,False,1680000.0,29,0.0,0,,,,-0.01272727272727281,0.1954392763705364
Ro Khanna,K000389,OXY,energy,2019-01-18,2019-02-12,1001.0,,False,1550470.0,7,0.0,0,,,,-0.20244666567208713,0.19451712329439658
Zoe Lofgren,L000397,ACN,fedtech,2021-09-02,2021-10-07,1001.0,,False,1480000.0,14,0.0,0,,,,0.21568914956011742,0.19398251212700854
Kevin Hern,H001082,ACN,fedtech,2021-08-13,2021-09-15,1001.0,,False,1480000.0,14,0.0,0,,,,0.16778481991034178,0.19398251212700854
Zoe Lofgren,L000397,ACN,fedtech,2021-08-09,2021-09-10,1001.0,,False,1480000.0,14,0.0,0,,,,0.16218077115673513,0.19398251212700854
Bill Flores,F000461,JNJ,pharma,2015-10-21,2015-11-16,1001.0,,False,1440000.0,15,0.0,0,,,,0.06770459899621017,0.1936676142430449
Ro Khanna,K000389,FSLR,energy,2025-04-23,2025-05-12,1001.0,,False,1416000.0,14,0.0,0,,,,0.46453089244851276,0.1934744491312395
Lloyd Doggett,D000399,IBM,fedtech,2021-09-13,2021-10-07,1001.0,,False,1330000.0,3,0.0,0,,,,0.0060223540332509096,0.19275432828227917
Ro Khanna,K000389,FSLR,energy,2025-03-12,2025-04-10,1001.0,,False,1090000.0,11,0.0,0,,,,0.21354013525433713,0.19046719659501976
Gilbert Cisneros,C001123,FSLR,energy,2026-01-09,2026-02-13,1001.0,,False,850000.0,8,0.0,0,,,,-0.02258442973267405,0.18760891391874512
Ro Khanna,K000389,FSLR,energy,2024-05-29,2024-06-05,1001.0,,False,820000.0,4,0.0,0,,,,-0.08098781408389955,0.18719594561594047
Ro Khanna,K000389,FSLR,energy,2024-04-23,2024-05-06,1001.0,,False,820000.0,4,0.0,0,,,,0.23614658523042764,0.18719594561594047
Josh Gottheimer,G000583,FSLR,energy,2023-05-12,2023-06-11,1001.0,,False,700000.0,4,0.0,0,,,,-0.22581898226077946,0.18537746977116465
Josh Gottheimer,G000583,FSLR,energy,2023-07-14,2023-08-21,1001.0,,False,700000.0,4,0.0,0,,,,-0.30036591740721386,0.18537746977116465
Josh Gottheimer,G000583,FSLR,energy,2023-04-24,2023-05-19,1001.0,,False,700000.0,4,0.0,0,,,,-0.1591233920914722,0.18537746977116465
Ro Khanna,K000389,FSLR,energy,2023-05-23,2023-06-12,1001.0,,False,700000.0,4,0.0,0,,,,-0.15754890736223792,0.18537746977116465
Josh Gottheimer,G000583,FSLR,energy,2023-10-16,2023-11-11,1001.0,,False,680000.0,4,0.0,0,,,,0.006940313305572099,0.1850443147055058
Diana Harshbarger,H001086,BAH,fedtech,2021-12-20,2022-01-24,1001.0,,False,640000.0,11,0.0,0,,,,0.07624091636901098,0.18434755324540195
Ro Khanna,K000389,FSLR,energy,2023-11-03,2023-12-06,1001.0,,False,620000.0,3,0.0,0,,,,0.03132815585099369,0.18398266407743927
Josh Gottheimer,G000583,FSLR,energy,2023-04-06,2023-05-19,1001.0,,False,520000.0,4,0.0,0,,,,-0.04953303016967381,0.18196114536777508
Ro Khanna,K000389,MRNA,pharma,2024-10-14,2024-11-08,1001.0,,False,470000.0,10,0.0,0,,,,-0.46423003637623417,0.1807992438145967
Ro Khanna,K000389,IBM,fedtech,2019-03-26,2019-04-11,1001.0,House Committee on Armed Services; House Committee on Oversight and Government Reform,True,0.0,0,0.0,0,,,,0.06996161980104931,0.18069422581325764
Ro Khanna,K000389,ACN,fedtech,2019-03-26,2019-04-11,1001.0,House Committee on Armed Services; House Committee on Oversight and Government Reform,True,0.0,0,0.0,0,,,,0.16490954834072125,0.18069422581325764
Ro Khanna,K000389,ACN,fedtech,2019-04-29,2019-05-10,1001.0,House Committee on Armed Services; House Committee on Oversight and Government Reform,True,0.0,0,0.0,0,,,,0.08801942497654647,0.18069422581325764
Susie Lee,L000590,BAH,fedtech,2019-02-27,2019-03-12,1001.0,House Committee on Appropriations,True,0.0,0,0.0,0,,,,0.2554523041911627,0.18069422581325764
Ro Khanna,K000389,ACN,fedtech,2019-05-28,2019-06-11,1001.0,House Committee on Armed Services; House Committee on Oversight and Government Reform,True,0.0,0,0.0,0,,,,0.06995907842367854,0.18069422581325764
Robert J. Wittman,W000804,ACN,fedtech,2015-09-15,2015-10-15,1001.0,House Committee on Armed Services,True,0.0,0,0.0,0,,,,0.01038273615635199,0.18069422581325764
Greg Landsman,L000601,LLY,pharma,2023-01-18,2024-08-14,1001.0,House Committee on Energy and Commerce,True,0.0,0,0.0,0,,,,0.24397034175165477,0.18069422581325764
Greg Landsman,L000601,LLY,pharma,2023-05-11,2024-08-14,1001.0,House Committee on Energy and Commerce,True,0.0,0,0.0,0,,,,0.34648146022270687,0.18069422581325764
Lois Frankel,F000462,ACN,fedtech,2014-05-07,2014-05-21,1001.0,House Committee on Appropriations,True,0.0,0,0.0,0,,,,0.045390615010868274,0.18069422581325764
Ro Khanna,K000389,ACN,fedtech,2020-07-28,2020-08-17,1001.0,House Committee on Armed Services; House Committee on Oversight and Government Reform,True,0.0,0,0.0,0,,,,0.12219821766135563,0.18069422581325764
Ro Khanna,K000389,IBM,fedtech,2020-03-05,2020-04-20,1001.0,House Committee on Armed Services; House Committee on Oversight and Government Reform,True,0.0,0,0.0,0,,,,-0.07225028420835056,0.18069422581325764
Pete Sessions,S000250,IBM,fedtech,2013-04-22,2015-05-14,1001.0,House Committee on Oversight and Government Reform,True,0.0,0,0.0,0,,,,-0.017409386210821554,0.18069422581325764
Ro Khanna,K000389,IBM,fedtech,2017-05-02,2017-06-12,1001.0,House Committee on Armed Services; House Committee on Oversight and Government Reform,True,0.0,0,0.0,0,,,,-0.10396026910658729,0.18069422581325764
Ro Khanna,K000389,ACN,fedtech,2017-07-05,2017-08-10,1001.0,House Committee on Armed Services; House Committee on Oversight and Government Reform,True,0.0,0,0.0,0,,,,0.15622732769044756,0.18069422581325764
Thomas Suozzi,S001201,LLY,pharma,2017-08-17,2021-09-23,1001.0,House Committee on Ways and Means,True,0.0,0,0.0,0,,,,0.11233933161953735,0.18069422581325764
Dan Newhouse,N000189,LLY,pharma,2022-03-08,2023-05-26,1001.0,House Committee on Appropriations,True,0.0,0,0.0,0,,,,0.27014965567652816,0.18069422581325764
Ro Khanna,K000389,IBM,fedtech,2018-07-24,2018-08-10,1001.0,House Committee on Armed Services; House Committee on Oversight and Government Reform,True,0.0,0,0.0,0,,,,-0.18998503672219902,0.18069422581325764
Ro Khanna,K000389,ACN,fedtech,2017-11-30,2017-12-12,1001.0,House Committee on Armed Services; House Committee on Oversight and Government Reform,True,0.0,0,0.0,0,,,,-0.00020268900749953467,0.18069422581325764
Ro Khanna,K000389,IBM,fedtech,2017-10-27,2017-11-09,1001.0,House Committee on Armed Services; House Committee on Oversight and Government Reform,True,0.0,0,0.0,0,,,,0.031884351926469545,0.18069422581325764
Shelley Moore Capito,C001047,ACN,fedtech,2017-10-25,2017-11-07,1001.0,Senate Committee on Appropriations,True,0.0,0,0.0,0,,,,0.135732502125248,0.18069422581325764
Ro Khanna,K000389,IBM,fedtech,2017-08-18,2017-09-08,1001.0,House Committee on Armed Services; House Committee on Oversight and Government Reform,True,0.0,0,0.0,0,,,,0.09756627162756693,0.18069422581325764
Ro Khanna,K000389,ACN,fedtech,2017-05-08,2017-06-12,1001.0,House Committee on Armed Services; House Committee on Oversight and Government Reform,True,0.0,0,0.0,0,,,,0.07150524316736862,0.18069422581325764
Ro Khanna,K000389,IBM,fedtech,2019-01-18,2019-02-12,1001.0,House Committee on Armed Services; House Committee on Oversight and Government Reform,True,0.0,0,0.0,0,,,,0.09126097784325715,0.18069422581325764
Ro Khanna,K000389,IBM,fedtech,2018-12-10,2019-01-11,1001.0,House Committee on Armed Services; House Committee on Oversight and Government Reform,True,0.0,0,0.0,0,,,,0.1732017536663526,0.18069422581325764
Ro Khanna,K000389,ACN,fedtech,2019-03-19,2019-04-11,1001.0,House Committee on Armed Services; House Committee on Oversight and Government Reform,True,0.0,0,0.0,0,,,,0.16612515042117937,0.18069422581325764
Lois Frankel,F000462,BAH,fedtech,2019-01-14,2019-01-28,1001.0,House Committee on Appropriations,True,0.0,0,0.0,0,,,,0.2954741379310346,0.18069422581325764
Ro Khanna,K000389,ACN,fedtech,2017-02-27,2017-03-14,1001.0,House Committee on Armed Services; House Committee on Oversight and Government Reform,True,0.0,0,0.0,0,,,,-0.004886391399951173,0.18069422581325764
Ro Khanna,K000389,IBM,fedtech,2018-10-17,2018-11-09,1001.0,House Committee on Armed Services; House Committee on Oversight and Government Reform,True,0.0,0,0.0,0,,,,0.018127281906505477,0.18069422581325764
Ro Khanna,K000389,ACN,fedtech,2018-11-05,2018-12-10,1001.0,House Committee on Armed Services; House Committee on Oversight and Government Reform,True,0.0,0,0.0,0,,,,0.031967213114754145,0.18069422581325764
Ro Khanna,K000389,ACN,fedtech,2018-10-25,2018-11-09,1001.0,House Committee on Armed Services; House Committee on Oversight and Government Reform,True,0.0,0,0.0,0,,,,0.029186846800917765,0.18069422581325764
Ro Khanna,K000389,IBM,fedtech,2017-11-28,2017-12-12,1001.0,House Committee on Armed Services; House Committee on Oversight and Government Reform,True,0.0,0,0.0,0,,,,0.0003279255348340726,0.18069422581325764
Ro Khanna,K000389,IBM,fedtech,2018-02-27,2018-03-09,1001.0,House Committee on Armed Services; House Committee on Oversight and Government Reform,True,0.0,0,0.0,0,,,,-0.12181439397482652,0.18069422581325764
Shelley Moore Capito,C001047,ACN,fedtech,2018-04-24,2018-05-14,1001.0,Senate Committee on Appropriations,True,0.0,0,0.0,0,,,,0.0916793539418812,0.18069422581325764
Ro Khanna,K000389,IBM,fedtech,2018-04-03,2018-05-10,1001.0,House Committee on Armed Services; House Committee on Oversight and Government Reform,True,0.0,0,0.0,0,,,,-0.042375401368141774,0.18069422581325764
Shelley Moore Capito,C001047,ACN,fedtech,2018-04-05,2018-05-14,1001.0,Senate Committee on Appropriations,True,0.0,0,0.0,0,,,,0.058058982648281354,0.18069422581325764
Lois Frankel,F000462,BAH,fedtech,2018-03-14,2018-03-27,1001.0,House Committee on Appropriations,True,0.0,0,0.0,0,,,,0.18214377078536703,0.18069422581325764
William R. Keating,K000375,ACN,fedtech,2021-03-17,2021-04-27,1001.0,House Committee on Armed Services,True,0.0,0,0.0,0,,,,0.19173572482688162,0.18069422581325764
Lois Frankel,F000462,BAH,fedtech,2018-03-15,2018-03-27,1001.0,House Committee on Appropriations,True,0.0,0,0.0,0,,,,0.18956254796623173,0.18069422581325764
Ro Khanna,K000389,ACN,fedtech,2018-04-03,2018-05-10,1001.0,House Committee on Armed Services; House Committee on Oversight and Government Reform,True,0.0,0,0.0,0,,,,0.07339202903420938,0.18069422581325764
Ro Khanna,K000389,IBM,fedtech,2018-03-06,2018-04-13,1001.0,House Committee on Armed Services; House Committee on Oversight and Government Reform,True,0.0,0,0.0,0,,,,-0.09176748600642581,0.18069422581325764
Sheldon Whitehouse,W000802,LLY,pharma,2023-12-14,2024-01-18,1001.0,Senate Committee on Finance,True,0.0,0,0.0,0,,,,0.3102306203915144,0.18069422581325764
Pete Sessions,S000250,ACN,fedtech,2018-08-01,2018-12-21,1001.0,House Committee on Oversight and Government Reform,True,0.0,0,0.0,0,,,,0.008515434224531937,0.18069422581325764
Ro Khanna,K000389,IBM,fedtech,2018-06-15,2018-07-11,1001.0,House Committee on Armed Services; House Committee on Oversight and Government Reform,True,0.0,0,0.0,0,,,,-0.029300801029092827,0.18069422581325764
Ro Khanna,K000389,IBM,fedtech,2018-07-18,2018-08-10,1001.0,House Committee on Armed Services; House Committee on Oversight and Government Reform,True,0.0,0,0.0,0,,,,-0.15970105179047567,0.18069422581325764
Lois Frankel,F000462,BAH,fedtech,2018-06-15,2018-06-22,1001.0,House Committee on Appropriations,True,0.0,0,0.0,0,,,,0.07239618032422834,0.18069422581325764
Ro Khanna,K000389,ACN,fedtech,2018-05-15,2018-06-08,1001.0,House Committee on Armed Services; House Committee on Oversight and Government Reform,True,0.0,0,0.0,0,,,,0.10566625559810472,0.18069422581325764
Gilbert Cisneros,C001123,IBM,fedtech,2020-04-29,2020-05-13,1001.0,House Committee on Armed Services,True,0.0,0,0.0,0,,,,-0.03139300304151982,0.18069422581325764
Ro Khanna,K000389,ACN,fedtech,2020-05-20,2020-06-17,1001.0,House Committee on Armed Services; House Committee on Oversight and Government Reform,True,0.0,0,0.0,0,,,,0.21334153089455876,0.18069422581325764
Carlos Curbelo,C001107,FSLR,energy,2016-04-29,2016-06-16,1001.0,,False,435000.0,5,0.0,0,,,,-0.3268266475644699,0.17990983608576347
Carlos Curbelo,C001107,FSLR,energy,2016-06-21,2016-06-21,1001.0,,False,435000.0,5,0.0,0,,,,-0.14291555919034948,0.17990983608576347
Carlos Curbelo,C001107,FSLR,energy,2016-06-20,2016-07-05,1001.0,,False,435000.0,5,0.0,0,,,,-0.19768856447688565,0.17990983608576347
Carlos Curbelo,C001107,FSLR,energy,2016-06-24,2016-07-05,1001.0,,False,435000.0,5,0.0,0,,,,-0.11190786614515436,0.17990983608576347
Josh Gottheimer,G000583,FSLR,energy,2023-04-19,2023-05-19,1001.0,,False,430000.0,3,0.0,0,,,,-0.15926486090104952,0.1797769671483241
Carlos Curbelo,C001107,FSLR,energy,2018-06-04,2018-07-23,1001.0,,False,310000.0,4,0.0,0,,,,-0.20262390670553942,0.1760162993312539
Carlos Curbelo,C001107,FSLR,energy,2018-02-13,2018-03-27,1001.0,,False,310000.0,4,0.0,0,,,,-0.17953908439738397,0.1760162993312539
Carlos Curbelo,C001107,FSLR,energy,2018-06-06,2018-06-22,1001.0,,False,310000.0,4,0.0,0,,,,-0.14190527642715656,0.1760162993312539
Robert P Corker Jr,C001071,CVS,pharma,2014-01-08,2014-06-10,1001.0,,False,290000.0,6,0.0,0,,,,0.08728679948401896,0.17524981380901736
Ro Khanna,K000389,FSLR,energy,2020-07-28,2020-08-17,1001.0,,False,280000.0,4,0.0,0,,,,0.5490951742627346,0.17484650852220848
Katherine M. Clark,C001101,FSLR,energy,2021-06-04,2021-08-15,1001.0,,False,276000.0,6,0.0,0,,,,0.2527689873417722,0.1746811384703864
Marie Newman,N000192,MRNA,pharma,2021-01-22,2021-02-13,1001.0,,False,260000.0,8,0.0,0,,,,0.2530148068997098,0.17399478418641623
Ro Khanna,K000389,MRNA,pharma,2021-10-07,2021-11-09,1001.0,,False,260000.0,6,0.0,0,,,,-0.47307344194465994,0.17399478418641623
Robert P Corker Jr,C001071,CVS,pharma,2014-03-03,2014-06-10,1001.0,,False,260000.0,6,0.0,0,,,,0.04752720760435336,0.17399478418641623
Marie Newman,N000192,MRNA,pharma,2021-01-14,2021-02-13,1001.0,,False,200000.0,6,0.0,0,,,,0.2440641381436941,0.17097942877954542
Carlos Curbelo,C001107,FSLR,energy,2017-04-06,2017-04-06,1001.0,,False,185000.0,3,0.0,0,,,,0.8024042073628848,0.17008341663590845
Carlos Curbelo,C001107,FSLR,energy,2016-10-03,2016-10-07,1001.0,,False,185000.0,3,0.0,0,,,,-0.19134042001555607,0.17008341663590845
Alan S. Lowenthal,L000579,KTOS,defense,2020-09-17,2020-09-24,1001.0,,False,180000.0,4,0.0,0,,,,0.3725034835113794,0.16976852026190986
Alan S. Lowenthal,L000579,KTOS,defense,2020-09-04,2020-09-15,1001.0,,False,180000.0,4,0.0,0,,,,0.3691588785046729,0.16976852026190986
Alan S. Lowenthal,L000579,KTOS,defense,2020-09-10,2020-09-17,1001.0,,False,180000.0,4,0.0,0,,,,0.3646635850025681,0.16976852026190986
Katherine M. Clark,C001101,FSLR,energy,2020-11-05,2020-12-28,1001.0,,False,100000.0,4,0.0,0,,,,-0.15189873417721522,0.163013102961086
Carlos Curbelo,C001107,FSLR,energy,2016-10-21,2016-11-15,1001.0,,False,60000.0,2,0.0,0,,,,-0.1332544378698225,0.15714222919071547
Carlos Curbelo,C001107,FSLR,energy,2016-11-03,2016-11-15,1001.0,,False,60000.0,2,0.0,0,,,,0.002897710808461351,0.15714222919071547
Peter Welch,W000800,FSLR,energy,2018-12-18,2019-01-09,1001.0,,False,60000.0,2,0.0,0,,,,0.40319222761970863,0.15714222919071547
Carlos Curbelo,C001107,FSLR,energy,2016-11-04,2016-12-09,1001.0,,False,60000.0,2,0.0,0,,,,0.02616995073891637,0.15714222919071547
Alan S. Lowenthal,L000579,KTOS,defense,2020-09-08,2020-09-17,154.22,,False,180000.0,4,0.0,0,,,,0.3879355174206969,0.15458988845547111
Alan S. Lowenthal,L000579,KTOS,defense,2020-09-03,2020-09-15,116.94,,False,180000.0,4,0.0,0,,,,0.350922131147541,0.15235435085553417
Alan S. Lowenthal,L000579,KTOS,defense,2020-09-09,2020-09-17,58.54,,False,180000.0,4,0.0,0,,,,0.37851662404092057,0.14679107124485907
Bob Gibbs,G000563,KTOS,defense,2015-11-09,2015-11-22,1001.0,,False,20000.0,2,0.0,0,,,,-0.26190476190476186,0.1445161935095405
Alan S. Lowenthal,L000579,KTOS,defense,2020-09-11,2020-09-24,39.1,,False,180000.0,4,0.0,0,,,,0.3421588594704683,0.1435739245377404
Alan S. Lowenthal,L000579,KTOS,defense,2020-09-16,2020-09-24,22.07,,False,180000.0,4,0.0,0,,,,0.4067561314206385,0.1390742944486522
Kevin Hern,H001082,ACN,fedtech,2021-06-25,2021-07-14,100001.0,,False,0.0,0,0.0,0,,,,0.20966537704472943,0.06815992987802705
Michael T. McCaul,M001157,ACN,fedtech,2014-06-11,2014-07-15,100001.0,,False,0.0,0,0.0,0,,,,-0.05727031589100551,0.06815992987802705
Thomas Macarthur,M001193,ACN,fedtech,2016-02-09,2016-03-03,100001.0,,False,0.0,0,0.0,0,,,,0.2786112301757395,0.06815992987802705
Greg Gianforte,G000584,IBM,fedtech,2018-12-21,2019-01-23,100001.0,,False,0.0,0,0.0,0,,,,0.25193756057823236,0.06815992987802705
Kevin Hern,H001082,ACN,fedtech,2020-03-26,2020-04-16,100001.0,,False,0.0,0,0.0,0,,,,0.2924010738881755,0.06815992987802705
Michael T. McCaul,M001157,ACN,fedtech,2015-05-04,2015-05-14,100001.0,,False,0.0,0,0.0,0,,,,-0.02276577721304518,0.06815992987802705
Richard W. Allen,A000372,ACN,fedtech,2021-05-13,2021-06-12,50001.0,,False,0.0,0,0.0,0,,,,0.19837375578298055,0.06251851913185355
Michael T. McCaul,M001157,ACN,fedtech,2015-04-14,2015-05-14,50001.0,,False,0.0,0,0.0,0,,,,0.1061720498880716,0.06251851913185355
Michael T. McCaul,M001157,IBM,fedtech,2016-03-04,2016-04-20,50001.0,,False,0.0,0,0.0,0,,,,0.10072567177774405,0.06251851913185355
David B. Mckinley,M001180,ACN,fedtech,2019-12-30,2020-01-06,15001.0,,False,0.0,0,0.0,0,,,,-0.15324724648689692,0.0527200596066936
David Perdue,P000612,BAH,fedtech,2019-12-31,2020-01-10,15001.0,,False,0.0,0,0.0,0,,,,0.052720371151412815,0.0527200596066936
Alan S. Lowenthal,L000579,IBM,fedtech,2015-02-24,2015-03-01,15001.0,,False,0.0,0,0.0,0,,,,0.01298313949688179,0.0527200596066936
Bill Flores,F000461,LLY,pharma,2014-06-10,2014-07-10,15001.0,,False,0.0,0,0.0,0,,,,0.09188284518828449,0.0527200596066936
Richard W. Allen,A000372,ACN,fedtech,2019-08-28,2023-08-10,15001.0,,False,0.0,0,0.0,0,,,,0.07727087990245884,0.0527200596066936
Markwayne Mullin,M001190,LLY,pharma,2023-09-13,2023-10-12,15001.0,,False,0.0,0,0.0,0,,,,0.06151482767833305,0.0527200596066936
Ro Khanna,K000389,LLY,pharma,2019-08-12,2019-09-11,15001.0,,False,0.0,0,0.0,0,,,,0.06694375663247265,0.0527200596066936
Ro Khanna,K000389,LLY,pharma,2023-03-01,2023-03-03,15001.0,,False,0.0,0,0.0,0,,,,0.47846707196740623,0.0527200596066936
Ro Khanna,K000389,LLY,pharma,2019-06-03,2019-07-11,15001.0,,False,0.0,0,0.0,0,,,,-0.04975593046159121,0.0527200596066936
Thad Cochran,C000567,LLY,pharma,2016-06-02,2016-07-07,15001.0,,False,0.0,0,0.0,0,,,,0.06360985952822706,0.0527200596066936
Sheldon Whitehouse,W000802,IBM,fedtech,2016-06-07,2016-06-16,15001.0,,False,0.0,0,0.0,0,,,,0.024457148314652732,0.0527200596066936
Bill Flores,F000461,IBM,fedtech,2016-03-28,2016-04-13,15001.0,,False,0.0,0,0.0,0,,,,0.09245258814523893,0.0527200596066936
Michael T. McCaul,M001157,ACN,fedtech,2015-09-02,2015-10-21,15001.0,,False,0.0,0,0.0,0,,,,0.10663983903420515,0.0527200596066936
Richard W. Allen,A000372,ACN,fedtech,2019-09-27,2023-08-10,15001.0,,False,0.0,0,0.0,0,,,,0.07926638102205041,0.0527200596066936
David B. Mckinley,M001180,ACN,fedtech,2017-09-14,2017-10-05,15001.0,,False,0.0,0,0.0,0,,,,0.1872312027287557,0.0527200596066936
Michael T. McCaul,M001157,IBM,fedtech,2017-11-03,2017-12-21,15001.0,,False,0.0,0,0.0,0,,,,0.035426528837793514,0.0527200596066936
Ro Khanna,K000389,LLY,pharma,2018-04-03,2018-05-10,15001.0,,False,0.0,0,0.0,0,,,,0.2728914108847047,0.0527200596066936
Thomas J. Rooney,R000583,ACN,fedtech,2017-06-14,2017-07-14,15001.0,,False,0.0,0,0.0,0,,,,0.0939096267190569,0.0527200596066936
Ro Khanna,K000389,LLY,pharma,2017-11-30,2017-12-12,15001.0,,False,0.0,0,0.0,0,,,,-0.10562381852551983,0.0527200596066936
Michael T. McCaul,M001157,IBM,fedtech,2018-10-22,2018-11-15,15001.0,,False,0.0,0,0.0,0,,,,0.06675912957222785,0.0527200596066936
Michael T. McCaul,M001157,IBM,fedtech,2018-06-05,2018-07-26,15001.0,,False,0.0,0,0.0,0,,,,0.06624884899967598,0.0527200596066936
Bill Flores,F000461,IBM,fedtech,2013-12-30,2014-01-07,15001.0,,False,0.0,0,0.0,0,,,,0.04667132777666172,0.0527200596066936
Michael T. McCaul,M001157,IBM,fedtech,2018-06-13,2018-07-26,15001.0,,False,0.0,0,0.0,0,,,,-0.05008576697113942,0.0527200596066936
Bill Flores,F000461,IBM,fedtech,2014-12-16,2015-01-12,15001.0,,False,0.0,0,0.0,0,,,,0.08401024100630483,0.0527200596066936
Daniel Goldman,G000599,LLY,pharma,2023-01-31,2023-02-24,15001.0,,False,0.0,0,0.0,0,,,,0.2478860961789917,0.0527200596066936
Carlos Curbelo,C001107,ACN,fedtech,2018-08-28,2018-09-25,1001.0,,False,0.0,0,0.0,0,,,,-0.170930995407646,0.030694225813257644
Lloyd Doggett,D000399,IBM,fedtech,2018-09-05,2018-10-05,1001.0,,False,0.0,0,0.0,0,,,,-0.23012360718149805,0.030694225813257644
Michael T. McCaul,M001157,IBM,fedtech,2018-10-24,2018-11-15,1001.0,,False,0.0,0,0.0,0,,,,0.08356240189383435,0.030694225813257644
Lamar Smith,S000583,BAH,fedtech,2018-10-31,2018-12-13,1001.0,,False,0.0,0,0.0,0,,,,0.06701655228098513,0.030694225813257644
Michael T. McCaul,M001157,IBM,fedtech,2018-10-23,2018-11-15,1001.0,,False,0.0,0,0.0,0,,,,0.051749125875519386,0.030694225813257644
Michael T. McCaul,M001157,IBM,fedtech,2018-10-11,2018-11-15,1001.0,,False,0.0,0,0.0,0,,,,-0.03819608250323714,0.030694225813257644
Ro Khanna,K000389,LLY,pharma,2017-11-27,2017-12-12,1001.0,,False,0.0,0,0.0,0,,,,-0.10788822072868776,0.030694225813257644
K. Michael Conaway,C001062,ACN,fedtech,2018-01-12,2018-02-02,1001.0,,False,0.0,0,0.0,0,,,,-0.02835550558990707,0.030694225813257644
K. Michael Conaway,C001062,ACN,fedtech,2018-01-16,2018-02-02,1001.0,,False,0.0,0,0.0,0,,,,-0.024563180552038433,0.030694225813257644
Lloyd Doggett,D000399,IBM,fedtech,2017-12-12,2018-01-03,1001.0,,False,0.0,0,0.0,0,,,,-0.00880431373334134,0.030694225813257644
David B. Mckinley,M001180,ACN,fedtech,2017-11-21,2017-12-11,1001.0,,False,0.0,0,0.0,0,,,,0.09472332950476336,0.030694225813257644
Greg Gianforte,G000584,IBM,fedtech,2018-03-26,2018-04-13,1001.0,,False,0.0,0,0.0,0,,,,-0.04557606741542386,0.030694225813257644
Lloyd Doggett,D000399,IBM,fedtech,2020-12-11,2021-01-06,1001.0,,False,0.0,0,0.0,0,,,,0.08304448465973646,0.030694225813257644
Sheldon Whitehouse,W000802,IBM,fedtech,2017-11-27,2017-12-11,1001.0,,False,0.0,0,0.0,0,,,,-0.00046112635963457826,0.030694225813257644
Lloyd Doggett,D000399,IBM,fedtech,2021-06-11,2021-07-06,1001.0,,False,0.0,0,0.0,0,,,,-0.058501443711832746,0.030694225813257644
Kevin Hern,H001082,ACN,fedtech,2019-10-15,2019-11-14,1001.0,,False,0.0,0,0.0,0,,,,0.13363636363636378,0.030694225813257644
Dean Phillips,P000616,IBM,fedtech,2019-11-22,2019-12-11,1001.0,,False,0.0,0,0.0,0,,,,-0.29455097284868814,0.030694225813257644
Donald Sternoff Beyer Jr,B001292,ACN,fedtech,2019-11-22,2019-12-14,1001.0,,False,0.0,0,0.0,0,,,,-0.2693481134953727,0.030694225813257644
Donald Sternoff Beyer Jr,B001292,ACN,fedtech,2019-11-19,2019-12-14,1001.0,,False,0.0,0,0.0,0,,,,-0.23792477563779368,0.030694225813257644
Donald Sternoff Beyer Jr,B001292,ACN,fedtech,2019-12-23,2020-01-02,1001.0,,False,0.0,0,0.0,0,,,,-0.21149741497889296,0.030694225813257644
Dwight Evans,E000296,IBM,fedtech,2020-10-29,2020-12-03,1001.0,,False,0.0,0,0.0,0,,,,0.09200205531091377,0.030694225813257644
Frank A. Lobiondo,L000554,ACN,fedtech,2017-11-02,2017-11-06,1001.0,,False,0.0,0,0.0,0,,,,0.0980966325036603,0.030694225813257644
Kenneth R. Buck,B001297,IBM,fedtech,2017-10-27,2017-11-02,1001.0,,False,0.0,0,0.0,0,,,,0.031884351926469545,0.030694225813257644
Lloyd Doggett,D000399,IBM,fedtech,2020-09-11,2020-10-16,1001.0,,False,0.0,0,0.0,0,,,,0.05862028875674419,0.030694225813257644
Donald Sternoff Beyer Jr,B001292,ACN,fedtech,2020-08-27,2020-09-06,1001.0,,False,0.0,0,0.0,0,,,,0.07809191680159433,0.030694225813257644
Lloyd Doggett,D000399,IBM,fedtech,2017-09-12,2017-10-10,1001.0,,False,0.0,0,0.0,0,,,,0.12637181655673957,0.030694225813257644
Ro Khanna,K000389,LLY,pharma,2021-09-28,2021-10-14,1001.0,,False,0.0,0,0.0,0,,,,0.07337545126353806,0.030694225813257644
Debbie Dingell,D000624,IBM,fedtech,2017-08-14,2017-08-23,1001.0,,False,0.0,0,0.0,0,,,,0.1013205822085943,0.030694225813257644
Thomas Suozzi,S001201,IBM,fedtech,2017-08-17,2021-09-23,1001.0,,False,0.0,0,0.0,0,,,,0.08386661750143465,0.030694225813257644
Brenda Lulenar Lawrence,L000581,IBM,fedtech,2018-02-27,2019-08-21,1001.0,,False,0.0,0,0.0,0,,,,-0.12181439397482652,0.030694225813257644
Bill Flores,F000461,ACN,fedtech,2014-10-17,2014-11-10,1001.0,,False,0.0,0,0.0,0,,,,0.16549203863221074,0.030694225813257644
Bill Cassidy,C001075,IBM,fedtech,2018-04-23,2018-05-15,1001.0,,False,0.0,0,0.0,0,,,,0.0007544166000337249,0.030694225813257644
Ro Khanna,K000389,LLY,pharma,2018-05-04,2018-05-10,1001.0,,False,0.0,0,0.0,0,,,,0.33443877551020407,0.030694225813257644
Thomas Macarthur,M001193,ACN,fedtech,2018-05-15,2018-06-05,1001.0,,False,0.0,0,0.0,0,,,,0.10566625559810472,0.030694225813257644
Ro Khanna,K000389,LLY,pharma,2018-05-15,2018-06-08,1001.0,,False,0.0,0,0.0,0,,,,0.2890159348011192,0.030694225813257644
Ro Khanna,K000389,LLY,pharma,2018-05-08,2018-06-08,1001.0,,False,0.0,0,0.0,0,,,,0.34026369168356996,0.030694225813257644
Michael G. Fitzpatrick,F000451,LLY,pharma,2014-08-07,2014-09-08,1001.0,,False,0.0,0,0.0,0,,,,0.19055509527754744,0.030694225813257644
Lloyd Doggett,D000399,IBM,fedtech,2018-06-12,2018-07-05,1001.0,,False,0.0,0,0.0,0,,,,-0.028460712863869086,0.030694225813257644
Sheldon Whitehouse,W000802,IBM,fedtech,2018-05-24,2018-06-07,1001.0,,False,0.0,0,0.0,0,,,,0.050531385814126084,0.030694225813257644
Marie Newman,N000192,IBM,fedtech,2021-01-21,2021-02-13,1001.0,,False,0.0,0,0.0,0,,,,0.09943079793167664,0.030694225813257644
Marie Newman,N000192,IBM,fedtech,2021-02-22,2021-02-13,1001.0,,False,0.0,0,0.0,0,,,,0.2109881093843171,0.030694225813257644
Kevin Hern,H001082,ACN,fedtech,2021-02-12,2021-03-15,1001.0,,False,0.0,0,0.0,0,,,,0.10968268147745341,0.030694225813257644
Bob Gibbs,G000563,IBM,fedtech,2021-02-08,2021-02-18,1001.0,,False,0.0,0,0.0,0,,,,0.20597001032375983,0.030694225813257644
Lloyd Doggett,D000399,IBM,fedtech,2018-03-13,2018-04-05,1001.0,,False,0.0,0,0.0,0,,,,-0.09025851926551542,0.030694225813257644
Kevin Hern,H001082,ACN,fedtech,2021-05-14,2021-06-15,1001.0,,False,0.0,0,0.0,0,,,,0.177793199167245,0.030694225813257644
Lloyd Doggett,D000399,IBM,fedtech,2021-03-11,2021-04-07,1001.0,,False,0.0,0,0.0,0,,,,0.11310354359730423,0.030694225813257644
Marie Newman,N000192,IBM,fedtech,2021-02-05,2021-04-15,1001.0,,False,0.0,0,0.0,0,,,,0.215370939759864,0.030694225813257644
K. Michael Conaway,C001062,ACN,fedtech,2018-02-26,2018-03-02,1001.0,,False,0.0,0,0.0,0,,,,-0.04783294888915868,0.030694225813257644
Bill Flores,F000461,IBM,fedtech,2014-10-17,2014-11-10,1001.0,,False,0.0,0,0.0,0,,,,-0.11584714210199731,0.030694225813257644
Katherine M. Clark,C001101,LLY,pharma,2014-09-17,2014-12-19,1001.0,,False,0.0,0,0.0,0,,,,0.058109543316643864,0.030694225813257644
Lloyd Doggett,D000399,IBM,fedtech,2014-09-11,2014-10-08,1001.0,,False,0.0,0,0.0,0,,,,-0.1700917732517062,0.030694225813257644
Josh Gottheimer,G000583,LLY,pharma,2023-10-11,2023-11-11,1001.0,,False,0.0,0,0.0,0,,,,0.2154374834787205,0.030694225813257644
Josh Gottheimer,G000583,LLY,pharma,2023-11-16,2023-12-08,1001.0,,False,0.0,0,0.0,0,,,,0.280968152866242,0.030694225813257644
Bill Flores,F000461,ACN,fedtech,2013-12-30,2014-01-07,1001.0,,False,0.0,0,0.0,0,,,,-0.02900316841335604,0.030694225813257644
Bill Flores,F000461,LLY,pharma,2014-10-17,2014-11-10,1001.0,,False,0.0,0,0.0,0,,,,0.14349632470437856,0.030694225813257644
Jared Moskowitz,M001217,LLY,pharma,2023-12-28,2024-01-22,1001.0,,False,0.0,0,0.0,0,,,,0.26282172677971927,0.030694225813257644
Josh Gottheimer,G000583,LLY,pharma,2023-11-13,2023-12-08,1001.0,,False,0.0,0,0.0,0,,,,0.23214897749343089,0.030694225813257644
Bill Flores,F000461,IBM,fedtech,2014-02-05,2014-03-12,1001.0,,False,0.0,0,0.0,0,,,,0.06737828781095145,0.030694225813257644
Bill Flores,F000461,LLY,pharma,2014-02-05,2014-03-12,1001.0,,False,0.0,0,0.0,0,,,,0.13012139605462814,0.030694225813257644
Bill Flores,F000461,LLY,pharma,2013-12-30,2014-01-07,1001.0,,False,0.0,0,0.0,0,,,,0.1651358217705685,0.030694225813257644
David B. Mckinley,M001180,ACN,fedtech,2020-04-30,2020-05-15,1001.0,,False,0.0,0,0.0,0,,,,0.31211188509098764,0.030694225813257644
Kelly Loeffler,L000594,LLY,pharma,2020-04-07,2020-05-01,1001.0,,False,0.0,0,0.0,0,,,,0.08782069354383992,0.030694225813257644
Earl Blumenauer,B000574,ACN,fedtech,2020-03-26,2020-04-16,1001.0,,False,0.0,0,0.0,0,,,,0.2924010738881755,0.030694225813257644
Michael T. McCaul,M001157,ACN,fedtech,2016-11-18,2016-12-21,1001.0,,False,0.0,0,0.0,0,,,,0.05032508654901635,0.030694225813257644
Michael T. McCaul,M001157,ACN,fedtech,2016-11-16,2016-12-21,1001.0,,False,0.0,0,0.0,0,,,,0.057790658029321484,0.030694225813257644
Thomas Macarthur,M001193,ACN,fedtech,2016-11-15,2016-12-02,1001.0,,False,0.0,0,0.0,0,,,,0.07595482369169759,0.030694225813257644
Michael T. McCaul,M001157,ACN,fedtech,2016-11-15,2016-12-21,1001.0,,False,0.0,0,0.0,0,,,,0.07595482369169759,0.030694225813257644
Michael T. McCaul,M001157,ACN,fedtech,2016-11-14,2016-12-21,1001.0,,False,0.0,0,0.0,0,,,,0.056801705756929666,0.030694225813257644
Carlos Curbelo,C001107,ACN,fedtech,2016-12-30,2017-01-10,1001.0,,False,0.0,0,0.0,0,,,,0.03517459233330489,0.030694225813257644
Lloyd Doggett,D000399,IBM,fedtech,2016-12-13,2017-01-03,1001.0,,False,0.0,0,0.0,0,,,,0.014082992570658925,0.030694225813257644
Thomas J. Rooney,R000583,ACN,fedtech,2016-12-12,2017-01-24,1001.0,,False,0.0,0,0.0,0,,,,-0.06091740150473268,0.030694225813257644
Ro Khanna,K000389,LLY,pharma,2017-01-24,2017-02-13,1001.0,,False,0.0,0,0.0,0,,,,0.0415497661990647,0.030694225813257644
Michael T. McCaul,M001157,ACN,fedtech,2017-02-09,2017-03-17,1001.0,,False,0.0,0,0.0,0,,,,0.0755684732432893,0.030694225813257644
Lloyd Doggett,D000399,IBM,fedtech,2017-03-13,2017-04-03,1001.0,,False,0.0,0,0.0,0,,,,-0.1318709328641765,0.030694225813257644
Josh Gottheimer,G000583,LLY,pharma,2022-10-19,2022-11-10,1001.0,,False,0.0,0,0.0,0,,,,-0.009778614595037927,0.030694225813257644
Josh Gottheimer,G000583,LLY,pharma,2022-12-07,2023-01-13,1001.0,,False,0.0,0,0.0,0,,,,-0.009893270962712086,0.030694225813257644
Josh Gottheimer,G000583,LLY,pharma,2022-03-29,2022-04-17,1001.0,,False,0.0,0,0.0,0,,,,0.14060820416796704,0.030694225813257644
Josh Gottheimer,G000583,LLY,pharma,2022-03-16,2022-04-17,1001.0,,False,0.0,0,0.0,0,,,,0.1824989147735494,0.030694225813257644
Josh Gottheimer,G000583,LLY,pharma,2022-04-14,2022-05-16,1001.0,,False,0.0,0,0.0,0,,,,0.020605578745113595,0.030694225813257644
Ro Khanna,K000389,LLY,pharma,2022-05-06,2022-06-10,1001.0,,False,0.0,0,0.0,0,,,,0.03341192320646691,0.030694225813257644
Josh Gottheimer,G000583,LLY,pharma,2022-04-28,2022-05-16,1001.0,,False,0.0,0,0.0,0,,,,0.0615265583476301,0.030694225813257644
Ro Khanna,K000389,LLY,pharma,2022-05-10,2022-06-10,1001.0,,False,0.0,0,0.0,0,,,,0.09065453272663637,0.030694225813257644
Kathy Manning,M001135,LLY,pharma,2022-07-15,2022-08-10,1001.0,,False,0.0,0,0.0,0,,,,0.07376357056694816,0.030694225813257644
Roger Williams,W000816,LLY,pharma,2022-06-30,2024-06-12,1001.0,,False,0.0,0,0.0,0,,,,0.11001449588255241,0.030694225813257644
Ro Khanna,K000389,LLY,pharma,2017-05-02,2017-06-12,1001.0,,False,0.0,0,0.0,0,,,,-0.014810281517747992,0.030694225813257644
K. Michael Conaway,C001062,IBM,fedtech,2017-04-19,2017-05-03,1001.0,,False,0.0,0,0.0,0,,,,-0.12981621730723314,0.030694225813257644
Sheldon Whitehouse,W000802,IBM,fedtech,2017-04-05,2017-05-10,1001.0,,False,0.0,0,0.0,0,,,,-0.1616145481651431,0.030694225813257644
Zoe Lofgren,L000397,LLY,pharma,2017-06-15,2017-07-18,1001.0,,False,0.0,0,0.0,0,,,,0.054844606946983454,0.030694225813257644
Thomas Macarthur,M001193,ACN,fedtech,2017-05-15,2017-06-17,1001.0,,False,0.0,0,0.0,0,,,,0.11427402862985692,0.030694225813257644
Ro Khanna,K000389,LLY,pharma,2017-05-08,2017-06-12,1001.0,,False,0.0,0,0.0,0,,,,-0.010536754679558835,0.030694225813257644
Sheldon Whitehouse,W000802,IBM,fedtech,2017-05-24,2017-06-08,1001.0,,False,0.0,0,0.0,0,,,,-0.04753808389533554,0.030694225813257644
Ro Khanna,K000389,LLY,pharma,2017-06-13,2017-07-12,1001.0,,False,0.0,0,0.0,0,,,,0.05919999999999992,0.030694225813257644
Lloyd Doggett,D000399,IBM,fedtech,2017-06-13,2017-07-05,1001.0,,False,0.0,0,0.0,0,,,,-0.042981965395530564,0.030694225813257644
Lamar Smith,S000583,BAH,fedtech,2017-06-19,2017-07-12,1001.0,,False,0.0,0,0.0,0,,,,0.1586568083795441,0.030694225813257644
Ro Khanna,K000389,LLY,pharma,2017-07-05,2017-08-10,1001.0,,False,0.0,0,0.0,0,,,,0.005199516324062792,0.030694225813257644
Thomas Macarthur,M001193,ACN,fedtech,2017-11-15,2017-12-07,1001.0,,False,0.0,0,0.0,0,,,,0.12893386940246798,0.030694225813257644
Bill Cassidy,C001075,IBM,fedtech,2017-11-17,2017-12-12,1001.0,,False,0.0,0,0.0,0,,,,0.056253146532021514,0.030694225813257644
Michael T. McCaul,M001157,ACN,fedtech,2016-09-13,2016-10-14,1001.0,,False,0.0,0,0.0,0,,,,0.050574504659368635,0.030694225813257644
Michael T. McCaul,M001157,ACN,fedtech,2016-09-14,2016-10-14,1001.0,,False,0.0,0,0.0,0,,,,0.05446265938069228,0.030694225813257644
Michael T. McCaul,M001157,ACN,fedtech,2016-09-16,2016-10-14,1001.0,,False,0.0,0,0.0,0,,,,0.05597014925373145,0.030694225813257644
Michael T. McCaul,M001157,ACN,fedtech,2016-09-19,2016-10-14,1001.0,,False,0.0,0,0.0,0,,,,0.05004524886877837,0.030694225813257644
Michael T. McCaul,M001157,ACN,fedtech,2016-09-20,2016-10-14,1001.0,,False,0.0,0,0.0,0,,,,0.04742547425474264,0.030694225813257644
Raúl M. Grijalva,G000551,IBM,fedtech,2016-05-20,2016-06-09,1001.0,,False,0.0,0,0.0,0,,,,0.051748755455537365,0.030694225813257644
Bill Flores,F000461,LLY,pharma,2016-03-28,2016-04-13,1001.0,,False,0.0,0,0.0,0,,,,0.1624185783064287,0.030694225813257644
Lloyd Doggett,D000399,IBM,fedtech,2016-03-11,2016-04-08,1001.0,,False,0.0,0,0.0,0,,,,0.09110694095638916,0.030694225813257644
Thomas J. Rooney,R000583,IBM,fedtech,2016-06-01,2017-01-16,1001.0,,False,0.0,0,0.0,0,,,,0.03671869802493921,0.030694225813257644
Thomas Macarthur,M001193,ACN,fedtech,2016-04-04,2016-05-09,1001.0,,False,0.0,0,0.0,0,,,,-0.02311688311688309,0.030694225813257644
Bill Flores,F000461,LLY,pharma,2016-02-17,2016-03-15,1001.0,,False,0.0,0,0.0,0,,,,-0.005757900374933178,0.030694225813257644
Thomas Macarthur,M001193,ACN,fedtech,2016-06-13,2016-07-08,1001.0,,False,0.0,0,0.0,0,,,,-0.0009395285275025644,0.030694225813257644
Lloyd Doggett,D000399,IBM,fedtech,2016-06-13,2016-07-06,1001.0,,False,0.0,0,0.0,0,,,,0.023201721391273633,0.030694225813257644
Thomas Macarthur,M001193,ACN,fedtech,2016-05-13,2016-06-04,1001.0,,False,0.0,0,0.0,0,,,,-0.023215523215523115,0.030694225813257644
John A. Yarmuth,Y000062,ACN,fedtech,2016-07-31,2015-09-02,1001.0,,False,0.0,0,0.0,0,,,,0.06980864635010642,0.030694225813257644
Lamar Smith,S000583,BAH,fedtech,2016-06-01,2016-07-08,1001.0,,False,0.0,0,0.0,0,,,,0.07942973523421593,0.030694225813257644
Donald Sternoff Beyer Jr,B001292,ACN,fedtech,2020-11-17,2020-12-01,1001.0,,False,0.0,0,0.0,0,,,,0.08387334919202694,0.030694225813257644
Lloyd Doggett,D000399,IBM,fedtech,2018-12-11,2019-01-07,1001.0,,False,0.0,0,0.0,0,,,,0.18305910692407257,0.030694225813257644
Dean Phillips,P000616,IBM,fedtech,2019-02-04,2019-03-21,1001.0,,False,0.0,0,0.0,0,,,,-0.018492054219631404,0.030694225813257644
Dean Phillips,P000616,IBM,fedtech,2019-01-04,2019-02-18,1001.0,,False,0.0,0,0.0,0,,,,0.1965565448116362,0.030694225813257644
Michael T. McCaul,M001157,ACN,fedtech,2016-09-15,2016-10-14,1001.0,,False,0.0,0,0.0,0,,,,0.05626806358381509,0.030694225813257644
Thomas R. Carper,C000174,BAH,fedtech,2020-11-20,2020-12-02,1001.0,,False,0.0,0,0.0,0,,,,-0.08441335015483431,0.030694225813257644
Michael T. McCaul,M001157,ACN,fedtech,2016-09-21,2016-10-14,1001.0,,False,0.0,0,0.0,0,,,,0.03401969561324969,0.030694225813257644
Kevin Hern,H001082,ACN,fedtech,2020-11-13,2020-12-14,1001.0,,False,0.0,0,0.0,0,,,,0.10124906940193568,0.030694225813257644
Thomas Macarthur,M001193,ACN,fedtech,2018-11-15,2018-12-06,1001.0,,False,0.0,0,0.0,0,,,,0.02400147701397004,0.030694225813257644
Michael T. McCaul,M001157,ACN,fedtech,2016-11-10,2016-12-21,1001.0,,False,0.0,0,0.0,0,,,,0.029917726252804755,0.030694225813257644
Lloyd Doggett,D000399,IBM,fedtech,2016-09-13,2016-10-03,1001.0,,False,0.0,0,0.0,0,,,,0.07663171943213487,0.030694225813257644
Michael T. McCaul,M001157,ACN,fedtech,2016-11-07,2016-12-21,1001.0,,False,0.0,0,0.0,0,,,,0.03475868967241813,0.030694225813257644
Sheldon Whitehouse,W000802,IBM,fedtech,2016-10-26,2016-11-07,1001.0,,False,0.0,0,0.0,0,,,,0.19656206893225403,0.030694225813257644
Michael T. McCaul,M001157,ACN,fedtech,2016-11-21,2016-12-21,1001.0,,False,0.0,0,0.0,0,,,,0.041443850267379734,0.030694225813257644
Lloyd Doggett,D000399,IBM,fedtech,2019-06-11,2019-07-05,1001.0,,False,0.0,0,0.0,0,,,,0.027362963977431987,0.030694225813257644
Ro Khanna,K000389,LLY,pharma,2019-07-01,2019-08-06,1001.0,,False,0.0,0,0.0,0,,,,-0.009490863934716987,0.030694225813257644
Ro Khanna,K000389,LLY,pharma,2019-08-02,2019-09-11,1001.0,,False,0.0,0,0.0,0,,,,0.03842732609855881,0.030694225813257644
Bill Flores,F000461,IBM,fedtech,2015-12-29,2016-01-15,1001.0,,False,0.0,0,0.0,0,,,,0.07647742434684868,0.030694225813257644
Ro Khanna,K000389,LLY,pharma,2019-09-16,2019-10-16,1001.0,,False,0.0,0,0.0,0,,,,0.27712703168982133,0.030694225813257644
Lloyd Doggett,D000399,IBM,fedtech,2015-12-10,2016-01-05,1001.0,,False,0.0,0,0.0,0,,,,0.09189934906029751,0.030694225813257644
Rubén Hinojosa,H000636,LLY,pharma,2015-12-23,2016-03-03,1001.0,,False,0.0,0,0.0,0,,,,-0.10243619489559164,0.030694225813257644
Bill Flores,F000461,LLY,pharma,2015-12-29,2016-01-15,1001.0,,False,0.0,0,0.0,0,,,,-0.11292753623188401,0.030694225813257644
Ed Whitfield,W000413,LLY,pharma,2016-01-28,2016-02-02,1001.0,,False,0.0,0,0.0,0,,,,-0.02369483140216122,0.030694225813257644
Michael T. McCaul,M001157,IBM,fedtech,2016-01-26,2016-03-01,1001.0,,False,0.0,0,0.0,0,,,,0.23737594806777218,0.030694225813257644
K. Michael Conaway,C001062,LLY,pharma,2016-01-22,2016-02-05,1001.0,,False,0.0,0,0.0,0,,,,-0.10184287099903011,0.030694225813257644
Bill Flores,F000461,IBM,fedtech,2016-01-29,2016-02-24,1001.0,,False,0.0,0,0.0,0,,,,0.23199004879210028,0.030694225813257644
Bill Flores,F000461,ACN,fedtech,2016-02-17,2016-03-15,1001.0,,False,0.0,0,0.0,0,,,,0.19482880517119483,0.030694225813257644
Bill Flores,F000461,LLY,pharma,2016-01-29,2016-02-24,1001.0,,False,0.0,0,0.0,0,,,,-0.0514538558786346,0.030694225813257644
Ed Whitfield,W000413,LLY,pharma,2016-02-04,2016-03-10,1001.0,,False,0.0,0,0.0,0,,,,0.011308562197092087,0.030694225813257644
Thomas Macarthur,M001193,ACN,fedtech,2016-02-12,2016-03-03,1001.0,,False,0.0,0,0.0,0,,,,0.236325237592397,0.030694225813257644
Josh Gottheimer,G000583,LLY,pharma,2023-01-11,2023-02-17,1001.0,,False,0.0,0,0.0,0,,,,0.2084847812213868,0.030694225813257644
Ro Khanna,K000389,LLY,pharma,2023-03-14,2023-04-07,1001.0,,False,0.0,0,0.0,0,,,,0.347112238970251,0.030694225813257644
Josh Gottheimer,G000583,LLY,pharma,2023-05-09,2023-06-11,1001.0,,False,0.0,0,0.0,0,,,,0.3071338531210608,0.030694225813257644
K. Michael Conaway,C001062,IBM,fedtech,2015-11-13,2015-12-04,1001.0,,False,0.0,0,0.0,0,,,,0.08371971164533654,0.030694225813257644
Bill Flores,F000461,LLY,pharma,2015-05-29,2015-06-12,1001.0,,False,0.0,0,0.0,0,,,,0.010646387832699444,0.030694225813257644
Lloyd Doggett,D000399,IBM,fedtech,2015-06-10,2015-07-09,1001.0,,False,0.0,0,0.0,0,,,,-0.09850803200665792,0.030694225813257644
Thomas Macarthur,M001193,ACN,fedtech,2015-11-20,2015-12-06,1001.0,,False,0.0,0,0.0,0,,,,0.0017597480781699204,0.030694225813257644
Bill Flores,F000461,LLY,pharma,2015-10-21,2015-11-16,1001.0,,False,0.0,0,0.0,0,,,,-0.04596805609661092,0.030694225813257644
Josh Gottheimer,G000583,LLY,pharma,2023-05-03,2023-06-11,1001.0,,False,0.0,0,0.0,0,,,,0.28528027087826713,0.030694225813257644
Josh Gottheimer,G000583,LLY,pharma,2023-05-01,2023-06-11,1001.0,,False,0.0,0,0.0,0,,,,0.36492447204356715,0.030694225813257644
Thomas J. Rooney,R000583,ACN,fedtech,2015-11-12,2017-01-16,1001.0,,False,0.0,0,0.0,0,,,,0.013036809815951012,0.030694225813257644
Josh Gottheimer,G000583,LLY,pharma,2023-05-05,2023-06-11,1001.0,,False,0.0,0,0.0,0,,,,0.3047614595264254,0.030694225813257644
Daniel Goldman,G000599,LLY,pharma,2023-03-07,2023-04-17,1001.0,,False,0.0,0,0.0,0,,,,0.4992112803013231,0.030694225813257644
Alan S. Lowenthal,L000579,LLY,pharma,2019-02-28,2019-03-18,1001.0,,False,0.0,0,0.0,0,,,,-0.12273339140074435,0.030694225813257644
Lloyd Doggett,D000399,IBM,fedtech,2019-03-12,2019-04-03,1001.0,,False,0.0,0,0.0,0,,,,0.01583674296836035,0.030694225813257644
Gilbert Cisneros,C001123,LLY,pharma,2019-02-28,2019-03-08,1001.0,,False,0.0,0,0.0,0,,,,-0.12273339140074435,0.030694225813257644
Josh Gottheimer,G000583,LLY,pharma,2023-08-18,2023-09-16,1001.0,,False,0.0,0,0.0,0,,,,0.06099591896491785,0.030694225813257644
Jared Moskowitz,M001217,LLY,pharma,2023-09-01,2024-08-21,1001.0,,False,0.0,0,0.0,0,,,,0.06298576582721549,0.030694225813257644
Josh Gottheimer,G000583,LLY,pharma,2023-09-21,2023-10-15,1001.0,,False,0.0,0,0.0,0,,,,0.1426026575536692,0.030694225813257644
John Curtis,C001114,LLY,pharma,2023-09-13,2023-10-04,1001.0,,False,0.0,0,0.0,0,,,,0.06151482767833305,0.030694225813257644
HON. GREG STANTON,S001211,LLY,pharma,2023-09-26,2023-11-09,1001.0,,False,0.0,0,0.0,0,,,,0.15216086980236732,0.030694225813257644
Josh Gottheimer,G000583,LLY,pharma,2023-09-12,2023-10-15,1001.0,,False,0.0,0,0.0,0,,,,0.0515434673786086,0.030694225813257644
Ro Khanna,K000389,LLY,pharma,2023-10-02,2023-11-08,1001.0,,False,0.0,0,0.0,0,,,,0.19820171283137356,0.030694225813257644
Markwayne Mullin,M001190,LLY,pharma,2023-10-03,2023-11-01,1001.0,,False,0.0,0,0.0,0,,,,0.22928844799025105,0.030694225813257644
Lloyd Doggett,D000399,IBM,fedtech,2015-09-11,2015-10-06,1001.0,,False,0.0,0,0.0,0,,,,-0.09594922531267502,0.030694225813257644
Katherine M. Clark,C001101,LLY,pharma,2014-08-26,2014-12-19,1001.0,,False,0.0,0,0.0,0,,,,0.11701958286896974,0.030694225813257644
K. Michael Conaway,C001062,ACN,fedtech,2015-02-09,2015-03-03,1001.0,,False,0.0,0,0.0,0,,,,0.08676739926739918,0.030694225813257644
Lloyd Doggett,D000399,IBM,fedtech,2014-03-11,2014-04-10,1001.0,,False,0.0,0,0.0,0,,,,0.008888425891699026,0.030694225813257644
Kevin Hern,H001082,ACN,fedtech,2020-08-14,2020-09-15,1001.0,,False,0.0,0,0.0,0,,,,0.05863192182410426,0.030694225813257644
Katherine M. Clark,C001101,LLY,pharma,2014-08-25,2014-12-19,1001.0,,False,0.0,0,0.0,0,,,,0.11174876454646898,0.030694225813257644
Lloyd Doggett,D000399,IBM,fedtech,2015-03-10,2015-04-09,1001.0,,False,0.0,0,0.0,0,,,,0.033901372042155486,0.030694225813257644
Raúl M. Grijalva,G000551,LLY,pharma,2015-05-13,2015-06-10,1001.0,,False,0.0,0,0.0,0,,,,0.11043956043956049,0.030694225813257644
Kevin Hern,H001082,ACN,fedtech,2020-05-15,2020-06-16,1001.0,,False,0.0,0,0.0,0,,,,0.2988361975201219,0.030694225813257644
Lloyd Doggett,D000399,IBM,fedtech,2020-06-11,2020-07-06,1001.0,,False,0.0,0,0.0,0,,,,0.0828742699673728,0.030694225813257644
Kevin Hern,H001082,ACN,fedtech,2020-07-27,2020-08-15,1001.0,,False,0.0,0,0.0,0,,,,0.11946981909367738,0.030694225813257644
Bill Flores,F000461,IBM,fedtech,2019-10-02,2019-11-10,1001.0,,False,0.0,0,0.0,0,,,,-0.034723447481117886,0.030694225813257644
Donald Sternoff Beyer Jr,B001292,ACN,fedtech,2020-02-14,2020-02-22,1001.0,,False,0.0,0,0.0,0,,,,-0.059236238640109296,0.030694225813257644
Lloyd Doggett,D000399,IBM,fedtech,2020-03-11,2020-04-09,1001.0,,False,0.0,0,0.0,0,,,,-0.019157312337075072,0.030694225813257644
Donald Sternoff Beyer Jr,B001292,ACN,fedtech,2020-01-09,2020-02-22,1001.0,,False,0.0,0,0.0,0,,,,-0.08532621877273827,0.030694225813257644
Lloyd Doggett,D000399,IBM,fedtech,2019-09-11,2019-10-07,1001.0,,False,0.0,0,0.0,0,,,,-0.04777145920636572,0.030694225813257644
Mikie Sherrill,S001207,IBM,fedtech,2020-02-04,2020-02-19,1001.0,,False,0.0,0,0.0,0,,,,-0.1345313940257843,0.030694225813257644
Ro Khanna,K000389,LLY,pharma,2020-01-08,2020-02-10,1001.0,,False,0.0,0,0.0,0,,,,0.14404307830379182,0.030694225813257644
Donald Sternoff Beyer Jr,B001292,ACN,fedtech,2019-12-10,2019-12-14,1001.0,,False,0.0,0,0.0,0,,,,-0.14934614622548048,0.030694225813257644
Lloyd Doggett,D000399,IBM,fedtech,2019-12-10,2020-01-10,1001.0,,False,0.0,0,0.0,0,,,,-0.10917740058271685,0.030694225813257644
Ro Khanna,K000389,LLY,pharma,2019-12-12,2020-01-09,1001.0,,False,0.0,0,0.0,0,,,,0.18668857847165143,0.030694225813257644
Lloyd Doggett,D000399,IBM,fedtech,2014-12-11,2015-01-09,1001.0,,False,0.0,0,0.0,0,,,,0.011113304664172041,0.030694225813257644
Valerie Hoyle,H001094,LLY,pharma,2024-10-29,2025-09-12,1001.0,,False,0.0,0,0.0,0,,,,0.01264968237455455,0.030694225813257644
Tammy Duckworth,D000622,ABBV,pharma,2013-01-02,2014-07-08,1001.0,,False,0.0,5,0.0,0,,,,0.2525626423690206,0.030694225813257644
